unique_id,recovered_label,match_source,cwe_id,source_project
73752,0,bigvul_only,,illumos-gate
54196,0,both_agree,,linux
169124,0,bigvul_only,,Chrome
109551,,unmatched,,
78906,0,both_agree,,linux
169746,0,bigvul_only,,Chrome
145939,0,bigvul_only,,Chrome
154252,0,bigvul_only,,Chrome
38512,0,both_agree,,linux
96336,0,both_agree,,kvm-guest-drivers-windows
123788,0,bigvul_only,,Chrome
185961,1,bigvul_only,CWE-94,Chrome
158921,0,bigvul_only,,Chrome
28508,0,both_agree,,linux
83192,0,both_agree,,mruby
111482,0,bigvul_only,,Chrome
35780,0,both_agree,,linux
137451,0,bigvul_only,,Chrome
145716,0,bigvul_only,,Chrome
113535,0,bigvul_only,,Chrome
163328,,unmatched,,
10336,0,bigvul_only,,savannah
99329,0,bigvul_only,,Chrome
120922,0,bigvul_only,,Chrome
146584,0,bigvul_only,,Chrome
164683,0,bigvul_only,,Chrome
146404,0,bigvul_only,,Chrome
25240,,unmatched,,
157744,,unmatched,,
122434,0,bigvul_only,,Chrome
111495,0,bigvul_only,,Chrome
63007,0,diversevul_only,,linux
104976,0,bigvul_only,,Chrome
157963,0,bigvul_only,,Chrome
119849,0,bigvul_only,,Chrome
154658,,unmatched,,
150349,0,bigvul_only,,Chrome
81848,0,both_agree,,wolfssl
27200,0,both_agree,,nspluginwrapper
84129,0,diversevul_only,,linux
58019,0,both_agree,,linux
88033,0,both_agree,,linux
64809,0,both_agree,,linux
6158,0,both_agree,,openssl
127755,0,bigvul_only,,Chrome
73161,0,both_agree,,tor
1981,0,bigvul_only,,spice
45141,0,both_agree,,httpd
4741,0,bigvul_only,,accountsservice
1591,0,both_agree,,savannah
147185,0,bigvul_only,,Chrome
86705,0,both_agree,,linux
46166,0,both_agree,,linux
28360,0,both_agree,,linux
85178,0,both_agree,,linux
107759,0,bigvul_only,,Chrome
75324,0,bigvul_only,,stb
74494,0,both_agree,,linux
126819,,unmatched,,
61734,0,both_agree,,linux
41293,0,both_agree,,linux
9175,0,bigvul_only,,qemu
43891,0,diversevul_only,,libarchive
121151,,unmatched,,
177532,,unmatched,,
18009,0,bigvul_only,,ghostscript
178042,1,bigvul_only,CWE-264,php
106273,0,bigvul_only,,Chrome
83077,0,both_agree,,libgit2
163614,0,diversevul_only,,libxml2
49957,0,bigvul_only,,php-src
176065,0,bigvul_only,,Android
119177,0,bigvul_only,,Chrome
94694,0,both_agree,,openssl
62371,0,diversevul_only,,tcpdump
71547,0,bigvul_only,,ImageMagick
159936,0,bigvul_only,,Chrome
135596,,unmatched,,
126303,0,bigvul_only,,Chrome
45165,0,both_agree,,openssl
15796,0,both_agree,,openssl
72037,0,both_agree,,linux
45159,0,diversevul_only,,httpd
147939,0,bigvul_only,,Chrome
152033,0,bigvul_only,,Chrome
13686,0,bigvul_only,,openssl
30596,0,both_agree,,linux
30653,0,both_agree,,linux
105762,,unmatched,,
89422,0,both_agree,,irssi
98687,0,bigvul_only,,Chrome
42350,0,both_agree,,linux
131791,,unmatched,,
123470,0,bigvul_only,,Chrome
99991,0,bigvul_only,,Chrome
104283,0,bigvul_only,,Chrome
147147,0,bigvul_only,,Chrome
141449,0,bigvul_only,,Chrome
200,0,primevul_corrected,CWE-189,php
183429,1,bigvul_only,,Chrome
8052,0,both_agree,,qemu
149182,0,bigvul_only,,Chrome
61530,0,bigvul_only,,ImageMagick
179598,1,both_agree,CWE-189,php-src
98708,0,bigvul_only,,Chrome
145106,0,primevul_corrected,CWE-310,Chrome
19217,0,both_agree,,linux
131840,0,bigvul_only,,Chrome
183848,1,bigvul_only,CWE-20,Chrome
95501,0,bigvul_only,,OpenJK
55021,0,both_agree,,git
90832,0,both_agree,,gpac
17978,0,bigvul_only,,mindrot
175094,0,bigvul_only,,Android
11427,0,bigvul_only,,xserver
65295,0,both_agree,,linux
139445,0,bigvul_only,,Chrome
27479,0,both_agree,,linux
117440,0,bigvul_only,,Chrome
161491,0,bigvul_only,,Chrome
180915,1,both_agree,CWE-200,linux
120384,0,bigvul_only,,Chrome
168086,,unmatched,,
152976,0,bigvul_only,,Chrome
40966,0,both_agree,,json-c
7613,0,both_agree,,qemu
169485,0,bigvul_only,,Chrome
109569,0,bigvul_only,,Chrome
20660,0,both_agree,,linux
180750,1,diversevul_only,,linux
178176,1,bigvul_only,CWE-189,savannah
64602,0,bigvul_only,,ntp
139028,0,bigvul_only,,Chrome
113319,0,bigvul_only,,Chrome
112086,0,bigvul_only,,Chrome
73383,0,bigvul_only,,ImageMagick
2202,0,primevul_corrected,CWE-125,poppler
14533,0,both_agree,,qemu
45276,0,both_agree,,linux
37947,0,both_agree,,linux
53653,0,both_agree,,linux
55846,0,both_agree,,linux
182834,1,both_agree,CWE-200,pam-u2f
111307,0,bigvul_only,,Chrome
106665,0,bigvul_only,,Chrome
104242,0,bigvul_only,,Chrome
60145,0,bigvul_only,,radare2
160408,,unmatched,,
88590,0,both_agree,,pdfresurrect
119789,,unmatched,,
75959,0,both_agree,,keepalived
44056,0,bigvul_only,,pacemaker
120749,0,bigvul_only,,Chrome
182307,1,both_agree,CWE-77,neomutt
659,0,bigvul_only,,savannah
56595,0,diversevul_only,,linux
73576,0,both_agree,,ImageMagick
70527,0,both_agree,,linux
121399,0,bigvul_only,,Chrome
31221,0,diversevul_only,,linux
58741,0,primevul_corrected,,linux
33056,0,both_agree,,linux
109600,0,bigvul_only,,Chrome
40686,0,both_agree,,linux
86822,0,both_agree,,libmspack
40262,0,both_agree,,linux
4744,0,bigvul_only,,accountsservice
185247,,unmatched,,
37728,0,both_agree,,linux
129654,0,bigvul_only,,Chrome
26781,,unmatched,,
135548,0,bigvul_only,,Chrome
22411,0,both_agree,,linux
180229,conflict,internal_conflict,CWE-190,php-src
140502,0,bigvul_only,,Chrome
128681,0,bigvul_only,,Chrome
75374,0,diversevul_only,,radare2
73421,0,both_agree,,openssl
153647,0,bigvul_only,,Chrome
115909,0,primevul_corrected,CWE-399,Chrome
118430,0,bigvul_only,,Chrome
183705,1,bigvul_only,CWE-399,Chrome
49163,0,both_agree,,linux
99014,0,primevul_corrected,,Chrome
113275,0,bigvul_only,,Chrome
152898,0,bigvul_only,,Chrome
95273,0,bigvul_only,,cyrus-imapd
134499,0,bigvul_only,,Chrome
154714,0,bigvul_only,,Chrome
119189,0,bigvul_only,,Chrome
24356,0,bigvul_only,,linux
182073,1,bigvul_only,CWE-20,ImageMagick
140576,0,bigvul_only,,Chrome
126463,0,bigvul_only,,Chrome
4448,0,bigvul_only,,php
123870,0,bigvul_only,,Chrome
37391,0,bigvul_only,,linux
17931,0,diversevul_only,,php-src
135862,0,bigvul_only,,Chrome
175730,conflict,internal_conflict,CWE-119,Android
89893,0,both_agree,,miniupnp
118299,,unmatched,,
100539,0,bigvul_only,,Chrome
178003,1,bigvul_only,CWE-20,htcondor
107453,0,bigvul_only,,Chrome
99613,0,primevul_corrected,,Chrome
187683,,unmatched,,
140604,0,bigvul_only,,Chrome
114652,0,bigvul_only,,Chrome
114081,0,bigvul_only,,Chrome
32960,0,both_agree,,linux
7432,0,both_agree,,php
8992,0,both_agree,,qemu
106498,0,bigvul_only,,Chrome
37781,0,both_agree,,linux
35972,0,both_agree,,linux
180175,1,both_agree,CWE-190,libarchive
43416,0,primevul_corrected,,FFmpeg
45971,0,both_agree,,file
88988,0,both_agree,,ImageMagick
55537,0,both_agree,,linux
135943,0,primevul_corrected,,Chrome
65532,0,bigvul_only,,linux
83264,0,both_agree,,linux
165978,0,bigvul_only,,Chrome
165514,0,bigvul_only,,Chrome
74349,0,bigvul_only,,kvm-guest-drivers-windows
78065,0,both_agree,,Little-CMS
21842,0,both_agree,,linux
99412,0,bigvul_only,,Chrome
36445,1,diversevul_only,CWE-189,linux
18722,0,both_agree,,linux
101718,0,bigvul_only,,Chrome
181611,1,both_agree,CWE-476,linux
132728,0,bigvul_only,,Chrome
166462,0,bigvul_only,,Chrome
4611,0,both_agree,,php
143479,0,bigvul_only,,Chrome
18627,1,diversevul_only,CWE-20,linux
145921,0,bigvul_only,,Chrome
88491,0,bigvul_only,,memcached
59330,0,both_agree,,linux
10657,0,bigvul_only,,savannah
84460,0,both_agree,,w3m
164039,0,bigvul_only,,Chrome
5181,0,primevul_corrected,,php
531,0,bigvul_only,,ghostscript
104629,0,bigvul_only,,Chrome
175840,0,bigvul_only,,Android
66218,0,both_agree,,libetpan
186706,,unmatched,,
52955,0,both_agree,,linux
101040,0,bigvul_only,,Chrome
174214,0,bigvul_only,,Android
68409,0,both_agree,,linux
16711,0,bigvul_only,,ghostscript
154079,0,bigvul_only,,Chrome
57950,0,both_agree,,linux
96894,0,both_agree,,linux
24094,0,both_agree,,linux
170017,0,bigvul_only,,Chrome
82131,0,both_agree,,mruby
62383,0,both_agree,,tcpdump
39278,0,both_agree,,linux
136775,0,bigvul_only,,Chrome
176139,0,bigvul_only,,Android
53804,0,bigvul_only,,linux
96986,0,bigvul_only,,linux
512,0,bigvul_only,,ghostscript
131430,0,bigvul_only,,Chrome
167385,0,bigvul_only,,Chrome
25922,0,both_agree,,linux
65451,0,bigvul_only,,linux
53491,conflict,both_disagree,,libarchive
89251,0,diversevul_only,,oniguruma
116324,,unmatched,,
65685,0,bigvul_only,,linux
91240,0,both_agree,,linux
182573,1,both_agree,CWE-119,linux
46973,0,bigvul_only,,linux
48717,0,bigvul_only,,httpd
44605,0,both_agree,,lxc
100024,0,bigvul_only,,Chrome
158346,0,bigvul_only,,Chrome
33890,0,both_agree,,pacemaker
16042,0,bigvul_only,,exempi
133572,0,bigvul_only,,Chrome
183180,1,diversevul_only,,linux
29911,0,both_agree,,linux
169532,0,bigvul_only,,Chrome
126646,,unmatched,,
184660,,unmatched,,
52810,0,both_agree,,linux
13702,0,bigvul_only,,openssl
128746,,unmatched,,
165764,0,bigvul_only,,Chrome
129137,0,bigvul_only,,Chrome
114177,,unmatched,,
149059,0,bigvul_only,,Chrome
141087,0,bigvul_only,,Chrome
45998,0,both_agree,,libsndfile
38197,0,diversevul_only,,linux
28214,0,bigvul_only,,FFmpeg
67391,0,both_agree,,linux
84944,0,both_agree,,linux
125789,0,primevul_corrected,,Chrome
160548,0,bigvul_only,,Chrome
183146,1,both_agree,CWE-19,linux
74785,0,both_agree,,linux
117712,0,bigvul_only,,Chrome
127500,0,bigvul_only,,Chrome
188373,0,diversevul_only,CWE-119,Android
48478,0,both_agree,,linux
140499,0,bigvul_only,,Chrome
65631,0,bigvul_only,,linux
103792,0,bigvul_only,,Chrome
113537,0,bigvul_only,,Chrome
30628,0,both_agree,,linux
5878,0,both_agree,,qemu
35999,0,both_agree,,linux
55502,0,both_agree,,linux
106931,0,bigvul_only,,Chrome
57282,0,diversevul_only,,krb5
14427,0,bigvul_only,,mindrot
62094,0,both_agree,,ImageMagick
104952,0,bigvul_only,,Chrome
129659,0,bigvul_only,,Chrome
116576,0,bigvul_only,,Chrome
170481,0,bigvul_only,,Android
23037,0,both_agree,,linux
4972,0,bigvul_only,,gstreamer
41810,0,both_agree,,linux
66545,0,both_agree,,linux
94753,conflict,internal_conflict,CWE-476,ImageMagick
162012,0,bigvul_only,,Chrome
11923,0,both_agree,,openssl
47405,0,bigvul_only,,linux
13489,0,both_agree,,ghostscript
109715,0,bigvul_only,,Chrome
3043,0,both_agree,,ghostscript
80870,0,both_agree,,gpac
83465,0,bigvul_only,,openbsd
116616,0,bigvul_only,,Chrome
107423,0,bigvul_only,,Chrome
18712,0,both_agree,,linux
57627,0,both_agree,,linux
18216,0,both_agree,,irssi-proxy
72089,0,both_agree,,slurm
105007,,unmatched,,
103718,0,bigvul_only,,Chrome
184962,,unmatched,,
108048,0,bigvul_only,,Chrome
186311,1,bigvul_only,CWE-200,Chrome
113615,0,bigvul_only,,Chrome
38673,0,both_agree,,linux
164882,0,bigvul_only,,Chrome
63341,0,both_agree,,krb5
128774,0,bigvul_only,,Chrome
79205,0,both_agree,,suricata
32325,0,both_agree,,linux
11115,0,bigvul_only,,php
143793,0,bigvul_only,,Chrome
62801,0,both_agree,,linux
165175,0,bigvul_only,,Chrome
32226,0,both_agree,,linux
171423,,unmatched,,
58574,0,both_agree,,FreeRDP
182086,1,both_agree,CWE-59,rawstudio
106855,0,bigvul_only,,Chrome
141165,0,bigvul_only,,Chrome
98870,0,bigvul_only,,Chrome
14326,0,both_agree,,qemu
157766,0,bigvul_only,,Chrome
37372,0,both_agree,,linux
65010,0,bigvul_only,,imageworsener
65082,0,bigvul_only,,ImageMagick
113855,0,bigvul_only,,Chrome
172522,0,bigvul_only,,Android
183893,1,bigvul_only,CWE-264,Chrome
65379,0,both_agree,,linux
77713,0,both_agree,,ovs
7006,0,bigvul_only,,savannah
90717,0,both_agree,,mujs
72633,0,both_agree,,linux
170551,0,bigvul_only,,Android
168608,0,bigvul_only,,Chrome
17723,0,bigvul_only,,xserver
86085,0,both_agree,,linux
81356,0,both_agree,,linux
31265,0,both_agree,,linux
180246,conflict,internal_conflict,CWE-190,php-src
80974,0,both_agree,,linux
158217,0,bigvul_only,,Chrome
4153,0,bigvul_only,,poppler
111664,0,bigvul_only,,Chrome
1709,0,both_agree,,ghostscript
123940,0,bigvul_only,,Chrome
15743,0,both_agree,,qemu
179721,1,both_agree,CWE-399,linux
17692,0,bigvul_only,,xserver
24121,0,both_agree,,linux
145145,0,bigvul_only,,Chrome
164555,0,bigvul_only,,Chrome
108285,0,bigvul_only,,Chrome
134936,0,bigvul_only,,Chrome
128720,0,bigvul_only,,Chrome
107141,0,bigvul_only,,Chrome
164867,0,bigvul_only,,Chrome
24685,0,both_agree,,linux
18596,0,both_agree,,linux
183593,,unmatched,,
87482,0,both_agree,,FreeRDP
82318,0,bigvul_only,,Espruino
25181,0,bigvul_only,,linux
124048,0,bigvul_only,,Chrome
139098,,unmatched,,
7100,0,bigvul_only,,savannah
27935,0,both_agree,,linux
161034,0,bigvul_only,,Chrome
18241,0,both_agree,,memcached
53565,0,both_agree,,libarchive
176374,0,bigvul_only,,Android
131829,0,bigvul_only,,Chrome
133681,0,bigvul_only,,Chrome
113734,0,bigvul_only,,Chrome
44425,0,bigvul_only,,lxcfs
130378,0,bigvul_only,,Chrome
32752,0,both_agree,,linux
17266,0,bigvul_only,,savannah
20712,0,both_agree,,linux
3643,0,both_agree,,openssl
160148,0,bigvul_only,,Chrome
65318,0,both_agree,,linux
154531,0,bigvul_only,,Chrome
112099,0,bigvul_only,,Chrome
93259,0,both_agree,,linux
142763,0,bigvul_only,,Chrome
3033,0,both_agree,,ghostscript
168200,0,bigvul_only,,Chrome
59472,0,both_agree,,libxml2
109250,0,bigvul_only,,Chrome
66462,0,both_agree,,linux
185352,,unmatched,,
85839,0,both_agree,,linux
82941,0,both_agree,,radare2
141787,,unmatched,,
2436,0,both_agree,,samba
160517,0,bigvul_only,,Chrome
132140,0,bigvul_only,,Chrome
180301,conflict,internal_conflict,CWE-190,php-src
151066,0,bigvul_only,,Chrome
77939,0,both_agree,,ImageMagick6
11544,0,bigvul_only,,systemd
76147,0,both_agree,,keepalived
68007,0,bigvul_only,,ImageMagick
19643,0,both_agree,,bdwgc
22239,0,both_agree,,linux
32300,0,both_agree,,linux
185538,,unmatched,,
24532,0,diversevul_only,,linux
4540,0,both_agree,,php
38094,0,bigvul_only,,linux
180532,1,both_agree,,linux
53985,0,both_agree,,libndp
163228,,unmatched,,
107670,0,bigvul_only,,Chrome
84494,0,both_agree,,w3m
63250,0,bigvul_only,,wildmidi
175601,0,bigvul_only,,Android
104416,0,bigvul_only,,Chrome
94876,0,both_agree,,linux
105215,0,bigvul_only,,Chrome
112015,0,bigvul_only,,Chrome
41708,0,both_agree,,linux
110459,0,bigvul_only,,Chrome
133340,0,bigvul_only,,Chrome
91017,0,bigvul_only,,domoticz
79659,0,bigvul_only,,radare2
12627,0,both_agree,,savannah
80802,0,both_agree,,gpac
53187,0,both_agree,,linux
170738,,unmatched,,
173512,,unmatched,,
154407,0,bigvul_only,,Chrome
105000,0,bigvul_only,,Chrome
22742,0,both_agree,,linux
174257,0,bigvul_only,,Android
70064,0,bigvul_only,,redis
75539,0,both_agree,,linux
46745,0,bigvul_only,,linux
27477,0,both_agree,,linux
11911,0,both_agree,,openssl
111435,0,bigvul_only,,Chrome
114292,0,bigvul_only,,Chrome
27335,0,both_agree,,linux
65194,0,bigvul_only,,linux
49487,0,both_agree,,linux
171496,0,bigvul_only,,Android
66076,0,diversevul_only,,linux
178263,,unmatched,,
128832,0,bigvul_only,,Chrome
137095,0,bigvul_only,,Chrome
92927,0,bigvul_only,,rdesktop
135471,,unmatched,,
89172,0,both_agree,,oniguruma
127503,0,bigvul_only,,Chrome
24119,0,both_agree,,linux
17418,,unmatched,,
154528,0,bigvul_only,,Chrome
159726,0,bigvul_only,,Chrome
54053,0,both_agree,,linux
38373,0,both_agree,,linux
164473,0,bigvul_only,,Chrome
58448,0,both_agree,,hexchat
109821,0,bigvul_only,,Chrome
86341,0,both_agree,,linux
94049,0,both_agree,,linux
130093,0,bigvul_only,,Chrome
90300,0,both_agree,,linux
112478,0,bigvul_only,,Chrome
35282,0,both_agree,,linux
105985,,unmatched,,
22983,0,both_agree,,linux
160652,0,bigvul_only,,Chrome
30984,0,both_agree,,linux
67221,0,both_agree,,linux
64383,0,both_agree,,linux
135659,0,bigvul_only,,Chrome
65488,0,bigvul_only,,linux
66917,0,both_agree,,feh
137125,0,bigvul_only,,Chrome
50126,0,diversevul_only,,php-src
70913,0,both_agree,,libgd
11509,0,bigvul_only,,systemd
106912,0,bigvul_only,,Chrome
64378,0,both_agree,,linux
103543,0,primevul_corrected,CWE-264,Chrome
179306,1,diversevul_only,CWE-264,linux
128018,0,bigvul_only,,Chrome
79648,0,bigvul_only,,mstdlib
107778,0,bigvul_only,,Chrome
162646,0,bigvul_only,,Chrome
41354,0,both_agree,,linux
989,0,primevul_corrected,CWE-189,poppler
158061,,unmatched,,
151292,0,bigvul_only,,Chrome
56116,0,both_agree,,linux
16752,0,both_agree,,savannah
161627,0,bigvul_only,,Chrome
21085,0,diversevul_only,,linux-2.6
71823,0,both_agree,,ImageMagick
8528,0,bigvul_only,,tartarus
24653,0,both_agree,,linux
148777,0,bigvul_only,,Chrome
113995,,unmatched,,
90448,0,both_agree,,linux
169171,0,primevul_corrected,CWE-20,Chrome
77879,0,both_agree,,mongo-c-driver
63410,0,both_agree,,FFmpeg
105277,,unmatched,,
38525,0,both_agree,,linux
14247,0,both_agree,,php
180707,1,both_agree,CWE-264,linux
71744,0,primevul_corrected,CWE-119,ImageMagick
170279,0,bigvul_only,,Chrome
145514,0,bigvul_only,,Chrome
162425,0,bigvul_only,,Chrome
52628,0,both_agree,,linux
46133,0,both_agree,,linux
12572,0,bigvul_only,,qemu
133313,0,bigvul_only,,Chrome
83089,0,primevul_corrected,CWE-119,ngiflib
79274,0,both_agree,,suricata
33874,0,both_agree,,pacemaker
60108,0,bigvul_only,,radare2
90084,0,both_agree,,zstd
110316,0,bigvul_only,,Chrome
26959,0,both_agree,,nspluginwrapper
47780,0,both_agree,,linux
121527,0,bigvul_only,,Chrome
49322,0,both_agree,,linux
3702,0,both_agree,,qemu
28536,0,diversevul_only,,linux
44820,0,diversevul_only,,pigz
78244,0,both_agree,,OpenSC
68681,0,both_agree,,profanity
139644,0,bigvul_only,,Chrome
141373,0,bigvul_only,,Chrome
169021,0,bigvul_only,,Chrome
108975,0,bigvul_only,,Chrome
172054,0,bigvul_only,,Android
34078,0,both_agree,,linux
171615,0,bigvul_only,,Android
46400,0,both_agree,,linux
97424,0,bigvul_only,,Chrome
47812,0,diversevul_only,,linux
45186,0,both_agree,,openssl
74451,0,diversevul_only,,linux
66847,0,diversevul_only,CWE-404,linux
20570,0,diversevul_only,,kvm
165642,0,bigvul_only,,Chrome
128190,0,bigvul_only,,Chrome
173682,0,bigvul_only,,Android
53345,0,diversevul_only,,jansson
19914,0,both_agree,,linux
120745,0,bigvul_only,,Chrome
73371,0,diversevul_only,,libass
44290,0,both_agree,,linux
178422,1,bigvul_only,,openssl
151285,0,bigvul_only,,Chrome
43818,0,both_agree,,krb5
123070,0,bigvul_only,,Chrome
68368,0,diversevul_only,,linux
136934,0,bigvul_only,,Chrome
134012,0,bigvul_only,,Chrome
179643,1,both_agree,CWE-20,libreswan
5783,0,both_agree,,qemu
185602,1,bigvul_only,,Chrome
53533,0,both_agree,,libarchive
106779,0,bigvul_only,,Chrome
36619,0,both_agree,,cgminer
81299,0,both_agree,,linux
24574,0,both_agree,,linux
1786,0,both_agree,,busybox
117204,0,bigvul_only,,Chrome
133119,0,bigvul_only,,Chrome
118469,0,bigvul_only,,Chrome
120702,0,bigvul_only,,Chrome
148275,0,bigvul_only,,Chrome
188453,1,bigvul_only,CWE-119,Android
128515,0,bigvul_only,,Chrome
175036,0,primevul_corrected,CWE-20,Android
33003,0,both_agree,,linux
167004,0,bigvul_only,,Chrome
37488,0,bigvul_only,,linux
21042,0,both_agree,,linux
152317,0,bigvul_only,,Chrome
53348,0,both_agree,,jansson
135830,0,bigvul_only,,Chrome
144970,0,bigvul_only,,Chrome
76965,0,both_agree,,ovs
156,0,both_agree,,php
64179,0,both_agree,,httpd
58317,0,both_agree,,linux
2738,0,primevul_corrected,CWE-20,dbus
111453,0,bigvul_only,,Chrome
61404,0,both_agree,,FFmpeg
185343,1,bigvul_only,CWE-119,Chrome
138041,0,bigvul_only,,Chrome
84649,0,both_agree,,w3m
8954,0,diversevul_only,,qemu
27024,0,both_agree,,nspluginwrapper
35170,0,both_agree,,linux
21700,0,diversevul_only,,linux
59305,0,both_agree,,linux
141062,0,bigvul_only,,Chrome
132045,0,bigvul_only,,Chrome
112000,0,bigvul_only,,Chrome
1917,0,bigvul_only,,spice
49625,0,both_agree,,linux
42615,0,both_agree,,linux
72340,0,both_agree,,src
77711,0,both_agree,,ovs
36160,0,both_agree,,monkey
69875,0,both_agree,,tor
3347,0,both_agree,,qemu
113520,0,bigvul_only,,Chrome
77243,0,bigvul_only,,ovs
175596,0,bigvul_only,,Android
115770,,unmatched,,
164924,,unmatched,,
129410,0,bigvul_only,,Chrome
84385,0,both_agree,,flatpak
9651,0,both_agree,,php
57728,0,bigvul_only,,linux
77709,0,both_agree,,ovs
134844,0,bigvul_only,,Chrome
12683,0,both_agree,,openssl
135312,0,bigvul_only,,Chrome
50993,0,bigvul_only,,linux
154027,0,bigvul_only,,Chrome
171602,0,bigvul_only,,Android
32227,0,both_agree,,linux
63126,0,both_agree,,ioq3
160358,0,bigvul_only,,Chrome
119161,0,bigvul_only,,Chrome
15756,0,both_agree,,qemu
117547,0,bigvul_only,,Chrome
8009,0,both_agree,,qemu
161984,0,bigvul_only,,Chrome
1852,0,bigvul_only,,spice
180240,conflict,internal_conflict,CWE-190,php-src
21193,0,both_agree,,linux
101086,0,bigvul_only,,Chrome
163183,,unmatched,,
172067,0,bigvul_only,,Android
150696,0,bigvul_only,,Chrome
122899,0,bigvul_only,,Chrome
183072,1,diversevul_only,CWE-200,linux
53015,0,both_agree,,ImageMagick
89119,0,both_agree,,oniguruma
135138,0,bigvul_only,,Chrome
59426,0,both_agree,,libxml2
24483,0,both_agree,,linux
150758,,unmatched,,
48373,0,both_agree,,libtiff
148335,0,bigvul_only,,Chrome
107353,0,bigvul_only,,Chrome
66061,0,both_agree,,linux
87586,0,both_agree,,FreeRDP
145601,0,bigvul_only,,Chrome
122582,0,bigvul_only,,Chrome
126292,0,bigvul_only,,Chrome
32391,0,both_agree,,linux
177056,0,bigvul_only,,Android
143847,0,bigvul_only,,Chrome
1944,0,bigvul_only,,spice
157034,0,bigvul_only,,Chrome
60050,0,both_agree,,radare2
96860,0,bigvul_only,,linux
155990,0,bigvul_only,,Chrome
46652,0,bigvul_only,,linux
3439,0,both_agree,,savannah
160904,0,bigvul_only,,Chrome
171900,0,bigvul_only,,Android
121469,0,bigvul_only,,Chrome
13965,0,both_agree,,ghostscript
43822,0,both_agree,,krb5
88991,0,both_agree,,ImageMagick
141510,0,primevul_corrected,CWE-79,Chrome
110529,0,bigvul_only,,Chrome
144606,0,bigvul_only,,Chrome
175632,0,bigvul_only,,Android
141695,0,bigvul_only,,Chrome
155861,,unmatched,,
185846,,unmatched,,
143472,0,bigvul_only,,Chrome
139538,0,bigvul_only,,Chrome
143471,0,bigvul_only,,Chrome
98539,0,bigvul_only,,Chrome
120916,,unmatched,,
33472,0,bigvul_only,,linux
26159,0,bigvul_only,,linux
177671,0,bigvul_only,,Android
91778,0,both_agree,,libcomps
81420,0,both_agree,,linux
56519,conflict,both_disagree,,linux
59536,0,both_agree,,libxml2
16179,0,bigvul_only,,htcondor
142679,0,bigvul_only,,Chrome
129631,0,bigvul_only,,Chrome
96942,,unmatched,,
126503,0,bigvul_only,,Chrome
101769,,unmatched,,
103457,0,bigvul_only,,Chrome
178021,1,bigvul_only,CWE-119,savannah
84461,0,diversevul_only,,w3m
121336,0,bigvul_only,,Chrome
2519,0,bigvul_only,,postgresql
167378,0,bigvul_only,,Chrome
83203,0,both_agree,,linux
130626,0,bigvul_only,,Chrome
107928,0,bigvul_only,,Chrome
93723,0,both_agree,,cJSON
185354,1,bigvul_only,,Chrome
11510,0,bigvul_only,,systemd
39683,0,both_agree,,linux
8537,0,bigvul_only,,tartarus
187723,,unmatched,,
167959,0,bigvul_only,,Chrome
54110,0,both_agree,,linux
183662,1,bigvul_only,,Chrome
100513,0,primevul_corrected,,Chrome
97435,0,bigvul_only,,Chrome
29627,0,both_agree,,linux
44790,0,both_agree,,pigz
111446,0,bigvul_only,,Chrome
91172,0,both_agree,,ImageMagick
123723,0,primevul_corrected,CWE-22,Chrome
143114,0,bigvul_only,,Chrome
136177,0,bigvul_only,,Chrome
107961,0,bigvul_only,,Chrome
69419,0,bigvul_only,,linux
27369,0,both_agree,,linux
141634,0,bigvul_only,,Chrome
69248,0,both_agree,,libtiff
40507,0,both_agree,,linux
55676,0,bigvul_only,,linux
44182,0,both_agree,,openssl
35882,0,both_agree,,linux
38778,0,both_agree,,postgres
46007,0,bigvul_only,,illumos-gate
98224,0,bigvul_only,,Chrome
118584,0,bigvul_only,,Chrome
87002,0,both_agree,,optee_os
97926,0,bigvul_only,,Chrome
123265,0,bigvul_only,,Chrome
66410,0,both_agree,,qemu
10279,0,bigvul_only,,savannah
91916,0,both_agree,,linux
17974,conflict,internal_conflict,CWE-119,mindrot
46653,0,bigvul_only,,linux
145236,0,bigvul_only,,Chrome
141139,0,bigvul_only,,Chrome
83356,0,both_agree,,mbedtls
171250,0,bigvul_only,,Android
119260,0,bigvul_only,,Chrome
55718,0,both_agree,,libarchive
48961,0,diversevul_only,,linux
107578,0,bigvul_only,,Chrome
94032,0,bigvul_only,,capstone
135090,0,bigvul_only,,Chrome
45679,0,bigvul_only,,linux
15709,0,both_agree,,qemu
6524,0,primevul_corrected,CWE-119,savannah
55952,0,both_agree,,linux
119761,0,bigvul_only,,Chrome
129530,0,bigvul_only,,Chrome
75971,0,both_agree,,keepalived
57518,0,diversevul_only,,linux
60287,0,both_agree,,linux
37101,1,diversevul_only,CWE-264,linux
63297,0,both_agree,,ImageMagick
154509,0,bigvul_only,,Chrome
18863,0,both_agree,,linux
176272,0,bigvul_only,,Android
159541,0,bigvul_only,,Chrome
17895,0,diversevul_only,,qemu
45262,0,both_agree,,linux
74627,0,both_agree,,util-linux
97220,0,bigvul_only,,Chrome
25081,0,both_agree,,linux
110959,0,bigvul_only,,Chrome
128027,0,bigvul_only,,Chrome
181799,1,both_agree,CWE-20,ImageMagick
138938,0,bigvul_only,,Chrome
33675,0,both_agree,,krb5
153263,,unmatched,,
48190,1,diversevul_only,CWE-119,libtiff
30654,0,both_agree,,linux
36892,0,both_agree,,linux
88892,0,both_agree,,ImageMagick6
71378,0,both_agree,,libtiff
132475,0,bigvul_only,,Chrome
148941,0,bigvul_only,,Chrome
28712,0,bigvul_only,,linux
47779,0,both_agree,,linux
92770,0,diversevul_only,,linux
103776,0,bigvul_only,,Chrome
17738,0,bigvul_only,,xserver
126511,0,bigvul_only,,Chrome
166243,,unmatched,,
36408,0,diversevul_only,,linux
184316,,unmatched,,
63390,0,both_agree,,FFmpeg
13362,0,bigvul_only,,xserver
104109,,unmatched,,
67538,0,both_agree,,linux
140600,0,bigvul_only,,Chrome
184222,1,bigvul_only,,Chrome
165942,0,bigvul_only,,Chrome
63418,0,both_agree,,FFmpeg
177190,0,bigvul_only,,Android
171593,0,bigvul_only,,Android
38233,0,both_agree,,linux
46440,0,both_agree,,linux
22071,,unmatched,,
136450,0,bigvul_only,,Chrome
41519,0,both_agree,,linux
58789,0,both_agree,,linux
17728,,unmatched,,
127505,0,bigvul_only,,Chrome
5612,0,both_agree,,openssl
137283,0,bigvul_only,,Chrome
62044,0,both_agree,,linux
145229,0,bigvul_only,,Chrome
3632,0,both_agree,,openssl
87399,0,both_agree,,FreeRDP
100578,0,primevul_corrected,,Chrome
31645,0,diversevul_only,,linux
102577,0,bigvul_only,,Chrome
69640,0,both_agree,,tor
56112,0,both_agree,,linux
179963,1,both_agree,,krb5
110846,0,bigvul_only,,Chrome
139392,,unmatched,,
85552,0,both_agree,,linux
60993,0,both_agree,,nautilus
22314,0,both_agree,,linux
21439,0,bigvul_only,,linux
38760,0,both_agree,,postgres
44411,0,bigvul_only,,lxcfs
59671,0,diversevul_only,,collectd
58315,0,both_agree,,linux
175452,0,bigvul_only,,Android
62446,0,both_agree,,tcpdump
150293,0,bigvul_only,,Chrome
46039,0,both_agree,,krb5
139041,0,bigvul_only,,Chrome
23892,0,both_agree,,linux
60528,0,both_agree,,linux
133773,0,bigvul_only,,Chrome
117427,0,bigvul_only,,Chrome
99276,0,bigvul_only,,Chrome
116669,0,bigvul_only,,Chrome
104207,0,bigvul_only,,Chrome
92106,0,both_agree,,linux
3737,0,bigvul_only,,dbus
2118,0,bigvul_only,,spice
67750,0,bigvul_only,,radare2
52305,0,both_agree,,linux
177144,0,bigvul_only,,Android
119327,0,bigvul_only,,Chrome
122425,0,primevul_corrected,CWE-119,Chrome
23981,0,both_agree,,linux
26010,0,both_agree,,linux
184688,,unmatched,,
172820,0,bigvul_only,,Android
27672,0,both_agree,,linux
118320,0,bigvul_only,,Chrome
27300,0,both_agree,,linux
143665,0,bigvul_only,,Chrome
35684,0,bigvul_only,,httpd
182770,1,diversevul_only,CWE-119,ImageMagick
62048,0,both_agree,,linux
21025,0,both_agree,,linux
20129,0,both_agree,,linux
94289,0,both_agree,,linux
84297,0,bigvul_only,,suricata
51713,0,both_agree,,wireshark
178826,1,both_agree,,linux
152841,,unmatched,,
140209,0,bigvul_only,,Chrome
186397,,unmatched,,
82207,0,both_agree,,mruby
131605,,unmatched,,
122474,0,bigvul_only,,Chrome
34637,0,bigvul_only,,linux
25740,,unmatched,,
4324,0,bigvul_only,,php
47954,0,both_agree,,linux
118569,0,bigvul_only,,Chrome
160481,0,bigvul_only,,Chrome
94216,0,both_agree,,memcached
181773,1,bigvul_only,CWE-119,ImageMagick
182421,1,diversevul_only,,WavPack
55646,0,both_agree,,linux
70546,0,both_agree,,linux
100684,0,both_agree,,Chrome
40021,0,both_agree,,linux
169012,,unmatched,,
184581,,unmatched,,
37811,0,both_agree,,linux
106180,0,bigvul_only,,Chrome
121794,0,bigvul_only,,Chrome
184074,1,bigvul_only,,Chrome
34035,0,both_agree,,linux
115590,0,bigvul_only,,Chrome
116457,0,bigvul_only,,Chrome
28748,0,bigvul_only,,linux
101787,0,bigvul_only,,Chrome
92678,0,diversevul_only,,linux
24894,0,both_agree,,linux
141942,,unmatched,,
34517,0,both_agree,,linux
91361,0,both_agree,,ImageMagick
48596,0,both_agree,,linux
2034,0,both_agree,,samba
28695,0,both_agree,,linux
52474,0,both_agree,,linux
181518,1,diversevul_only,CWE-416,linux
96079,0,bigvul_only,,firejail
186157,1,bigvul_only,CWE-119,Chrome
139461,0,bigvul_only,,Chrome
146697,0,bigvul_only,,Chrome
38260,0,both_agree,,linux
134891,0,bigvul_only,,Chrome
115132,0,bigvul_only,,Chrome
601,,unmatched,,
44652,0,both_agree,,lxc
178094,1,bigvul_only,CWE-190,libXfixes
35292,0,both_agree,,linux
139571,0,bigvul_only,,Chrome
126289,,unmatched,,
35722,0,bigvul_only,,httpd
36852,0,both_agree,,linux
23370,0,both_agree,,linux
139894,0,bigvul_only,,Chrome
156822,0,bigvul_only,,Chrome
95420,0,bigvul_only,,OpenJK
82043,0,diversevul_only,,mruby
170475,0,bigvul_only,,Android
147513,0,bigvul_only,,Chrome
149966,,unmatched,,
154837,,unmatched,,
59102,1,both_agree,CWE-119,linux
129090,0,bigvul_only,,Chrome
73304,0,bigvul_only,,libass
137896,0,bigvul_only,,Chrome
120439,0,bigvul_only,,Chrome
147370,0,bigvul_only,,Chrome
130590,0,bigvul_only,,Chrome
164632,0,bigvul_only,,Chrome
57444,0,both_agree,,linux
148589,,unmatched,,
74422,0,diversevul_only,,kvm-guest-drivers-windows
174957,0,bigvul_only,,Android
132676,0,bigvul_only,,Chrome
15273,0,both_agree,,php
149792,0,bigvul_only,,Chrome
172883,0,bigvul_only,,Android
69967,0,both_agree,,redis
79429,0,both_agree,,FFmpeg
4909,0,bigvul_only,,xserver
182012,1,both_agree,CWE-125,openjpeg
99916,0,bigvul_only,,Chrome
105586,0,bigvul_only,,Chrome
74021,0,both_agree,,ImageMagick
26773,0,both_agree,,linux
78028,0,both_agree,,Little-CMS
102327,0,bigvul_only,,Chrome
4426,0,bigvul_only,,php
178638,1,both_agree,CWE-125,qemu
159866,0,bigvul_only,,Chrome
161493,0,bigvul_only,,Chrome
13711,0,bigvul_only,,php
92433,0,both_agree,,linux
27729,0,both_agree,,linux
111383,0,bigvul_only,,Chrome
104167,0,bigvul_only,,Chrome
74581,0,both_agree,,linux
61832,0,both_agree,,FFmpeg
150957,0,bigvul_only,,Chrome
136699,0,bigvul_only,,Chrome
179624,1,both_agree,CWE-119,linux
43431,0,both_agree,,linux
2820,0,both_agree,,ghostscript
133775,0,bigvul_only,,Chrome
9631,0,bigvul_only,,php
128219,0,primevul_corrected,CWE-416,Chrome
88720,0,diversevul_only,,libmodbus
187285,1,bigvul_only,CWE-311,Chrome
122608,0,bigvul_only,,Chrome
44772,0,both_agree,,lxc
31248,0,both_agree,,linux
123076,0,bigvul_only,,Chrome
115154,0,bigvul_only,,Chrome
154607,0,bigvul_only,,Chrome
35491,0,both_agree,,linux
78454,0,both_agree,,OpenSC
129365,0,bigvul_only,,Chrome
184339,1,bigvul_only,,Chrome
153001,0,bigvul_only,,Chrome
33380,0,both_agree,,linux
138210,0,bigvul_only,,Chrome
44618,0,both_agree,,lxc
166664,0,bigvul_only,,Chrome
136658,0,bigvul_only,,Chrome
35804,0,both_agree,,linux
98390,0,bigvul_only,,Chrome
148140,0,bigvul_only,,Chrome
41643,0,both_agree,,linux
57298,0,diversevul_only,,krb5
136664,0,bigvul_only,,Chrome
141436,0,primevul_corrected,CWE-79,Chrome
33913,0,diversevul_only,,pacemaker
13844,0,bigvul_only,,php
163096,0,bigvul_only,,Chrome
32939,0,both_agree,,linux
21365,0,both_agree,,linux
11101,0,bigvul_only,,php
178360,1,bigvul_only,,qemu
37098,0,both_agree,,linux
30110,0,both_agree,,linux
106053,,unmatched,,
64326,0,both_agree,,httpd
186273,,unmatched,,
175639,0,bigvul_only,,Android
162302,0,bigvul_only,,Chrome
141302,0,bigvul_only,,Chrome
57708,0,both_agree,,linux
103739,0,bigvul_only,,Chrome
74406,0,both_agree,,kvm-guest-drivers-windows
48601,0,diversevul_only,,linux
114189,0,bigvul_only,,Chrome
26654,0,bigvul_only,,linux
23875,0,diversevul_only,,linux
110328,0,bigvul_only,,Chrome
67343,0,both_agree,,linux
138133,0,bigvul_only,,Chrome
142149,,unmatched,,
158286,0,bigvul_only,,Chrome
61839,0,both_agree,,FFmpeg
94378,0,both_agree,,linux
161402,0,bigvul_only,,Chrome
27412,0,diversevul_only,,linux-2.6
96965,0,diversevul_only,,linux
113331,0,bigvul_only,,Chrome
168634,0,bigvul_only,,Chrome
14806,0,both_agree,,php
180791,1,diversevul_only,CWE-200,linux
137766,0,bigvul_only,,Chrome
76289,0,both_agree,,linux
83511,0,both_agree,,kamailio
54697,0,diversevul_only,,linux
59528,0,both_agree,,libxml2
58811,0,both_agree,,linux
2543,0,bigvul_only,,postgresql
84848,0,both_agree,,linux
165795,0,bigvul_only,,Chrome
39175,0,both_agree,,linux
170592,,unmatched,,
166028,0,bigvul_only,,Chrome
161121,0,bigvul_only,,Chrome
56284,0,both_agree,,php-src
24646,0,both_agree,,linux
75597,0,both_agree,,mosquitto
180394,1,both_agree,CWE-264,linux
146426,,unmatched,,
60668,0,both_agree,,linux
92333,0,both_agree,,libexpat
132658,0,bigvul_only,,Chrome
1438,0,bigvul_only,,netfilter
122614,0,bigvul_only,,Chrome
59445,0,both_agree,,libxml2
1537,0,both_agree,,ghostscript
12850,0,both_agree,,openssl
10356,0,bigvul_only,,savannah
29,0,both_agree,,savannah
176779,0,primevul_corrected,CWE-119,Android
47167,0,bigvul_only,,linux
84960,0,both_agree,,linux
106871,0,bigvul_only,,Chrome
4195,0,bigvul_only,,savannah
140907,0,bigvul_only,,Chrome
77025,0,both_agree,,ovs
93696,conflict,internal_conflict,CWE-119,iperf
20708,0,both_agree,,linux
139202,0,bigvul_only,,Chrome
75981,0,both_agree,,keepalived
35467,0,both_agree,,linux
7838,0,diversevul_only,,qemu
2901,0,both_agree,,ghostscript
137116,0,bigvul_only,,Chrome
53918,0,both_agree,,libndp
87095,0,both_agree,,cJSON
56293,0,both_agree,,php-src
66854,0,both_agree,,linux
111961,,unmatched,,
21310,0,both_agree,,linux
123391,0,bigvul_only,,Chrome
175841,0,bigvul_only,,Android
50213,0,diversevul_only,CWE-787,php-src
186521,1,bigvul_only,CWE-119,Chrome
154975,0,bigvul_only,,Chrome
136442,0,bigvul_only,,Chrome
153749,0,bigvul_only,,Chrome
164006,0,bigvul_only,,Chrome
89640,0,both_agree,,linux
22494,0,diversevul_only,,linux-2.6
22388,0,both_agree,,linux
40333,0,both_agree,,linux
63688,0,bigvul_only,,irssi
15183,0,bigvul_only,,php
131094,0,bigvul_only,,Chrome
163005,0,bigvul_only,,Chrome
148678,0,bigvul_only,,Chrome
112706,,unmatched,,
43778,0,both_agree,,krb5
116868,0,bigvul_only,,Chrome
97024,0,both_agree,,linux
125077,0,bigvul_only,,Chrome
70306,0,both_agree,,libtiff
185297,,unmatched,,
38087,0,both_agree,,linux
71200,0,both_agree,,linux
73540,0,bigvul_only,,ImageMagick
176640,0,both_agree,,Android
182407,1,primevul_corrected,CWE-125,PDFGen
159074,0,bigvul_only,,Chrome
61787,0,both_agree,,FFmpeg
160771,0,bigvul_only,,Chrome
142499,0,bigvul_only,,Chrome
157060,0,bigvul_only,,Chrome
115247,0,bigvul_only,,Chrome
179294,1,both_agree,CWE-264,linux
53867,0,bigvul_only,,linux
171762,0,bigvul_only,,Android
183913,1,bigvul_only,CWE-399,Chrome
57330,0,primevul_corrected,CWE-134,php-src
29269,0,both_agree,,linux
78557,0,both_agree,,OpenSC
140713,0,bigvul_only,,Chrome
147763,,unmatched,,
50697,0,both_agree,,linux
44022,0,bigvul_only,,pacemaker
38237,0,diversevul_only,,linux
111801,0,bigvul_only,,Chrome
159051,0,bigvul_only,,Chrome
102738,0,bigvul_only,,Chrome
78844,0,both_agree,,OpenSC
186923,conflict,both_disagree,CWE-787,Chrome
129760,0,bigvul_only,,Chrome
105025,0,bigvul_only,,Chrome
21691,0,bigvul_only,,linux
77794,0,diversevul_only,,curl
6766,0,both_agree,,qemu
34921,0,both_agree,,linux
111764,0,bigvul_only,,Chrome
149116,,unmatched,,
169172,0,bigvul_only,,Chrome
142535,0,bigvul_only,,Chrome
1501,0,bigvul_only,,qemu
75908,0,both_agree,,keepalived
145894,0,bigvul_only,,Chrome
141357,0,primevul_corrected,CWE-416,Chrome
99237,0,bigvul_only,,Chrome
82831,0,both_agree,,radare2
13988,0,both_agree,,ghostscript
172075,0,bigvul_only,,Android
117118,0,bigvul_only,,Chrome
90047,0,both_agree,,zstd
97285,0,bigvul_only,,Chrome
94558,0,both_agree,,php-src
112405,0,bigvul_only,,Chrome
151338,0,bigvul_only,,Chrome
48305,0,both_agree,,libtiff
53750,0,both_agree,,linux
145336,0,bigvul_only,,Chrome
107986,0,primevul_corrected,,Chrome
131259,,unmatched,,
128375,0,bigvul_only,,Chrome
97026,0,both_agree,,linux
34832,0,both_agree,,linux
150872,0,bigvul_only,,Chrome
28787,0,bigvul_only,,linux
86952,0,diversevul_only,,optee_os
175159,0,bigvul_only,,Android
103901,0,bigvul_only,,Chrome
185107,,unmatched,,
37043,0,both_agree,,linux
117689,0,bigvul_only,,Chrome
24932,0,bigvul_only,,linux
38721,0,both_agree,,linux
91047,0,bigvul_only,,domoticz
93230,0,diversevul_only,,tcpdump
108806,0,bigvul_only,,Chrome
148407,0,bigvul_only,,Chrome
88705,0,diversevul_only,,linux
125496,0,bigvul_only,,Chrome
26527,0,bigvul_only,,linux
167555,,unmatched,,
116358,0,bigvul_only,,Chrome
112933,0,bigvul_only,,Chrome
55154,0,both_agree,,git
174422,0,bigvul_only,,Android
102210,0,bigvul_only,,Chrome
125129,0,bigvul_only,,Chrome
43800,0,diversevul_only,,krb5
137537,0,bigvul_only,,Chrome
149631,0,bigvul_only,,Chrome
68210,0,both_agree,,linux
187929,1,bigvul_only,CWE-119,Android
184234,,unmatched,,
131275,0,bigvul_only,,Chrome
24651,0,both_agree,,linux
65353,0,both_agree,,linux
77735,0,both_agree,,ovs
52530,0,bigvul_only,,linux
123029,0,bigvul_only,,Chrome
67761,0,bigvul_only,,radare2
15526,0,bigvul_only,,mindrot
7383,0,bigvul_only,,php
168451,0,bigvul_only,,Chrome
142741,0,bigvul_only,,Chrome
161647,0,bigvul_only,,Chrome
18392,0,bigvul_only,,uzbl
42049,0,both_agree,,linux
21359,0,both_agree,,linux
15767,0,bigvul_only,,qemu
83143,0,both_agree,,mruby
159343,0,bigvul_only,,Chrome
174630,0,bigvul_only,,Android
185031,1,bigvul_only,CWE-416,Chrome
165022,0,bigvul_only,,Chrome
11090,0,both_agree,,samba
83289,0,bigvul_only,,openmpt
164044,0,bigvul_only,,Chrome
183750,,unmatched,,
107964,0,bigvul_only,,Chrome
156557,,unmatched,,
188422,,unmatched,,
60600,0,both_agree,,linux
60945,0,diversevul_only,,nautilus
82409,0,bigvul_only,,Espruino
43484,0,both_agree,,linux
6693,0,both_agree,,qemu
81028,0,both_agree,,linux
17461,0,bigvul_only,,xserver
98645,0,bigvul_only,,Chrome
148591,,unmatched,,
129662,,unmatched,,
142056,0,bigvul_only,,Chrome
112361,0,bigvul_only,,Chrome
175711,0,bigvul_only,,Android
30738,0,both_agree,,linux
162928,0,bigvul_only,,Chrome
66684,0,both_agree,,linux
84378,0,both_agree,,flatpak
106929,0,bigvul_only,,Chrome
48901,0,bigvul_only,,linux
99847,0,bigvul_only,,Chrome
158309,0,bigvul_only,,Chrome
86543,0,bigvul_only,,jasper
146264,0,bigvul_only,,Chrome
3740,0,bigvul_only,,dbus
166892,0,bigvul_only,,Chrome
33038,0,both_agree,,linux
167875,0,bigvul_only,,Chrome
54417,0,both_agree,,php-src
71340,0,both_agree,,libgit2
33762,0,diversevul_only,,linux
113649,0,bigvul_only,,Chrome
46580,0,both_agree,,nbd
82677,0,both_agree,,radare2
21036,0,diversevul_only,,linux-2.6
4830,0,bigvul_only,,xserver
47373,0,bigvul_only,,linux
179221,1,both_agree,CWE-264,linux
80278,0,both_agree,,gpac
7673,0,bigvul_only,,qemu
173241,0,bigvul_only,,Android
8163,0,both_agree,,poppler
49742,0,both_agree,,linux
28829,0,diversevul_only,,linux
80282,0,both_agree,,gpac
88876,0,both_agree,,ImageMagick6
163961,0,bigvul_only,,Chrome
548,0,bigvul_only,,ghostscript
43610,0,both_agree,,httpd
103708,0,bigvul_only,,Chrome
151209,0,bigvul_only,,Chrome
149255,0,primevul_corrected,CWE-704,Chrome
124056,0,bigvul_only,,Chrome
110391,0,bigvul_only,,Chrome
104251,0,bigvul_only,,Chrome
116949,0,bigvul_only,,Chrome
154773,0,bigvul_only,,Chrome
49364,0,both_agree,,linux
93198,0,both_agree,,tcpdump
85129,0,both_agree,,linux
84811,0,both_agree,,linux
66888,0,both_agree,,linux
15574,0,bigvul_only,,mindrot
115339,0,bigvul_only,,Chrome
165160,,unmatched,,
43317,0,both_agree,,rawstudio
181419,conflict,both_disagree,,FFmpeg
166106,0,bigvul_only,,Chrome
125398,0,bigvul_only,,Chrome
76122,0,both_agree,,keepalived
86395,0,both_agree,,linux
184006,1,bigvul_only,CWE-399,Chrome
106589,0,bigvul_only,,Chrome
33333,0,both_agree,,linux
98857,,unmatched,,
132223,0,bigvul_only,,Chrome
84957,0,both_agree,,linux
61425,0,both_agree,,FFmpeg
182397,1,diversevul_only,,radare2
176620,0,diversevul_only,,libxml2
49474,0,both_agree,,linux
5552,0,bigvul_only,,dbus
170309,,unmatched,,
187288,1,bigvul_only,CWE-311,Chrome
170204,0,bigvul_only,,Chrome
55434,conflict,both_disagree,,php-src
167791,0,bigvul_only,,Chrome
4260,0,bigvul_only,,php
61451,0,both_agree,,FFmpeg
112316,0,bigvul_only,,Chrome
154718,0,bigvul_only,,Chrome
72088,0,diversevul_only,,slurm
49464,0,both_agree,,linux
145027,0,bigvul_only,,Chrome
53430,0,both_agree,,iperf
187874,,unmatched,,
8450,0,bigvul_only,,qemu
97315,0,bigvul_only,,Chrome
95632,0,bigvul_only,,OpenJK
50557,conflict,both_disagree,,ImageMagick
108387,0,bigvul_only,,Chrome
101398,0,bigvul_only,,Chrome
188265,0,diversevul_only,CWE-119,Android
187820,0,bigvul_only,,Android
4676,0,bigvul_only,,php
39408,0,both_agree,,linux
35652,0,bigvul_only,,file
58236,0,diversevul_only,,linux
19687,0,both_agree,,linux
2155,0,bigvul_only,,spice
169345,0,bigvul_only,,Chrome
124263,0,bigvul_only,,Chrome
131925,,unmatched,,
185237,,unmatched,,
125475,0,bigvul_only,,Chrome
40436,0,both_agree,,linux
5960,0,both_agree,,qemu
117492,0,bigvul_only,,Chrome
181024,1,both_agree,CWE-125,tcpdump
135793,,unmatched,,
130905,0,bigvul_only,,Chrome
56521,0,both_agree,,linux
180218,conflict,internal_conflict,,php-src
131081,0,bigvul_only,,Chrome
131234,,unmatched,,
135558,0,bigvul_only,,Chrome
170805,0,bigvul_only,,Android
29387,0,both_agree,,linux
169025,0,bigvul_only,,Chrome
176198,0,bigvul_only,,Android
126827,0,bigvul_only,,Chrome
27561,0,both_agree,,linux
102983,0,bigvul_only,,Chrome
102229,0,bigvul_only,,Chrome
17013,0,bigvul_only,,launchpad
125834,0,bigvul_only,,Chrome
88835,0,both_agree,,linux
110743,0,bigvul_only,,Chrome
80626,0,both_agree,,gpac
164093,0,bigvul_only,,Chrome
106775,0,bigvul_only,,Chrome
134924,0,bigvul_only,,Chrome
54026,0,diversevul_only,,linux
131509,0,bigvul_only,,Chrome
47483,0,bigvul_only,,linux
82088,0,both_agree,,mruby
127140,0,bigvul_only,,Chrome
38421,0,both_agree,,linux
105741,0,bigvul_only,,Chrome
122488,0,bigvul_only,,Chrome
22988,0,both_agree,,linux
79965,0,both_agree,,linux
84678,0,both_agree,,krb5
22524,0,both_agree,,linux
53597,0,both_agree,,linux
40911,0,both_agree,,jansson
127351,0,bigvul_only,,Chrome
12444,0,both_agree,,samba
46451,0,both_agree,,linux
101561,0,bigvul_only,,Chrome
23946,0,both_agree,,linux
85541,0,both_agree,,linux
147889,0,bigvul_only,,Chrome
56289,0,both_agree,,php-src
19726,0,both_agree,,linux
119026,0,bigvul_only,,Chrome
2413,0,both_agree,,samba
38078,0,both_agree,,linux
134049,0,bigvul_only,,Chrome
418,0,bigvul_only,,ghostscript
125664,0,bigvul_only,,Chrome
9078,0,both_agree,,qemu
55878,0,both_agree,,linux
2266,0,bigvul_only,,mindrot
55014,0,both_agree,,git
160000,0,bigvul_only,,Chrome
135494,0,bigvul_only,,Chrome
160363,0,bigvul_only,,Chrome
10371,0,bigvul_only,,accountsservice
174180,0,bigvul_only,,Android
139567,0,bigvul_only,,Chrome
97448,0,bigvul_only,,Chrome
150829,0,bigvul_only,,Chrome
19279,0,diversevul_only,,linux-2.6
162549,0,bigvul_only,,Chrome
36894,0,both_agree,,linux
157763,0,bigvul_only,,Chrome
86985,0,both_agree,,optee_os
12671,0,both_agree,,exim
186170,1,bigvul_only,,Chrome
96589,0,bigvul_only,,mbedtls
123736,0,primevul_corrected,CWE-22,Chrome
147401,0,bigvul_only,,Chrome
47075,0,bigvul_only,,linux
41369,0,both_agree,,linux
176021,0,bigvul_only,,Android
79520,0,both_agree,,neomutt
144868,0,bigvul_only,,Chrome
59418,0,both_agree,,Android
16206,0,bigvul_only,,htcondor
122271,0,bigvul_only,,Chrome
112270,0,bigvul_only,,Chrome
105235,0,bigvul_only,,Chrome
133506,0,bigvul_only,,Chrome
87203,0,both_agree,,VeraCrypt
174330,0,bigvul_only,,Android
183301,1,both_agree,CWE-362,opa-ff
149217,0,bigvul_only,,Chrome
66270,0,bigvul_only,,imageworsener
65959,0,bigvul_only,,linux
113071,0,bigvul_only,,Chrome
53687,0,diversevul_only,,linux
59233,0,both_agree,,heimdal
3968,0,bigvul_only,,poppler
170323,,unmatched,,
4175,0,bigvul_only,,savannah
42080,0,both_agree,,linux
29521,0,both_agree,,linux
136129,0,bigvul_only,,Chrome
112366,0,bigvul_only,,Chrome
119661,0,bigvul_only,,Chrome
26667,0,bigvul_only,,linux
164690,0,bigvul_only,,Chrome
146450,0,bigvul_only,,Chrome
114903,0,bigvul_only,,Chrome
80585,0,both_agree,,gpac
186611,,unmatched,,
96991,0,both_agree,,linux
100781,0,bigvul_only,,Chrome
98038,0,primevul_corrected,,Chrome
8388,0,bigvul_only,,qemu
121139,,unmatched,,
61323,0,both_agree,,FFmpeg
76603,0,both_agree,,git
111633,0,bigvul_only,,Chrome
147665,0,bigvul_only,,Chrome
113754,0,bigvul_only,,Chrome
64813,0,both_agree,,linux
58242,0,diversevul_only,,linux
167998,,unmatched,,
28464,0,both_agree,,linux
7271,0,bigvul_only,,php
13630,0,both_agree,,openssl
133924,0,bigvul_only,,Chrome
145744,0,bigvul_only,,Chrome
126689,0,bigvul_only,,Chrome
139345,0,bigvul_only,,Chrome
162692,0,bigvul_only,,Chrome
71042,0,bigvul_only,,Little-CMS
46705,0,bigvul_only,,linux
2417,0,both_agree,,samba
183639,conflict,internal_conflict,,Chrome
101217,0,bigvul_only,,Chrome
100460,,unmatched,,
123534,0,bigvul_only,,Chrome
145753,0,bigvul_only,,Chrome
63970,0,both_agree,,FFmpeg
29359,0,bigvul_only,,linux
18236,0,both_agree,,memcached
184780,1,bigvul_only,,Chrome
138532,0,bigvul_only,,Chrome
68946,0,both_agree,,linux
148942,0,bigvul_only,,Chrome
8157,0,both_agree,,poppler
86459,0,both_agree,,linux
162790,,unmatched,,
101196,0,bigvul_only,,Chrome
174738,,unmatched,,
36574,0,both_agree,,sgminer
125822,0,bigvul_only,,Chrome
32009,0,both_agree,,openvpn
38422,0,both_agree,,linux
48270,0,both_agree,,libtiff
57551,0,both_agree,,linux
153431,0,bigvul_only,,Chrome
54394,0,both_agree,,php-src
178441,1,bigvul_only,CWE-20,xserver
75561,0,both_agree,,linux
62273,0,both_agree,,tcpdump
68408,0,both_agree,,linux
71836,0,both_agree,,ImageMagick
113938,0,bigvul_only,,Chrome
13226,0,bigvul_only,,savannah
57177,0,bigvul_only,,linux
79587,0,both_agree,,neomutt
114321,0,bigvul_only,,Chrome
506,0,bigvul_only,,ghostscript
126551,0,bigvul_only,,Chrome
82257,0,both_agree,,linux
47095,0,bigvul_only,,linux
48636,0,bigvul_only,,httpd
50095,0,bigvul_only,,curl
10922,0,bigvul_only,,gnupg
67919,0,both_agree,,jasper
110729,0,bigvul_only,,Chrome
158486,0,bigvul_only,,Chrome
1800,0,bigvul_only,,musl
17783,0,bigvul_only,,xserver
40517,0,both_agree,,linux
105532,0,bigvul_only,,Chrome
171143,0,bigvul_only,,Android
75724,0,both_agree,,uriparser
29127,0,bigvul_only,,linux
126139,0,bigvul_only,,Chrome
155553,0,bigvul_only,,Chrome
128325,0,bigvul_only,,Chrome
170699,0,bigvul_only,,Android
132396,0,bigvul_only,,Chrome
173142,0,bigvul_only,,Android
26717,0,bigvul_only,,linux
32484,0,both_agree,,linux
54288,0,bigvul_only,,php-src
96076,0,both_agree,,firejail
61256,0,both_agree,,cyrus-imapd
94721,0,bigvul_only,,libgd
7298,0,both_agree,,savannah
101215,0,bigvul_only,,Chrome
72967,0,both_agree,,jasper
1621,0,both_agree,,savannah
4022,0,bigvul_only,,poppler
29685,0,both_agree,,linux
84478,0,both_agree,,w3m
53475,0,both_agree,,libarchive
20136,conflict,both_disagree,,linux
112694,0,bigvul_only,,Chrome
84528,0,both_agree,,w3m
156789,0,bigvul_only,,Chrome
95509,0,bigvul_only,,OpenJK
142781,0,bigvul_only,,Chrome
164656,0,bigvul_only,,Chrome
64269,0,both_agree,,httpd
154040,0,bigvul_only,,Chrome
20154,0,both_agree,,linux
105021,0,bigvul_only,,Chrome
188033,0,bigvul_only,,Android
147582,0,bigvul_only,,Chrome
121969,0,bigvul_only,,Chrome
42093,0,both_agree,,openssh-portable
53940,0,both_agree,,libndp
35037,0,both_agree,,linux
19967,0,bigvul_only,,linux
108726,0,bigvul_only,,Chrome
65659,0,bigvul_only,,linux
173646,0,bigvul_only,,Android
5470,0,both_agree,,ghostscript
144755,0,bigvul_only,,Chrome
116332,0,bigvul_only,,Chrome
77284,0,bigvul_only,,ovs
172234,0,bigvul_only,,Android
93481,0,both_agree,,nmap
146622,0,bigvul_only,,Chrome
27870,0,both_agree,,linux
33337,0,both_agree,,linux
71285,0,both_agree,,linux
12410,0,bigvul_only,,php
65842,0,both_agree,,linux
30955,0,diversevul_only,,linux
128491,0,bigvul_only,,Chrome
36881,0,both_agree,,linux
18540,0,both_agree,,linux
41917,0,both_agree,,linux
85123,0,both_agree,,wildmidi
171157,0,bigvul_only,,Android
180338,1,both_agree,CWE-284,libimobiledevice
40615,0,diversevul_only,,linux
96811,0,both_agree,,linux
181267,1,both_agree,CWE-416,radare2
46696,0,bigvul_only,,linux
85625,0,both_agree,,linux
167123,0,bigvul_only,,Chrome
22496,0,both_agree,,linux
127596,0,bigvul_only,,Chrome
163354,0,bigvul_only,,Chrome
113036,0,bigvul_only,,Chrome
88505,0,both_agree,,ImageMagick6
42930,0,both_agree,,linux
160803,0,bigvul_only,,Chrome
28683,0,diversevul_only,,linux
63830,0,bigvul_only,,sthttpd
142812,0,primevul_corrected,,Chrome
10564,0,bigvul_only,,savannah
13173,0,both_agree,,ghostscript
5681,0,both_agree,,qemu
100749,0,bigvul_only,,Chrome
101598,,unmatched,,
15249,0,bigvul_only,,php
170576,0,bigvul_only,,Android
98472,0,bigvul_only,,Chrome
174060,0,bigvul_only,,Android
54647,0,both_agree,,linux
184855,,unmatched,,
158065,0,bigvul_only,,Chrome
26166,0,both_agree,,linux
42685,0,diversevul_only,,linux
751,0,bigvul_only,,poppler
103019,0,bigvul_only,,Chrome
113403,0,bigvul_only,,Chrome
170397,0,bigvul_only,,Android
177025,0,bigvul_only,,Android
107881,0,bigvul_only,,Chrome
22276,0,both_agree,,linux
108943,0,bigvul_only,,Chrome
88086,0,both_agree,,linux
39913,0,both_agree,,linux
78051,0,bigvul_only,,Little-CMS
153944,0,bigvul_only,,Chrome
28875,0,both_agree,,linux
132732,0,bigvul_only,,Chrome
139566,0,bigvul_only,,Chrome
77011,0,both_agree,,ovs
62788,0,both_agree,,ImageMagick
152988,0,bigvul_only,,Chrome
92692,0,both_agree,,linux
143925,0,bigvul_only,,Chrome
122305,0,bigvul_only,,Chrome
25694,,unmatched,,
139886,0,bigvul_only,,Chrome
158551,0,bigvul_only,,Chrome
123235,0,bigvul_only,,Chrome
184296,1,bigvul_only,CWE-119,Chrome
116216,0,bigvul_only,,Chrome
84522,0,both_agree,,w3m
123761,0,bigvul_only,,Chrome
185814,1,bigvul_only,CWE-119,Chrome
68436,0,both_agree,,linux
98346,0,bigvul_only,,Chrome
47635,0,bigvul_only,,linux
77399,0,bigvul_only,,ovs
81072,0,both_agree,,linux
69044,0,diversevul_only,,ImageMagick
9047,0,both_agree,,qemu
108562,0,bigvul_only,,Chrome
94696,0,both_agree,,openssl
3257,0,both_agree,,ghostscript
87331,0,diversevul_only,,FFmpeg
28735,0,bigvul_only,,linux
92400,0,bigvul_only,,systemd
138665,0,bigvul_only,,Chrome
47290,0,both_agree,,linux
45564,0,bigvul_only,,linux
50765,0,diversevul_only,,collectd
177084,0,bigvul_only,,Android
59809,0,both_agree,,linux
164010,0,bigvul_only,,Chrome
12695,0,bigvul_only,,openssl
119847,0,bigvul_only,,Chrome
131069,0,bigvul_only,,Chrome
157152,0,bigvul_only,,Chrome
19891,0,bigvul_only,,linux
40057,0,both_agree,,linux
56690,0,both_agree,,linux
152557,0,bigvul_only,,Chrome
50290,0,bigvul_only,,MAC-Telnet
170384,0,bigvul_only,,Android
102919,0,bigvul_only,,Chrome
78328,0,both_agree,,OpenSC
103562,0,bigvul_only,,Chrome
22929,0,both_agree,,linux
115409,0,bigvul_only,,Chrome
42501,0,both_agree,,linux
93729,0,both_agree,,cJSON
9097,0,primevul_corrected,CWE-476,virglrenderer
157026,0,bigvul_only,,Chrome
36079,0,both_agree,,linux
87739,0,both_agree,,linux
128905,0,bigvul_only,,Chrome
67856,0,both_agree,,suricata
79056,0,both_agree,,linux
79007,0,both_agree,,libxkbcommon
117305,0,diversevul_only,,libxml2
156696,0,bigvul_only,,Chrome
111798,0,bigvul_only,,Chrome
9414,0,both_agree,,openssl
4739,0,bigvul_only,,accountsservice
42869,0,both_agree,,libreport
91914,0,both_agree,,linux
184199,,unmatched,,
126138,0,bigvul_only,,Chrome
68079,0,both_agree,,radare2
22659,0,both_agree,,linux
158951,0,bigvul_only,,Chrome
121098,0,bigvul_only,,Chrome
151380,0,bigvul_only,,Chrome
90842,0,both_agree,,gpac
17478,0,bigvul_only,,xserver
160007,0,bigvul_only,,Chrome
133760,0,bigvul_only,,Chrome
63263,0,bigvul_only,,wildmidi
77376,0,bigvul_only,,ovs
13303,0,both_agree,,ghostscript
131185,0,bigvul_only,,Chrome
25332,0,both_agree,,linux
21130,0,diversevul_only,,linux-2.6
87736,0,both_agree,,linux
24494,0,both_agree,,linux
122413,0,bigvul_only,,Chrome
161322,0,bigvul_only,,Chrome
13279,0,diversevul_only,,ghostpdl
166789,0,bigvul_only,,Chrome
16759,0,diversevul_only,,qemu
106830,0,bigvul_only,,Chrome
25465,0,bigvul_only,,linux
176100,0,bigvul_only,,Android
128956,,unmatched,,
109867,0,bigvul_only,,Chrome
13525,0,bigvul_only,,harfbuzz
134566,0,bigvul_only,,Chrome
179853,1,both_agree,CWE-22,libarchive
160194,0,bigvul_only,,Chrome
126243,0,bigvul_only,,Chrome
149863,0,bigvul_only,,Chrome
142225,0,bigvul_only,,Chrome
53374,0,both_agree,,iperf
21794,0,both_agree,,linux
88923,0,diversevul_only,,ImageMagick6
57163,0,bigvul_only,,linux
138367,0,bigvul_only,,Chrome
16248,0,bigvul_only,,htcondor
187034,1,bigvul_only,,Chrome
183603,,unmatched,,
148559,,unmatched,,
4584,0,bigvul_only,,php
178828,1,both_agree,CWE-189,linux
174220,0,bigvul_only,,Android
95512,0,bigvul_only,,OpenJK
96382,conflict,both_disagree,,abrt
49412,0,both_agree,,linux
46931,0,bigvul_only,,linux
10585,0,bigvul_only,,savannah
156372,0,primevul_corrected,CWE-20,Chrome
56071,0,both_agree,,linux
67533,0,both_agree,,linux
97983,0,bigvul_only,,Chrome
165834,0,primevul_corrected,CWE-704,Chrome
38468,0,both_agree,,linux
150368,0,bigvul_only,,Chrome
140594,0,bigvul_only,,Chrome
11144,0,both_agree,,php
185934,,unmatched,,
181163,1,both_agree,CWE-362,linux
174566,0,bigvul_only,,Android
13869,0,bigvul_only,,ghostscript
170623,0,bigvul_only,,Android
93333,0,both_agree,,linux
96923,0,bigvul_only,,linux
53832,0,primevul_corrected,CWE-264,mjg59_linux
36049,0,both_agree,,linux
133567,0,bigvul_only,,Chrome
112225,0,bigvul_only,,Chrome
43608,0,both_agree,,httpd
57928,0,both_agree,,linux
31175,0,diversevul_only,,linux
127978,,unmatched,,
152550,,unmatched,,
181474,1,diversevul_only,,suricata
26691,0,bigvul_only,,linux
88575,0,both_agree,,ImageMagick6
70171,0,bigvul_only,,libtiff
52912,0,both_agree,,linux
188540,1,bigvul_only,CWE-119,Android
55985,0,both_agree,,linux
131071,0,bigvul_only,,Chrome
140256,0,bigvul_only,,Chrome
159007,0,bigvul_only,,Chrome
182792,1,diversevul_only,CWE-190,ImageMagick
7918,0,both_agree,,ghostscript
24554,0,diversevul_only,,linux
104376,0,bigvul_only,,Chrome
93445,0,primevul_corrected,CWE-476,linux
166493,0,bigvul_only,,Chrome
14391,0,bigvul_only,,mindrot
64145,0,bigvul_only,,radare2
108456,0,bigvul_only,,Chrome
86454,0,both_agree,,linux
58786,0,both_agree,,linux
181224,,unmatched,,
62746,0,both_agree,,ImageMagick
82900,0,both_agree,,radare2
130438,0,bigvul_only,,Chrome
170486,0,bigvul_only,,Android
29800,0,both_agree,,linux
119717,0,bigvul_only,,Chrome
134953,0,bigvul_only,,Chrome
107608,0,bigvul_only,,Chrome
89077,0,both_agree,,linux
28191,0,both_agree,,FFmpeg
147104,0,bigvul_only,,Chrome
57959,0,both_agree,,linux
60058,0,both_agree,,radare2
112968,0,bigvul_only,,Chrome
88062,0,both_agree,,linux
23576,0,both_agree,,linux
183371,1,diversevul_only,CWE-119,ImageMagick6
19129,0,both_agree,,linux
39119,0,diversevul_only,,linux
92343,0,both_agree,,libexpat
98715,0,bigvul_only,,Chrome
1855,0,bigvul_only,,spice
110430,0,bigvul_only,,Chrome
84319,0,bigvul_only,,uncurl
181545,conflict,internal_conflict,CWE-269,firejail
129592,0,bigvul_only,,Chrome
81413,0,both_agree,,linux
183362,1,both_agree,CWE-416,ImageMagick6
45121,0,both_agree,,httpd
44194,0,both_agree,,openssl
85487,0,both_agree,,linux
172403,0,bigvul_only,,Android
153852,0,bigvul_only,,Chrome
185635,1,bigvul_only,CWE-119,Chrome
55397,0,both_agree,,linux
159724,0,bigvul_only,,Chrome
79349,0,bigvul_only,,FFmpeg
36287,0,both_agree,,linux
157554,0,bigvul_only,,Chrome
54267,0,both_agree,,linux
181777,1,bigvul_only,CWE-119,ImageMagick
2020,0,both_agree,,php
8132,0,both_agree,,poppler
174027,0,diversevul_only,CWE-119,Android
103076,0,bigvul_only,,Chrome
122550,0,bigvul_only,,Chrome
148918,0,bigvul_only,,Chrome
178424,,unmatched,,
185039,1,bigvul_only,CWE-399,Chrome
136349,0,bigvul_only,,Chrome
45229,0,both_agree,,libsndfile
63907,0,diversevul_only,,linux
30905,0,both_agree,,linux
112403,0,bigvul_only,,Chrome
182538,1,bigvul_only,CWE-119,thor
113101,,unmatched,,
109141,0,bigvul_only,,Chrome
60653,0,both_agree,,linux
118119,,unmatched,,
90750,0,bigvul_only,,FFmpeg
188413,0,diversevul_only,CWE-119,Android
150168,0,bigvul_only,,Chrome
11653,0,bigvul_only,,udisks
58653,0,both_agree,,FreeRDP
63750,0,both_agree,,linux
94081,0,both_agree,,linux
92779,0,both_agree,,linux
10338,0,bigvul_only,,savannah
110827,0,bigvul_only,,Chrome
408,0,bigvul_only,,ghostscript
165962,0,bigvul_only,,Chrome
162053,0,bigvul_only,,Chrome
85047,0,both_agree,,curl
169683,0,bigvul_only,,Chrome
187795,,unmatched,,
90233,0,both_agree,,linux
111235,0,bigvul_only,,Chrome
133352,0,bigvul_only,,Chrome
83830,0,diversevul_only,,linux
76322,0,both_agree,,linux
175278,0,bigvul_only,,Android
116060,,unmatched,,
70150,0,primevul_corrected,,libtiff
49472,0,both_agree,,linux
157838,0,bigvul_only,,Chrome
117800,,unmatched,,
99759,,unmatched,,
154564,,unmatched,,
68737,0,both_agree,,linux
90955,0,both_agree,,libmysofa
75893,0,both_agree,,keepalived
81723,0,both_agree,,FFmpeg
179718,1,both_agree,,corosync
55929,0,both_agree,,linux
151856,0,bigvul_only,,Chrome
183820,1,bigvul_only,CWE-20,Chrome
15804,0,bigvul_only,,openssl
162098,0,bigvul_only,,Chrome
133925,0,bigvul_only,,Chrome
102784,0,bigvul_only,,Chrome
52625,0,both_agree,,linux
158990,0,bigvul_only,,Chrome
157025,0,bigvul_only,,Chrome
142044,0,bigvul_only,,Chrome
65400,,unmatched,,
97768,0,bigvul_only,,Chrome
151187,0,bigvul_only,,Chrome
129393,0,bigvul_only,,Chrome
45631,0,bigvul_only,,linux
150995,0,bigvul_only,,Chrome
165819,0,bigvul_only,,Chrome
27324,0,both_agree,,linux
47447,0,bigvul_only,,linux
33824,0,both_agree,,linux
53448,0,both_agree,,iperf
19272,0,both_agree,,linux
182500,1,diversevul_only,,leptonica
78272,0,both_agree,,OpenSC
160451,,unmatched,,
61782,0,diversevul_only,,FFmpeg
154260,,unmatched,,
16684,0,both_agree,,qemu
150525,,unmatched,,
107481,0,bigvul_only,,Chrome
45719,0,bigvul_only,,linux
4500,0,bigvul_only,,php
107951,0,bigvul_only,,Chrome
55326,0,both_agree,,linux
173326,0,bigvul_only,,Android
162829,0,bigvul_only,,Chrome
47037,0,bigvul_only,,linux
115361,0,bigvul_only,,Chrome
84328,0,bigvul_only,,uncurl
149377,0,bigvul_only,,Chrome
29913,0,both_agree,,linux
82577,0,both_agree,,Espruino
159825,0,bigvul_only,,Chrome
101796,0,bigvul_only,,Chrome
41435,0,both_agree,,linux
48683,0,bigvul_only,,httpd
137098,0,bigvul_only,,Chrome
174524,0,bigvul_only,,Android
18115,0,bigvul_only,,pango
64743,0,bigvul_only,,systemd
50168,0,bigvul_only,,php-src
84238,0,both_agree,,leptonica
33554,0,both_agree,,linux
118236,0,bigvul_only,,Chrome
154908,0,bigvul_only,,Chrome
176284,0,primevul_corrected,CWE-704,Android
46520,0,both_agree,,openssl
73343,0,diversevul_only,,libass
282,0,both_agree,,savannah
168352,0,bigvul_only,,Chrome
179803,1,both_agree,CWE-362,linux
123071,0,bigvul_only,,Chrome
39632,0,both_agree,,linux
178780,1,diversevul_only,,linux
91777,0,both_agree,,libcomps
179262,1,diversevul_only,,linux
175409,0,bigvul_only,,Android
182290,1,diversevul_only,CWE-369,FFmpeg
153996,0,bigvul_only,,Chrome
80929,0,both_agree,,linux
93610,0,both_agree,,linux
101031,0,bigvul_only,,Chrome
119587,0,primevul_corrected,CWE-399,Chrome
126034,0,bigvul_only,,Chrome
142902,0,bigvul_only,,Chrome
717,0,both_agree,,haproxy
73751,0,bigvul_only,,illumos-gate
87960,0,both_agree,,linux
111562,0,bigvul_only,,Chrome
178100,conflict,internal_conflict,CWE-787,qemu
87939,0,both_agree,,linux
143397,0,bigvul_only,,Chrome
144364,,unmatched,,
105181,0,bigvul_only,,Chrome
139507,0,bigvul_only,,Chrome
108584,0,bigvul_only,,Chrome
148726,0,bigvul_only,,Chrome
82478,0,bigvul_only,,Espruino
144829,0,bigvul_only,,Chrome
137084,,unmatched,,
6978,0,bigvul_only,,savannah
93147,0,diversevul_only,,tcpdump
57466,0,both_agree,,linux
168955,,unmatched,,
177239,0,bigvul_only,,Android
21416,0,both_agree,,linux
164107,0,bigvul_only,,Chrome
169555,0,bigvul_only,,Chrome
105020,0,bigvul_only,,Chrome
27308,0,both_agree,,linux
126962,0,bigvul_only,,Chrome
46627,0,bigvul_only,,linux
170797,0,bigvul_only,,Android
121763,0,bigvul_only,,Chrome
112097,0,bigvul_only,,Chrome
60889,0,both_agree,,nautilus
152778,0,bigvul_only,,Chrome
60868,0,both_agree,,nautilus
66702,0,both_agree,,linux
112303,,unmatched,,
118582,0,bigvul_only,,Chrome
129021,0,bigvul_only,,Chrome
149262,0,bigvul_only,,Chrome
153956,0,bigvul_only,,Chrome
40544,0,both_agree,,linux
6867,0,bigvul_only,,haproxy
12084,0,both_agree,,openssl
48705,0,bigvul_only,,httpd
83412,0,both_agree,,openvpn
33781,0,both_agree,,linux
92713,conflict,both_disagree,,linux
24684,0,both_agree,,linux
93663,0,both_agree,,linux
16673,0,bigvul_only,,htcondor
22970,0,both_agree,,linux
130495,0,bigvul_only,,Chrome
60665,0,both_agree,,linux
133720,0,primevul_corrected,,Chrome
179542,1,both_agree,CWE-119,linux
44149,0,both_agree,,linux
144824,0,bigvul_only,,Chrome
115142,0,bigvul_only,,Chrome
59069,0,both_agree,,tcmu-runner
82205,0,diversevul_only,,mruby
85153,0,both_agree,,linux
109731,0,bigvul_only,,Chrome
182416,1,diversevul_only,CWE-125,libgit2
163844,0,bigvul_only,,Chrome
170493,0,primevul_corrected,CWE-264,Android
154800,0,bigvul_only,,Chrome
58662,0,both_agree,,FreeRDP
50560,conflict,both_disagree,,ImageMagick
4723,0,bigvul_only,,accountsservice
32238,0,both_agree,,linux
107547,0,bigvul_only,,Chrome
111322,0,bigvul_only,,Chrome
77074,0,both_agree,,ovs
37604,0,bigvul_only,,linux
88396,0,bigvul_only,,faad2
155347,,unmatched,,
9185,0,primevul_corrected,CWE-20,qemu
19681,0,both_agree,,linux
61227,0,bigvul_only,,ImageMagick
46594,0,both_agree,,nbd
143110,0,bigvul_only,,Chrome
52938,0,both_agree,,linux
41081,0,diversevul_only,,linux
148152,0,bigvul_only,,Chrome
187060,1,bigvul_only,CWE-416,Chrome
115258,0,bigvul_only,,Chrome
153772,0,bigvul_only,,Chrome
117172,0,bigvul_only,,Chrome
116769,0,bigvul_only,,Chrome
92422,0,bigvul_only,,systemd
20851,0,both_agree,,linux
154614,0,bigvul_only,,Chrome
95177,0,bigvul_only,,cyrus-imapd
152070,,unmatched,,
6536,,unmatched,,
131402,0,bigvul_only,,Chrome
169032,0,bigvul_only,,Chrome
155880,0,bigvul_only,,Chrome
176737,0,bigvul_only,,Android
93794,0,both_agree,,libvirt
23189,0,both_agree,,linux
139229,0,bigvul_only,,Chrome
7255,0,primevul_corrected,CWE-119,php
140677,0,bigvul_only,,Chrome
118816,0,bigvul_only,,Chrome
115808,0,bigvul_only,,Chrome
113822,0,bigvul_only,,Chrome
107093,0,bigvul_only,,Chrome
68240,0,bigvul_only,,tnef
114715,0,bigvul_only,,Chrome
5779,0,both_agree,,qemu
33173,0,both_agree,,linux
157878,0,bigvul_only,,Chrome
164272,0,bigvul_only,,Chrome
84401,0,both_agree,,flatpak
80329,0,both_agree,,gpac
127479,0,primevul_corrected,CWE-399,Chrome
103067,0,bigvul_only,,Chrome
31259,0,both_agree,,linux
164783,,unmatched,,
15316,0,both_agree,,php
122638,0,bigvul_only,,Chrome
93543,0,both_agree,,linux
173606,0,bigvul_only,,Android
9349,0,both_agree,,openssl
40009,0,both_agree,,linux
136814,0,bigvul_only,,Chrome
93846,0,both_agree,,libvirt
92465,0,both_agree,,linux
33013,0,both_agree,,linux
14198,0,bigvul_only,,php
83462,0,primevul_corrected,CWE-295,openbsd
187271,1,bigvul_only,CWE-20,Chrome
67828,0,both_agree,,suricata
148936,,unmatched,,
174549,0,bigvul_only,,Android
36823,0,both_agree,,linux
170306,0,bigvul_only,,Chrome
143582,,unmatched,,
60891,0,both_agree,,nautilus
59902,0,both_agree,,linux
107574,0,bigvul_only,,Chrome
41337,0,both_agree,,linux
135275,0,bigvul_only,,Chrome
98521,0,bigvul_only,,Chrome
154666,0,bigvul_only,,Chrome
117333,conflict,both_disagree,,Chrome
148506,0,bigvul_only,,Chrome
132595,0,bigvul_only,,Chrome
154320,0,bigvul_only,,Chrome
104001,0,bigvul_only,,Chrome
7080,,unmatched,,
52276,0,both_agree,,linux
55855,0,both_agree,,linux
69131,0,diversevul_only,,php-src
142970,0,bigvul_only,,Chrome
143182,0,bigvul_only,,Chrome
130739,0,bigvul_only,,Chrome
146799,0,bigvul_only,,Chrome
155599,0,bigvul_only,,Chrome
4840,0,bigvul_only,,xserver
53906,0,both_agree,,libndp
118779,0,bigvul_only,,Chrome
134789,0,bigvul_only,,Chrome
178988,1,bigvul_only,CWE-399,linux
176762,0,bigvul_only,,Android
177094,0,bigvul_only,,Android
104006,0,bigvul_only,,Chrome
84036,0,both_agree,,gpac
114368,0,bigvul_only,,Chrome
90817,0,both_agree,,gpac
83183,0,diversevul_only,,mruby
128472,0,bigvul_only,,Chrome
168676,0,bigvul_only,,Chrome
98465,0,bigvul_only,,Chrome
13623,0,diversevul_only,,openssl
172766,,unmatched,,
15246,,unmatched,,
64537,0,bigvul_only,,ImageMagick
144478,,unmatched,,
923,0,bigvul_only,,poppler
48980,0,diversevul_only,,linux
40856,0,both_agree,,mapserver
4819,0,bigvul_only,,xserver
52901,0,both_agree,,linux
149057,0,bigvul_only,,Chrome
176895,0,bigvul_only,,Android
1531,0,diversevul_only,,ghostpdl
152343,0,bigvul_only,,Chrome
149937,0,bigvul_only,,Chrome
45716,0,bigvul_only,,linux
49500,0,both_agree,,linux
187577,1,bigvul_only,CWE-20,Android
21746,0,both_agree,,linux
45100,0,both_agree,,httpd
182412,1,diversevul_only,CWE-119,redis
75928,0,both_agree,,keepalived
113399,0,bigvul_only,,Chrome
132516,0,bigvul_only,,Chrome
96496,0,both_agree,,suricata
3125,0,diversevul_only,,ghostpdl
42977,0,both_agree,,linux
104430,0,bigvul_only,,Chrome
38314,0,both_agree,,linux
51594,0,both_agree,,linux
149456,0,bigvul_only,,Chrome
98783,,unmatched,,
45841,0,bigvul_only,,linux
36777,1,both_agree,CWE-18,krb5
73659,0,bigvul_only,,ImageMagick
155036,0,bigvul_only,,Chrome
10125,0,bigvul_only,,savannah
136343,0,bigvul_only,,Chrome
40868,0,both_agree,,jansson
51903,0,both_agree,,wireshark
130419,0,bigvul_only,,Chrome
106009,0,bigvul_only,,Chrome
157793,0,bigvul_only,,Chrome
184569,1,bigvul_only,,Chrome
72116,0,both_agree,,slurm
120993,0,bigvul_only,,Chrome
87762,0,bigvul_only,,mbedtls
652,0,both_agree,,samba
136507,,unmatched,,
186875,1,bigvul_only,CWE-20,Chrome
94989,0,both_agree,,linux
47309,0,bigvul_only,,linux
158579,0,bigvul_only,,Chrome
145324,0,bigvul_only,,Chrome
138072,0,bigvul_only,,Chrome
154012,0,bigvul_only,,Chrome
125162,,unmatched,,
137485,0,bigvul_only,,Chrome
151011,0,bigvul_only,,Chrome
87236,0,bigvul_only,,sleuthkit
105077,,unmatched,,
143021,0,primevul_corrected,,Chrome
112760,,unmatched,,
76920,0,both_agree,,ovs
29571,0,both_agree,,linux
176901,,unmatched,,
79450,0,both_agree,,FFmpeg
143213,0,bigvul_only,,Chrome
146952,0,bigvul_only,,Chrome
128578,0,bigvul_only,,Chrome
90201,0,both_agree,,linux
91270,0,both_agree,,linux
158548,0,bigvul_only,,Chrome
185907,,unmatched,,
135240,0,bigvul_only,,Chrome
123399,0,bigvul_only,,Chrome
183369,1,both_agree,CWE-399,ImageMagick6
20327,0,diversevul_only,,kvm
2806,0,both_agree,,ghostscript
95590,0,bigvul_only,,OpenJK
74297,0,bigvul_only,,squashfs-tools
87086,0,diversevul_only,,cJSON
153633,,unmatched,,
16122,0,bigvul_only,,htcondor
69817,0,primevul_corrected,CWE-200,tor
34999,0,both_agree,,linux
150759,0,bigvul_only,,Chrome
115913,0,bigvul_only,,Chrome
74552,0,both_agree,,linux
16338,0,bigvul_only,,htcondor
52372,0,both_agree,,linux
102781,0,bigvul_only,,Chrome
116853,0,bigvul_only,,Chrome
139045,0,bigvul_only,,Chrome
82240,0,both_agree,,linux
113151,0,bigvul_only,,Chrome
53785,0,bigvul_only,,linux
142924,0,bigvul_only,,Chrome
61062,0,both_agree,,nautilus
99510,0,bigvul_only,,Chrome
185778,,unmatched,,
64631,0,both_agree,,linux
72793,0,both_agree,,jasper
170228,0,bigvul_only,,Chrome
163806,0,bigvul_only,,Chrome
141702,0,bigvul_only,,Chrome
518,0,bigvul_only,,ghostscript
50276,0,both_agree,,linux
69128,0,diversevul_only,,php-src
20371,0,both_agree,,linux
9707,0,bigvul_only,,savannah
123458,0,bigvul_only,,Chrome
109429,,unmatched,,
187918,1,bigvul_only,CWE-20,Android
81834,0,both_agree,,wolfssl
149837,,unmatched,,
115824,0,bigvul_only,,Chrome
103252,0,bigvul_only,,Chrome
10769,0,both_agree,,openssl
34505,0,both_agree,,linux
166980,0,bigvul_only,,Chrome
87644,0,both_agree,,openmpt
99975,0,bigvul_only,,Chrome
61139,0,both_agree,,nautilus
25088,0,both_agree,,linux
77090,0,both_agree,,ovs
168321,0,bigvul_only,,Chrome
45929,0,bigvul_only,,linux
144500,0,bigvul_only,,Chrome
182771,1,diversevul_only,CWE-125,ImageMagick
33433,0,bigvul_only,,linux
16484,0,bigvul_only,,htcondor
183206,1,both_agree,CWE-125,tcpdump
131607,,unmatched,,
57820,1,diversevul_only,CWE-400,linux
35328,0,bigvul_only,,linux
107314,0,bigvul_only,,Chrome
5221,0,bigvul_only,,php
107596,0,bigvul_only,,Chrome
75976,0,both_agree,,keepalived
135323,0,bigvul_only,,Chrome
49073,0,both_agree,,linux
42974,0,both_agree,,linux
149480,,unmatched,,
9949,0,bigvul_only,,kde
58567,0,both_agree,,FreeRDP
17984,0,bigvul_only,,mindrot
10742,0,bigvul_only,,qemu
114804,0,bigvul_only,,Chrome
147393,0,bigvul_only,,Chrome
49226,0,both_agree,,linux
107428,0,bigvul_only,,Chrome
163211,0,bigvul_only,,Chrome
111206,0,bigvul_only,,Chrome
49044,0,bigvul_only,,linux
35919,0,both_agree,,linux
117154,,unmatched,,
65106,0,bigvul_only,,ImageMagick
114731,0,bigvul_only,,Chrome
154622,0,bigvul_only,,Chrome
177812,1,bigvul_only,CWE-354,samba
71758,0,primevul_corrected,CWE-119,ImageMagick
17615,0,bigvul_only,,xserver
122345,0,primevul_corrected,CWE-119,Chrome
187880,,unmatched,,
128912,0,bigvul_only,,Chrome
106145,0,bigvul_only,,Chrome
92816,0,bigvul_only,,gpac
2353,0,both_agree,,samba
128143,0,bigvul_only,,Chrome
69228,0,both_agree,,bubblewrap
81737,0,diversevul_only,,FFmpeg
46854,0,bigvul_only,,linux
132184,,unmatched,,
148263,0,bigvul_only,,Chrome
12943,0,bigvul_only,,mindrot
103622,0,bigvul_only,,Chrome
187625,1,bigvul_only,,Android
28903,0,bigvul_only,,linux
140361,0,bigvul_only,,Chrome
49858,0,bigvul_only,,php
71599,0,bigvul_only,,ImageMagick
61253,0,both_agree,,cyrus-imapd
139071,,unmatched,,
60014,0,both_agree,,linux
36887,0,both_agree,,linux
40571,0,both_agree,,linux
70921,0,both_agree,,libgd
39969,0,both_agree,,linux
53935,0,diversevul_only,,libndp
48914,0,bigvul_only,,linux
137180,0,bigvul_only,,Chrome
166569,0,bigvul_only,,Chrome
175245,0,bigvul_only,,Android
145285,0,bigvul_only,,Chrome
55530,0,both_agree,,linux
156642,0,bigvul_only,,Chrome
77628,0,both_agree,,ovs
115559,0,bigvul_only,,Chrome
145616,0,bigvul_only,,Chrome
187096,conflict,internal_conflict,CWE-254,Chrome
50881,0,both_agree,,libarchive
63396,0,both_agree,,FFmpeg
43781,0,both_agree,,krb5
29453,0,both_agree,,linux
17216,0,bigvul_only,,launchpad
166718,0,bigvul_only,,Chrome
187473,1,bigvul_only,CWE-284,Android
41380,0,both_agree,,linux
41165,0,both_agree,,linux
178401,1,both_agree,CWE-119,ghostscript
163986,0,bigvul_only,,Chrome
74387,0,both_agree,,kvm-guest-drivers-windows
6295,0,bigvul_only,,php
8098,0,both_agree,,poppler
81588,0,both_agree,,linux
55160,0,both_agree,,git
11363,0,bigvul_only,,xserver
77942,0,both_agree,,ImageMagick6
77650,0,both_agree,,ovs
25876,0,bigvul_only,,linux
63180,0,both_agree,,FFmpeg
93656,0,both_agree,,linux
175489,0,bigvul_only,,Android
46256,0,bigvul_only,,linux
58376,0,both_agree,,linux
96378,0,both_agree,,kvm-guest-drivers-windows
170294,0,bigvul_only,,Chrome
26879,0,both_agree,,linux
16583,,unmatched,,
66337,0,diversevul_only,,qemu
139617,0,bigvul_only,,Chrome
91911,0,diversevul_only,,openjpeg
2920,0,both_agree,,ghostscript
100762,0,diversevul_only,,libxml2
141319,0,bigvul_only,,Chrome
104264,0,bigvul_only,,Chrome
164323,0,bigvul_only,,Chrome
157725,,unmatched,,
84426,0,both_agree,,flatpak
15382,0,diversevul_only,,openssl
101842,,unmatched,,
93570,0,both_agree,,linux
36315,0,both_agree,,linux
111493,0,bigvul_only,,Chrome
57788,0,both_agree,,linux
124416,0,bigvul_only,,Chrome
138564,0,bigvul_only,,Chrome
182977,1,both_agree,CWE-119,rdesktop
22865,0,both_agree,,linux
19871,0,both_agree,,linux
132533,0,bigvul_only,,Chrome
6182,0,both_agree,,openssl
106804,0,bigvul_only,,Chrome
149656,0,primevul_corrected,,Chrome
54415,0,both_agree,,php-src
155527,0,bigvul_only,,Chrome
149359,,unmatched,,
38072,0,both_agree,,linux
162642,,unmatched,,
21013,0,both_agree,,linux
17425,0,bigvul_only,,xserver
89537,0,both_agree,,libming
181205,1,bigvul_only,CWE-20,ImageMagick
113584,0,bigvul_only,,Chrome
174522,0,primevul_corrected,CWE-119,Android
163359,0,bigvul_only,,Chrome
45931,0,bigvul_only,,linux
178620,1,bigvul_only,CWE-20,xserver
92835,0,bigvul_only,,gpac
158863,0,bigvul_only,,Chrome
168515,0,bigvul_only,,Chrome
123542,0,primevul_corrected,,Chrome
122980,0,bigvul_only,,Chrome
10441,0,bigvul_only,,qemu
167075,0,bigvul_only,,Chrome
141148,0,bigvul_only,,Chrome
175095,0,bigvul_only,,Android
124972,0,bigvul_only,,Chrome
62245,conflict,both_disagree,,tcpdump
25275,0,bigvul_only,,linux
183419,1,both_agree,CWE-476,linux
184497,1,bigvul_only,,Chrome
150726,0,bigvul_only,,Chrome
130412,0,bigvul_only,,Chrome
107042,0,bigvul_only,,Chrome
133351,0,bigvul_only,,Chrome
37578,0,bigvul_only,,linux
79416,0,both_agree,,FFmpeg
25939,0,bigvul_only,,linux
43330,0,both_agree,,rawstudio
122263,0,bigvul_only,,Chrome
156716,0,bigvul_only,,Chrome
41499,0,diversevul_only,,net
106926,0,bigvul_only,,Chrome
123563,0,bigvul_only,,Chrome
92810,0,bigvul_only,,gpac
72801,0,both_agree,,jasper
78853,0,both_agree,,OpenSC
174732,0,bigvul_only,,Android
100392,0,bigvul_only,,Chrome
144670,,unmatched,,
71857,1,diversevul_only,CWE-119,ImageMagick
40744,0,both_agree,,linux
95558,0,bigvul_only,,OpenJK
26505,0,bigvul_only,,linux
103865,,unmatched,,
153057,0,bigvul_only,,Chrome
106792,0,bigvul_only,,Chrome
52202,0,both_agree,,php-src
69935,0,both_agree,,redis
146878,0,bigvul_only,,Chrome
89061,0,both_agree,,linux
2815,0,both_agree,,ghostscript
186239,1,bigvul_only,CWE-362,Chrome
83236,0,both_agree,,linux
112209,0,bigvul_only,,Chrome
48828,0,both_agree,,linux
183634,1,both_agree,,Chrome
60260,0,diversevul_only,,linux
50480,0,both_agree,,linux
89964,0,both_agree,,heimdal
22975,0,both_agree,,linux
105690,0,primevul_corrected,CWE-399,Chrome
148497,0,bigvul_only,,Chrome
118065,0,primevul_corrected,CWE-287,Chrome
77202,0,bigvul_only,,ovs
97616,0,bigvul_only,,Chrome
159193,0,bigvul_only,,Chrome
120393,0,bigvul_only,,Chrome
110628,0,bigvul_only,,Chrome
164185,,unmatched,,
124544,0,bigvul_only,,Chrome
118208,,unmatched,,
129374,0,bigvul_only,,Chrome
113106,0,bigvul_only,,Chrome
172773,0,bigvul_only,,Android
170899,0,bigvul_only,,Android
147442,,unmatched,,
62519,0,both_agree,,tcpdump
911,0,both_agree,,poppler
176341,0,bigvul_only,,Android
139087,0,bigvul_only,,Chrome
46545,0,both_agree,,linux
153766,0,bigvul_only,,Chrome
51445,0,both_agree,,php-src
144725,0,bigvul_only,,Chrome
66217,0,both_agree,,libetpan
47554,0,bigvul_only,,linux
182180,1,both_agree,,linux
188371,0,diversevul_only,CWE-119,Android
116211,0,bigvul_only,,Chrome
169244,0,primevul_corrected,CWE-20,Chrome
152319,0,bigvul_only,,Chrome
145312,,unmatched,,
9457,0,both_agree,,openssl
148647,0,bigvul_only,,Chrome
166160,0,bigvul_only,,Chrome
34950,0,both_agree,,linux
130086,0,bigvul_only,,Chrome
44277,0,both_agree,,linux
135217,0,bigvul_only,,Chrome
134823,0,bigvul_only,,Chrome
182435,1,both_agree,,linux
121371,0,bigvul_only,,Chrome
40657,0,both_agree,,linux
135754,0,bigvul_only,,Chrome
176421,,unmatched,,
35425,0,both_agree,,linux
130143,0,bigvul_only,,Chrome
66441,0,both_agree,,linux
177027,0,bigvul_only,,Android
39303,0,both_agree,,linux
168343,0,bigvul_only,,Chrome
60590,0,both_agree,,linux
171443,0,bigvul_only,,Android
65864,0,both_agree,,linux
182074,0,bigvul_only,,ImageMagick
89791,0,both_agree,,pam-u2f
102545,0,bigvul_only,,Chrome
42203,0,both_agree,,linux
40193,0,both_agree,,linux
78641,0,both_agree,,OpenSC
77993,0,both_agree,,ImageMagick
5175,0,bigvul_only,,php
164005,0,bigvul_only,,Chrome
122059,0,bigvul_only,,Chrome
36045,0,both_agree,,linux
150519,0,bigvul_only,,Chrome
144286,0,bigvul_only,,Chrome
186788,1,bigvul_only,CWE-362,Chrome
51378,0,both_agree,,php-src
158090,,unmatched,,
130034,0,bigvul_only,,Chrome
7791,0,both_agree,,haproxy
115046,0,bigvul_only,,Chrome
129888,0,bigvul_only,,Chrome
34132,0,both_agree,,linux
71430,0,both_agree,,ImageMagick
165711,0,bigvul_only,,Chrome
57606,0,both_agree,,linux
45902,0,bigvul_only,,linux
117048,,unmatched,,
85640,0,diversevul_only,,linux
168337,0,bigvul_only,,Chrome
148541,0,bigvul_only,,Chrome
95802,0,bigvul_only,,OpenJK
181793,1,bigvul_only,CWE-119,ImageMagick
181311,1,bigvul_only,CWE-404,linux
174217,0,bigvul_only,,Android
95131,0,bigvul_only,,cyrus-imapd
137149,0,bigvul_only,,Chrome
136538,0,bigvul_only,,Chrome
137272,0,bigvul_only,,Chrome
26257,0,bigvul_only,,linux
48031,0,both_agree,,linux
169912,0,both_agree,,Chrome
68467,0,both_agree,,linux
106812,0,bigvul_only,,Chrome
20941,0,both_agree,,file
136568,0,bigvul_only,,Chrome
108580,0,bigvul_only,,Chrome
49673,0,both_agree,,linux
26831,0,both_agree,,linux
103753,0,bigvul_only,,Chrome
60021,0,both_agree,,linux
137873,,unmatched,,
138525,0,bigvul_only,,Chrome
80656,0,both_agree,,gpac
50400,0,both_agree,,linux
142807,0,bigvul_only,,Chrome
124346,0,bigvul_only,,Chrome
39589,0,both_agree,,linux
166045,0,bigvul_only,,Chrome
69196,0,both_agree,,php-src
42026,0,both_agree,,linux
67491,0,both_agree,,rpm
187311,,unmatched,,
36282,0,bigvul_only,,linux
140229,0,bigvul_only,,Chrome
25487,0,both_agree,,linux
65654,0,bigvul_only,,linux
92273,0,both_agree,,libexpat
17258,0,bigvul_only,,libxfont
86313,0,both_agree,,linux
153246,,unmatched,,
149354,0,bigvul_only,,Chrome
184312,1,bigvul_only,CWE-399,Chrome
187936,,unmatched,,
121208,0,bigvul_only,,Chrome
124567,0,bigvul_only,,Chrome
87515,0,both_agree,,FreeRDP
118161,0,bigvul_only,,Chrome
159194,0,bigvul_only,,Chrome
40332,0,both_agree,,linux
73532,0,both_agree,,ImageMagick
17201,0,bigvul_only,,launchpad
148849,0,bigvul_only,,Chrome
176861,0,bigvul_only,,Android
19808,0,bigvul_only,,linux
59273,0,both_agree,,linux
114647,0,bigvul_only,,Chrome
5264,0,both_agree,,php
5996,0,diversevul_only,,qemu
182950,1,bigvul_only,CWE-255,systemd
140881,0,bigvul_only,,Chrome
9054,0,both_agree,,qemu
37246,0,both_agree,,linux
51460,0,both_agree,,php-src
68496,0,bigvul_only,,src
147563,0,bigvul_only,,Chrome
153704,0,bigvul_only,,Chrome
17469,0,bigvul_only,,xserver
107153,0,bigvul_only,,Chrome
133902,0,bigvul_only,,Chrome
34173,0,both_agree,,linux
100295,0,bigvul_only,,Chrome
147274,,unmatched,,
35930,0,both_agree,,linux
95913,0,bigvul_only,,OpenJK
84132,0,both_agree,,linux
46433,0,both_agree,,linux
3789,0,bigvul_only,,dbus
47467,0,primevul_corrected,CWE-264,linux
65558,0,bigvul_only,,linux
45906,0,bigvul_only,,linux
61342,0,both_agree,,FFmpeg
30530,0,both_agree,,linux
35098,0,diversevul_only,,linux
17852,0,both_agree,,qemu
128145,0,bigvul_only,,Chrome
126628,0,bigvul_only,,Chrome
91862,0,bigvul_only,,gpac
122116,0,bigvul_only,,Chrome
7869,0,both_agree,,qemu
156392,0,bigvul_only,,Chrome
132782,0,bigvul_only,,Chrome
83121,0,both_agree,,file
162756,0,bigvul_only,,Chrome
93866,0,both_agree,,libvirt
98911,0,bigvul_only,,Chrome
168848,0,bigvul_only,,Chrome
20308,0,both_agree,,linux
17315,0,both_agree,,savannah
69426,0,bigvul_only,,linux
159327,0,bigvul_only,,Chrome
75377,0,both_agree,,radare2
7822,0,bigvul_only,,savannah
131876,0,bigvul_only,,Chrome
148390,0,bigvul_only,,Chrome
79365,0,both_agree,,FFmpeg
105361,0,bigvul_only,,Chrome
1056,0,bigvul_only,,poppler
113987,0,bigvul_only,,Chrome
2487,0,both_agree,,samba
168445,0,bigvul_only,,Chrome
18608,0,both_agree,,linux
171595,0,bigvul_only,,Android
158487,0,bigvul_only,,Chrome
46174,0,both_agree,,linux
71515,0,both_agree,,ImageMagick
159088,0,bigvul_only,,Chrome
162173,0,primevul_corrected,CWE-787,Chrome
77110,0,bigvul_only,,ovs
179053,1,diversevul_only,,linux-2.6
42221,0,both_agree,,linux
168794,0,bigvul_only,,Chrome
186438,1,bigvul_only,CWE-119,Chrome
87901,0,primevul_corrected,CWE-119,pam_p11
5429,0,both_agree,,ghostscript
62449,0,both_agree,,tcpdump
28674,0,both_agree,,linux
131102,0,bigvul_only,,Chrome
119366,0,bigvul_only,,Chrome
105896,0,bigvul_only,,Chrome
105342,0,bigvul_only,,Chrome
131636,0,bigvul_only,,Chrome
166124,0,bigvul_only,,Chrome
62781,0,both_agree,,ImageMagick
13795,0,bigvul_only,,php
129341,0,bigvul_only,,Chrome
178455,1,primevul_corrected,CWE-264,mindrot
54531,0,both_agree,,FFmpeg
53257,0,both_agree,,linux
171485,0,primevul_corrected,CWE-284,Android
85947,0,both_agree,,linux
76191,0,both_agree,,linux
19236,0,both_agree,,linux
154013,0,bigvul_only,,Chrome
54682,0,diversevul_only,,linux
81303,0,diversevul_only,,linux
70400,1,diversevul_only,CWE-190,jasper
178096,1,bigvul_only,CWE-787,libx11
133690,0,primevul_corrected,,Chrome
157563,0,bigvul_only,,Chrome
18634,0,both_agree,,linux
112256,0,bigvul_only,,Chrome
40529,0,both_agree,,linux
108900,0,bigvul_only,,Chrome
122659,0,bigvul_only,,Chrome
51561,0,both_agree,,linux
157069,0,bigvul_only,,Chrome
80452,0,both_agree,,gpac
87620,0,both_agree,,FreeRDP
82735,0,bigvul_only,,radare2
7891,0,both_agree,,ghostscript
63310,0,both_agree,,ImageMagick
50685,0,both_agree,,linux
66761,0,both_agree,,linux
61121,0,diversevul_only,,nautilus
184255,1,bigvul_only,,Chrome
157130,0,bigvul_only,,Chrome
24779,0,both_agree,,linux
64651,0,diversevul_only,,oniguruma
125798,0,bigvul_only,,Chrome
89798,0,both_agree,,pam-u2f
44681,0,both_agree,,lxc
32665,0,both_agree,,linux
23273,0,bigvul_only,,linux
135780,0,bigvul_only,,Chrome
88587,0,both_agree,,pdfresurrect
38566,0,both_agree,,linux
7500,0,bigvul_only,,dbus
71652,0,primevul_corrected,CWE-119,ImageMagick
154182,0,bigvul_only,,Chrome
125905,,unmatched,,
105485,0,bigvul_only,,Chrome
186476,1,bigvul_only,CWE-787,Chrome
66560,0,both_agree,,linux
3902,0,bigvul_only,,poppler
76238,0,both_agree,,linux
137581,0,bigvul_only,,Chrome
151927,0,bigvul_only,,Chrome
128752,0,bigvul_only,,Chrome
119951,0,bigvul_only,,Chrome
159468,0,bigvul_only,,Chrome
30098,0,both_agree,,linux
154469,0,bigvul_only,,Chrome
60455,0,both_agree,,linux
46723,0,bigvul_only,,linux
24537,0,both_agree,,linux
14804,0,both_agree,,php
95971,0,both_agree,,OpenJK
104904,0,bigvul_only,,Chrome
60269,0,both_agree,,linux
144125,0,primevul_corrected,CWE-119,Chrome
60766,0,diversevul_only,,linux
164408,0,bigvul_only,,Chrome
179638,conflict,both_disagree,,linux
175193,0,both_agree,,linux
88933,0,both_agree,,ImageMagick6
148477,0,bigvul_only,,Chrome
177019,0,bigvul_only,,Android
67146,0,both_agree,,linux
142577,,unmatched,,
36970,conflict,both_disagree,,file
46798,0,bigvul_only,,linux
165008,0,bigvul_only,,Chrome
100095,0,bigvul_only,,Chrome
139387,0,bigvul_only,,Chrome
102452,0,bigvul_only,,Chrome
52363,0,both_agree,,linux
104206,0,bigvul_only,,Chrome
184742,1,bigvul_only,CWE-20,Chrome
96750,0,both_agree,,ImageMagick6
102603,0,bigvul_only,,Chrome
101297,,unmatched,,
167431,0,bigvul_only,,Chrome
134604,0,bigvul_only,,Chrome
50284,0,bigvul_only,,MAC-Telnet
76204,0,both_agree,,linux
119808,0,bigvul_only,,Chrome
72220,0,bigvul_only,,src
179651,,unmatched,,
110302,0,bigvul_only,,Chrome
993,0,bigvul_only,,poppler
17095,0,bigvul_only,,launchpad
168838,0,bigvul_only,,Chrome
167308,0,bigvul_only,,Chrome
94848,0,both_agree,,ImageMagick
123506,0,bigvul_only,,Chrome
90764,0,both_agree,,FFmpeg
143684,0,bigvul_only,,Chrome
119857,,unmatched,,
138385,,unmatched,,
186050,1,bigvul_only,,Chrome
123871,0,bigvul_only,,Chrome
62146,0,both_agree,,ImageMagick
182662,1,both_agree,,libvips
115627,0,bigvul_only,,Chrome
80420,0,both_agree,,gpac
29052,0,both_agree,,polarssl
441,0,bigvul_only,,ghostscript
42413,0,diversevul_only,,linux
33584,0,both_agree,,tinc
9338,0,both_agree,,qemu
110770,0,bigvul_only,,Chrome
128585,0,bigvul_only,,Chrome
50362,0,both_agree,,linux
22936,0,both_agree,,linux
32404,0,both_agree,,linux
99689,0,bigvul_only,,Chrome
18205,0,both_agree,,irssi-proxy
110491,0,bigvul_only,,Chrome
3963,0,primevul_corrected,CWE-119,poppler
62282,0,both_agree,,tcpdump
142513,0,bigvul_only,,Chrome
3262,0,both_agree,,ghostscript
4293,0,bigvul_only,,php
172982,0,bigvul_only,,Android
86621,0,bigvul_only,,php-src
85247,0,both_agree,,linux
149426,0,bigvul_only,,Chrome
136908,0,bigvul_only,,Chrome
153925,,unmatched,,
56474,0,both_agree,,linux
6912,0,primevul_corrected,CWE-200,haproxy
112020,0,bigvul_only,,Chrome
130371,0,bigvul_only,,Chrome
127566,0,bigvul_only,,Chrome
12132,0,both_agree,,php
150603,0,bigvul_only,,Chrome
33711,0,both_agree,,linux
102563,0,bigvul_only,,Chrome
87811,0,diversevul_only,,radare2
20755,0,both_agree,,linux
158445,0,bigvul_only,,Chrome
152789,0,bigvul_only,,Chrome
18925,0,diversevul_only,,linux-2.6
58400,0,both_agree,,atheme
15057,0,bigvul_only,,php
136922,0,bigvul_only,,Chrome
183024,1,both_agree,CWE-125,tcpdump
145503,0,bigvul_only,,Chrome
176813,0,bigvul_only,,Android
133600,0,bigvul_only,,Chrome
87250,0,both_agree,,libarchive
98343,0,bigvul_only,,Chrome
146942,0,bigvul_only,,Chrome
104423,0,bigvul_only,,Chrome
91061,0,bigvul_only,,domoticz
73420,0,both_agree,,openssl
72555,0,both_agree,,linux
163954,0,bigvul_only,,Chrome
165409,0,bigvul_only,,Chrome
74583,0,both_agree,,linux
127036,,unmatched,,
75587,0,diversevul_only,,linux
11114,0,bigvul_only,,php
112590,,unmatched,,
89734,0,bigvul_only,,linux
29585,0,both_agree,,linux
21106,0,both_agree,,linux
141239,0,bigvul_only,,Chrome
134439,0,bigvul_only,,Chrome
67433,0,both_agree,,linux
51411,0,both_agree,,php-src
74117,0,bigvul_only,,util-linux
100734,0,diversevul_only,CWE-119,Chrome
144018,0,bigvul_only,,Chrome
130550,0,bigvul_only,,Chrome
122719,0,bigvul_only,,Chrome
129688,0,bigvul_only,,Chrome
48746,0,bigvul_only,,linux
157108,0,bigvul_only,,Chrome
176917,0,bigvul_only,,Android
89108,0,both_agree,,oniguruma
168559,,unmatched,,
121731,0,primevul_corrected,,Chrome
67567,0,both_agree,,proftpd
94209,0,both_agree,,linux
76202,0,both_agree,,linux
56270,0,both_agree,,php-src
66502,0,both_agree,,linux
173049,0,bigvul_only,,Android
52349,0,both_agree,,linux
128164,0,bigvul_only,,Chrome
171851,0,bigvul_only,,Android
115053,,unmatched,,
183539,1,bigvul_only,,Chrome
147362,0,bigvul_only,,Chrome
185848,,unmatched,,
152022,0,bigvul_only,,Chrome
172485,0,bigvul_only,,Android
126115,,unmatched,,
129171,0,bigvul_only,,Chrome
51355,0,both_agree,,php-src
64571,0,bigvul_only,,yara
85260,0,both_agree,,linux
131484,0,bigvul_only,,Chrome
148136,0,bigvul_only,,Chrome
164521,,unmatched,,
52815,0,both_agree,,linux
166983,0,bigvul_only,,Chrome
6096,0,both_agree,,qemu
29372,0,both_agree,,linux
24727,0,both_agree,,linux
55015,0,both_agree,,git
121973,0,bigvul_only,,Chrome
15699,0,both_agree,,qemu
53945,0,both_agree,,libndp
13740,0,bigvul_only,,php
180788,1,both_agree,,linux
12138,0,diversevul_only,,php-src
29917,0,both_agree,,linux
18750,0,both_agree,,linux
45184,0,both_agree,,openssl
65098,0,both_agree,,ImageMagick
62289,1,diversevul_only,CWE-125,tcpdump
138332,0,bigvul_only,,Chrome
85547,0,both_agree,,linux
34225,0,both_agree,,linux
81073,0,both_agree,,linux
83559,0,both_agree,,FreeRDP
29218,0,bigvul_only,,linux
77615,0,both_agree,,ovs
111880,0,bigvul_only,,Chrome
16683,0,diversevul_only,,qemu
100744,1,diversevul_only,CWE-119,Chrome
80095,0,bigvul_only,,gpac
102137,0,bigvul_only,,Chrome
137153,0,bigvul_only,,Chrome
87959,0,both_agree,,linux
50972,0,both_agree,,linux
62212,0,bigvul_only,,rufus
7375,0,bigvul_only,,php
123979,0,bigvul_only,,Chrome
80886,0,both_agree,,gpac
114726,0,bigvul_only,,Chrome
121011,0,primevul_corrected,,Chrome
164760,0,bigvul_only,,Chrome
158404,0,bigvul_only,,Chrome
82013,0,bigvul_only,,radare2
22638,0,both_agree,,linux
90245,0,both_agree,,linux
74964,0,both_agree,,FreeRDP
2277,0,both_agree,,samba
138316,0,bigvul_only,,Chrome
1634,0,diversevul_only,,rsync
62480,1,diversevul_only,CWE-125,tcpdump
22661,0,both_agree,,linux
73813,0,both_agree,,pupnp-code
103917,0,bigvul_only,,Chrome
12371,0,both_agree,,php
180149,,unmatched,,
171911,0,bigvul_only,,Android
65464,0,bigvul_only,,linux
186152,1,bigvul_only,CWE-119,Chrome
73137,0,both_agree,,tor
127224,0,bigvul_only,,Chrome
174966,0,bigvul_only,,Android
25798,0,bigvul_only,,linux
12378,0,both_agree,,php
154848,0,bigvul_only,,Chrome
147777,0,bigvul_only,,Chrome
107220,0,bigvul_only,,Chrome
185655,,unmatched,,
143048,0,primevul_corrected,,Chrome
155224,0,bigvul_only,,Chrome
181947,1,both_agree,CWE-119,libass
89689,0,bigvul_only,,linux
157184,0,bigvul_only,,Chrome
41373,0,both_agree,,linux
20287,0,both_agree,,linux
50444,0,both_agree,,linux
55567,0,bigvul_only,,linux
118294,0,bigvul_only,,Chrome
84266,0,both_agree,,linux
13544,0,bigvul_only,,harfbuzz
149932,0,bigvul_only,,Chrome
138001,0,bigvul_only,,Chrome
96476,0,both_agree,,suricata
161553,0,bigvul_only,,Chrome
5285,0,bigvul_only,,harfbuzz
5517,0,both_agree,,ghostscript
78629,0,diversevul_only,,OpenSC
120980,0,bigvul_only,,Chrome
40893,0,both_agree,,jansson
19629,0,both_agree,,linux
40201,0,both_agree,,linux
101014,0,bigvul_only,,Chrome
68463,0,both_agree,,lxc
96745,0,both_agree,,ImageMagick6
74756,0,both_agree,,linux
105861,0,bigvul_only,,Chrome
156066,0,bigvul_only,,Chrome
161199,0,bigvul_only,,Chrome
87104,0,both_agree,,cJSON
172971,,unmatched,,
168707,0,bigvul_only,,Chrome
86679,0,both_agree,,linux
147891,0,bigvul_only,,Chrome
11244,0,both_agree,,php
3343,0,both_agree,,qemu
77146,0,bigvul_only,,ovs
23288,0,bigvul_only,,linux
44661,0,bigvul_only,,lxc
42186,0,both_agree,,linux
46057,0,both_agree,,krb5
46207,0,both_agree,,linux
69697,0,both_agree,,tor
128593,0,bigvul_only,,Chrome
23554,0,diversevul_only,,linux
52180,0,bigvul_only,,php-src
175857,0,bigvul_only,,Android
56938,0,both_agree,,linux
177104,,unmatched,,
151660,0,bigvul_only,,Chrome
89222,0,both_agree,,oniguruma
52429,0,both_agree,,linux
43770,0,both_agree,,krb5
134665,conflict,internal_conflict,,Chrome
92259,0,both_agree,,libexpat
98191,0,bigvul_only,,Chrome
122841,0,bigvul_only,,Chrome
148602,0,bigvul_only,,Chrome
41356,0,both_agree,,linux
41039,0,both_agree,,Little-CMS
82183,0,both_agree,,mruby
24803,0,both_agree,,linux
84496,0,both_agree,,w3m
139648,0,bigvul_only,,Chrome
141381,0,bigvul_only,,Chrome
116640,0,bigvul_only,,Chrome
167914,0,bigvul_only,,Chrome
180830,,unmatched,,
17865,conflict,both_disagree,,qemu
91658,0,bigvul_only,,frr
27166,0,both_agree,,nspluginwrapper
84490,0,both_agree,,w3m
86081,0,both_agree,,linux
96386,0,both_agree,,abrt
80366,0,both_agree,,gpac
161213,0,bigvul_only,,Chrome
138558,0,bigvul_only,,Chrome
60526,0,both_agree,,linux
53794,0,bigvul_only,,linux
172972,0,bigvul_only,,Android
97996,0,bigvul_only,,Chrome
118740,0,bigvul_only,,Chrome
154743,,unmatched,,
5655,0,diversevul_only,,patch
65603,0,bigvul_only,,linux
1908,0,bigvul_only,,spice
65039,0,both_agree,,linux
19059,0,both_agree,,linux
53914,0,both_agree,,libndp
31951,1,diversevul_only,CWE-264,linux
68342,0,both_agree,,linux
106005,0,bigvul_only,,Chrome
70402,0,both_agree,,jasper
167246,0,bigvul_only,,Chrome
184775,1,bigvul_only,,Chrome
149950,0,bigvul_only,,Chrome
76981,0,diversevul_only,,ovs
13354,0,bigvul_only,,xserver
105199,0,bigvul_only,,Chrome
136191,0,bigvul_only,,Chrome
106246,0,bigvul_only,,Chrome
112860,0,bigvul_only,,Chrome
75631,0,bigvul_only,,WavPack
99488,,unmatched,,
71826,0,both_agree,,ImageMagick
39220,0,both_agree,,linux
11931,0,both_agree,,openssl
164602,0,bigvul_only,,Chrome
67902,0,both_agree,,jasper
183537,1,bigvul_only,,Chrome
178206,1,bigvul_only,,php
13037,0,both_agree,,gnupg
43502,0,both_agree,,linux
91931,0,both_agree,,linux
2969,0,bigvul_only,,ghostscript
87857,0,both_agree,,oniguruma
126790,0,bigvul_only,,Chrome
41047,0,bigvul_only,,monkey
177497,0,bigvul_only,,Android
14832,0,bigvul_only,,php
29183,0,both_agree,,linux
185693,1,bigvul_only,,Chrome
42247,0,both_agree,,linux
181521,1,both_agree,CWE-20,linux
60031,0,both_agree,,radare2
21058,0,both_agree,,linux
145698,0,bigvul_only,,Chrome
49985,1,diversevul_only,CWE-125,php-src
9005,0,both_agree,,qemu
177136,0,bigvul_only,,Android
184001,,unmatched,,
50287,0,primevul_corrected,CWE-119,MAC-Telnet
53113,0,both_agree,,linux
71741,0,both_agree,,ImageMagick
165253,0,bigvul_only,,Chrome
39930,0,both_agree,,linux
30538,0,both_agree,,linux
155968,0,bigvul_only,,Chrome
113947,0,bigvul_only,,Chrome
107665,0,bigvul_only,,Chrome
46744,0,bigvul_only,,linux
125436,0,bigvul_only,,Chrome
5457,0,both_agree,,ghostscript
186044,,unmatched,,
118526,0,primevul_corrected,CWE-399,Chrome
115263,0,primevul_corrected,,Chrome
136705,0,bigvul_only,,Chrome
6386,0,diversevul_only,,qemu
181608,1,both_agree,CWE-476,linux
82432,0,bigvul_only,,Espruino
135324,0,bigvul_only,,Chrome
156005,,unmatched,,
142507,0,bigvul_only,,Chrome
141732,0,bigvul_only,,Chrome
43559,0,both_agree,,linux
89823,0,both_agree,,miniupnp
147678,,unmatched,,
73708,0,both_agree,,nefarious2
163847,0,bigvul_only,,Chrome
122729,0,bigvul_only,,Chrome
147833,0,bigvul_only,,Chrome
66438,0,both_agree,,weechat
178169,1,both_agree,CWE-119,savannah
131305,,unmatched,,
174776,0,bigvul_only,,Android
59602,0,both_agree,,libxml2
21065,0,both_agree,,linux
185834,,unmatched,,
136674,0,bigvul_only,,Chrome
75970,0,both_agree,,keepalived
29522,0,both_agree,,linux
183242,1,both_agree,CWE-59,proftpd
115011,0,bigvul_only,,Chrome
7742,0,bigvul_only,,qemu
25891,0,bigvul_only,,linux
112322,0,bigvul_only,,Chrome
155672,0,bigvul_only,,Chrome
23491,0,bigvul_only,,linux
110361,0,bigvul_only,,Chrome
168926,,unmatched,,
152244,0,bigvul_only,,Chrome
102998,0,bigvul_only,,Chrome
157714,0,bigvul_only,,Chrome
78151,0,both_agree,,OpenSC
73484,0,bigvul_only,,ImageMagick
19938,0,both_agree,,linux
64834,,unmatched,,
141978,0,bigvul_only,,Chrome
77098,0,both_agree,,ovs
169592,,unmatched,,
13652,0,diversevul_only,,openssl
72747,0,both_agree,,jasper
46728,0,bigvul_only,,linux
38598,0,both_agree,,linux
2882,0,both_agree,,ghostscript
141597,0,bigvul_only,,Chrome
60936,0,both_agree,,nautilus
1249,0,bigvul_only,,poppler
7081,0,bigvul_only,,savannah
178394,1,both_agree,CWE-119,qemu
112754,0,bigvul_only,,Chrome
66434,0,both_agree,,weechat
135557,0,bigvul_only,,Chrome
82728,0,bigvul_only,,radare2
85891,0,both_agree,,linux
150608,0,bigvul_only,,Chrome
7567,0,both_agree,,qemu
66885,0,both_agree,,linux
118793,0,bigvul_only,,Chrome
5754,0,both_agree,,qemu
68893,0,both_agree,,linux
5835,0,both_agree,,qemu
85806,0,both_agree,,linux
88868,0,both_agree,,ImageMagick6
125349,0,bigvul_only,,Chrome
135630,0,bigvul_only,,Chrome
107269,0,bigvul_only,,Chrome
109766,0,bigvul_only,,Chrome
41322,0,diversevul_only,,linux
104740,0,bigvul_only,,Chrome
137346,0,bigvul_only,,Chrome
107642,0,bigvul_only,,Chrome
70766,0,both_agree,,libevent
162129,0,primevul_corrected,CWE-787,Chrome
97071,0,both_agree,,openjpeg
152762,,unmatched,,
100478,0,bigvul_only,,Chrome
137400,0,bigvul_only,,Chrome
94171,0,both_agree,,linux
168961,0,bigvul_only,,Chrome
169039,0,bigvul_only,,Chrome
13587,0,bigvul_only,,harfbuzz
179299,,unmatched,,
123290,0,bigvul_only,,Chrome
116598,,unmatched,,
162946,,unmatched,,
60188,0,bigvul_only,,radare2
173460,,unmatched,,
95496,0,bigvul_only,,OpenJK
10409,0,bigvul_only,,qemu
16310,0,bigvul_only,,htcondor
57960,0,both_agree,,linux
48654,0,bigvul_only,,httpd
146102,0,bigvul_only,,Chrome
47162,0,bigvul_only,,linux
34958,0,both_agree,,linux
10429,0,both_agree,,qemu
3131,0,diversevul_only,,ghostpdl
131388,0,bigvul_only,,Chrome
52091,0,both_agree,,linux
80621,0,both_agree,,gpac
22521,0,both_agree,,linux
29642,0,both_agree,,linux
23919,0,both_agree,,linux
106177,0,bigvul_only,,Chrome
4834,0,bigvul_only,,xserver
171362,0,primevul_corrected,CWE-284,Android
174935,0,primevul_corrected,CWE-264,Android
42277,0,both_agree,,linux
101910,,unmatched,,
74156,0,both_agree,,ntp
134328,0,bigvul_only,,Chrome
154396,,unmatched,,
149245,0,bigvul_only,,Chrome
115307,0,bigvul_only,,Chrome
14848,0,both_agree,,php
169289,0,bigvul_only,,Chrome
34467,0,both_agree,,linux
89091,0,both_agree,,linux
147926,,unmatched,,
117615,0,bigvul_only,,Chrome
16377,0,bigvul_only,,htcondor
24239,0,both_agree,,linux
120909,,unmatched,,
22779,0,both_agree,,linux
44146,0,both_agree,,linux
20291,0,both_agree,,linux
139169,0,bigvul_only,,Chrome
143403,0,bigvul_only,,Chrome
92509,0,both_agree,,linux
41580,0,both_agree,,linux
114387,0,bigvul_only,,Chrome
10959,0,primevul_corrected,,php-src
130491,0,bigvul_only,,Chrome
8282,0,bigvul_only,,libXrandr
42407,0,both_agree,,linux
144938,,unmatched,,
80615,0,bigvul_only,,gpac
114748,,unmatched,,
10011,0,both_agree,,savannah
162138,0,bigvul_only,,Chrome
4780,0,diversevul_only,,libidn
49176,0,both_agree,,linux
77278,0,bigvul_only,,ovs
120946,0,bigvul_only,,Chrome
142967,0,primevul_corrected,,Chrome
137421,0,bigvul_only,,Chrome
168876,0,primevul_corrected,CWE-20,Chrome
3149,0,both_agree,,ghostscript
69040,0,both_agree,,ImageMagick
98235,0,bigvul_only,,Chrome
175904,0,bigvul_only,,Android
14242,0,both_agree,,php
141426,0,bigvul_only,,Chrome
8740,0,bigvul_only,,spice
4267,0,bigvul_only,,php
58460,0,both_agree,,hexchat
155963,0,bigvul_only,,Chrome
169676,0,bigvul_only,,Chrome
182898,1,both_agree,CWE-416,linux
188027,1,bigvul_only,,Android
18939,0,both_agree,,linux
139325,,unmatched,,
179453,conflict,both_disagree,,linux
137285,0,bigvul_only,,Chrome
122069,0,bigvul_only,,Chrome
161206,,unmatched,,
13625,0,both_agree,,openssl
92338,0,both_agree,,libexpat
160572,0,bigvul_only,,Chrome
158279,0,bigvul_only,,Chrome
169155,0,primevul_corrected,CWE-20,Chrome
188156,conflict,internal_conflict,CWE-200,Android
58991,0,both_agree,,lynx-snapshots
168210,0,bigvul_only,,Chrome
148147,0,bigvul_only,,Chrome
131777,0,bigvul_only,,Chrome
78883,0,both_agree,,OpenSC
789,0,bigvul_only,,poppler
96148,0,both_agree,,php-src
40525,0,diversevul_only,,linux
155641,0,primevul_corrected,CWE-119,Chrome
84650,0,both_agree,,w3m
65968,,unmatched,,
34185,0,both_agree,,linux
27103,0,both_agree,,nspluginwrapper
169163,0,bigvul_only,,Chrome
74587,0,both_agree,,linux
142287,0,bigvul_only,,Chrome
58982,0,both_agree,,file
136058,0,bigvul_only,,Chrome
180701,1,diversevul_only,,krb5
108158,0,bigvul_only,,Chrome
173718,0,bigvul_only,,Android
92827,0,bigvul_only,,gpac
67472,0,both_agree,,linux
59619,0,both_agree,,libxml2
175951,0,primevul_corrected,CWE-200,Android
60584,0,both_agree,,linux
152908,0,bigvul_only,,Chrome
181774,1,bigvul_only,CWE-119,ImageMagick
28134,0,both_agree,,FFmpeg
125071,,unmatched,,
53215,0,both_agree,,linux
121650,0,primevul_corrected,CWE-119,Chrome
102532,0,bigvul_only,,Chrome
93779,0,both_agree,,libvirt
19615,0,diversevul_only,,linux-2.6
144946,0,bigvul_only,,Chrome
156431,0,bigvul_only,,Chrome
103662,0,bigvul_only,,Chrome
124681,0,bigvul_only,,Chrome
119883,0,bigvul_only,,Chrome
58069,0,both_agree,,linux
63026,0,both_agree,,linux
101934,0,bigvul_only,,Chrome
78615,0,both_agree,,OpenSC
173058,0,bigvul_only,,Android
299,0,bigvul_only,,ghostscript
104072,0,bigvul_only,,Chrome
147150,0,bigvul_only,,Chrome
168433,0,bigvul_only,,Chrome
125415,0,bigvul_only,,Chrome
97858,0,bigvul_only,,Chrome
136826,0,bigvul_only,,Chrome
173446,0,bigvul_only,,Android
7848,0,both_agree,,qemu
46106,0,both_agree,,openssl
57505,0,both_agree,,linux
55691,0,bigvul_only,,linux
114325,0,bigvul_only,,Chrome
166709,,unmatched,,
145598,0,bigvul_only,,Chrome
26886,0,both_agree,,linux
81189,0,bigvul_only,,linux
111822,0,bigvul_only,,Chrome
135159,0,bigvul_only,,Chrome
140943,0,bigvul_only,,Chrome
11872,0,both_agree,,samba
133201,0,bigvul_only,,Chrome
33086,0,both_agree,,linux
89458,0,both_agree,,linux
68371,0,both_agree,,linux
152951,0,bigvul_only,,Chrome
179892,1,both_agree,CWE-59,lxc
169294,0,primevul_corrected,CWE-20,Chrome
25787,0,bigvul_only,,linux
40639,0,bigvul_only,,linux
25061,0,both_agree,,linux
115797,0,bigvul_only,,Chrome
5447,0,both_agree,,ghostscript
49489,0,both_agree,,linux
75788,0,both_agree,,keepalived
107822,0,primevul_corrected,,Chrome
122520,0,bigvul_only,,Chrome
98795,0,bigvul_only,,Chrome
140044,0,bigvul_only,,Chrome
135043,0,bigvul_only,,Chrome
16931,0,both_agree,,qemu
76510,0,both_agree,,linux
24184,0,both_agree,,linux
146075,0,bigvul_only,,Chrome
160910,,unmatched,,
67500,0,both_agree,,rpm
94127,0,both_agree,,linux
129114,0,bigvul_only,,Chrome
123236,0,bigvul_only,,Chrome
143817,0,bigvul_only,,Chrome
161229,0,bigvul_only,,Chrome
91832,0,bigvul_only,,libcomps
185049,1,bigvul_only,CWE-264,Chrome
120970,0,bigvul_only,,Chrome
11607,0,bigvul_only,,udisks
171510,0,primevul_corrected,CWE-264,Android
21883,0,diversevul_only,,linux
24388,0,both_agree,,linux
98451,0,bigvul_only,,Chrome
51820,0,both_agree,,wireshark
76803,0,both_agree,,ovs
77039,0,both_agree,,ovs
170967,0,bigvul_only,,Android
143946,0,bigvul_only,,Chrome
79707,0,both_agree,,radare2
4319,0,primevul_corrected,CWE-264,php
164018,0,bigvul_only,,Chrome
15605,0,both_agree,,qemu
161970,0,bigvul_only,,Chrome
36057,0,diversevul_only,,linux
168212,0,bigvul_only,,Chrome
20484,0,both_agree,,linux
29905,0,both_agree,,linux
35532,0,both_agree,,linux
21108,0,both_agree,,linux
132762,0,bigvul_only,,Chrome
68640,0,both_agree,,libarchive
70509,0,bigvul_only,,yara
134335,0,bigvul_only,,Chrome
154233,0,bigvul_only,,Chrome
37540,0,both_agree,,linux
138378,0,bigvul_only,,Chrome
49750,0,both_agree,,linux
142693,,unmatched,,
175390,,unmatched,,
155597,0,bigvul_only,,Chrome
170426,0,bigvul_only,,Android
16864,0,both_agree,,qemu
4281,0,bigvul_only,,php
121861,0,bigvul_only,,Chrome
84261,0,both_agree,,linux
124696,0,bigvul_only,,Chrome
20666,0,diversevul_only,,kvm
67605,0,both_agree,,proftpd
4730,0,primevul_corrected,CWE-22,accountsservice
40347,0,both_agree,,linux
112014,0,bigvul_only,,Chrome
10875,0,both_agree,,php
95884,0,bigvul_only,,OpenJK
77001,0,both_agree,,ovs
186621,1,bigvul_only,CWE-20,Chrome
142084,0,bigvul_only,,Chrome
39898,0,both_agree,,linux
137964,0,bigvul_only,,Chrome
104810,0,bigvul_only,,Chrome
96359,0,diversevul_only,,kvm-guest-drivers-windows
122254,0,bigvul_only,,Chrome
142870,0,bigvul_only,,Chrome
19569,0,both_agree,,linux
151205,0,bigvul_only,,Chrome
173907,0,both_agree,,Android
149980,,unmatched,,
114449,0,bigvul_only,,Chrome
144337,0,bigvul_only,,Chrome
156049,0,bigvul_only,,Chrome
69619,0,both_agree,,tor
32438,1,diversevul_only,CWE-264,linux
152947,,unmatched,,
184592,,unmatched,,
164978,0,bigvul_only,,Chrome
62643,0,both_agree,,libzip
49523,0,both_agree,,linux
116054,0,bigvul_only,,Chrome
175513,0,primevul_corrected,,Android
117010,0,bigvul_only,,Chrome
42892,0,both_agree,,abrt
118199,0,bigvul_only,,Chrome
100533,0,bigvul_only,,Chrome
78378,0,diversevul_only,,OpenSC
33747,0,both_agree,,linux
16133,0,bigvul_only,,htcondor
139213,0,bigvul_only,,Chrome
73009,0,both_agree,,jasper
169890,,unmatched,,
31900,0,both_agree,,linux
96613,0,both_agree,,radare2
116814,0,bigvul_only,,Chrome
11493,0,bigvul_only,,xserver
123128,,unmatched,,
147163,0,bigvul_only,,Chrome
61703,0,both_agree,,linux
96433,1,diversevul_only,CWE-119,redis
110034,,unmatched,,
36844,0,both_agree,,linux
63232,0,bigvul_only,,wildmidi
102944,0,bigvul_only,,Chrome
27413,0,both_agree,,linux
19145,0,diversevul_only,,linux-2.6
53859,0,bigvul_only,,linux
110469,0,bigvul_only,,Chrome
115882,0,bigvul_only,,Chrome
140585,0,bigvul_only,,Chrome
98791,0,bigvul_only,,Chrome
134778,0,bigvul_only,,Chrome
66390,0,both_agree,,qemu
112474,0,bigvul_only,,Chrome
23459,0,bigvul_only,,linux
95609,0,bigvul_only,,OpenJK
152200,0,bigvul_only,,Chrome
39130,conflict,internal_conflict,CWE-399,file
84390,0,both_agree,,flatpak
33287,0,both_agree,,linux
70621,0,both_agree,,libevent
89795,0,bigvul_only,,pam-u2f
954,0,bigvul_only,,poppler
181304,1,diversevul_only,,linux
162208,0,bigvul_only,,Chrome
59241,0,diversevul_only,,heimdal
46675,0,bigvul_only,,linux
25193,0,bigvul_only,,linux
2070,0,primevul_corrected,CWE-399,spice
116886,0,bigvul_only,,Chrome
18872,0,both_agree,,linux
44123,0,bigvul_only,,pacemaker
99428,0,bigvul_only,,Chrome
166524,0,bigvul_only,,Chrome
170831,0,bigvul_only,,Android
28905,0,both_agree,,linux
139170,0,bigvul_only,,Chrome
26721,0,both_agree,,linux
17696,0,bigvul_only,,xserver
134090,0,bigvul_only,,Chrome
96622,0,both_agree,,ImageMagick6
168637,0,bigvul_only,,Chrome
8684,0,both_agree,,savannah
173727,0,bigvul_only,,Android
104956,0,bigvul_only,,Chrome
17831,0,diversevul_only,,libgcrypt
115889,0,bigvul_only,,Chrome
116442,0,bigvul_only,,Chrome
142104,0,bigvul_only,,Chrome
137171,0,bigvul_only,,Chrome
2932,0,both_agree,,ghostscript
155602,0,primevul_corrected,CWE-119,Chrome
165820,0,bigvul_only,,Chrome
56498,0,both_agree,,linux
31535,0,both_agree,,php-radius
97311,0,bigvul_only,,Chrome
143639,0,bigvul_only,,Chrome
93482,0,both_agree,,nmap
160133,0,bigvul_only,,Chrome
72800,0,both_agree,,jasper
154389,0,bigvul_only,,Chrome
86164,0,both_agree,,linux
74734,0,both_agree,,linux
57454,0,both_agree,,linux
7467,0,bigvul_only,,savannah
134700,0,bigvul_only,,Chrome
177996,,unmatched,,
93251,0,both_agree,,tcpdump
132656,0,bigvul_only,,Chrome
176698,0,both_agree,,libxml2
183199,1,both_agree,CWE-125,tcpdump
19167,0,diversevul_only,,linux-2.6
145968,0,bigvul_only,,Chrome
116333,0,bigvul_only,,Chrome
56265,0,bigvul_only,,php-src
116804,0,bigvul_only,,Chrome
125686,0,bigvul_only,,Chrome
759,0,bigvul_only,,poppler
155107,0,bigvul_only,,Chrome
83173,0,both_agree,,mruby
70255,0,both_agree,,libtiff
67797,conflict,both_disagree,,irssi
132400,0,bigvul_only,,Chrome
76890,0,both_agree,,ovs
30739,0,both_agree,,linux
76593,0,bigvul_only,,viabtc_exchange_server
115599,0,bigvul_only,,Chrome
123174,0,bigvul_only,,Chrome
11473,0,bigvul_only,,xserver
164995,,unmatched,,
81822,0,both_agree,,redis
44072,0,bigvul_only,,pacemaker
15788,0,both_agree,,qemu
25379,0,bigvul_only,,linux
60376,0,both_agree,,src
127535,0,bigvul_only,,Chrome
105740,0,bigvul_only,,Chrome
184754,1,bigvul_only,CWE-399,Chrome
121854,0,bigvul_only,,Chrome
24630,0,both_agree,,linux
163114,0,bigvul_only,,Chrome
39954,0,both_agree,,linux
173414,0,bigvul_only,,Android
6468,0,diversevul_only,,openssl
145661,,unmatched,,
117661,0,bigvul_only,,Chrome
87184,0,bigvul_only,,VeraCrypt
53060,0,both_agree,,linux
172776,0,bigvul_only,,Android
9916,0,bigvul_only,,kde
165197,0,bigvul_only,,Chrome
134362,0,bigvul_only,,Chrome
124301,0,bigvul_only,,Chrome
135247,0,bigvul_only,,Chrome
154764,0,bigvul_only,,Chrome
74599,0,diversevul_only,,linux
19987,0,bigvul_only,,linux
59526,0,both_agree,,libxml2
77150,0,bigvul_only,,ovs
17578,,unmatched,,
138357,0,bigvul_only,,Chrome
22688,0,bigvul_only,,linux
186112,1,bigvul_only,,Chrome
10523,0,primevul_corrected,CWE-119,qemu
71518,0,primevul_corrected,CWE-119,ImageMagick
74050,0,both_agree,,ImageMagick
136518,0,bigvul_only,,Chrome
9894,0,bigvul_only,,kde
157478,0,bigvul_only,,Chrome
170582,0,bigvul_only,,Android
30729,0,both_agree,,linux
50641,0,both_agree,,linux
42940,0,both_agree,,linux
76241,0,both_agree,,linux
91798,0,diversevul_only,,libcomps
123495,0,bigvul_only,,Chrome
160951,0,bigvul_only,,Chrome
26659,0,both_agree,,linux
160571,0,bigvul_only,,Chrome
81557,0,both_agree,,linux
53850,0,bigvul_only,,linux
21363,0,both_agree,,linux
107763,,unmatched,,
133982,0,bigvul_only,,Chrome
25378,0,bigvul_only,,linux
188441,,unmatched,,
114595,0,bigvul_only,,Chrome
47730,0,both_agree,,linux
116412,0,bigvul_only,,Chrome
125695,0,bigvul_only,,Chrome
82087,0,both_agree,,mruby
188107,conflict,internal_conflict,CWE-787,Android
24833,0,both_agree,,linux
129905,0,primevul_corrected,,Chrome
38148,0,diversevul_only,,linux
150501,0,bigvul_only,,Chrome
13454,0,both_agree,,ghostscript
66274,0,bigvul_only,,imageworsener
51250,0,bigvul_only,,php-src
21282,0,both_agree,,linux
169902,,unmatched,,
75053,0,bigvul_only,,minisphere
34927,0,both_agree,,linux
131726,0,bigvul_only,,Chrome
118848,0,bigvul_only,,Chrome
40677,0,both_agree,,linux
185980,1,bigvul_only,CWE-79,Chrome
77038,0,both_agree,,ovs
108213,0,bigvul_only,,Chrome
40540,0,both_agree,,linux
49928,0,bigvul_only,,php-src
9110,0,bigvul_only,,virglrenderer
82056,0,both_agree,,mruby
150149,0,bigvul_only,,Chrome
82997,0,bigvul_only,,PDFGen
114850,0,bigvul_only,,Chrome
144527,0,bigvul_only,,Chrome
48897,0,bigvul_only,,linux
107915,0,bigvul_only,,Chrome
92533,0,diversevul_only,,linux
76668,0,both_agree,,texlive-source
65062,0,both_agree,,linux
15686,0,both_agree,,qemu
124097,0,bigvul_only,,Chrome
118884,0,bigvul_only,,Chrome
174264,0,bigvul_only,,Android
157788,0,bigvul_only,,Chrome
101262,0,bigvul_only,,Chrome
170461,0,bigvul_only,,Android
56420,0,diversevul_only,,Varnish-Cache
40054,0,bigvul_only,,postgres
155285,0,bigvul_only,,Chrome
53242,0,both_agree,,linux
95624,0,bigvul_only,,OpenJK
23860,0,diversevul_only,,linux
97516,0,bigvul_only,,Chrome
164146,0,bigvul_only,,Chrome
111416,0,bigvul_only,,Chrome
72016,0,bigvul_only,,ImageMagick
130090,0,bigvul_only,,Chrome
89829,0,both_agree,,miniupnp
157872,0,bigvul_only,,Chrome
118934,0,bigvul_only,,Chrome
182911,1,both_agree,CWE-200,libvips
32052,0,both_agree,,linux
58784,0,both_agree,,linux
121592,0,bigvul_only,,Chrome
128470,0,bigvul_only,,Chrome
29583,0,both_agree,,linux
99305,0,bigvul_only,,Chrome
119963,0,bigvul_only,,Chrome
85612,0,both_agree,,linux
3365,0,both_agree,,ghostscript
81265,0,diversevul_only,,linux
152772,,unmatched,,
103829,0,bigvul_only,,Chrome
87993,0,both_agree,,linux
129858,0,bigvul_only,,Chrome
131599,0,bigvul_only,,Chrome
175228,0,diversevul_only,,linux
176681,0,both_agree,,Android
24139,0,both_agree,,linux
56992,0,both_agree,,linux
115670,0,bigvul_only,,Chrome
32811,0,both_agree,,linux
27619,0,both_agree,,linux
164091,0,bigvul_only,,Chrome
149424,,unmatched,,
57766,0,bigvul_only,,linux
68675,0,both_agree,,profanity
169465,0,bigvul_only,,Chrome
104454,0,bigvul_only,,Chrome
167719,,unmatched,,
90554,conflict,both_disagree,,linux
116273,,unmatched,,
45537,0,bigvul_only,,linux
49549,0,both_agree,,linux
36952,0,diversevul_only,,libfep
53219,0,diversevul_only,,linux
83553,0,both_agree,,FreeRDP
165463,0,bigvul_only,,Chrome
73471,,unmatched,,
171943,0,bigvul_only,,Android
22734,0,both_agree,,linux
128438,0,bigvul_only,,Chrome
152047,0,bigvul_only,,Chrome
84123,0,diversevul_only,,linux
31111,0,both_agree,,linux
57413,0,both_agree,,linux
44318,0,both_agree,,linux
160682,0,bigvul_only,,Chrome
111532,0,bigvul_only,,Chrome
129750,0,bigvul_only,,Chrome
3048,0,both_agree,,ghostscript
185860,1,bigvul_only,,Chrome
157133,0,bigvul_only,,Chrome
133843,0,bigvul_only,,Chrome
85526,0,both_agree,,linux
70896,0,both_agree,,WavPack
124480,,unmatched,,
165596,,unmatched,,
95195,0,bigvul_only,,cyrus-imapd
57595,0,primevul_corrected,CWE-362,linux
158774,0,bigvul_only,,Chrome
124982,0,bigvul_only,,Chrome
75717,0,bigvul_only,,uriparser
78351,0,both_agree,,OpenSC
43459,0,both_agree,,linux
154762,0,bigvul_only,,Chrome
88265,0,both_agree,,libexpat
184310,,unmatched,,
141876,0,bigvul_only,,Chrome
102200,0,bigvul_only,,Chrome
66237,0,both_agree,,libetpan
125867,0,bigvul_only,,Chrome
114317,0,bigvul_only,,Chrome
129907,0,bigvul_only,,Chrome
14105,0,primevul_corrected,CWE-20,xserver
160747,0,bigvul_only,,Chrome
161729,0,bigvul_only,,Chrome
4956,0,bigvul_only,,gstreamer
54550,0,both_agree,,FFmpeg
61920,0,both_agree,,mbedtls
1885,0,bigvul_only,,spice
156123,0,primevul_corrected,CWE-416,Chrome
34963,0,both_agree,,linux
58427,0,both_agree,,Little-CMS
23306,0,both_agree,,linux
87242,0,both_agree,,libarchive
30636,0,bigvul_only,,linux
69451,0,bigvul_only,,linux
96610,0,bigvul_only,,radare2
10719,0,bigvul_only,,savannah
158171,0,bigvul_only,,Chrome
38657,0,both_agree,,linux
40264,0,both_agree,,linux
30727,0,diversevul_only,,linux
5102,0,both_agree,,php
48699,0,bigvul_only,,httpd
98599,0,bigvul_only,,Chrome
167633,0,bigvul_only,,Chrome
15241,0,bigvul_only,,php
167542,,unmatched,,
24618,0,both_agree,,linux
151232,0,bigvul_only,,Chrome
1088,0,bigvul_only,,poppler
121112,0,bigvul_only,,Chrome
44213,0,both_agree,,openssl
2047,0,both_agree,,samba
109994,0,bigvul_only,,Chrome
166441,0,bigvul_only,,Chrome
5983,0,both_agree,,qemu
31589,0,both_agree,,linux
145579,0,bigvul_only,,Chrome
162732,0,bigvul_only,,Chrome
76549,0,both_agree,,gnulib
70336,0,both_agree,,libtiff
18860,0,both_agree,,linux
182922,1,both_agree,CWE-416,libcomps
138964,,unmatched,,
86143,0,both_agree,,mbedtls
41341,0,both_agree,,linux
64150,0,bigvul_only,,radare2
54925,0,diversevul_only,,git
178134,1,bigvul_only,CWE-400,openssl
31941,0,both_agree,,linux
74302,0,bigvul_only,,squashfs-tools
135915,0,bigvul_only,,Chrome
178690,1,both_agree,CWE-20,irssi-proxy
117080,0,bigvul_only,,Chrome
15375,0,both_agree,,openssl
111821,0,bigvul_only,,Chrome
90895,0,both_agree,,ImageMagick
130636,0,bigvul_only,,Chrome
129565,0,bigvul_only,,Chrome
46414,0,bigvul_only,,linux
32085,0,both_agree,,linux
157275,0,bigvul_only,,Chrome
5874,0,diversevul_only,,qemu
161800,0,bigvul_only,,Chrome
40722,0,both_agree,,linux
88974,0,both_agree,,ImageMagick
96766,0,bigvul_only,,libgcrypt
77373,0,bigvul_only,,ovs
180939,1,both_agree,CWE-125,libarchive
161117,0,bigvul_only,,Chrome
35090,0,bigvul_only,,linux
164052,0,bigvul_only,,Chrome
51129,0,diversevul_only,,linux
101088,0,bigvul_only,,Chrome
15433,0,bigvul_only,,pixman
29516,0,both_agree,,linux
157398,0,bigvul_only,,Chrome
88641,0,both_agree,,linux
38257,0,both_agree,,linux
25031,0,both_agree,,linux
148369,0,bigvul_only,,Chrome
46351,0,bigvul_only,,linux
119054,0,bigvul_only,,Chrome
251,0,both_agree,,savannah
8347,0,bigvul_only,,qemu
127847,0,bigvul_only,,Chrome
148410,0,bigvul_only,,Chrome
89402,0,bigvul_only,,u-boot
18374,0,bigvul_only,,uzbl
39528,0,both_agree,,linux
124891,0,bigvul_only,,Chrome
94149,0,both_agree,,linux
170261,0,bigvul_only,,Chrome
140238,0,bigvul_only,,Chrome
24039,0,both_agree,,linux
112714,0,bigvul_only,,Chrome
65576,0,bigvul_only,,linux
42937,0,both_agree,,linux
98202,,unmatched,,
49912,0,bigvul_only,,php-src
30369,0,both_agree,,linux
135181,0,bigvul_only,,Chrome
186650,1,bigvul_only,CWE-200,Chrome
1762,0,bigvul_only,,kde
165808,0,bigvul_only,,Chrome
78964,0,diversevul_only,,libxkbcommon
11966,conflict,internal_conflict,CWE-399,openssl
16126,0,bigvul_only,,htcondor
105370,,unmatched,,
29951,1,diversevul_only,CWE-200,linux
80647,0,both_agree,,gpac
118815,0,bigvul_only,,Chrome
157723,0,bigvul_only,,Chrome
25916,0,bigvul_only,,linux
170569,0,bigvul_only,,Android
105834,0,bigvul_only,,Chrome
107281,0,bigvul_only,,Chrome
113820,0,bigvul_only,,Chrome
171430,0,bigvul_only,,Android
93604,0,both_agree,,linux
151442,0,bigvul_only,,Chrome
60745,0,both_agree,,krb5
163447,0,bigvul_only,,Chrome
20671,0,both_agree,,linux
30249,0,both_agree,,linux
63898,0,both_agree,,linux
120495,0,bigvul_only,,Chrome
96685,0,both_agree,,linux
16914,0,both_agree,,qemu
33926,0,both_agree,,pacemaker
23447,0,bigvul_only,,linux
145272,0,bigvul_only,,Chrome
60683,0,both_agree,,linux
106255,,unmatched,,
156311,0,bigvul_only,,Chrome
98043,0,bigvul_only,,Chrome
60405,0,both_agree,,linux
98622,0,bigvul_only,,Chrome
143894,0,bigvul_only,,Chrome
97578,0,bigvul_only,,Chrome
166200,0,bigvul_only,,Chrome
84996,0,both_agree,,linux
59226,0,both_agree,,heimdal
32733,0,diversevul_only,,linux
1182,0,bigvul_only,,poppler
127359,0,bigvul_only,,Chrome
70389,conflict,internal_conflict,CWE-190,jasper
3203,0,both_agree,,ghostscript
107029,0,bigvul_only,,Chrome
42210,0,both_agree,,linux
74888,0,both_agree,,FFmpeg
49165,0,both_agree,,linux
115811,0,bigvul_only,,Chrome
142232,,unmatched,,
125954,0,bigvul_only,,Chrome
25228,0,bigvul_only,,linux
91792,0,both_agree,,libcomps
42584,0,both_agree,,linux
48419,0,bigvul_only,,w3m
82384,0,bigvul_only,,Espruino
60199,0,diversevul_only,,linux
137220,0,bigvul_only,,Chrome
116797,0,bigvul_only,,Chrome
142804,0,bigvul_only,,Chrome
101241,0,bigvul_only,,Chrome
88031,0,both_agree,,linux
127409,0,bigvul_only,,Chrome
50377,0,bigvul_only,,linux
182923,1,both_agree,CWE-416,libcomps
87097,0,both_agree,,cJSON
117213,0,primevul_corrected,,Chrome
103749,0,bigvul_only,,Chrome
52605,0,diversevul_only,,linux
46179,0,both_agree,,linux
89464,0,bigvul_only,,linux
2953,0,both_agree,,ghostscript
63317,0,both_agree,,ImageMagick
20823,0,both_agree,,linux
24489,0,both_agree,,linux
188553,1,bigvul_only,CWE-119,Android
1586,0,diversevul_only,,quagga
76257,0,both_agree,,linux
158052,0,bigvul_only,,Chrome
98846,0,bigvul_only,,Chrome
94276,0,both_agree,,memcached
12973,0,bigvul_only,,mindrot
30013,0,both_agree,,linux
130106,0,bigvul_only,,Chrome
47825,0,both_agree,,linux
118136,0,bigvul_only,,Chrome
45331,0,both_agree,,linux
1323,0,bigvul_only,,shibboleth
30061,0,both_agree,,linux
116501,0,bigvul_only,,Chrome
164356,0,bigvul_only,,Chrome
81195,0,bigvul_only,,linux
28142,,unmatched,,
10739,0,bigvul_only,,qemu
61136,0,diversevul_only,,nautilus
151420,,unmatched,,
69344,0,both_agree,,openssl
64946,0,bigvul_only,,imageworsener
144352,0,bigvul_only,,Chrome
64139,0,bigvul_only,,radare2
155763,0,bigvul_only,,Chrome
113887,,unmatched,,
50143,0,bigvul_only,,php-src
22663,0,both_agree,,linux
83299,0,primevul_corrected,CWE-125,openmpt
20321,0,both_agree,,linux
148347,0,bigvul_only,,Chrome
22009,0,bigvul_only,,raptor
12406,0,bigvul_only,,php
73083,0,both_agree,,libgd
137753,0,bigvul_only,,Chrome
181897,1,both_agree,CWE-190,jasper
21833,0,both_agree,,linux
117037,0,bigvul_only,,Chrome
85400,0,diversevul_only,,linux
183385,1,bigvul_only,CWE-310,libgcrypt
173496,0,bigvul_only,,Android
18817,0,both_agree,,linux
118730,0,bigvul_only,,Chrome
105177,0,bigvul_only,,Chrome
35570,0,both_agree,,linux
120301,0,bigvul_only,,Chrome
102833,0,primevul_corrected,CWE-264,Chrome
125220,0,bigvul_only,,Chrome
34708,0,both_agree,,linux
163754,0,bigvul_only,,Chrome
110694,0,bigvul_only,,Chrome
141648,,unmatched,,
132902,0,bigvul_only,,Chrome
39280,0,both_agree,,linux
11737,0,bigvul_only,,udisks
169459,0,bigvul_only,,Chrome
12798,0,diversevul_only,,openssl
130688,0,bigvul_only,,Chrome
2105,0,bigvul_only,,spice
147984,0,bigvul_only,,Chrome
64751,0,both_agree,,systemd
72284,0,bigvul_only,,src
14125,0,bigvul_only,,xserver
148937,0,bigvul_only,,Chrome
97296,0,bigvul_only,,Chrome
38886,0,both_agree,,postgres
84354,0,bigvul_only,,openmpt
73572,0,both_agree,,ImageMagick
6156,0,both_agree,,openssl
50866,0,both_agree,,libarchive
28622,0,both_agree,,linux
30958,0,both_agree,,linux
176565,0,both_agree,,libxml2
136966,,unmatched,,
8031,0,both_agree,,qemu
10374,0,bigvul_only,,accountsservice
81601,0,both_agree,,linux
174171,0,bigvul_only,,Android
186502,1,bigvul_only,CWE-416,Chrome
46161,0,diversevul_only,,linux
1143,0,bigvul_only,,poppler
73830,0,both_agree,,ext-http
55205,0,both_agree,,linux
7292,0,both_agree,,savannah
137217,0,bigvul_only,,Chrome
152379,0,bigvul_only,,Chrome
40602,0,both_agree,,linux
112466,0,bigvul_only,,Chrome
48398,0,both_agree,,libtiff
101434,0,bigvul_only,,Chrome
102349,0,bigvul_only,,Chrome
26020,0,bigvul_only,,linux
152732,0,bigvul_only,,Chrome
46298,0,bigvul_only,,linux
159891,0,bigvul_only,,Chrome
161232,0,bigvul_only,,Chrome
164609,0,bigvul_only,,Chrome
164722,0,bigvul_only,,Chrome
100506,0,bigvul_only,,Chrome
162707,0,bigvul_only,,Chrome
143215,0,bigvul_only,,Chrome
161183,0,bigvul_only,,Chrome
133953,0,bigvul_only,,Chrome
73983,0,both_agree,,picocom
18340,0,primevul_corrected,CWE-264,uzbl
6979,0,bigvul_only,,savannah
147400,0,bigvul_only,,Chrome
82848,0,both_agree,,radare2
85001,0,both_agree,,linux
134185,0,bigvul_only,,Chrome
113477,0,bigvul_only,,Chrome
14591,0,bigvul_only,,polkit
96411,0,both_agree,,abrt
134485,0,bigvul_only,,Chrome
169620,0,primevul_corrected,CWE-284,Chrome
25654,,unmatched,,
97442,0,bigvul_only,,Chrome
177465,0,both_agree,,Android
15255,0,both_agree,,php
79294,0,bigvul_only,,FFmpeg
87663,0,both_agree,,linux
157437,0,bigvul_only,,Chrome
181455,1,both_agree,CWE-416,linux
79803,0,diversevul_only,,linux
149660,0,primevul_corrected,,Chrome
36406,0,both_agree,,linux
9879,0,bigvul_only,,haproxy
66389,0,both_agree,,qemu
185627,,unmatched,,
131546,0,bigvul_only,,Chrome
52604,0,both_agree,,libarchive
80099,0,both_agree,,gpac
10944,0,bigvul_only,,php
116695,0,bigvul_only,,Chrome
30170,0,both_agree,,linux
183238,1,both_agree,CWE-119,libsndfile
29260,0,both_agree,,linux
32,0,both_agree,,savannah
75654,0,both_agree,,WavPack
182001,,unmatched,,
27270,0,both_agree,,linux
4711,0,bigvul_only,,accountsservice
69185,0,both_agree,,php-src
35137,0,both_agree,,linux
108772,0,bigvul_only,,Chrome
98917,0,bigvul_only,,Chrome
56972,0,both_agree,,linux
2478,0,both_agree,,samba
7778,0,both_agree,,haproxy
67144,0,diversevul_only,,linux
43695,0,both_agree,,linux
100595,0,bigvul_only,,Chrome
135271,0,primevul_corrected,CWE-264,Chrome
43679,0,diversevul_only,,linux
73787,0,diversevul_only,,bzrtp
131740,0,bigvul_only,,Chrome
160313,0,bigvul_only,,Chrome
18153,0,bigvul_only,,beanstalkd
83747,0,both_agree,,libgit2
167776,0,bigvul_only,,Chrome
168201,0,bigvul_only,,Chrome
20516,0,diversevul_only,,linux-2.6
122997,0,bigvul_only,,Chrome
163171,0,bigvul_only,,Chrome
118548,0,bigvul_only,,Chrome
140336,0,bigvul_only,,Chrome
50990,0,bigvul_only,,linux
169174,0,bigvul_only,,Chrome
170651,0,bigvul_only,,Android
83392,0,both_agree,,openvpn
157869,0,bigvul_only,,Chrome
118195,0,bigvul_only,,Chrome
28398,0,both_agree,,linux
67192,0,both_agree,,linux
91201,0,diversevul_only,,linux
5551,0,bigvul_only,,dbus
42860,0,both_agree,,libreport
173737,0,primevul_corrected,CWE-264,Android
136807,0,bigvul_only,,Chrome
21472,0,both_agree,,linux
73365,0,both_agree,,libass
107598,0,bigvul_only,,Chrome
26619,0,both_agree,,linux
150323,0,primevul_corrected,CWE-125,Chrome
16930,0,both_agree,,qemu
105328,0,bigvul_only,,Chrome
80176,0,diversevul_only,,gpac
174654,0,bigvul_only,,Android
75292,,unmatched,,
28923,0,both_agree,,linux
4290,0,bigvul_only,,php
125113,0,bigvul_only,,Chrome
94897,0,both_agree,,linux
52534,0,bigvul_only,,linux
180824,1,diversevul_only,CWE-20,linux
169269,0,bigvul_only,,Chrome
31008,conflict,both_disagree,,linux
1201,0,bigvul_only,,poppler
126372,0,bigvul_only,,Chrome
67063,0,diversevul_only,,FFmpeg
174650,0,primevul_corrected,CWE-264,Android
2744,0,bigvul_only,,dbus
96897,0,both_agree,,linux
129208,0,bigvul_only,,Chrome
48546,0,both_agree,,linux
183902,,unmatched,,
9011,0,both_agree,,qemu
188370,0,both_agree,,Android
172980,0,bigvul_only,,Android
103678,0,bigvul_only,,Chrome
138180,0,bigvul_only,,Chrome
53468,0,both_agree,,libarchive
178060,,unmatched,,
175710,0,bigvul_only,,Android
34556,0,diversevul_only,,linux
174249,0,bigvul_only,,Android
15631,0,diversevul_only,,qemu
67839,0,diversevul_only,,suricata
111175,0,bigvul_only,,Chrome
25485,0,bigvul_only,,linux
85809,0,both_agree,,linux
166453,0,bigvul_only,,Chrome
62455,0,both_agree,,tcpdump
185160,,unmatched,,
24276,0,both_agree,,linux
22105,0,both_agree,,linux
128094,0,bigvul_only,,Chrome
71040,0,both_agree,,Little-CMS
122181,0,primevul_corrected,CWE-20,Chrome
154335,0,bigvul_only,,Chrome
119803,0,bigvul_only,,Chrome
153927,0,bigvul_only,,Chrome
112028,,unmatched,,
136082,0,bigvul_only,,Chrome
52159,0,both_agree,,php-src
104136,0,bigvul_only,,Chrome
179817,1,diversevul_only,,krb5
160650,0,bigvul_only,,Chrome
114536,0,bigvul_only,,Chrome
114583,0,bigvul_only,,Chrome
133878,0,bigvul_only,,Chrome
118928,0,bigvul_only,,Chrome
130756,0,bigvul_only,,Chrome
122217,0,bigvul_only,,Chrome
141397,0,bigvul_only,,Chrome
23529,0,bigvul_only,,linux
44939,0,both_agree,,linux
17176,,unmatched,,
45958,0,bigvul_only,,file
56197,0,both_agree,,linux
184517,1,bigvul_only,,Chrome
66663,0,both_agree,,linux
115651,0,bigvul_only,,Chrome
143022,0,bigvul_only,,Chrome
21850,0,both_agree,,linux
6367,0,both_agree,,qemu
108065,0,bigvul_only,,Chrome
88957,0,both_agree,,ImageMagick6
182718,1,diversevul_only,,gpmf-parser
72684,0,both_agree,,jasper
140089,0,bigvul_only,,Chrome
74505,0,both_agree,,linux
38114,0,both_agree,,linux
166211,0,bigvul_only,,Chrome
144754,0,bigvul_only,,Chrome
144367,0,bigvul_only,,Chrome
141208,0,bigvul_only,,Chrome
45111,0,both_agree,,httpd
69340,0,both_agree,,openssl
60929,0,both_agree,,nautilus
166895,0,bigvul_only,,Chrome
177103,0,bigvul_only,,Android
179356,1,both_agree,CWE-200,linux
13087,0,bigvul_only,,savannah
154973,0,bigvul_only,,Chrome
148130,0,bigvul_only,,Chrome
17021,0,bigvul_only,,launchpad
33498,0,both_agree,,linux
133755,0,bigvul_only,,Chrome
79110,0,both_agree,,src
74450,0,diversevul_only,,linux
96343,0,bigvul_only,,kvm-guest-drivers-windows
118172,0,bigvul_only,,Chrome
118765,,unmatched,,
134150,0,bigvul_only,,Chrome
354,0,bigvul_only,,ghostscript
139520,,unmatched,,
65145,0,both_agree,,linux
177456,0,bigvul_only,,Android
112737,0,bigvul_only,,Chrome
147753,0,bigvul_only,,Chrome
172220,0,bigvul_only,,Android
87492,0,both_agree,,FreeRDP
57810,0,bigvul_only,,linux
109506,,unmatched,,
143292,0,bigvul_only,,Chrome
151154,0,bigvul_only,,Chrome
77265,0,bigvul_only,,ovs
144624,,unmatched,,
162726,0,bigvul_only,,Chrome
186036,1,bigvul_only,,Chrome
152999,0,bigvul_only,,Chrome
64853,0,bigvul_only,,imageworsener
91214,0,both_agree,,linux
62679,0,bigvul_only,,ImageMagick
185512,1,bigvul_only,,Chrome
96964,0,diversevul_only,,linux
141986,,unmatched,,
147691,0,bigvul_only,,Chrome
112707,0,bigvul_only,,Chrome
108744,0,bigvul_only,,Chrome
83602,0,both_agree,,FreeRDP
19031,0,both_agree,,linux
116506,0,bigvul_only,,Chrome
84518,0,both_agree,,w3m
88167,0,diversevul_only,,linux
44204,0,both_agree,,openssl
86317,0,diversevul_only,,linux
25966,0,bigvul_only,,linux
1829,0,bigvul_only,,spice
55958,0,both_agree,,linux
50673,0,both_agree,,linux
32827,0,both_agree,,linux
156665,0,primevul_corrected,CWE-732,Chrome
1100,0,bigvul_only,,poppler
148583,0,bigvul_only,,Chrome
156652,0,bigvul_only,,Chrome
184668,1,both_agree,CWE-119,Chrome
24364,0,both_agree,,linux
53092,0,both_agree,,linux
68093,0,both_agree,,radare2
32659,0,both_agree,,linux
111265,0,bigvul_only,,Chrome
53510,0,both_agree,,libarchive
136951,0,bigvul_only,,Chrome
47103,0,primevul_corrected,CWE-264,linux
140310,0,bigvul_only,,Chrome
108496,0,bigvul_only,,Chrome
53476,0,both_agree,,libarchive
810,0,bigvul_only,,poppler
38503,0,both_agree,,linux
116883,0,bigvul_only,,Chrome
109926,0,bigvul_only,,Chrome
133382,0,bigvul_only,,Chrome
179867,1,diversevul_only,,linux
123531,0,bigvul_only,,Chrome
65657,0,bigvul_only,,linux
125637,0,bigvul_only,,Chrome
59227,0,both_agree,,heimdal
176741,0,bigvul_only,,Android
48375,0,both_agree,,libtiff
27527,0,both_agree,,linux
142951,0,bigvul_only,,Chrome
52352,0,both_agree,,linux
39545,0,both_agree,,linux
28189,0,both_agree,,FFmpeg
28844,0,both_agree,,linux
5413,0,both_agree,,ghostscript
186537,,unmatched,,
115488,0,bigvul_only,,Chrome
22788,0,both_agree,,linux
118636,0,bigvul_only,,Chrome
103761,0,bigvul_only,,Chrome
145550,0,bigvul_only,,Chrome
43495,0,both_agree,,linux
119298,0,bigvul_only,,Chrome
161769,0,bigvul_only,,Chrome
10320,0,bigvul_only,,savannah
53496,0,both_agree,,libarchive
105423,0,bigvul_only,,Chrome
70965,0,both_agree,,Little-CMS
6476,0,both_agree,,openssl
138561,0,bigvul_only,,Chrome
164914,0,bigvul_only,,Chrome
155650,0,bigvul_only,,Chrome
149405,0,bigvul_only,,Chrome
100300,0,bigvul_only,,Chrome
43606,0,both_agree,,httpd
73792,0,diversevul_only,,bzrtp
174737,0,bigvul_only,,Android
177713,0,bigvul_only,,Android
56732,0,both_agree,,linux
58057,0,both_agree,,linux
4982,0,primevul_corrected,CWE-119,gstreamer
70945,0,both_agree,,Little-CMS
28778,0,bigvul_only,,linux
169470,0,bigvul_only,,Chrome
63832,0,bigvul_only,,sthttpd
123358,0,bigvul_only,,Chrome
19263,0,both_agree,,linux
154513,,unmatched,,
81144,0,both_agree,,linux
112905,0,bigvul_only,,Chrome
28018,0,both_agree,,FFmpeg
167024,0,bigvul_only,,Chrome
99423,0,bigvul_only,,Chrome
112274,0,bigvul_only,,Chrome
8864,0,bigvul_only,,virglrenderer
161479,0,bigvul_only,,Chrome
29203,0,bigvul_only,,linux
38278,0,both_agree,,linux
62895,0,both_agree,,linux
166813,0,bigvul_only,,Chrome
151650,0,bigvul_only,,Chrome
83541,0,both_agree,,FreeRDP
110526,0,bigvul_only,,Chrome
125927,0,bigvul_only,,Chrome
26783,0,bigvul_only,,linux
11561,0,bigvul_only,,systemd
122649,0,bigvul_only,,Chrome
115477,0,bigvul_only,,Chrome
11393,0,bigvul_only,,xserver
10659,0,bigvul_only,,savannah
18931,0,both_agree,,linux
155302,0,bigvul_only,,Chrome
48959,0,bigvul_only,,linux
91666,0,both_agree,,frr
41182,0,both_agree,,linux
57999,0,both_agree,,linux
88883,0,both_agree,,ImageMagick6
9764,0,bigvul_only,,haproxy
133374,0,bigvul_only,,Chrome
144027,0,bigvul_only,,Chrome
143914,0,bigvul_only,,Chrome
124058,0,bigvul_only,,Chrome
5204,0,bigvul_only,,php
74906,0,both_agree,,libarchive
136708,0,bigvul_only,,Chrome
151915,,unmatched,,
169923,,unmatched,,
102926,0,bigvul_only,,Chrome
140240,0,bigvul_only,,Chrome
68089,0,both_agree,,radare2
75385,0,both_agree,,radare2
155811,,unmatched,,
104929,0,bigvul_only,,Chrome
19100,0,both_agree,,linux
100194,0,bigvul_only,,Chrome
101388,0,bigvul_only,,Chrome
88800,0,both_agree,,ssdp-responder
46506,0,both_agree,,openssl
137541,0,bigvul_only,,Chrome
121920,0,bigvul_only,,Chrome
29078,0,both_agree,,linux
17222,0,bigvul_only,,launchpad
148687,0,bigvul_only,,Chrome
121387,0,bigvul_only,,Chrome
157141,0,bigvul_only,,Chrome
4743,0,bigvul_only,,accountsservice
171249,0,bigvul_only,,Android
131323,0,bigvul_only,,Chrome
91072,0,both_agree,,domoticz
28163,0,both_agree,,FFmpeg
170316,0,bigvul_only,,Chrome
98109,0,bigvul_only,,Chrome
135561,0,bigvul_only,,Chrome
81915,0,both_agree,,wolfssl
77235,0,bigvul_only,,ovs
71253,0,both_agree,,linux
53662,0,both_agree,,linux
129643,0,bigvul_only,,Chrome
114525,0,bigvul_only,,Chrome
6626,0,both_agree,,ghostscript
66318,1,diversevul_only,CWE-674,yara
140318,0,bigvul_only,,Chrome
134785,0,bigvul_only,,Chrome
20071,0,both_agree,,linux
38880,0,both_agree,,postgres
151729,0,bigvul_only,,Chrome
89941,0,both_agree,,heimdal
62491,0,both_agree,,tcpdump
114157,0,bigvul_only,,Chrome
9735,0,primevul_corrected,CWE-119,virglrenderer
63824,0,bigvul_only,,sthttpd
86152,0,both_agree,,mbedtls
22933,0,both_agree,,linux
148612,0,bigvul_only,,Chrome
168121,0,bigvul_only,,Chrome
85359,0,both_agree,,linux
30203,0,both_agree,,linux
147562,0,bigvul_only,,Chrome
60461,0,bigvul_only,,radare2
81275,0,both_agree,,linux
148086,0,bigvul_only,,Chrome
27157,0,both_agree,,nspluginwrapper
155258,0,primevul_corrected,CWE-189,Chrome
171312,0,bigvul_only,,Android
141756,0,bigvul_only,,Chrome
23356,0,primevul_corrected,,linux
31129,0,both_agree,,linux
186623,1,bigvul_only,CWE-416,Chrome
182131,1,diversevul_only,CWE-400,linux
137253,0,bigvul_only,,Chrome
7484,0,both_agree,,qemu
155381,0,bigvul_only,,Chrome
22194,0,both_agree,,linux
58779,0,both_agree,,linux
152741,0,bigvul_only,,Chrome
140207,,unmatched,,
7460,0,bigvul_only,,kde
138981,0,bigvul_only,,Chrome
69686,0,both_agree,,tor
165329,0,bigvul_only,,Chrome
117045,0,bigvul_only,,Chrome
133324,0,bigvul_only,,Chrome
104769,0,primevul_corrected,CWE-264,Chrome
29820,0,both_agree,,linux
90397,0,both_agree,,linux
171987,0,bigvul_only,,Android
143642,0,bigvul_only,,Chrome
31007,0,both_agree,,linux
69950,0,diversevul_only,,redis
181360,1,both_agree,CWE-404,linux
151954,0,bigvul_only,,Chrome
82797,0,both_agree,,radare2
126001,0,bigvul_only,,Chrome
102865,0,bigvul_only,,Chrome
110009,0,bigvul_only,,Chrome
136184,0,bigvul_only,,Chrome
109634,0,bigvul_only,,Chrome
176761,0,primevul_corrected,CWE-119,Android
151918,0,bigvul_only,,Chrome
179355,1,both_agree,CWE-200,linux
144553,0,bigvul_only,,Chrome
113939,0,bigvul_only,,Chrome
44153,0,both_agree,,linux
112985,0,bigvul_only,,Chrome
42471,0,diversevul_only,,linux
147594,0,bigvul_only,,Chrome
94518,0,both_agree,,linux
108045,0,bigvul_only,,Chrome
132942,0,bigvul_only,,Chrome
158836,0,primevul_corrected,CWE-20,Chrome
158011,0,bigvul_only,,Chrome
22993,0,both_agree,,linux
92520,0,both_agree,,linux
116993,0,bigvul_only,,Chrome
174331,0,bigvul_only,,Android
116947,0,bigvul_only,,Chrome
142194,0,bigvul_only,,Chrome
165365,0,bigvul_only,,Chrome
157009,0,bigvul_only,,Chrome
95269,0,primevul_corrected,CWE-20,cyrus-imapd
113407,0,primevul_corrected,,Chrome
158800,0,bigvul_only,,Chrome
157789,0,bigvul_only,,Chrome
170042,0,bigvul_only,,Chrome
17788,0,bigvul_only,,xserver
96540,0,bigvul_only,,mbedtls
44671,0,both_agree,,lxc
34015,0,both_agree,,linux
72005,0,bigvul_only,,ImageMagick
186543,,unmatched,,
105282,0,bigvul_only,,Chrome
41049,0,both_agree,,monkey
10492,0,bigvul_only,,qemu
49099,0,both_agree,,linux
30972,0,both_agree,,linux
42963,0,both_agree,,linux
138641,0,bigvul_only,,Chrome
169878,0,bigvul_only,,Chrome
119477,0,bigvul_only,,Chrome
59904,0,both_agree,,linux
99600,0,primevul_corrected,,Chrome
111468,0,bigvul_only,,Chrome
129503,,unmatched,,
88788,0,both_agree,,ssdp-responder
83052,0,both_agree,,redis
159091,0,bigvul_only,,Chrome
83782,0,both_agree,,linux
42056,0,both_agree,,linux
47918,0,both_agree,,linux
43097,0,both_agree,,linux
180776,1,both_agree,CWE-476,FreeRDP
145695,0,bigvul_only,,Chrome
56177,0,both_agree,,linux
54180,0,both_agree,,linux
94573,0,both_agree,,linux
58456,0,diversevul_only,,hexchat
117864,0,bigvul_only,,Chrome
136844,0,bigvul_only,,Chrome
79069,0,bigvul_only,,linux
132792,0,bigvul_only,,Chrome
138779,0,bigvul_only,,Chrome
35642,0,both_agree,,file
54707,0,both_agree,,linux
171786,0,bigvul_only,,Android
119740,conflict,internal_conflict,,Chrome
142574,0,bigvul_only,,Chrome
173161,0,bigvul_only,,Android
29322,0,both_agree,,linux
174351,0,bigvul_only,,Android
116363,0,bigvul_only,,Chrome
110379,,unmatched,,
82335,0,both_agree,,Espruino
1070,0,bigvul_only,,poppler
75432,0,both_agree,,radare2
31528,0,both_agree,,php-radius
103338,0,bigvul_only,,Chrome
181125,1,both_agree,CWE-125,tcpdump
152750,0,bigvul_only,,Chrome
71182,0,both_agree,,linux
58112,0,both_agree,,linux
157767,0,bigvul_only,,Chrome
88302,0,both_agree,,libexpat
32712,0,both_agree,,linux
116693,0,bigvul_only,,Chrome
3695,0,both_agree,,qemu
133185,,unmatched,,
186466,,unmatched,,
29852,0,both_agree,,linux
34623,0,both_agree,,linux
165738,0,bigvul_only,,Chrome
108789,0,bigvul_only,,Chrome
113099,0,bigvul_only,,Chrome
28384,0,both_agree,,linux
1447,0,bigvul_only,,netfilter
21217,0,both_agree,,linux
66132,0,both_agree,,linux
178937,,unmatched,,
152196,,unmatched,,
161631,0,primevul_corrected,CWE-416,Chrome
160308,0,bigvul_only,,Chrome
169221,0,bigvul_only,,Chrome
139433,0,bigvul_only,,Chrome
120128,,unmatched,,
26276,0,both_agree,,linux
134179,0,bigvul_only,,Chrome
164368,0,bigvul_only,,Chrome
1557,0,both_agree,,ghostscript
175303,0,bigvul_only,,Android
179913,1,both_agree,,httpd
38333,0,both_agree,,linux
21914,0,both_agree,,linux
166120,0,bigvul_only,,Chrome
178123,1,bigvul_only,CWE-119,virglrenderer
16209,0,bigvul_only,,htcondor
169070,0,bigvul_only,,Chrome
31126,0,both_agree,,linux
79616,0,both_agree,,neomutt
172173,0,bigvul_only,,Android
150531,,unmatched,,
7951,0,both_agree,,qemu
59357,0,both_agree,,linux
14958,0,primevul_corrected,CWE-369,xserver
183475,1,bigvul_only,,Chrome
117708,0,bigvul_only,,Chrome
10965,0,bigvul_only,,php
178396,1,diversevul_only,,busybox
136361,0,bigvul_only,,Chrome
185219,,unmatched,,
4607,0,both_agree,,php
39064,0,both_agree,,postgres
68751,0,both_agree,,linux
10752,0,bigvul_only,,openssl
88828,0,both_agree,,linux
15354,0,both_agree,,php
153623,0,bigvul_only,,Chrome
160100,0,bigvul_only,,Chrome
171359,0,bigvul_only,,Android
8241,0,both_agree,,qemu
99231,0,bigvul_only,,Chrome
172815,0,bigvul_only,,Android
92838,0,bigvul_only,,gpac
95791,0,bigvul_only,,OpenJK
142971,0,bigvul_only,,Chrome
178043,,unmatched,,
151234,0,bigvul_only,,Chrome
58792,0,both_agree,,linux
87060,0,both_agree,,mod_auth_openidc
169860,0,bigvul_only,,Chrome
39426,0,both_agree,,linux
154636,0,bigvul_only,,Chrome
68293,0,both_agree,,linux
87672,0,both_agree,,linux
167503,0,bigvul_only,,Chrome
110174,0,bigvul_only,,Chrome
113540,0,bigvul_only,,Chrome
104869,0,bigvul_only,,Chrome
121342,0,bigvul_only,,Chrome
29474,0,both_agree,,linux
97332,0,bigvul_only,,Chrome
78570,0,both_agree,,OpenSC
115774,0,bigvul_only,,Chrome
97446,0,bigvul_only,,Chrome
29345,0,both_agree,,linux
60016,0,both_agree,,linux
126744,0,bigvul_only,,Chrome
80862,0,both_agree,,gpac
151102,0,bigvul_only,,Chrome
156597,0,bigvul_only,,Chrome
57711,0,both_agree,,linux
30557,0,both_agree,,linux
119753,0,bigvul_only,,Chrome
31032,0,both_agree,,linux
161442,0,bigvul_only,,Chrome
170688,0,bigvul_only,,Android
22230,0,both_agree,,linux
60308,0,both_agree,,linux
129314,0,bigvul_only,,Chrome
24509,0,both_agree,,linux
84696,0,both_agree,,linux
38352,0,both_agree,,linux
160598,,unmatched,,
47897,0,both_agree,,linux
40506,0,both_agree,,linux
144398,,unmatched,,
109726,0,bigvul_only,,Chrome
84724,0,both_agree,,linux
125661,0,bigvul_only,,Chrome
34988,0,both_agree,,linux
114692,0,bigvul_only,,Chrome
174091,0,bigvul_only,,Android
47724,0,both_agree,,linux
56494,0,both_agree,,linux
98166,0,bigvul_only,,Chrome
81409,0,both_agree,,linux
75950,0,both_agree,,keepalived
57650,0,both_agree,,linux
1909,0,bigvul_only,,spice
42962,0,both_agree,,linux
102776,0,bigvul_only,,Chrome
69768,0,bigvul_only,,tor
152742,0,bigvul_only,,Chrome
17683,0,bigvul_only,,xserver
37794,0,both_agree,,linux
25356,0,bigvul_only,,linux
58534,0,both_agree,,FreeRDP
181537,1,bigvul_only,CWE-119,radare2
97015,0,both_agree,,linux
71157,0,both_agree,,linux
165372,0,bigvul_only,,Chrome
4212,0,bigvul_only,,savannah
46387,0,both_agree,,linux
29500,0,both_agree,,linux
110805,0,bigvul_only,,Chrome
119309,0,bigvul_only,,Chrome
11687,0,bigvul_only,,udisks
182006,1,both_agree,CWE-119,ext-http
114880,0,bigvul_only,,Chrome
154953,,unmatched,,
114026,0,bigvul_only,,Chrome
23940,0,both_agree,,linux
129075,0,bigvul_only,,Chrome
121681,0,primevul_corrected,,Chrome
103195,0,bigvul_only,,Chrome
125375,0,bigvul_only,,Chrome
88376,0,both_agree,,faad2
70504,0,bigvul_only,,yara
102461,0,bigvul_only,,Chrome
90830,0,diversevul_only,,gpac
87536,0,diversevul_only,,FreeRDP
118791,0,bigvul_only,,Chrome
109642,0,bigvul_only,,Chrome
16095,0,both_agree,,savannah
144014,0,bigvul_only,,Chrome
106355,0,bigvul_only,,Chrome
145999,0,bigvul_only,,Chrome
146650,,unmatched,,
28937,0,both_agree,,linux
61629,0,both_agree,,FFmpeg
134320,0,bigvul_only,,Chrome
39834,0,both_agree,,linux
39708,0,both_agree,,linux
27180,0,bigvul_only,,nspluginwrapper
177881,1,primevul_corrected,CWE-476,drm
184981,0,diversevul_only,CWE-119,Chrome
69923,0,both_agree,,redis
170630,0,bigvul_only,,Android
46243,0,bigvul_only,,linux
61730,0,both_agree,,linux
139551,0,bigvul_only,,Chrome
169006,0,bigvul_only,,Chrome
126976,0,bigvul_only,,Chrome
150136,0,bigvul_only,,Chrome
47429,0,bigvul_only,,linux
68127,0,both_agree,,mod_auth_openidc
125121,0,bigvul_only,,Chrome
167651,0,bigvul_only,,Chrome
129716,0,bigvul_only,,Chrome
38239,0,both_agree,,linux
20173,0,both_agree,,linux
123631,0,bigvul_only,,Chrome
73719,0,both_agree,,libgd
179017,1,bigvul_only,CWE-399,linux
155833,0,bigvul_only,,Chrome
134059,0,bigvul_only,,Chrome
152106,0,bigvul_only,,Chrome
183158,1,both_agree,CWE-19,linux
76300,0,both_agree,,linux
95586,0,bigvul_only,,OpenJK
141304,0,bigvul_only,,Chrome
171113,0,bigvul_only,,Android
41713,0,both_agree,,linux
61593,0,both_agree,,FFmpeg
17465,0,bigvul_only,,xserver
11918,0,both_agree,,openssl
116085,0,bigvul_only,,Chrome
12599,0,bigvul_only,,qemu
4715,0,bigvul_only,,accountsservice
120419,0,bigvul_only,,Chrome
164081,0,bigvul_only,,Chrome
129093,0,bigvul_only,,Chrome
95394,0,both_agree,,proftpd
156179,0,bigvul_only,,Chrome
108940,0,bigvul_only,,Chrome
184489,1,bigvul_only,CWE-119,Chrome
98919,,unmatched,,
115057,0,bigvul_only,,Chrome
151828,0,bigvul_only,,Chrome
22010,0,bigvul_only,,raptor
117986,0,bigvul_only,,Chrome
159121,0,bigvul_only,,Chrome
42909,0,both_agree,,linux
100714,0,both_agree,,Chrome
29942,0,both_agree,,linux
32260,0,both_agree,,linux
186849,,unmatched,,
87618,0,both_agree,,FreeRDP
106466,0,bigvul_only,,Chrome
15251,0,both_agree,,php
115722,0,bigvul_only,,Chrome
20748,0,both_agree,,linux
11345,0,bigvul_only,,xserver
105292,0,bigvul_only,,Chrome
66140,0,both_agree,,media-tree
28665,0,both_agree,,linux
46674,0,bigvul_only,,linux
146216,0,bigvul_only,,Chrome
33107,0,both_agree,,linux
181555,1,both_agree,CWE-346,profanity
103015,0,bigvul_only,,Chrome
166009,0,bigvul_only,,Chrome
132667,0,bigvul_only,,Chrome
174022,0,diversevul_only,CWE-119,Android
56344,0,both_agree,,libgd
163351,0,bigvul_only,,Chrome
178827,1,both_agree,CWE-189,linux
60970,0,both_agree,,nautilus
139651,0,bigvul_only,,Chrome
77515,0,both_agree,,ovs
24572,0,both_agree,,linux
180438,conflict,internal_conflict,CWE-119,iperf
64240,0,both_agree,,httpd
87680,0,both_agree,,linux
16182,0,bigvul_only,,htcondor
69011,0,both_agree,,mapserver
103953,0,bigvul_only,,Chrome
45514,0,bigvul_only,,linux
170468,0,bigvul_only,,Android
105338,0,bigvul_only,,Chrome
149094,0,bigvul_only,,Chrome
33814,0,both_agree,,linux
186713,,unmatched,,
78729,0,both_agree,,OpenSC
42241,0,diversevul_only,,linux
126719,0,bigvul_only,,Chrome
43337,0,both_agree,,rawstudio
170869,0,bigvul_only,,Android
83678,0,both_agree,,libgit2
23489,0,both_agree,,linux
153783,0,bigvul_only,,Chrome
32051,0,both_agree,,linux
30136,0,both_agree,,linux
128498,0,bigvul_only,,Chrome
40322,0,both_agree,,linux
23107,0,diversevul_only,,linux
154534,0,bigvul_only,,Chrome
78946,0,both_agree,,libxkbcommon
39940,0,both_agree,,linux
51953,0,diversevul_only,,wireshark
14753,0,bigvul_only,,php
88826,0,both_agree,,linux
47104,0,primevul_corrected,CWE-264,linux
71231,0,both_agree,,linux
146421,0,bigvul_only,,Chrome
38911,0,both_agree,,postgres
153096,0,bigvul_only,,Chrome
112601,0,bigvul_only,,Chrome
3656,0,both_agree,,openssl
95482,0,bigvul_only,,OpenJK
170380,0,bigvul_only,,Android
32586,0,both_agree,,linux
140942,0,bigvul_only,,Chrome
70373,1,diversevul_only,CWE-476,jasper
147275,0,bigvul_only,,Chrome
177035,0,bigvul_only,,Android
175449,0,bigvul_only,,Android
12215,0,bigvul_only,,strongswan
92903,0,bigvul_only,,openssh-portable
7987,0,both_agree,,qemu
1652,0,bigvul_only,,ghostscript
20711,0,both_agree,,linux
135734,,unmatched,,
72469,0,both_agree,,php-src
136000,0,bigvul_only,,Chrome
168267,0,bigvul_only,,Chrome
165606,0,bigvul_only,,Chrome
62050,0,both_agree,,linux
5043,0,both_agree,,openssl
128083,0,bigvul_only,,Chrome
178911,1,both_agree,CWE-264,linux
146246,0,bigvul_only,,Chrome
25400,0,bigvul_only,,linux
38399,0,both_agree,,linux
51526,0,both_agree,,linux
1110,0,bigvul_only,,poppler
12729,0,both_agree,,openssl
81058,0,diversevul_only,,linux
169971,0,both_agree,,Chrome
110978,0,bigvul_only,,Chrome
111351,0,bigvul_only,,Chrome
129832,0,bigvul_only,,Chrome
58378,0,both_agree,,linux
127368,0,bigvul_only,,Chrome
137064,0,bigvul_only,,Chrome
126079,0,bigvul_only,,Chrome
163873,0,bigvul_only,,Chrome
67811,1,diversevul_only,CWE-416,linux
168407,0,bigvul_only,,Chrome
140137,0,bigvul_only,,Chrome
24425,0,diversevul_only,,linux
87970,0,both_agree,,linux
169126,0,bigvul_only,,Chrome
133911,0,primevul_corrected,CWE-287,Chrome
165048,0,bigvul_only,,Chrome
58946,0,diversevul_only,,linux
121411,0,bigvul_only,,Chrome
66432,0,both_agree,,qemu
61997,0,diversevul_only,,tcpdump
166712,0,bigvul_only,,Chrome
128171,0,bigvul_only,,Chrome
40083,0,both_agree,,linux
154734,0,bigvul_only,,Chrome
63943,0,both_agree,,FFmpeg
93642,0,both_agree,,linux
122685,0,bigvul_only,,Chrome
21471,0,both_agree,,linux
38549,0,both_agree,,linux
168037,0,bigvul_only,,Chrome
62434,0,both_agree,,tcpdump
56758,0,both_agree,,linux
174002,conflict,both_disagree,CWE-119,Android
174219,0,bigvul_only,,Android
184365,,unmatched,,
139307,0,bigvul_only,,Chrome
121284,0,bigvul_only,,Chrome
121934,0,bigvul_only,,Chrome
128621,0,bigvul_only,,Chrome
58749,0,both_agree,,linux
65316,0,both_agree,,linux
72789,0,both_agree,,jasper
181386,1,both_agree,CWE-119,linux
46718,0,primevul_corrected,CWE-264,linux
80152,0,both_agree,,gpac
56208,0,both_agree,,linux
17764,0,bigvul_only,,xserver
21281,0,both_agree,,linux
55228,0,both_agree,,linux
89267,0,both_agree,,ImageMagick
53088,0,both_agree,,linux
94317,0,both_agree,,linux
164673,0,bigvul_only,,Chrome
148766,0,bigvul_only,,Chrome
106179,,unmatched,,
126434,,unmatched,,
37504,0,both_agree,,linux
38330,0,both_agree,,linux
163580,0,both_agree,,Chrome
54814,0,both_agree,,linux
65690,0,bigvul_only,,linux
35319,0,bigvul_only,,linux
94730,0,both_agree,,linux
171070,0,bigvul_only,,Android
98925,0,bigvul_only,,Chrome
53145,0,both_agree,,linux
1651,0,bigvul_only,,ghostscript
149440,,unmatched,,
15339,0,both_agree,,php
71803,0,both_agree,,ImageMagick
155719,0,bigvul_only,,Chrome
175813,0,bigvul_only,,Android
144506,0,bigvul_only,,Chrome
156286,0,bigvul_only,,Chrome
58084,0,both_agree,,linux
20694,0,both_agree,,linux
180764,1,diversevul_only,,Little-CMS
18065,0,bigvul_only,,ghostscript
125157,,unmatched,,
6053,0,both_agree,,qemu
844,0,bigvul_only,,poppler
122699,0,bigvul_only,,Chrome
97254,0,bigvul_only,,Chrome
39325,0,both_agree,,linux
5219,0,bigvul_only,,php
173013,0,bigvul_only,,Android
112687,0,bigvul_only,,Chrome
105040,,unmatched,,
113057,0,bigvul_only,,Chrome
7525,0,bigvul_only,,savannah
103657,0,bigvul_only,,Chrome
1863,0,primevul_corrected,CWE-119,spice
45029,0,both_agree,,linux
62188,0,bigvul_only,,rufus
48624,0,both_agree,,linux
104579,0,bigvul_only,,Chrome
131437,0,bigvul_only,,Chrome
41150,0,both_agree,,linux
186812,,unmatched,,
64833,,unmatched,,
125707,0,bigvul_only,,Chrome
181876,conflict,both_disagree,,jasper
38016,0,both_agree,,linux
4401,0,both_agree,,php
137680,,unmatched,,
112374,0,bigvul_only,,Chrome
57011,0,both_agree,,linux
111900,0,bigvul_only,,Chrome
42309,0,both_agree,,linux
77695,0,diversevul_only,,ovs
118523,0,bigvul_only,,Chrome
76019,0,both_agree,,keepalived
20675,0,both_agree,,linux
184336,,unmatched,,
182102,conflict,both_disagree,,libarchive
45783,0,bigvul_only,,linux
30223,0,both_agree,,linux
120121,0,bigvul_only,,Chrome
86035,0,both_agree,,linux
98175,0,bigvul_only,,Chrome
164037,0,bigvul_only,,Chrome
114151,,unmatched,,
5373,0,both_agree,,ghostscript
18537,0,both_agree,,linux
94494,0,both_agree,,linux
43483,0,both_agree,,linux
53451,0,both_agree,,iperf
22980,0,both_agree,,linux
19918,0,both_agree,,linux
125117,0,bigvul_only,,Chrome
87091,0,both_agree,,cJSON
39282,0,both_agree,,linux
23138,0,both_agree,,linux
142762,0,bigvul_only,,Chrome
173751,0,bigvul_only,,Android
158949,0,bigvul_only,,Chrome
6231,0,both_agree,,qemu
79517,0,both_agree,,neomutt
103115,0,bigvul_only,,Chrome
66397,0,both_agree,,qemu
81047,0,both_agree,,linux
31991,0,both_agree,,linux
40097,0,both_agree,,linux
87282,0,both_agree,,ImageMagick
155695,,unmatched,,
84471,0,diversevul_only,,w3m
125014,0,bigvul_only,,Chrome
147936,0,bigvul_only,,Chrome
61606,0,both_agree,,FFmpeg
171803,0,bigvul_only,,Android
8622,0,both_agree,,qemu
170564,0,bigvul_only,,Android
69736,0,both_agree,,tor
28165,0,both_agree,,FFmpeg
162364,0,bigvul_only,,Chrome
15979,0,bigvul_only,,exempi
90643,0,both_agree,,libarchive
163133,0,bigvul_only,,Chrome
37211,0,both_agree,,linux
608,0,bigvul_only,,ghostscript
32336,0,both_agree,,linux
28971,0,both_agree,,linux
95860,0,bigvul_only,,OpenJK
165012,0,bigvul_only,,Chrome
38220,0,both_agree,,linux
63095,0,both_agree,,linux
16411,,unmatched,,
13983,0,both_agree,,ghostscript
185056,conflict,internal_conflict,,Chrome
100547,0,bigvul_only,,Chrome
123606,0,bigvul_only,,Chrome
21172,0,both_agree,,linux
141026,0,bigvul_only,,Chrome
46849,0,bigvul_only,,linux
92620,0,both_agree,,linux
100047,0,bigvul_only,,Chrome
24014,0,both_agree,,linux
117159,0,bigvul_only,,Chrome
67719,0,bigvul_only,,linux
22893,0,both_agree,,linux
142772,0,bigvul_only,,Chrome
40451,0,both_agree,,linux
161913,0,bigvul_only,,Chrome
87064,0,bigvul_only,,mod_auth_openidc
100183,0,bigvul_only,,Chrome
4563,0,bigvul_only,,php
149073,,unmatched,,
73550,0,diversevul_only,,ImageMagick
67634,0,both_agree,,linux
65797,0,diversevul_only,,linux
50147,0,bigvul_only,,php-src
91321,0,both_agree,,linux
37494,0,bigvul_only,,linux
11351,0,bigvul_only,,xserver
94672,0,both_agree,,openssl
10617,0,bigvul_only,,savannah
93536,0,both_agree,,linux
173229,0,bigvul_only,,Android
114964,0,bigvul_only,,Chrome
138956,0,bigvul_only,,Chrome
162252,0,bigvul_only,,Chrome
21248,0,both_agree,,linux
110239,,unmatched,,
134178,0,bigvul_only,,Chrome
117762,0,bigvul_only,,Chrome
56304,0,both_agree,,libgd
43666,0,both_agree,,linux
14249,0,both_agree,,php
171507,0,bigvul_only,,Android
99177,0,bigvul_only,,Chrome
57449,0,diversevul_only,,linux
113794,,unmatched,,
90400,0,both_agree,,linux
133200,0,bigvul_only,,Chrome
48995,0,bigvul_only,,linux
97572,0,diversevul_only,,libxml2
57209,0,bigvul_only,,linux
34372,0,both_agree,,linux
187947,,unmatched,,
115198,0,bigvul_only,,Chrome
124588,,unmatched,,
51153,0,both_agree,,linux
104296,0,bigvul_only,,Chrome
59034,0,diversevul_only,,tcmu-runner
166781,0,bigvul_only,,Chrome
96368,0,both_agree,,kvm-guest-drivers-windows
140434,0,bigvul_only,,Chrome
178959,1,bigvul_only,CWE-399,linux
18815,0,both_agree,,linux
167783,0,bigvul_only,,Chrome
187859,,unmatched,,
144549,0,bigvul_only,,Chrome
128642,0,bigvul_only,,Chrome
8905,0,both_agree,,virglrenderer
50732,0,both_agree,,collectd
187711,,unmatched,,
162650,0,bigvul_only,,Chrome
1721,0,diversevul_only,,ghostpdl
867,0,primevul_corrected,CWE-189,poppler
21582,0,both_agree,,linux
62960,0,both_agree,,linux
179999,1,both_agree,,openssl
145673,0,bigvul_only,,Chrome
179597,1,diversevul_only,CWE-189,php
44408,0,bigvul_only,,lxcfs
111467,0,bigvul_only,,Chrome
154238,0,bigvul_only,,Chrome
62244,0,bigvul_only,,tcpdump
68017,conflict,both_disagree,,ImageMagick
12193,0,both_agree,,qemu
8543,0,bigvul_only,,tartarus
67912,0,diversevul_only,,jasper
46338,0,bigvul_only,,linux
71769,0,bigvul_only,,ImageMagick
178748,1,both_agree,CWE-20,jabberd2
137972,0,bigvul_only,,Chrome
116573,0,bigvul_only,,Chrome
165828,0,bigvul_only,,Chrome
70559,0,both_agree,,linux
114154,0,bigvul_only,,Chrome
8413,0,bigvul_only,,qemu
96855,0,both_agree,,linux
64615,0,both_agree,,jerryscript
137600,0,bigvul_only,,Chrome
176438,0,bigvul_only,,Android
29291,0,diversevul_only,,linux
133560,0,bigvul_only,,Chrome
106,0,both_agree,,php
72311,0,bigvul_only,,src
49338,0,both_agree,,linux
27568,0,both_agree,,linux
45901,0,primevul_corrected,CWE-264,linux
89092,0,both_agree,,linux
41593,0,diversevul_only,,net
110909,0,bigvul_only,,Chrome
124225,0,bigvul_only,,Chrome
40791,0,both_agree,,linux
93776,0,both_agree,,libvirt
32078,0,both_agree,,linux
53273,0,diversevul_only,,atheme
132180,0,bigvul_only,,Chrome
164123,0,bigvul_only,,Chrome
48404,0,both_agree,,libtiff
5870,0,both_agree,,qemu
104511,0,bigvul_only,,Chrome
76751,0,both_agree,,liblouis
167727,0,bigvul_only,,Chrome
152572,0,bigvul_only,,Chrome
48867,0,bigvul_only,,linux
101918,,unmatched,,
149560,0,bigvul_only,,Chrome
90464,0,both_agree,,linux
187014,,unmatched,,
83889,0,both_agree,,libvips
20225,0,both_agree,,linux
108779,0,bigvul_only,,Chrome
37651,0,both_agree,,linux
28026,0,both_agree,,FFmpeg
176525,0,bigvul_only,,Android
173329,0,bigvul_only,,Android
150746,0,bigvul_only,,Chrome
48976,0,both_agree,,linux
83564,0,both_agree,,FreeRDP
66045,0,both_agree,,yara
99470,0,bigvul_only,,Chrome
34928,0,both_agree,,linux
123321,0,bigvul_only,,Chrome
122598,0,bigvul_only,,Chrome
124068,0,bigvul_only,,Chrome
35602,0,both_agree,,linux
97430,0,bigvul_only,,Chrome
186275,1,bigvul_only,CWE-416,Chrome
44352,0,both_agree,,linux
3314,0,both_agree,,qemu
25158,0,bigvul_only,,linux
29397,0,both_agree,,linux
164158,0,bigvul_only,,Chrome
68971,0,diversevul_only,,mapserver
162480,,unmatched,,
66388,0,both_agree,,qemu
134028,0,bigvul_only,,Chrome
26093,0,both_agree,,linux
24778,0,both_agree,,linux
88135,0,both_agree,,linux
10141,0,bigvul_only,,savannah
95664,0,both_agree,,OpenJK
88422,0,bigvul_only,,libpcap
65025,1,diversevul_only,CWE-20,linux
104026,0,bigvul_only,,Chrome
80753,0,both_agree,,gpac
103763,,unmatched,,
150912,0,bigvul_only,,Chrome
150849,,unmatched,,
6934,0,primevul_corrected,CWE-200,haproxy
8621,0,bigvul_only,,qemu
89419,0,both_agree,,irssi
143039,0,bigvul_only,,Chrome
3908,0,primevul_corrected,CWE-119,poppler
95541,0,bigvul_only,,OpenJK
31361,0,both_agree,,linux
64065,0,bigvul_only,,FFmpeg
40600,conflict,both_disagree,,linux
8957,0,both_agree,,qemu
114695,0,bigvul_only,,Chrome
71013,0,bigvul_only,,Little-CMS
26591,0,both_agree,,linux
143261,,unmatched,,
5044,0,both_agree,,openssl
181255,1,both_agree,CWE-787,radare2
127210,0,bigvul_only,,Chrome
22678,0,bigvul_only,,linux
127384,,unmatched,,
132526,0,bigvul_only,,Chrome
13972,0,both_agree,,ghostscript
38020,0,both_agree,,linux
129849,0,bigvul_only,,Chrome
171776,,unmatched,,
131254,,unmatched,,
77356,0,primevul_corrected,CWE-617,ovs
35359,0,bigvul_only,,linux
157779,,unmatched,,
96741,0,both_agree,,ImageMagick6
86272,0,both_agree,,linux
153663,0,bigvul_only,,Chrome
158707,0,bigvul_only,,Chrome
156858,0,bigvul_only,,Chrome
5395,0,both_agree,,ghostscript
33483,0,both_agree,,linux
27153,0,diversevul_only,,nspluginwrapper
126444,0,bigvul_only,,Chrome
8153,0,both_agree,,poppler
64826,0,bigvul_only,,imageworsener
182838,1,both_agree,CWE-476,miniupnp
107809,0,bigvul_only,,Chrome
177458,0,bigvul_only,,Android
20602,conflict,both_disagree,,linux
51207,0,both_agree,,libarchive
107075,0,bigvul_only,,Chrome
115727,0,bigvul_only,,Chrome
117645,0,bigvul_only,,Chrome
111437,0,bigvul_only,,Chrome
187295,,unmatched,,
46601,0,bigvul_only,,linux
180309,1,diversevul_only,CWE-20,libarchive
67549,0,both_agree,,linux
10628,0,bigvul_only,,savannah
61967,0,bigvul_only,,linux
168415,0,bigvul_only,,Chrome
172109,0,bigvul_only,,Android
106530,0,bigvul_only,,Chrome
138631,,unmatched,,
79708,0,both_agree,,radare2
156891,0,bigvul_only,,Chrome
47576,0,primevul_corrected,CWE-264,linux
73826,0,both_agree,,ext-http
36681,0,both_agree,,cgminer
51927,0,both_agree,,wireshark
96587,0,bigvul_only,,mbedtls
126436,0,bigvul_only,,Chrome
121524,0,bigvul_only,,Chrome
24613,0,both_agree,,linux
133895,0,bigvul_only,,Chrome
152700,0,bigvul_only,,Chrome
92302,0,both_agree,,libexpat
138849,0,bigvul_only,,Chrome
35626,0,both_agree,,linux
134600,0,bigvul_only,,Chrome
86040,0,both_agree,,linux
40464,0,both_agree,,linux
181114,1,both_agree,CWE-125,tcpdump
165120,,unmatched,,
138187,0,bigvul_only,,Chrome
60176,0,both_agree,,radare2
64380,0,both_agree,,linux
144455,0,bigvul_only,,Chrome
14158,0,bigvul_only,,xserver
107202,0,bigvul_only,,Chrome
62720,0,both_agree,,ImageMagick
57929,0,both_agree,,linux
145396,,unmatched,,
73478,0,bigvul_only,,ImageMagick
31920,0,both_agree,,linux
140173,,unmatched,,
91396,0,both_agree,,linux
20838,0,both_agree,,linux
68621,0,both_agree,,libarchive
56321,0,both_agree,,libgd
8480,0,bigvul_only,,gstreamer
49418,0,both_agree,,linux
6283,0,bigvul_only,,php
9628,0,bigvul_only,,php
104853,0,bigvul_only,,Chrome
66651,0,both_agree,,linux
121710,0,bigvul_only,,Chrome
41885,0,diversevul_only,,net
82030,0,both_agree,,radare2
6463,0,both_agree,,lxde
168024,,unmatched,,
162163,0,bigvul_only,,Chrome
170772,0,bigvul_only,,Android
69853,0,both_agree,,tor
34405,0,both_agree,,linux
122866,0,bigvul_only,,Chrome
6787,0,bigvul_only,,haproxy
49372,0,both_agree,,linux
128011,0,bigvul_only,,Chrome
109142,0,bigvul_only,,Chrome
123823,0,bigvul_only,,Chrome
88323,0,both_agree,,fontforge
164967,0,bigvul_only,,Chrome
128680,0,bigvul_only,,Chrome
181508,1,diversevul_only,,ettercap
44650,0,both_agree,,lxc
99214,,unmatched,,
155664,0,bigvul_only,,Chrome
151371,0,bigvul_only,,Chrome
148856,0,bigvul_only,,Chrome
177108,,unmatched,,
97915,0,bigvul_only,,Chrome
161668,0,bigvul_only,,Chrome
173878,0,both_agree,,Android
41637,0,both_agree,,linux
180733,1,both_agree,,linux
174283,0,primevul_corrected,CWE-264,Android
170905,0,bigvul_only,,Android
52631,0,both_agree,,linux
91143,0,bigvul_only,,linux
92098,0,both_agree,,linux
53481,0,both_agree,,libarchive
110049,0,bigvul_only,,Chrome
125219,0,bigvul_only,,Chrome
74327,0,both_agree,,libinfinity
94354,0,bigvul_only,,linux
135972,0,bigvul_only,,Chrome
157038,0,bigvul_only,,Chrome
79870,0,both_agree,,FFmpeg
76265,0,both_agree,,linux
17262,0,primevul_corrected,CWE-125,savannah
82213,0,both_agree,,linux
23016,0,bigvul_only,,linux
109195,0,bigvul_only,,Chrome
23520,0,bigvul_only,,linux
119264,0,bigvul_only,,Chrome
34050,0,both_agree,,libarchive
168454,0,bigvul_only,,Chrome
19518,0,both_agree,,linux
22279,0,both_agree,,linux
103343,0,bigvul_only,,Chrome
32059,0,both_agree,,linux
4895,0,bigvul_only,,xserver
106405,0,bigvul_only,,Chrome
177159,conflict,internal_conflict,CWE-20,Android
5029,0,both_agree,,openssl
146287,0,bigvul_only,,Chrome
53908,0,both_agree,,libndp
49057,0,both_agree,,linux
39010,0,both_agree,,postgres
96505,0,both_agree,,suricata
147102,0,bigvul_only,,Chrome
113864,0,bigvul_only,,Chrome
74198,0,both_agree,,ntp
117197,0,bigvul_only,,Chrome
173543,0,bigvul_only,,Android
51273,0,bigvul_only,,php-src
20980,0,both_agree,,linux
127853,0,bigvul_only,,Chrome
8475,0,bigvul_only,,gstreamer
42418,0,both_agree,,linux
163996,0,bigvul_only,,Chrome
162593,0,bigvul_only,,Chrome
147191,0,bigvul_only,,Chrome
55066,0,both_agree,,git
87063,0,both_agree,,mod_auth_openidc
185005,1,bigvul_only,,Chrome
150130,0,bigvul_only,,Chrome
74162,0,both_agree,,ntp
54380,0,both_agree,,php-src
147461,0,bigvul_only,,Chrome
30338,0,both_agree,,linux
124256,0,bigvul_only,,Chrome
64708,0,bigvul_only,,oniguruma
133095,0,bigvul_only,,Chrome
153609,,unmatched,,
90459,0,both_agree,,linux
145378,0,primevul_corrected,CWE-200,Chrome
26757,0,bigvul_only,,linux
171247,,unmatched,,
110242,0,bigvul_only,,Chrome
144499,0,bigvul_only,,Chrome
66321,0,both_agree,,qemu
162731,0,bigvul_only,,Chrome
34592,0,both_agree,,krb5
36487,0,both_agree,,linux
17962,0,both_agree,,mindrot
94854,0,both_agree,,ImageMagick
6935,0,bigvul_only,,savannah
61497,0,bigvul_only,,ImageMagick
145766,0,bigvul_only,,Chrome
119184,0,bigvul_only,,Chrome
122722,0,bigvul_only,,Chrome
3736,0,both_agree,,dbus
107060,0,bigvul_only,,Chrome
63286,0,bigvul_only,,wildmidi
47621,0,bigvul_only,,linux
74695,0,both_agree,,linux
86502,0,both_agree,,util-linux
82291,0,both_agree,,Espruino
125293,0,bigvul_only,,Chrome
181928,1,diversevul_only,CWE-476,jasper
120576,0,bigvul_only,,Chrome
4697,conflict,both_disagree,,php
3358,0,diversevul_only,,ghostpdl
111796,,unmatched,,
6017,0,both_agree,,qemu
172744,0,primevul_corrected,CWE-119,Android
173639,0,bigvul_only,,Android
113479,0,bigvul_only,,Chrome
40685,0,both_agree,,linux
134727,0,bigvul_only,,Chrome
158985,0,bigvul_only,,Chrome
81956,0,both_agree,,redis
124758,,unmatched,,
114350,0,bigvul_only,,Chrome
41401,0,both_agree,,linux
44312,0,both_agree,,linux
47051,0,primevul_corrected,CWE-264,linux
95086,0,both_agree,,ImageMagick
131497,0,bigvul_only,,Chrome
146414,0,bigvul_only,,Chrome
7391,0,both_agree,,php
112439,,unmatched,,
26141,0,diversevul_only,,linux
115393,0,bigvul_only,,Chrome
84070,0,both_agree,,linux
185966,,unmatched,,
82571,0,both_agree,,Espruino
164441,0,both_agree,,Chrome
12306,0,bigvul_only,,gnupg
139766,,unmatched,,
10167,0,bigvul_only,,savannah
124557,,unmatched,,
127161,0,bigvul_only,,Chrome
119262,0,bigvul_only,,Chrome
151240,0,bigvul_only,,Chrome
60134,0,both_agree,,radare2
102122,0,bigvul_only,,Chrome
7546,0,both_agree,,savannah
187397,1,bigvul_only,CWE-189,Android
8361,conflict,both_disagree,,qemu
14373,,unmatched,,
155005,0,bigvul_only,,Chrome
67872,0,both_agree,,libsndfile
50109,0,bigvul_only,,curl
28478,0,both_agree,,linux
144029,0,bigvul_only,,Chrome
175697,0,bigvul_only,,Android
117575,0,bigvul_only,,Chrome
104320,0,bigvul_only,,Chrome
86526,0,bigvul_only,,curl
21056,0,both_agree,,linux
83994,0,both_agree,,gpac
5443,0,both_agree,,ghostscript
172410,0,bigvul_only,,Android
26376,0,bigvul_only,,linux
68073,0,both_agree,,ettercap
74299,0,bigvul_only,,squashfs-tools
120640,0,bigvul_only,,Chrome
90690,0,both_agree,,mujs
134228,0,bigvul_only,,Chrome
136836,0,bigvul_only,,Chrome
14284,0,bigvul_only,,php
3072,0,both_agree,,ghostscript
77358,0,bigvul_only,,ovs
27583,0,both_agree,,linux
84171,0,both_agree,,leptonica
155001,0,bigvul_only,,Chrome
58570,0,both_agree,,FreeRDP
146940,0,bigvul_only,,Chrome
102496,0,bigvul_only,,Chrome
10774,0,both_agree,,openssl
45235,0,both_agree,,libsndfile
12830,0,both_agree,,openssl
23851,0,both_agree,,linux
82095,0,both_agree,,mruby
179594,1,both_agree,CWE-20,linux
72584,0,both_agree,,linux
43646,0,both_agree,,linux
7334,0,both_agree,,savannah
56341,0,both_agree,,libgd
57071,0,bigvul_only,,linux
80335,0,diversevul_only,,gpac
122642,0,bigvul_only,,Chrome
29084,0,both_agree,,linux
10076,0,bigvul_only,,savannah
185645,,unmatched,,
143966,0,bigvul_only,,Chrome
26693,0,both_agree,,linux
3910,0,bigvul_only,,poppler
180668,1,both_agree,,linux
181922,1,diversevul_only,,jasper
95185,0,bigvul_only,,cyrus-imapd
148203,,unmatched,,
171142,0,bigvul_only,,Android
9376,0,both_agree,,openssl
128929,0,bigvul_only,,Chrome
15810,0,bigvul_only,,samba
11082,0,both_agree,,samba
107602,0,bigvul_only,,Chrome
108761,0,bigvul_only,,Chrome
123731,0,bigvul_only,,Chrome
28050,0,both_agree,,FFmpeg
37914,0,both_agree,,linux
85593,0,both_agree,,linux
78962,0,both_agree,,libxkbcommon
164947,0,bigvul_only,,Chrome
126898,0,bigvul_only,,Chrome
33931,0,both_agree,,pacemaker
136648,0,bigvul_only,,Chrome
123250,0,bigvul_only,,Chrome
57686,0,bigvul_only,,linux
116515,0,bigvul_only,,Chrome
107492,0,bigvul_only,,Chrome
112791,0,bigvul_only,,Chrome
98907,0,bigvul_only,,Chrome
36569,0,both_agree,,sgminer
127416,0,bigvul_only,,Chrome
17871,conflict,both_disagree,,qemu
3769,0,bigvul_only,,dbus
171051,0,bigvul_only,,Android
152634,0,bigvul_only,,Chrome
88477,0,both_agree,,ImageMagick6
151246,0,bigvul_only,,Chrome
142289,0,bigvul_only,,Chrome
15073,0,bigvul_only,,php
146065,0,bigvul_only,,Chrome
88679,0,both_agree,,linux
19666,0,diversevul_only,,linux
109066,0,bigvul_only,,Chrome
121333,0,bigvul_only,,Chrome
164977,0,bigvul_only,,Chrome
186588,,unmatched,,
174342,0,primevul_corrected,CWE-264,Android
4130,0,primevul_corrected,,poppler
86866,0,both_agree,,optee_os
92041,0,both_agree,,linux
162474,0,bigvul_only,,Chrome
65418,0,bigvul_only,,linux
5832,0,both_agree,,qemu
113105,0,bigvul_only,,Chrome
10221,0,bigvul_only,,savannah
161144,0,bigvul_only,,Chrome
47471,0,bigvul_only,,linux
72347,,unmatched,,
165531,0,bigvul_only,,Chrome
167861,0,bigvul_only,,Chrome
7827,0,bigvul_only,,savannah
70955,0,bigvul_only,,Little-CMS
149167,0,bigvul_only,,Chrome
11704,0,bigvul_only,,udisks
15819,0,both_agree,,qemu
18012,0,primevul_corrected,CWE-119,ghostscript
94600,0,both_agree,,linux
170813,0,bigvul_only,,Android
158281,0,bigvul_only,,Chrome
1297,0,bigvul_only,,poppler
24545,0,both_agree,,linux
36000,0,both_agree,,linux
132616,0,bigvul_only,,Chrome
110446,0,bigvul_only,,Chrome
130088,0,bigvul_only,,Chrome
50957,0,both_agree,,linux
140649,0,bigvul_only,,Chrome
131588,0,bigvul_only,,Chrome
114313,0,bigvul_only,,Chrome
47928,0,both_agree,,linux
168716,0,bigvul_only,,Chrome
139259,0,bigvul_only,,Chrome
82454,0,bigvul_only,,Espruino
37366,0,both_agree,,linux
51314,0,bigvul_only,,php-src
111042,0,bigvul_only,,Chrome
166617,0,bigvul_only,,Chrome
109241,0,bigvul_only,,Chrome
180079,,unmatched,,
172093,,unmatched,,
73472,0,bigvul_only,,ImageMagick
79974,0,both_agree,,linux
138594,0,bigvul_only,,Chrome
169815,0,bigvul_only,,Chrome
171594,0,bigvul_only,,Android
103149,0,bigvul_only,,Chrome
169250,0,bigvul_only,,Chrome
52023,0,both_agree,,wireshark
83735,0,diversevul_only,,libgit2
185187,1,bigvul_only,CWE-399,Chrome
45476,0,diversevul_only,,linux
17560,0,bigvul_only,,xserver
153025,0,bigvul_only,,Chrome
78487,0,both_agree,,OpenSC
80762,0,both_agree,,gpac
150180,0,bigvul_only,,Chrome
64637,0,both_agree,,linux
107388,0,bigvul_only,,Chrome
115551,0,bigvul_only,,Chrome
16614,,unmatched,,
110690,0,bigvul_only,,Chrome
171100,0,bigvul_only,,Android
59889,0,both_agree,,linux
116767,0,bigvul_only,,Chrome
142899,0,primevul_corrected,,Chrome
76600,0,both_agree,,git
184035,1,bigvul_only,CWE-20,Chrome
178818,1,both_agree,,krb5
111363,0,bigvul_only,,Chrome
161126,0,bigvul_only,,Chrome
162833,0,bigvul_only,,Chrome
171635,0,bigvul_only,,Android
113634,0,bigvul_only,,Chrome
135617,0,bigvul_only,,Chrome
6296,0,bigvul_only,,php
34878,0,both_agree,,linux
104978,0,bigvul_only,,Chrome
9431,0,primevul_corrected,CWE-20,openssl
52898,0,both_agree,,linux
162274,0,bigvul_only,,Chrome
112774,0,bigvul_only,,Chrome
127281,0,bigvul_only,,Chrome
95613,,unmatched,,
169718,0,bigvul_only,,Chrome
77967,0,diversevul_only,,ImageMagick
90814,0,both_agree,,gpac
100334,0,bigvul_only,,Chrome
182217,1,both_agree,CWE-190,Little-CMS
106484,0,bigvul_only,,Chrome
89276,conflict,both_disagree,,ImageMagick
94684,0,diversevul_only,,openssl
157400,0,bigvul_only,,Chrome
114185,,unmatched,,
91364,0,diversevul_only,,ImageMagick
113344,0,bigvul_only,,Chrome
65230,,unmatched,,
166280,0,bigvul_only,,Chrome
184916,1,bigvul_only,,Chrome
100518,0,bigvul_only,,Chrome
141694,0,bigvul_only,,Chrome
173522,0,bigvul_only,,Android
67973,0,both_agree,,jasper
82794,0,both_agree,,radare2
75943,0,both_agree,,keepalived
87729,0,both_agree,,linux
143813,0,bigvul_only,,Chrome
186203,1,bigvul_only,CWE-254,Chrome
113258,0,bigvul_only,,Chrome
58115,0,both_agree,,linux
32091,0,both_agree,,linux
5140,0,primevul_corrected,,php
86627,0,both_agree,,linux
142546,0,bigvul_only,,Chrome
10237,0,bigvul_only,,savannah
67183,0,both_agree,,linux
60175,0,both_agree,,radare2
21375,0,bigvul_only,,linux
173651,0,bigvul_only,,Android
10145,0,bigvul_only,,savannah
9635,conflict,internal_conflict,,php-src
152652,0,primevul_corrected,CWE-1021,Chrome
115306,0,bigvul_only,,Chrome
59950,0,diversevul_only,,linux
148406,0,bigvul_only,,Chrome
100497,0,bigvul_only,,Chrome
136987,0,bigvul_only,,Chrome
156079,0,bigvul_only,,Chrome
62139,0,both_agree,,ImageMagick
103661,0,bigvul_only,,Chrome
185794,,unmatched,,
41422,0,both_agree,,linux
43076,0,both_agree,,linux
27830,0,both_agree,,linux
121088,0,bigvul_only,,Chrome
84613,0,both_agree,,w3m
174131,0,bigvul_only,,Android
135927,0,bigvul_only,,Chrome
59298,0,both_agree,,linux
47082,0,primevul_corrected,CWE-264,linux
159813,0,bigvul_only,,Chrome
8101,0,both_agree,,poppler
171848,0,bigvul_only,,Android
186614,,unmatched,,
73480,0,bigvul_only,,ImageMagick
42851,0,both_agree,,libreport
2554,0,bigvul_only,,postgresql
166787,0,bigvul_only,,Chrome
112060,0,bigvul_only,,Chrome
135971,0,bigvul_only,,Chrome
1234,0,bigvul_only,,poppler
184772,1,bigvul_only,,Chrome
60705,0,both_agree,,linux
7930,0,both_agree,,ghostscript
30695,0,both_agree,,linux
23558,0,both_agree,,linux
42627,0,both_agree,,linux
141761,0,bigvul_only,,Chrome
132876,0,bigvul_only,,Chrome
128449,0,bigvul_only,,Chrome
117991,0,bigvul_only,,Chrome
59223,0,both_agree,,heimdal
111262,,unmatched,,
42867,0,both_agree,,libreport
34226,0,both_agree,,linux
119492,0,bigvul_only,,Chrome
159808,0,bigvul_only,,Chrome
25397,0,bigvul_only,,linux
81778,0,both_agree,,FFmpeg
175068,,unmatched,,
73743,0,both_agree,,ImageMagick
66258,0,both_agree,,varnish-cache
14987,0,bigvul_only,,xserver
45684,0,bigvul_only,,linux
175537,0,bigvul_only,,Android
5827,0,both_agree,,qemu
140072,0,bigvul_only,,Chrome
139721,0,bigvul_only,,Chrome
52629,0,both_agree,,linux
177183,0,bigvul_only,,Android
6091,0,both_agree,,qemu
9987,0,both_agree,,savannah
77881,0,both_agree,,mongo-c-driver
96785,0,both_agree,,linux
40473,0,both_agree,,linux
24362,0,both_agree,,linux
89706,0,both_agree,,linux
20805,0,both_agree,,linux
117058,0,bigvul_only,,Chrome
169795,0,bigvul_only,,Chrome
16134,0,bigvul_only,,htcondor
94872,0,both_agree,,linux
127228,0,bigvul_only,,Chrome
28774,0,bigvul_only,,linux
48006,0,both_agree,,linux
43025,0,both_agree,,linux
19296,0,both_agree,,linux
134089,0,bigvul_only,,Chrome
99502,0,bigvul_only,,Chrome
36737,0,both_agree,,krb5
124492,0,bigvul_only,,Chrome
144319,0,bigvul_only,,Chrome
122522,0,bigvul_only,,Chrome
15814,0,both_agree,,qemu
48320,0,both_agree,,libtiff
16922,0,both_agree,,qemu
106865,0,bigvul_only,,Chrome
2745,0,primevul_corrected,CWE-20,dbus
148069,0,bigvul_only,,Chrome
127963,0,bigvul_only,,Chrome
89271,0,both_agree,,ImageMagick
42083,0,both_agree,,openssh-portable
33353,0,both_agree,,linux
123192,0,bigvul_only,,Chrome
52015,0,both_agree,,wireshark
61647,0,both_agree,,libarchive
83807,0,both_agree,,linux
126971,0,bigvul_only,,Chrome
144551,0,bigvul_only,,Chrome
79358,0,both_agree,,FFmpeg
59041,0,both_agree,,tcmu-runner
130382,0,primevul_corrected,,Chrome
170632,0,bigvul_only,,Android
147744,0,bigvul_only,,Chrome
153904,0,bigvul_only,,Chrome
138720,0,bigvul_only,,Chrome
76646,0,both_agree,,texlive-source
96115,conflict,internal_conflict,CWE-787,ImageMagick
45974,0,bigvul_only,,file
130822,,unmatched,,
174675,0,bigvul_only,,Android
124727,0,bigvul_only,,Chrome
158555,0,bigvul_only,,Chrome
177432,0,bigvul_only,,Android
3261,0,diversevul_only,,ghostpdl
145886,0,bigvul_only,,Chrome
127732,0,bigvul_only,,Chrome
108579,0,bigvul_only,,Chrome
181213,1,diversevul_only,CWE-617,krb5
70549,0,both_agree,,linux
31475,0,both_agree,,linux
87429,0,both_agree,,FreeRDP
149386,0,bigvul_only,,Chrome
89902,0,both_agree,,heimdal
45812,0,bigvul_only,,linux
16494,0,bigvul_only,,htcondor
9390,0,both_agree,,openssl
156006,0,bigvul_only,,Chrome
27668,0,both_agree,,linux
51240,0,diversevul_only,,linux
140846,0,bigvul_only,,Chrome
160005,0,bigvul_only,,Chrome
43897,0,both_agree,,libarchive
161757,0,bigvul_only,,Chrome
2290,0,diversevul_only,,samba
112189,,unmatched,,
36418,0,both_agree,,linux
140551,0,bigvul_only,,Chrome
99486,0,bigvul_only,,Chrome
51716,0,both_agree,,wireshark
157161,0,bigvul_only,,Chrome
163416,,unmatched,,
31514,0,both_agree,,php-radius
7016,0,bigvul_only,,savannah
30798,0,both_agree,,linux
35893,0,both_agree,,linux
186631,,unmatched,,
92911,0,both_agree,,rdesktop
102120,0,bigvul_only,,Chrome
162221,0,bigvul_only,,Chrome
110653,0,bigvul_only,,Chrome
179789,1,diversevul_only,CWE-189,linux
71250,0,both_agree,,linux
176069,0,bigvul_only,,Android
176732,0,bigvul_only,,Android
85463,0,both_agree,,linux
54796,0,both_agree,,linux
125251,,unmatched,,
61683,0,both_agree,,openjpeg
87844,0,diversevul_only,,oniguruma
107540,0,bigvul_only,,Chrome
114838,0,bigvul_only,,Chrome
158019,0,bigvul_only,,Chrome
104466,0,primevul_corrected,CWE-189,Chrome
18663,0,both_agree,,linux
110251,0,bigvul_only,,Chrome
57838,0,both_agree,,linux
39543,0,diversevul_only,,linux
184259,,unmatched,,
3014,0,both_agree,,qemu
71914,0,both_agree,,ImageMagick
141848,0,bigvul_only,,Chrome
141395,0,bigvul_only,,Chrome
159190,0,bigvul_only,,Chrome
180046,1,both_agree,CWE-787,libtiff
66324,0,both_agree,,qemu
90427,0,both_agree,,linux
137895,0,bigvul_only,,Chrome
99826,0,bigvul_only,,Chrome
6882,0,bigvul_only,,haproxy
176844,0,bigvul_only,,Android
24873,0,both_agree,,linux
132201,0,bigvul_only,,Chrome
70655,0,both_agree,,libevent
148680,0,bigvul_only,,Chrome
100686,0,both_agree,,Chrome
45985,0,bigvul_only,,file
130591,0,bigvul_only,,Chrome
50901,0,diversevul_only,,libarchive
7045,0,bigvul_only,,savannah
143551,0,bigvul_only,,Chrome
812,0,bigvul_only,,poppler
130635,0,bigvul_only,,Chrome
120366,0,bigvul_only,,Chrome
137585,0,bigvul_only,,Chrome
50517,0,both_agree,,linux
162596,0,bigvul_only,,Chrome
172058,0,bigvul_only,,Android
48606,0,both_agree,,linux
63534,0,both_agree,,linux
58204,0,both_agree,,linux
32103,0,both_agree,,linux
2029,0,both_agree,,php
163549,0,bigvul_only,,Chrome
146050,0,bigvul_only,,Chrome
102169,,unmatched,,
38736,0,both_agree,,postgres
72841,0,both_agree,,jasper
132100,0,bigvul_only,,Chrome
91839,0,bigvul_only,,boa
78592,0,both_agree,,OpenSC
52871,0,both_agree,,linux
135939,0,bigvul_only,,Chrome
13810,0,bigvul_only,,php
106450,0,bigvul_only,,Chrome
129067,0,bigvul_only,,Chrome
43614,0,both_agree,,httpd
129731,0,bigvul_only,,Chrome
53698,0,both_agree,,linux
6496,0,both_agree,,openssl
28886,0,both_agree,,linux
148669,0,bigvul_only,,Chrome
95271,0,bigvul_only,,cyrus-imapd
60394,0,both_agree,,linux
105589,0,bigvul_only,,Chrome
67743,0,bigvul_only,,radare2
29612,0,both_agree,,linux
4302,0,bigvul_only,,php
2207,0,bigvul_only,,poppler
6227,0,both_agree,,qemu
99158,0,primevul_corrected,,Chrome
34161,0,both_agree,,linux
14011,0,both_agree,,ghostscript
168701,0,bigvul_only,,Chrome
15229,0,bigvul_only,,php
84327,0,bigvul_only,,uncurl
89566,0,both_agree,,libming
162462,0,bigvul_only,,Chrome
61923,0,both_agree,,mbedtls
38346,0,both_agree,,linux
157578,,unmatched,,
80914,0,diversevul_only,,linux
110984,0,bigvul_only,,Chrome
123103,0,bigvul_only,,Chrome
108565,0,bigvul_only,,Chrome
157533,,unmatched,,
171988,,unmatched,,
151991,0,bigvul_only,,Chrome
126596,0,bigvul_only,,Chrome
53937,0,both_agree,,libndp
83345,0,bigvul_only,,openmpt
131186,0,bigvul_only,,Chrome
165723,0,primevul_corrected,CWE-416,Chrome
90850,0,both_agree,,gpac
151570,0,bigvul_only,,Chrome
131757,0,bigvul_only,,Chrome
116567,0,bigvul_only,,Chrome
143395,,unmatched,,
183165,1,both_agree,CWE-19,linux
37936,0,both_agree,,linux
163915,0,bigvul_only,,Chrome
20334,0,bigvul_only,,linux
188155,1,bigvul_only,CWE-200,Android
9183,0,bigvul_only,,qemu
177598,,unmatched,,
75663,0,bigvul_only,,sleuthkit
42397,0,both_agree,,linux
40091,0,both_agree,,linux
144741,0,bigvul_only,,Chrome
19416,0,bigvul_only,,linux
42085,0,both_agree,,openssh-portable
41176,0,both_agree,,linux
59909,0,diversevul_only,,linux
142847,0,primevul_corrected,,Chrome
94012,0,both_agree,,ext-http
76947,0,both_agree,,ovs
1581,0,both_agree,,savannah
94596,0,both_agree,,linux
107494,0,bigvul_only,,Chrome
175522,conflict,internal_conflict,CWE-190,Android
21327,0,both_agree,,linux
178866,1,both_agree,,linux
25542,0,bigvul_only,,linux
164798,0,bigvul_only,,Chrome
13393,0,bigvul_only,,qemu
158444,0,bigvul_only,,Chrome
113968,0,bigvul_only,,Chrome
163927,0,bigvul_only,,Chrome
15817,0,both_agree,,qemu
28725,0,bigvul_only,,linux
64666,0,both_agree,,oniguruma
5483,0,both_agree,,ghostscript
46352,0,bigvul_only,,linux
94859,0,both_agree,,ImageMagick
118768,0,bigvul_only,,Chrome
123018,0,bigvul_only,,Chrome
160460,0,bigvul_only,,Chrome
61033,0,both_agree,,nautilus
26990,0,both_agree,,nspluginwrapper
122901,0,bigvul_only,,Chrome
29969,1,diversevul_only,CWE-200,linux
98232,,unmatched,,
115701,0,bigvul_only,,Chrome
91208,0,both_agree,,linux
138703,0,bigvul_only,,Chrome
39187,0,both_agree,,linux
140955,0,bigvul_only,,Chrome
42514,0,both_agree,,linux
45732,0,bigvul_only,,linux
169798,0,bigvul_only,,Chrome
127146,0,bigvul_only,,Chrome
159226,0,bigvul_only,,Chrome
136924,0,bigvul_only,,Chrome
74318,0,both_agree,,pgbouncer
176388,0,bigvul_only,,Android
112468,0,bigvul_only,,Chrome
168605,0,bigvul_only,,Chrome
169452,0,bigvul_only,,Chrome
42122,0,diversevul_only,CWE-119,openssh-portable
106796,0,bigvul_only,,Chrome
68078,0,both_agree,,radare2
21835,0,both_agree,,linux
92372,0,both_agree,,libexpat
126193,0,bigvul_only,,Chrome
139515,0,bigvul_only,,Chrome
25627,0,bigvul_only,,linux
156421,0,primevul_corrected,CWE-20,Chrome
120756,0,bigvul_only,,Chrome
38626,0,both_agree,,linux
122457,0,bigvul_only,,Chrome
168122,0,bigvul_only,,Chrome
187488,1,bigvul_only,CWE-284,Android
89139,0,both_agree,,oniguruma
179774,1,diversevul_only,,libreport
165455,0,bigvul_only,,Chrome
126728,0,bigvul_only,,Chrome
108218,0,bigvul_only,,Chrome
90337,0,both_agree,,linux
77897,0,diversevul_only,,libbson
75420,0,both_agree,,radare2
166908,0,bigvul_only,,Chrome
49230,0,diversevul_only,,linux
91257,0,both_agree,,linux
151649,0,bigvul_only,,Chrome
185457,1,bigvul_only,CWE-119,Chrome
21337,0,both_agree,,linux
121606,0,bigvul_only,,Chrome
140359,0,bigvul_only,,Chrome
126072,0,bigvul_only,,Chrome
24940,0,both_agree,,linux
61202,0,diversevul_only,,nautilus
97213,0,bigvul_only,,Chrome
46111,0,both_agree,,openssl
78647,0,diversevul_only,,OpenSC
177976,1,bigvul_only,,openssl
152925,,unmatched,,
124161,0,bigvul_only,,Chrome
116277,0,bigvul_only,,Chrome
10802,0,both_agree,,openssl
20180,0,both_agree,,linux
80532,0,both_agree,,gpac
71698,1,diversevul_only,CWE-119,ImageMagick
93708,0,bigvul_only,,cJSON
48770,0,bigvul_only,,linux
5673,0,both_agree,,qemu
74423,0,both_agree,,kvm-guest-drivers-windows
33459,0,bigvul_only,,linux
173667,0,bigvul_only,,Android
12711,0,bigvul_only,,openssl
58934,0,both_agree,,linux
37373,0,both_agree,,linux
114045,0,bigvul_only,,Chrome
175141,0,bigvul_only,,Android
154327,,unmatched,,
113554,0,bigvul_only,,Chrome
87052,0,both_agree,,mod_auth_openidc
9683,,unmatched,,
153145,0,bigvul_only,,Chrome
144153,0,bigvul_only,,Chrome
14834,0,bigvul_only,,php
130553,0,bigvul_only,,Chrome
183093,1,both_agree,CWE-119,qemu
149956,0,bigvul_only,,Chrome
128484,0,bigvul_only,,Chrome
71388,0,both_agree,,ImageMagick
112285,0,bigvul_only,,Chrome
36454,0,both_agree,,linux
30426,0,both_agree,,linux
187766,conflict,internal_conflict,CWE-20,Android
84198,0,both_agree,,leptonica
141813,0,bigvul_only,,Chrome
129708,0,bigvul_only,,Chrome
41258,0,both_agree,,qemu
63731,0,both_agree,,linux
15006,0,bigvul_only,,xserver
170889,0,bigvul_only,,Android
184735,1,bigvul_only,CWE-20,Chrome
118458,0,bigvul_only,,Chrome
113152,0,bigvul_only,,Chrome
46402,0,both_agree,,linux
64032,0,both_agree,,FFmpeg
120526,0,bigvul_only,,Chrome
2844,0,bigvul_only,,NetworkManager
58386,0,both_agree,,linux
168609,0,bigvul_only,,Chrome
24909,0,both_agree,,linux
166595,0,bigvul_only,,Chrome
53852,0,bigvul_only,,linux
91281,0,both_agree,,linux
154086,,unmatched,,
122907,0,bigvul_only,,Chrome
71427,0,both_agree,,ImageMagick
3894,0,bigvul_only,,poppler
93773,0,both_agree,,libvirt
183089,1,both_agree,CWE-264,linux
68429,0,both_agree,,linux
6968,0,bigvul_only,,savannah
167006,0,bigvul_only,,Chrome
81644,0,bigvul_only,,civetweb
131091,0,bigvul_only,,Chrome
93254,0,both_agree,,linux
52615,0,both_agree,,linux
183051,1,both_agree,CWE-189,bdwgc
73890,0,bigvul_only,,linux
150573,0,bigvul_only,,Chrome
125020,,unmatched,,
106410,0,bigvul_only,,Chrome
128701,0,bigvul_only,,Chrome
84152,0,both_agree,,leptonica
110022,,unmatched,,
73950,0,both_agree,,quagga
23849,0,both_agree,,linux
62356,0,bigvul_only,,tcpdump
64698,0,diversevul_only,,oniguruma
10985,0,both_agree,,php
160131,0,bigvul_only,,Chrome
95584,0,bigvul_only,,OpenJK
49309,0,both_agree,,linux
12622,0,both_agree,,savannah
66932,0,both_agree,,FFmpeg
165638,0,bigvul_only,,Chrome
60486,0,both_agree,,radare2
70366,1,diversevul_only,CWE-125,jasper
13497,0,both_agree,,ghostscript
75655,0,bigvul_only,,WavPack
114874,,unmatched,,
94602,0,both_agree,,linux
143478,0,bigvul_only,,Chrome
87860,0,diversevul_only,,oniguruma
38028,0,both_agree,,linux
76117,0,both_agree,,keepalived
63327,0,both_agree,,linux
67000,0,both_agree,,FFmpeg
142133,0,primevul_corrected,CWE-79,Chrome
26425,0,bigvul_only,,linux
182806,1,bigvul_only,CWE-787,u-boot
165430,0,bigvul_only,,Chrome
29988,0,both_agree,,linux
46272,0,bigvul_only,,linux
126711,0,bigvul_only,,Chrome
172676,,unmatched,,
140857,0,bigvul_only,,Chrome
132011,0,bigvul_only,,Chrome
82773,0,diversevul_only,,radare2
17298,0,bigvul_only,,savannah
51137,0,diversevul_only,,linux
37722,0,both_agree,,linux
37498,0,bigvul_only,,linux
109841,0,bigvul_only,,Chrome
47688,0,both_agree,,linux
50414,0,both_agree,,linux
83420,0,both_agree,,openvpn
23027,0,both_agree,,linux
70433,0,both_agree,,jasper
64836,0,bigvul_only,,imageworsener
149008,0,both_agree,,Chrome
80983,0,both_agree,,linux
106590,0,bigvul_only,,Chrome
125902,0,bigvul_only,,Chrome
96026,0,both_agree,,OpenJK
179122,conflict,both_disagree,,linux
103126,0,bigvul_only,,Chrome
159149,0,bigvul_only,,Chrome
155709,0,bigvul_only,,Chrome
143563,0,bigvul_only,,Chrome
122463,0,primevul_corrected,CWE-119,Chrome
152309,0,bigvul_only,,Chrome
68094,0,bigvul_only,,radare2
130821,0,bigvul_only,,Chrome
5653,0,both_agree,,savannah
96631,0,both_agree,,ImageMagick6
103376,0,bigvul_only,,Chrome
79712,0,diversevul_only,,radare2
108612,0,bigvul_only,,Chrome
170329,0,bigvul_only,,Android
67735,0,both_agree,,linux
161905,0,bigvul_only,,Chrome
79834,0,both_agree,,linux
161772,0,bigvul_only,,Chrome
91313,0,both_agree,,linux
174892,0,primevul_corrected,CWE-264,Android
105555,0,bigvul_only,,Chrome
40998,0,bigvul_only,,Little-CMS
151550,,unmatched,,
181077,1,both_agree,CWE-125,tcpdump
166146,0,bigvul_only,,Chrome
138117,0,bigvul_only,,Chrome
64669,0,diversevul_only,,oniguruma
143585,0,bigvul_only,,Chrome
154695,0,bigvul_only,,Chrome
24569,0,both_agree,,linux
33055,0,both_agree,,linux
23886,0,both_agree,,linux
155703,0,bigvul_only,,Chrome
160316,0,bigvul_only,,Chrome
127374,0,bigvul_only,,Chrome
168423,0,bigvul_only,,Chrome
47599,0,bigvul_only,,linux
112467,,unmatched,,
134006,0,bigvul_only,,Chrome
113063,0,bigvul_only,,Chrome
80304,0,both_agree,,gpac
150316,0,bigvul_only,,Chrome
88241,0,both_agree,,libexpat
103059,0,bigvul_only,,Chrome
169814,0,bigvul_only,,Chrome
70999,0,primevul_corrected,CWE-125,Little-CMS
122441,0,bigvul_only,,Chrome
102537,0,bigvul_only,,Chrome
137464,0,bigvul_only,,Chrome
163242,0,bigvul_only,,Chrome
156368,0,bigvul_only,,Chrome
20090,0,both_agree,,linux
166162,0,bigvul_only,,Chrome
151646,,unmatched,,
165727,0,bigvul_only,,Chrome
133659,0,bigvul_only,,Chrome
43383,0,both_agree,,rawstudio
55509,0,diversevul_only,,linux
11240,0,both_agree,,php
12923,0,bigvul_only,,infradead
159779,0,bigvul_only,,Chrome
22966,0,both_agree,,linux
91309,0,both_agree,,linux
141874,0,bigvul_only,,Chrome
81824,0,both_agree,,wolfssl
179239,1,both_agree,CWE-310,linux
104609,0,bigvul_only,,Chrome
165881,0,bigvul_only,,Chrome
47424,0,bigvul_only,,linux
68008,0,both_agree,,ImageMagick
160258,0,primevul_corrected,CWE-20,Chrome
188398,0,diversevul_only,CWE-119,Android
185933,1,primevul_corrected,,Chrome
47847,0,both_agree,,linux
50066,0,bigvul_only,,curl
176586,0,both_agree,,libxml2
116969,,unmatched,,
116668,0,bigvul_only,,Chrome
80275,0,both_agree,,gpac
61013,0,both_agree,,nautilus
181645,conflict,both_disagree,,jasper
123025,0,bigvul_only,,Chrome
183160,1,both_agree,CWE-19,linux
134562,0,bigvul_only,,Chrome
145293,0,bigvul_only,,Chrome
41052,0,both_agree,,corosync
164731,0,bigvul_only,,Chrome
164892,0,bigvul_only,,Chrome
14510,0,both_agree,,qemu
109127,0,bigvul_only,,Chrome
78625,0,both_agree,,OpenSC
23335,0,both_agree,,linux
136855,0,bigvul_only,,Chrome
53222,0,both_agree,,linux
100780,0,bigvul_only,,Chrome
122763,0,bigvul_only,,Chrome
89602,0,bigvul_only,,libgcrypt
50311,0,diversevul_only,,linux
3562,0,diversevul_only,,samba
77657,0,both_agree,,ovs
55925,0,both_agree,,linux
186881,1,bigvul_only,CWE-200,Chrome
182328,1,diversevul_only,,FFmpeg
41260,0,diversevul_only,,qemu
111212,0,bigvul_only,,Chrome
109170,,unmatched,,
60752,0,both_agree,,ImageMagick
155150,0,bigvul_only,,Chrome
18585,0,both_agree,,linux
55677,0,both_agree,,linux
176601,0,both_agree,,libxml2
115257,0,bigvul_only,,Chrome
170374,0,bigvul_only,,Android
34042,1,diversevul_only,CWE-399,linux
105472,0,bigvul_only,,Chrome
183800,1,bigvul_only,CWE-20,Chrome
46259,0,bigvul_only,,linux
148440,0,bigvul_only,,Chrome
184681,1,bigvul_only,CWE-119,Chrome
126202,0,bigvul_only,,Chrome
937,0,bigvul_only,,poppler
126970,,unmatched,,
57987,0,both_agree,,linux
165993,0,bigvul_only,,Chrome
9387,0,both_agree,,openssl
77349,0,bigvul_only,,ovs
143061,0,bigvul_only,,Chrome
633,0,both_agree,,samba
28492,0,both_agree,,linux
141445,0,bigvul_only,,Chrome
153051,0,bigvul_only,,Chrome
162264,0,bigvul_only,,Chrome
50573,0,bigvul_only,,linux
21321,0,both_agree,,linux
67930,0,both_agree,,jasper
70681,0,both_agree,,libevent
146494,0,bigvul_only,,Chrome
9496,0,both_agree,,busybox
62531,0,both_agree,,openjpeg
157692,0,bigvul_only,,Chrome
55335,0,both_agree,,linux
22903,0,both_agree,,linux
162516,0,bigvul_only,,Chrome
138860,,unmatched,,
74283,0,bigvul_only,,squashfs-tools
93826,0,both_agree,,libvirt
140940,0,bigvul_only,,Chrome
22001,0,bigvul_only,,raptor
17427,0,bigvul_only,,xserver
70856,0,both_agree,,FFmpeg
55070,0,diversevul_only,,git
73403,0,both_agree,,ImageMagick
83249,0,bigvul_only,,linux
21872,0,both_agree,,linux
138109,0,bigvul_only,,Chrome
53404,0,both_agree,,iperf
46920,0,bigvul_only,,linux
73393,0,both_agree,,ImageMagick
110386,0,bigvul_only,,Chrome
162949,0,bigvul_only,,Chrome
56517,0,both_agree,,linux
94647,0,diversevul_only,,openssl
103994,,unmatched,,
12949,0,bigvul_only,,mindrot
101579,0,bigvul_only,,Chrome
87896,0,bigvul_only,,pam_p11
86556,0,bigvul_only,,jasper
43839,0,both_agree,,linux
34191,0,both_agree,,linux
170944,0,bigvul_only,,Android
10669,0,bigvul_only,,savannah
152967,0,bigvul_only,,Chrome
120486,0,bigvul_only,,Chrome
87748,0,both_agree,,linux
105136,0,bigvul_only,,Chrome
21132,0,both_agree,,linux
151343,0,bigvul_only,,Chrome
167165,0,bigvul_only,,Chrome
76430,0,both_agree,,linux
39725,0,diversevul_only,,linux-2.6
10053,0,diversevul_only,,freetype2-demos
32921,0,both_agree,,linux
7505,0,bigvul_only,,dbus
36323,0,bigvul_only,,linux
140112,0,bigvul_only,,Chrome
160515,0,bigvul_only,,Chrome
46777,0,bigvul_only,,linux
34463,0,both_agree,,linux
63176,0,both_agree,,ioq3
101199,0,bigvul_only,,Chrome
103929,0,bigvul_only,,Chrome
139549,0,bigvul_only,,Chrome
38156,0,both_agree,,ppp
109832,0,bigvul_only,,Chrome
126782,0,bigvul_only,,Chrome
130778,0,bigvul_only,,Chrome
159368,0,bigvul_only,,Chrome
176820,0,bigvul_only,,Android
34157,0,both_agree,,linux
23593,0,both_agree,,linux
48905,0,bigvul_only,,linux
79553,0,both_agree,,neomutt
87634,0,both_agree,,openmpt
140029,,unmatched,,
40995,0,both_agree,,Little-CMS
110032,0,bigvul_only,,Chrome
7029,0,bigvul_only,,savannah
25603,0,bigvul_only,,linux
21706,0,both_agree,,linux
84675,0,both_agree,,krb5
179705,1,both_agree,CWE-310,jansson
64168,0,both_agree,,radare2
53880,0,bigvul_only,,linux
186953,1,bigvul_only,CWE-200,Chrome
69661,0,both_agree,,tor
37750,0,both_agree,,linux
36212,0,both_agree,,linux
129707,0,bigvul_only,,Chrome
64198,0,both_agree,,httpd
170012,0,both_agree,,Chrome
118995,0,bigvul_only,,Chrome
173324,0,bigvul_only,,Android
181352,,unmatched,,
72175,0,bigvul_only,,src
177604,0,bigvul_only,,Android
11985,0,both_agree,,openssl
61994,1,diversevul_only,CWE-125,tcpdump
93414,0,bigvul_only,,linux
41366,0,both_agree,,linux
92199,0,both_agree,,linux
66451,0,both_agree,,linux
181412,1,both_agree,CWE-119,linux
24880,0,bigvul_only,,linux
135743,,unmatched,,
16009,0,bigvul_only,,exempi
154067,0,bigvul_only,,Chrome
21216,0,both_agree,,linux
163006,0,bigvul_only,,Chrome
46996,0,bigvul_only,,linux
167740,0,bigvul_only,,Chrome
180297,conflict,internal_conflict,CWE-190,php-src
63495,0,bigvul_only,,yara
139031,0,bigvul_only,,Chrome
106688,0,bigvul_only,,Chrome
88778,0,bigvul_only,,nfdump
55818,0,both_agree,,linux
68313,0,diversevul_only,,linux
114678,0,bigvul_only,,Chrome
140722,0,bigvul_only,,Chrome
116754,0,bigvul_only,,Chrome
143300,0,bigvul_only,,Chrome
70101,0,both_agree,,openjpeg
176725,0,bigvul_only,,Android
85862,0,both_agree,,linux
144215,,unmatched,,
62226,0,both_agree,,tcpdump
22950,0,both_agree,,linux
43680,0,both_agree,,linux
135760,0,bigvul_only,,Chrome
56821,0,both_agree,,linux
71500,0,bigvul_only,,ImageMagick
159168,0,bigvul_only,,Chrome
73223,0,both_agree,,jasper
61687,0,both_agree,,openjpeg
103366,0,bigvul_only,,Chrome
31073,0,diversevul_only,,linux-2.6
157708,0,bigvul_only,,Chrome
168542,0,bigvul_only,,Chrome
49701,0,both_agree,,linux
171628,,unmatched,,
168106,,unmatched,,
845,0,bigvul_only,,poppler
86634,0,both_agree,,linux
181821,,unmatched,,
127456,0,bigvul_only,,Chrome
87106,0,both_agree,,cJSON
39472,0,both_agree,,linux
30516,0,both_agree,,linux
91097,0,both_agree,,linux
117445,0,bigvul_only,,Chrome
57848,0,both_agree,,linux
149096,0,bigvul_only,,Chrome
125459,0,bigvul_only,,Chrome
153605,,unmatched,,
79108,0,both_agree,,src
1357,0,bigvul_only,,pengutronix
179245,1,both_agree,CWE-119,linux
27489,0,both_agree,,linux
146052,0,bigvul_only,,Chrome
181499,1,diversevul_only,,heimdal
81757,conflict,internal_conflict,CWE-476,FFmpeg
121155,0,bigvul_only,,Chrome
29974,0,both_agree,,linux
73384,0,bigvul_only,,ImageMagick
14372,0,bigvul_only,,libav
20954,0,both_agree,,linux
27194,0,diversevul_only,,nspluginwrapper
164122,,unmatched,,
82545,0,diversevul_only,,Espruino
181337,1,bigvul_only,CWE-404,linux
160197,0,bigvul_only,,Chrome
29342,0,primevul_corrected,CWE-20,linux
100618,0,bigvul_only,,Chrome
117996,,unmatched,,
89630,0,bigvul_only,,libgcrypt
55481,0,both_agree,,linux
90080,0,both_agree,,zstd
110340,0,bigvul_only,,Chrome
111601,0,bigvul_only,,Chrome
97264,0,bigvul_only,,Chrome
5021,0,both_agree,,openssl
22064,0,bigvul_only,,raptor
152370,0,bigvul_only,,Chrome
169388,0,bigvul_only,,Chrome
44276,0,both_agree,,linux
110648,0,bigvul_only,,Chrome
58832,0,both_agree,,linux
104961,0,bigvul_only,,Chrome
161694,0,bigvul_only,,Chrome
161739,0,bigvul_only,,Chrome
120618,0,bigvul_only,,Chrome
176270,0,bigvul_only,,Android
156647,0,bigvul_only,,Chrome
22870,0,both_agree,,linux
109992,0,bigvul_only,,Chrome
70156,0,bigvul_only,,libtiff
169318,0,bigvul_only,,Chrome
4570,0,bigvul_only,,php
99555,0,bigvul_only,,Chrome
129173,0,bigvul_only,,Chrome
50875,0,both_agree,,libarchive
25440,,unmatched,,
140634,0,primevul_corrected,CWE-20,Chrome
1407,0,bigvul_only,,xcursor
10846,0,bigvul_only,,kde
75629,0,both_agree,,WavPack
22806,0,both_agree,,linux
164567,0,bigvul_only,,Chrome
114580,0,bigvul_only,,Chrome
76444,0,both_agree,,linux
60981,0,both_agree,,nautilus
87013,0,both_agree,,suricata
118663,,unmatched,,
10509,0,bigvul_only,,qemu
91425,0,both_agree,,linux
149061,0,bigvul_only,,Chrome
27903,0,both_agree,,linux
175484,0,primevul_corrected,CWE-125,Android
169583,0,bigvul_only,,Chrome
125361,0,bigvul_only,,Chrome
21889,0,both_agree,,linux
82082,0,both_agree,,mruby
162628,0,bigvul_only,,Chrome
106921,0,bigvul_only,,Chrome
108969,0,bigvul_only,,Chrome
83397,0,both_agree,,openvpn
37316,0,both_agree,,linux
173834,1,bigvul_only,CWE-119,Android
82036,0,both_agree,,radare2
138452,0,bigvul_only,,Chrome
151013,0,bigvul_only,,Chrome
4557,0,bigvul_only,,php
60403,0,diversevul_only,,linux
182588,1,both_agree,CWE-119,linux
157204,0,bigvul_only,,Chrome
138830,0,bigvul_only,,Chrome
187647,,unmatched,,
36424,0,both_agree,,linux
4602,0,diversevul_only,,php-src
123656,0,bigvul_only,,Chrome
41155,0,both_agree,,linux
100621,0,bigvul_only,,Chrome
85914,0,both_agree,,linux
144645,0,bigvul_only,,Chrome
115975,0,bigvul_only,,Chrome
65105,0,bigvul_only,,ImageMagick
96025,,unmatched,,
80012,0,both_agree,,gpac
79128,0,both_agree,,linux
63620,0,both_agree,,php-src
18477,0,both_agree,,linux
150939,0,bigvul_only,,Chrome
92304,0,both_agree,,libexpat
167011,0,bigvul_only,,Chrome
145795,0,bigvul_only,,Chrome
96167,0,bigvul_only,,ImageMagick
104138,0,bigvul_only,,Chrome
163225,0,bigvul_only,,Chrome
15930,0,bigvul_only,,exempi
4288,0,bigvul_only,,php
175129,0,bigvul_only,,Android
152482,0,bigvul_only,,Chrome
65557,0,bigvul_only,,linux
6970,0,bigvul_only,,savannah
119437,0,bigvul_only,,Chrome
163442,0,bigvul_only,,Chrome
66633,0,both_agree,,linux
15858,0,both_agree,,qemu
18486,0,both_agree,,linux
174141,0,bigvul_only,,Android
174988,0,bigvul_only,,Android
148371,0,bigvul_only,,Chrome
100089,0,bigvul_only,,Chrome
3592,0,both_agree,,openssl
92218,0,diversevul_only,,linux
48535,0,diversevul_only,,linux
26326,0,bigvul_only,,linux
151897,0,bigvul_only,,Chrome
21347,0,both_agree,,linux
181421,1,diversevul_only,,FFmpeg
27435,0,both_agree,,linux
150388,0,bigvul_only,,Chrome
18193,0,both_agree,,irssi-proxy
29254,0,both_agree,,linux
6547,0,both_agree,,savannah
54877,0,both_agree,,git
137863,0,bigvul_only,,Chrome
76829,0,both_agree,,ovs
152315,0,bigvul_only,,Chrome
137606,0,bigvul_only,,Chrome
145434,,unmatched,,
122987,0,bigvul_only,,Chrome
41748,0,both_agree,,linux
157642,0,bigvul_only,,Chrome
104231,0,bigvul_only,,Chrome
66421,0,both_agree,,qemu
88349,0,both_agree,,linux
106677,0,bigvul_only,,Chrome
89027,0,both_agree,,ImageMagick6
150902,0,bigvul_only,,Chrome
134039,0,bigvul_only,,Chrome
8625,0,bigvul_only,,qemu
182783,1,both_agree,CWE-476,oniguruma
16951,0,bigvul_only,,launchpad
159284,0,bigvul_only,,Chrome
133196,0,bigvul_only,,Chrome
112945,0,bigvul_only,,Chrome
156441,0,bigvul_only,,Chrome
11927,0,both_agree,,openssl
65477,0,bigvul_only,,linux
178504,1,bigvul_only,CWE-320,openssl
176011,0,bigvul_only,,Android
4861,0,bigvul_only,,xserver
7491,0,bigvul_only,,dbus
149493,0,bigvul_only,,Chrome
132571,0,bigvul_only,,Chrome
150027,0,bigvul_only,,Chrome
87659,0,both_agree,,linux
80944,0,both_agree,,linux
47012,0,bigvul_only,,linux
125009,0,bigvul_only,,Chrome
108721,0,primevul_corrected,,Chrome
157449,0,bigvul_only,,Chrome
121956,0,bigvul_only,,Chrome
182577,1,diversevul_only,,linux
10826,0,both_agree,,openssl
33870,0,both_agree,,pacemaker
132151,,unmatched,,
106438,0,bigvul_only,,Chrome
121073,0,bigvul_only,,Chrome
61408,0,diversevul_only,,FFmpeg
1726,0,both_agree,,ghostscript
151508,0,bigvul_only,,Chrome
98781,,unmatched,,
92068,0,both_agree,,linux
65272,0,both_agree,,linux
83200,0,both_agree,,linux
76267,0,both_agree,,linux
160834,0,bigvul_only,,Chrome
73268,0,both_agree,,linux
132269,0,bigvul_only,,Chrome
66925,0,both_agree,,FFmpeg
57502,0,both_agree,,linux
10460,1,diversevul_only,,qemu
24041,0,bigvul_only,,linux
86400,0,both_agree,,linux
112745,,unmatched,,
130417,0,bigvul_only,,Chrome
11905,0,both_agree,,openssl
140898,0,bigvul_only,,Chrome
82740,0,both_agree,,radare2
182115,1,both_agree,CWE-190,memcached
181001,1,both_agree,CWE-125,tcpdump
86941,0,diversevul_only,,optee_os
156857,0,bigvul_only,,Chrome
91116,0,bigvul_only,,linux
101604,0,bigvul_only,,Chrome
104590,,unmatched,,
134736,0,bigvul_only,,Chrome
140926,0,bigvul_only,,Chrome
93523,0,both_agree,,linux
2100,0,bigvul_only,,spice
25477,0,both_agree,,linux
167812,0,bigvul_only,,Chrome
2400,0,both_agree,,samba
107947,,unmatched,,
123594,,unmatched,,
10896,0,bigvul_only,,gnupg
145948,0,bigvul_only,,Chrome
89319,0,bigvul_only,,u-boot
79355,0,both_agree,,FFmpeg
147435,0,bigvul_only,,Chrome
107618,0,bigvul_only,,Chrome
126878,0,bigvul_only,,Chrome
72191,0,bigvul_only,,src
117284,0,bigvul_only,,Chrome
103857,0,bigvul_only,,Chrome
46313,0,both_agree,,linux
129280,0,bigvul_only,,Chrome
32223,0,both_agree,,linux
123903,0,bigvul_only,,Chrome
24038,0,both_agree,,linux
33688,0,both_agree,,krb5
100427,0,bigvul_only,,Chrome
186903,1,bigvul_only,CWE-119,Chrome
144771,,unmatched,,
58119,0,both_agree,,linux
85467,0,both_agree,,linux
57360,0,diversevul_only,,net
88362,0,both_agree,,faad2
160431,,unmatched,,
175481,0,bigvul_only,,Android
81176,0,both_agree,,linux
21694,0,both_agree,,linux
18769,0,both_agree,,linux
46902,0,bigvul_only,,linux
53518,0,both_agree,,libarchive
61259,0,both_agree,,cyrus-imapd
125976,0,bigvul_only,,Chrome
5162,0,bigvul_only,,php
102489,0,bigvul_only,,Chrome
71817,0,bigvul_only,,ImageMagick
168481,0,bigvul_only,,Chrome
127414,0,bigvul_only,,Chrome
14618,,unmatched,,
23808,0,both_agree,,linux
133522,0,bigvul_only,,Chrome
117304,0,diversevul_only,,libxml2
11221,0,bigvul_only,,php
94359,0,both_agree,,linux
168981,0,bigvul_only,,Chrome
25464,0,bigvul_only,,linux
183745,1,bigvul_only,CWE-119,Chrome
17869,0,both_agree,,qemu
82016,0,primevul_corrected,CWE-125,radare2
15778,0,bigvul_only,,qemu
144690,0,bigvul_only,,Chrome
44148,0,both_agree,,linux
61343,0,both_agree,,FFmpeg
156172,0,bigvul_only,,Chrome
67179,0,both_agree,,linux
170692,0,bigvul_only,,Android
149518,,unmatched,,
22611,0,both_agree,,linux
148256,0,bigvul_only,,Chrome
172281,0,bigvul_only,,Android
23646,0,both_agree,,linux
84204,0,both_agree,,leptonica
124829,0,bigvul_only,,Chrome
123847,0,bigvul_only,,Chrome
129015,0,bigvul_only,,Chrome
115056,0,bigvul_only,,Chrome
35826,0,both_agree,,linux
127162,0,bigvul_only,,Chrome
34555,0,both_agree,,linux
126456,0,bigvul_only,,Chrome
25276,0,bigvul_only,,linux
68461,0,diversevul_only,,lxc
46388,0,both_agree,,linux
153841,0,bigvul_only,,Chrome
125817,0,bigvul_only,,Chrome
66427,0,both_agree,,qemu
51545,0,both_agree,,linux
106098,0,bigvul_only,,Chrome
107262,0,bigvul_only,,Chrome
186714,,unmatched,,
159173,0,primevul_corrected,CWE-20,Chrome
181618,1,diversevul_only,CWE-416,linux
60250,0,both_agree,,linux
113690,0,both_agree,,Chrome
170492,0,bigvul_only,,Android
59450,0,diversevul_only,,libxml2
74135,0,diversevul_only,,ntp
108880,0,bigvul_only,,Chrome
106471,0,bigvul_only,,Chrome
6439,0,both_agree,,lxde
171442,0,both_agree,,Android
109368,0,bigvul_only,,Chrome
125740,0,bigvul_only,,Chrome
80601,0,diversevul_only,,gpac
124184,,unmatched,,
141085,0,bigvul_only,,Chrome
26381,0,bigvul_only,,linux
47056,0,primevul_corrected,CWE-264,linux
20208,0,both_agree,,linux
35044,0,both_agree,,linux
28491,0,both_agree,,linux
152817,0,bigvul_only,,Chrome
16344,0,bigvul_only,,htcondor
101648,0,bigvul_only,,Chrome
132968,0,bigvul_only,,Chrome
53873,0,bigvul_only,,linux
167565,0,bigvul_only,,Chrome
122876,0,bigvul_only,,Chrome
22592,0,both_agree,,linux
179820,1,both_agree,CWE-18,krb5
85161,0,both_agree,,linux
92898,0,bigvul_only,,openssh-portable
184008,,unmatched,,
87684,0,both_agree,,linux
111803,0,bigvul_only,,Chrome
187788,1,bigvul_only,CWE-119,Android
143753,0,bigvul_only,,Chrome
74790,0,bigvul_only,,FFmpeg
115781,0,bigvul_only,,Chrome
57656,0,diversevul_only,,linux
120341,0,bigvul_only,,Chrome
120340,0,bigvul_only,,Chrome
42499,0,both_agree,,linux
172351,0,bigvul_only,,Android
179612,1,diversevul_only,,FreeRDP
162414,0,bigvul_only,,Chrome
92430,0,both_agree,,linux
28537,0,both_agree,,linux
161579,0,bigvul_only,,Chrome
42232,0,both_agree,,linux
81281,0,both_agree,,linux
121609,0,bigvul_only,,Chrome
85443,0,both_agree,,linux
66063,0,both_agree,,linux
18497,0,both_agree,,linux
99192,0,bigvul_only,,Chrome
119286,0,bigvul_only,,Chrome
62033,0,both_agree,,tcpdump
25995,0,both_agree,,linux
149387,0,bigvul_only,,Chrome
154062,0,bigvul_only,,Chrome
135909,0,bigvul_only,,Chrome
65111,0,both_agree,,ImageMagick
159290,0,bigvul_only,,Chrome
57566,0,both_agree,,linux
29939,0,both_agree,,linux
85363,0,both_agree,,linux
45563,0,bigvul_only,,linux
92521,0,both_agree,,linux
39261,0,both_agree,,linux
135798,0,bigvul_only,,Chrome
14845,0,both_agree,,php
25131,0,bigvul_only,,linux
115631,0,primevul_corrected,CWE-19,Chrome
139236,0,bigvul_only,,Chrome
148053,0,bigvul_only,,Chrome
112701,0,bigvul_only,,Chrome
68688,0,both_agree,,linux
89038,0,both_agree,,ImageMagick
93539,0,both_agree,,linux
47976,0,both_agree,,linux
144532,0,bigvul_only,,Chrome
63344,0,both_agree,,krb5
135027,0,bigvul_only,,Chrome
119785,0,bigvul_only,,Chrome
67522,0,diversevul_only,,linux
68750,0,both_agree,,linux
19419,0,bigvul_only,,linux
168031,0,bigvul_only,,Chrome
169613,0,bigvul_only,,Chrome
160014,0,bigvul_only,,Chrome
73741,0,both_agree,,libgd
128855,0,bigvul_only,,Chrome
130066,0,bigvul_only,,Chrome
118429,0,bigvul_only,,Chrome
138297,0,bigvul_only,,Chrome
181443,1,both_agree,CWE-200,linux
123452,0,bigvul_only,,Chrome
36030,0,both_agree,,linux
180688,1,both_agree,CWE-119,krb5
132310,0,bigvul_only,,Chrome
83985,0,both_agree,,gpac
119159,0,bigvul_only,,Chrome
126804,0,bigvul_only,,Chrome
174990,0,bigvul_only,,Android
75164,0,diversevul_only,,memcached
112433,0,bigvul_only,,Chrome
185383,1,bigvul_only,CWE-399,Chrome
38150,0,both_agree,,linux
126366,0,bigvul_only,,Chrome
87879,0,both_agree,,Onigmo
270,0,both_agree,,savannah
20431,0,both_agree,,linux
96490,0,both_agree,,suricata
84025,0,both_agree,,gpac
110599,0,bigvul_only,,Chrome
146280,0,bigvul_only,,Chrome
108821,0,bigvul_only,,Chrome
172255,0,bigvul_only,,Android
29648,0,both_agree,,linux
174186,0,bigvul_only,,Android
30926,0,both_agree,,linux
78236,0,both_agree,,OpenSC
146819,0,bigvul_only,,Chrome
130668,0,bigvul_only,,Chrome
5007,0,both_agree,,openssl
94533,0,both_agree,,linux
84024,0,both_agree,,gpac
124675,0,bigvul_only,,Chrome
177556,0,bigvul_only,,Android
54068,0,both_agree,,linux
59320,0,both_agree,,linux
185610,1,bigvul_only,,Chrome
114217,0,bigvul_only,,Chrome
214,0,diversevul_only,,wget
14900,0,bigvul_only,,php
148247,0,bigvul_only,,Chrome
139406,0,bigvul_only,,Chrome
97622,0,bigvul_only,,Chrome
37717,0,both_agree,,linux
127050,0,bigvul_only,,Chrome
132570,,unmatched,,
44085,0,bigvul_only,,pacemaker
97903,0,bigvul_only,,Chrome
1826,0,both_agree,,ghostscript
137755,0,bigvul_only,,Chrome
3918,0,bigvul_only,,poppler
14785,0,both_agree,,php
23013,0,both_agree,,linux
169805,0,bigvul_only,,Chrome
78998,0,both_agree,,libxkbcommon
84348,0,primevul_corrected,CWE-352,uncurl
111668,0,bigvul_only,,Chrome
61212,0,both_agree,,nautilus
50295,0,bigvul_only,,MAC-Telnet
166522,0,bigvul_only,,Chrome
116404,0,bigvul_only,,Chrome
123603,0,bigvul_only,,Chrome
181346,,unmatched,,
162708,0,bigvul_only,,Chrome
1475,0,both_agree,,qemu
137256,0,bigvul_only,,Chrome
158408,0,primevul_corrected,CWE-20,Chrome
151673,0,bigvul_only,,Chrome
51078,0,both_agree,,linux
136848,0,bigvul_only,,Chrome
151557,0,bigvul_only,,Chrome
182060,1,both_agree,CWE-20,kvm-guest-drivers-windows
166119,,unmatched,,
165065,0,bigvul_only,,Chrome
188136,1,bigvul_only,CWE-200,Android
27071,0,both_agree,,nspluginwrapper
148501,0,bigvul_only,,Chrome
120544,0,bigvul_only,,Chrome
87669,0,both_agree,,linux
89106,0,both_agree,,oniguruma
171480,conflict,internal_conflict,CWE-770,Android
159238,0,primevul_corrected,CWE-20,Chrome
160271,0,bigvul_only,,Chrome
98585,,unmatched,,
128702,0,bigvul_only,,Chrome
159254,0,bigvul_only,,Chrome
70234,0,both_agree,,libtiff
96705,0,both_agree,,ImageMagick6
117007,0,bigvul_only,,Chrome
105574,0,bigvul_only,,Chrome
34767,0,both_agree,,linux
111676,0,bigvul_only,,Chrome
95530,0,bigvul_only,,OpenJK
63768,0,both_agree,,jabberd2
93972,0,diversevul_only,,linux
170416,0,bigvul_only,,Android
20014,0,bigvul_only,,linux
46698,0,bigvul_only,,linux
39391,0,both_agree,,linux
44559,0,both_agree,,lxc
155731,,unmatched,,
109869,0,bigvul_only,,Chrome
136104,0,bigvul_only,,Chrome
117126,0,bigvul_only,,Chrome
150232,0,bigvul_only,,Chrome
67477,0,bigvul_only,,tpm2.0-tools
5892,0,both_agree,,qemu
163107,0,bigvul_only,,Chrome
188245,1,bigvul_only,CWE-119,Android
164551,0,bigvul_only,,Chrome
109313,0,bigvul_only,,Chrome
107071,0,bigvul_only,,Chrome
93404,0,bigvul_only,,linux
175475,0,primevul_corrected,CWE-125,Android
174268,0,bigvul_only,,Android
166481,0,bigvul_only,,Chrome
160939,0,bigvul_only,,Chrome
133944,0,bigvul_only,,Chrome
141985,0,bigvul_only,,Chrome
97759,0,bigvul_only,,Chrome
67970,0,both_agree,,jasper
3681,0,both_agree,,qemu
109404,0,bigvul_only,,Chrome
2401,0,both_agree,,samba
103081,0,bigvul_only,,Chrome
62361,conflict,internal_conflict,CWE-125,tcpdump
39941,0,both_agree,,linux
109675,0,bigvul_only,,Chrome
161421,0,bigvul_only,,Chrome
69545,conflict,internal_conflict,CWE-20,linux
34593,0,both_agree,,krb5
103859,0,bigvul_only,,Chrome
95773,0,bigvul_only,,OpenJK
131110,0,bigvul_only,,Chrome
18800,0,both_agree,,linux
92178,0,diversevul_only,,linux
38552,0,both_agree,,linux
164686,,unmatched,,
131051,0,bigvul_only,,Chrome
47072,0,bigvul_only,,linux
13542,0,primevul_corrected,CWE-119,harfbuzz
97871,0,bigvul_only,,Chrome
184733,,unmatched,,
184195,,unmatched,,
107379,0,bigvul_only,,Chrome
153579,0,bigvul_only,,Chrome
1373,0,bigvul_only,,pengutronix
25290,0,bigvul_only,,linux
150947,0,bigvul_only,,Chrome
105101,0,bigvul_only,,Chrome
89789,0,both_agree,,bubblewrap
49893,0,bigvul_only,,php-src
91672,0,both_agree,,frr
142094,,unmatched,,
67630,0,both_agree,,proftpd
187948,1,bigvul_only,CWE-119,Android
151637,0,bigvul_only,,Chrome
103242,0,bigvul_only,,Chrome
158688,0,bigvul_only,,Chrome
113176,,unmatched,,
75347,0,both_agree,,tcpreplay
112296,0,bigvul_only,,Chrome
179898,1,both_agree,CWE-59,lxc
35453,0,both_agree,,linux
60697,0,both_agree,,linux
43318,0,both_agree,,rawstudio
115712,0,bigvul_only,,Chrome
136541,0,bigvul_only,,Chrome
140765,,unmatched,,
114564,0,bigvul_only,,Chrome
14828,0,both_agree,,php
1439,0,bigvul_only,,netfilter
183576,,unmatched,,
57190,0,bigvul_only,,linux
55863,0,both_agree,,linux
43550,0,both_agree,,linux
71720,0,diversevul_only,,ImageMagick6
68301,0,both_agree,,linux
147179,0,bigvul_only,,Chrome
54093,0,both_agree,,linux
90638,0,diversevul_only,,libarchive
103494,0,bigvul_only,,Chrome
173855,0,bigvul_only,,Android
169639,0,bigvul_only,,Chrome
123437,0,bigvul_only,,Chrome
74230,0,both_agree,,ntp
100739,0,both_agree,,Chrome
153516,0,bigvul_only,,Chrome
78275,0,both_agree,,OpenSC
152726,0,bigvul_only,,Chrome
93556,0,both_agree,,linux
21246,0,both_agree,,linux
44860,0,both_agree,,linux
19855,0,bigvul_only,,linux
93966,0,both_agree,,linux
150545,0,bigvul_only,,Chrome
1366,0,bigvul_only,,pengutronix
127903,0,bigvul_only,,Chrome
25479,,unmatched,,
182905,1,both_agree,CWE-415,php-src
158703,0,bigvul_only,,Chrome
182119,1,both_agree,CWE-125,tcpreplay
162084,0,primevul_corrected,CWE-787,Chrome
169498,0,bigvul_only,,Chrome
166773,0,bigvul_only,,Chrome
103637,0,bigvul_only,,Chrome
130882,,unmatched,,
79742,0,both_agree,,libpng
67464,0,both_agree,,linux
127207,0,bigvul_only,,Chrome
86247,0,both_agree,,linux
120572,0,bigvul_only,,Chrome
20894,0,both_agree,,linux
51406,0,both_agree,,php-src
7111,0,bigvul_only,,savannah
105409,0,bigvul_only,,Chrome
82277,0,both_agree,,mruby
15826,0,both_agree,,qemu
109599,0,bigvul_only,,Chrome
26071,0,bigvul_only,,linux
58216,0,both_agree,,linux
46094,0,both_agree,,krb5
161438,0,bigvul_only,,Chrome
12888,0,both_agree,,openssl
119581,0,bigvul_only,,Chrome
70780,0,both_agree,,FFmpeg
53462,0,both_agree,,libarchive
13930,0,both_agree,,ghostscript
149807,0,bigvul_only,,Chrome
73843,0,both_agree,,ext-http
43476,0,both_agree,,linux
154668,0,bigvul_only,,Chrome
48350,0,both_agree,,libtiff
145490,0,primevul_corrected,CWE-362,Chrome
19471,0,bigvul_only,,linux
113826,0,bigvul_only,,Chrome
54065,0,both_agree,,linux
115880,0,bigvul_only,,Chrome
777,0,primevul_corrected,CWE-189,poppler
17536,0,bigvul_only,,xserver
82179,0,both_agree,,mruby
82426,0,bigvul_only,,Espruino
114465,0,bigvul_only,,Chrome
170194,0,bigvul_only,,Chrome
22658,0,both_agree,,linux
182747,1,both_agree,CWE-120,linux
5580,0,both_agree,,ghostscript
48003,0,both_agree,,linux
24046,0,both_agree,,linux
12190,0,both_agree,,qemu
182136,1,both_agree,,linux
4619,0,bigvul_only,,php
65856,0,both_agree,,linux
164842,0,bigvul_only,,Chrome
146704,0,bigvul_only,,Chrome
28631,0,both_agree,,linux
41146,0,both_agree,,linux
146255,0,bigvul_only,,Chrome
32271,0,both_agree,,linux
19311,0,both_agree,,linux
164650,0,primevul_corrected,,Chrome
43909,0,both_agree,,libarchive
105823,0,bigvul_only,,Chrome
18342,0,bigvul_only,,uzbl
113277,0,bigvul_only,,Chrome
7284,0,both_agree,,savannah
165460,0,bigvul_only,,Chrome
25904,0,bigvul_only,,linux
124751,0,bigvul_only,,Chrome
172525,0,bigvul_only,,Android
2652,0,bigvul_only,,postgresql
172484,0,bigvul_only,,Android
90590,0,both_agree,,linux
184827,,unmatched,,
79750,0,both_agree,,libpng
146774,0,bigvul_only,,Chrome
70145,0,bigvul_only,,libtiff
109274,0,bigvul_only,,Chrome
29064,0,both_agree,,linux
180907,1,both_agree,CWE-476,linux
125729,0,bigvul_only,,Chrome
115308,0,bigvul_only,,Chrome
133316,0,bigvul_only,,Chrome
80140,0,both_agree,,gpac
38776,0,both_agree,,postgres
82803,0,both_agree,,radare2
109831,0,bigvul_only,,Chrome
124941,,unmatched,,
144145,0,bigvul_only,,Chrome
90044,0,both_agree,,zstd
136101,,unmatched,,
126283,0,bigvul_only,,Chrome
43417,0,both_agree,,FFmpeg
97674,0,both_agree,,Chrome
56899,0,diversevul_only,,linux
13245,0,bigvul_only,,savannah
18437,0,both_agree,,nbd
100999,0,bigvul_only,,Chrome
129254,0,bigvul_only,,Chrome
61250,0,both_agree,,cyrus-imapd
159339,0,bigvul_only,,Chrome
58710,0,both_agree,,linux
26953,0,both_agree,,linux
6795,0,bigvul_only,,haproxy
60161,,unmatched,,
65517,0,bigvul_only,,linux
132730,,unmatched,,
52740,0,both_agree,,linux
120207,0,bigvul_only,,Chrome
6132,0,both_agree,,openssl
128343,0,bigvul_only,,Chrome
5751,0,diversevul_only,,qemu
118738,,unmatched,,
99861,0,bigvul_only,,Chrome
2513,0,both_agree,,samba
105548,0,bigvul_only,,Chrome
93612,0,both_agree,,linux
76026,0,both_agree,,keepalived
49626,0,both_agree,,linux
67042,0,both_agree,,FFmpeg
90778,0,both_agree,,FFmpeg
75188,0,both_agree,,memcached
126538,0,bigvul_only,,Chrome
176510,0,bigvul_only,,Android
188079,,unmatched,,
106254,0,bigvul_only,,Chrome
174744,0,bigvul_only,,Android
28727,0,bigvul_only,,linux
132242,0,bigvul_only,,Chrome
65349,0,both_agree,,linux
171086,,unmatched,,
175459,0,bigvul_only,,Android
64225,0,both_agree,,httpd
55237,0,both_agree,,linux
137917,0,bigvul_only,,Chrome
42976,0,both_agree,,linux
187631,1,bigvul_only,,Android
41370,0,both_agree,,linux
81792,0,both_agree,,redis
163061,0,bigvul_only,,Chrome
71808,0,bigvul_only,,ImageMagick
110503,0,bigvul_only,,Chrome
125429,0,bigvul_only,,Chrome
147575,0,bigvul_only,,Chrome
72339,0,diversevul_only,,openssh-portable
39694,0,diversevul_only,,linux
126306,0,bigvul_only,,Chrome
41599,0,both_agree,,linux
83778,0,both_agree,,linux
14341,0,both_agree,,openssl
151866,0,bigvul_only,,Chrome
75665,0,bigvul_only,,sleuthkit
14224,0,both_agree,,php
71205,0,both_agree,,linux
14810,0,both_agree,,php
110389,0,bigvul_only,,Chrome
153865,0,bigvul_only,,Chrome
137374,0,bigvul_only,,Chrome
14587,0,bigvul_only,,polkit
135087,0,bigvul_only,,Chrome
15991,0,bigvul_only,,exempi
136948,0,bigvul_only,,Chrome
75759,0,diversevul_only,,uriparser
112044,0,bigvul_only,,Chrome
126840,0,bigvul_only,,Chrome
122630,0,bigvul_only,,Chrome
164258,0,bigvul_only,,Chrome
106340,0,bigvul_only,,Chrome
71053,0,both_agree,,Little-CMS
120365,0,bigvul_only,,Chrome
97527,0,bigvul_only,,Chrome
29814,0,both_agree,,linux
106473,0,bigvul_only,,Chrome
160937,,unmatched,,
147699,0,bigvul_only,,Chrome
6353,0,bigvul_only,,NetworkManager
166165,0,bigvul_only,,Chrome
90458,0,both_agree,,linux
147137,0,bigvul_only,,Chrome
145480,0,bigvul_only,,Chrome
77027,0,diversevul_only,,ovs
186678,conflict,internal_conflict,CWE-20,Chrome
97857,0,bigvul_only,,Chrome
112554,0,bigvul_only,,Chrome
161233,0,bigvul_only,,Chrome
115677,,unmatched,,
28048,0,both_agree,,FFmpeg
51048,0,both_agree,,linux
168237,,unmatched,,
149063,0,bigvul_only,,Chrome
172377,0,bigvul_only,,Android
164576,0,bigvul_only,,Chrome
170943,0,bigvul_only,,Android
118109,,unmatched,,
45781,0,bigvul_only,,linux
77302,0,bigvul_only,,ovs
90437,0,both_agree,,linux
181170,1,diversevul_only,,ioq3
185222,,unmatched,,
140841,,unmatched,,
56528,0,both_agree,,linux
1363,0,bigvul_only,,pengutronix
148614,0,bigvul_only,,Chrome
105976,0,bigvul_only,,Chrome
43277,0,both_agree,,rawstudio
167577,0,bigvul_only,,Chrome
119350,0,bigvul_only,,Chrome
95161,0,bigvul_only,,cyrus-imapd
149161,0,bigvul_only,,Chrome
95863,0,both_agree,,OpenJK
36114,0,both_agree,,linux
47273,0,bigvul_only,,linux
163227,0,bigvul_only,,Chrome
95024,0,both_agree,,Varnish-Cache
140795,0,bigvul_only,,Chrome
48227,0,both_agree,,libtiff
133548,0,bigvul_only,,Chrome
60005,0,both_agree,,linux
89289,0,bigvul_only,,u-boot
41740,0,both_agree,,linux
156125,0,bigvul_only,,Chrome
135807,0,bigvul_only,,Chrome
186323,,unmatched,,
36798,0,both_agree,,php-src
111837,0,bigvul_only,,Chrome
102070,0,bigvul_only,,Chrome
145501,0,bigvul_only,,Chrome
89383,0,bigvul_only,,u-boot
128024,0,bigvul_only,,Chrome
153883,0,bigvul_only,,Chrome
180305,,unmatched,,
128682,0,bigvul_only,,Chrome
90623,0,both_agree,,ImageMagick
71135,0,bigvul_only,,systemd
104757,0,primevul_corrected,CWE-264,Chrome
138350,0,bigvul_only,,Chrome
35326,0,bigvul_only,,linux
94767,0,both_agree,,ImageMagick
9999,0,both_agree,,savannah
23955,0,both_agree,,linux
104395,0,bigvul_only,,Chrome
48962,0,both_agree,,linux
22559,0,both_agree,,linux
118842,0,bigvul_only,,Chrome
131202,0,bigvul_only,,Chrome
65027,0,diversevul_only,,linux
54370,0,both_agree,,krb5
158982,0,bigvul_only,,Chrome
86632,0,diversevul_only,,linux
20438,0,both_agree,,linux
146296,0,bigvul_only,,Chrome
112318,0,bigvul_only,,Chrome
171822,0,bigvul_only,,Android
98238,0,bigvul_only,,Chrome
44803,0,both_agree,,pigz
132579,0,bigvul_only,,Chrome
130776,0,bigvul_only,,Chrome
145164,0,bigvul_only,,Chrome
171105,,unmatched,,
43000,0,both_agree,,linux
180399,1,both_agree,,h2o
83558,0,both_agree,,FreeRDP
162737,0,bigvul_only,,Chrome
47556,0,bigvul_only,,linux
6689,0,both_agree,,qemu
48441,0,both_agree,,linux
59817,0,both_agree,,linux
142296,0,bigvul_only,,Chrome
146343,,unmatched,,
11281,0,both_agree,,savannah
130022,0,bigvul_only,,Chrome
47076,0,bigvul_only,,linux
23215,0,both_agree,,linux
81091,0,both_agree,,linux
120917,0,bigvul_only,,Chrome
137151,0,bigvul_only,,Chrome
122939,0,bigvul_only,,Chrome
43138,0,both_agree,,linux
60750,0,both_agree,,krb5
58997,0,both_agree,,lynx-snapshots
130206,0,bigvul_only,,Chrome
36956,0,both_agree,,libfep
113272,0,bigvul_only,,Chrome
45305,0,both_agree,,linux
28225,0,bigvul_only,,FFmpeg
59361,0,both_agree,,linux
119618,0,bigvul_only,,Chrome
49410,0,both_agree,,linux
15498,0,both_agree,,savannah
149348,,unmatched,,
41733,0,diversevul_only,,linux
75006,0,primevul_corrected,CWE-190,minisphere
90218,0,both_agree,,linux
152116,0,bigvul_only,,Chrome
181582,1,both_agree,CWE-190,php-src
140391,0,bigvul_only,,Chrome
85048,0,both_agree,,curl
33966,0,both_agree,,linux
170180,,unmatched,,
73396,0,both_agree,,ImageMagick
89055,0,both_agree,,ImageMagick
26608,0,both_agree,,linux
119098,0,bigvul_only,,Chrome
89054,0,diversevul_only,,ImageMagick
153703,0,bigvul_only,,Chrome
3705,0,diversevul_only,,qemu
16061,0,bigvul_only,,exempi
76017,0,both_agree,,keepalived
147857,0,bigvul_only,,Chrome
93146,0,both_agree,,tcpdump
27421,0,diversevul_only,,linux-2.6
13108,0,both_agree,,qemu
185,0,bigvul_only,,php
186251,1,bigvul_only,CWE-284,Chrome
30065,0,both_agree,,linux
9107,0,bigvul_only,,virglrenderer
39192,0,both_agree,,linux
106242,0,bigvul_only,,Chrome
106093,0,bigvul_only,,Chrome
172272,0,bigvul_only,,Android
94264,0,both_agree,,memcached
133053,0,bigvul_only,,Chrome
185491,1,bigvul_only,,Chrome
7142,0,bigvul_only,,savannah
41285,0,diversevul_only,,linux
51991,0,both_agree,,wireshark
129042,,unmatched,,
145878,0,bigvul_only,,Chrome
187775,0,bigvul_only,,Android
91713,0,both_agree,,mod_auth_mellon
67399,0,both_agree,,linux
130890,0,bigvul_only,,Chrome
49962,0,bigvul_only,,php-src
4564,0,bigvul_only,,php
121855,0,bigvul_only,,Chrome
33144,0,diversevul_only,,linux
14711,0,bigvul_only,,poppler
52561,0,both_agree,,h2o
74948,0,both_agree,,libarchive
49242,0,both_agree,,linux
110168,0,bigvul_only,,Chrome
112629,0,bigvul_only,,Chrome
30316,0,both_agree,,linux
121535,0,bigvul_only,,Chrome
112858,0,bigvul_only,,Chrome
138334,0,bigvul_only,,Chrome
156531,,unmatched,,
17603,0,bigvul_only,,xserver
167920,0,bigvul_only,,Chrome
147116,0,bigvul_only,,Chrome
73167,0,both_agree,,tor
81385,0,both_agree,,linux
92579,0,both_agree,,linux
73852,0,both_agree,,pngquant
184482,1,primevul_corrected,,Chrome
113883,0,bigvul_only,,Chrome
91203,0,both_agree,,linux
73045,0,both_agree,,libgd
174469,0,bigvul_only,,Android
80396,0,both_agree,,gpac
173825,conflict,internal_conflict,,Android
186278,,unmatched,,
83734,0,both_agree,,libgit2
130023,0,bigvul_only,,Chrome
123692,0,bigvul_only,,Chrome
184124,,unmatched,,
173276,,unmatched,,
34446,0,both_agree,,linux
166013,0,bigvul_only,,Chrome
53478,0,both_agree,,libarchive
47416,0,bigvul_only,,linux
72148,0,both_agree,,slurm
87651,0,both_agree,,openmpt
30021,0,both_agree,,linux
35399,0,bigvul_only,,linux
64448,0,both_agree,,mruby
32816,0,bigvul_only,,linux
122377,0,bigvul_only,,Chrome
41690,0,both_agree,,linux
111826,0,bigvul_only,,Chrome
106798,0,bigvul_only,,Chrome
165136,0,bigvul_only,,Chrome
142572,0,bigvul_only,,Chrome
20846,0,both_agree,,linux
109934,,unmatched,,
63175,0,both_agree,,ioq3
143446,0,bigvul_only,,Chrome
141736,0,bigvul_only,,Chrome
119181,0,bigvul_only,,Chrome
103245,0,bigvul_only,,Chrome
76507,0,both_agree,,linux
121754,0,bigvul_only,,Chrome
80680,0,both_agree,,gpac
112766,0,bigvul_only,,Chrome
173750,0,bigvul_only,,Android
28447,0,both_agree,,linux
145291,0,bigvul_only,,Chrome
43655,0,both_agree,,linux
119393,0,bigvul_only,,Chrome
83384,0,diversevul_only,,openvpn
162086,0,primevul_corrected,CWE-787,Chrome
108729,0,bigvul_only,,Chrome
7779,0,both_agree,,haproxy
2058,0,bigvul_only,,spice
21156,0,both_agree,,linux
86813,0,both_agree,,libtiff
118594,0,bigvul_only,,Chrome
13090,0,bigvul_only,,savannah
155505,0,bigvul_only,,Chrome
74443,0,bigvul_only,,kvm-guest-drivers-windows
166566,0,bigvul_only,,Chrome
51576,0,both_agree,,linux
85281,0,diversevul_only,,linux
57068,0,bigvul_only,,linux
151769,0,bigvul_only,,Chrome
71338,0,both_agree,,libgit2
84081,0,both_agree,,linux
10412,0,both_agree,,qemu
57776,0,bigvul_only,,linux
65086,0,bigvul_only,,ImageMagick
25233,0,bigvul_only,,linux
159602,0,bigvul_only,,Chrome
19118,0,both_agree,,linux
148799,0,bigvul_only,,Chrome
8263,0,bigvul_only,,libXtst
152085,,unmatched,,
139670,0,bigvul_only,,Chrome
8725,0,both_agree,,openssl
14397,0,bigvul_only,,mindrot
113591,0,bigvul_only,,Chrome
168493,0,bigvul_only,,Chrome
39048,0,both_agree,,postgres
22096,0,both_agree,,linux
93074,0,both_agree,,rdesktop
150556,0,bigvul_only,,Chrome
143570,0,bigvul_only,,Chrome
11610,0,bigvul_only,,udisks
93366,0,both_agree,,linux
160633,0,bigvul_only,,Chrome
96624,0,both_agree,,ImageMagick6
179745,,unmatched,,
70153,0,bigvul_only,,libtiff
44580,0,both_agree,,lxc
146778,0,bigvul_only,,Chrome
143421,0,bigvul_only,,Chrome
101245,0,bigvul_only,,Chrome
28919,0,both_agree,,linux
100746,0,both_agree,,Chrome
118532,0,bigvul_only,,Chrome
15978,0,bigvul_only,,exempi
61896,0,diversevul_only,,openjpeg
137513,0,primevul_corrected,,Chrome
148935,0,bigvul_only,,Chrome
180217,conflict,internal_conflict,CWE-190,php-src
4476,0,both_agree,,php
42718,0,both_agree,,linux
29739,0,diversevul_only,,FFmpeg
154024,0,bigvul_only,,Chrome
13186,0,both_agree,,ghostscript
105915,0,bigvul_only,,Chrome
14225,0,both_agree,,php
146114,0,bigvul_only,,Chrome
23979,0,both_agree,,linux
119063,0,bigvul_only,,Chrome
106777,0,bigvul_only,,Chrome
66101,0,both_agree,,linux
58538,0,both_agree,,FreeRDP
162585,0,bigvul_only,,Chrome
25071,0,bigvul_only,,linux
62428,0,both_agree,,tcpdump
63551,0,both_agree,,gnome-session
30022,0,both_agree,,linux
155410,0,bigvul_only,,Chrome
101231,0,bigvul_only,,Chrome
55420,0,both_agree,,linux
34688,0,both_agree,,linux
179630,1,both_agree,CWE-416,linux
126125,0,bigvul_only,,Chrome
182517,1,both_agree,CWE-59,w3m
108861,0,bigvul_only,,Chrome
136851,0,bigvul_only,,Chrome
53887,0,bigvul_only,,linux
150698,0,bigvul_only,,Chrome
2286,0,both_agree,,samba
7245,0,bigvul_only,,php
95959,0,bigvul_only,,OpenJK
172738,0,bigvul_only,,Android
67823,0,bigvul_only,,suricata
92114,0,both_agree,,linux
126670,0,bigvul_only,,Chrome
100657,0,bigvul_only,,Chrome
133807,0,bigvul_only,,Chrome
83884,0,both_agree,,libvips
151917,0,bigvul_only,,Chrome
91768,0,both_agree,,libcomps
109090,0,bigvul_only,,Chrome
92099,0,both_agree,,linux
18780,0,both_agree,,linux
48631,,unmatched,,
122932,0,bigvul_only,,Chrome
46257,0,primevul_corrected,CWE-264,linux
63836,0,bigvul_only,,sthttpd
147132,,unmatched,,
123256,0,bigvul_only,,Chrome
154285,0,bigvul_only,,Chrome
44055,0,bigvul_only,,pacemaker
95799,0,both_agree,,OpenJK
146944,0,bigvul_only,,Chrome
63775,0,both_agree,,jabberd2
168746,0,bigvul_only,,Chrome
39412,0,both_agree,,linux
134348,0,bigvul_only,,Chrome
6576,0,bigvul_only,,kde
95446,0,bigvul_only,,OpenJK
58654,0,both_agree,,FreeRDP
153322,0,bigvul_only,,Chrome
13896,,unmatched,,
23235,0,diversevul_only,,linux
74063,0,primevul_corrected,CWE-476,libdwarf
34123,0,both_agree,,linux
156130,0,bigvul_only,,Chrome
148901,0,bigvul_only,,Chrome
105313,0,bigvul_only,,Chrome
117430,0,bigvul_only,,Chrome
61041,0,both_agree,,nautilus
75285,0,bigvul_only,,stb
138063,0,bigvul_only,,Chrome
41694,0,both_agree,,linux
18481,0,both_agree,,linux
188484,0,diversevul_only,CWE-119,Android
4103,0,bigvul_only,,poppler
51293,0,bigvul_only,,php-src
38013,0,diversevul_only,,linux
138475,0,bigvul_only,,Chrome
100910,0,bigvul_only,,Chrome
45965,0,diversevul_only,,file
152852,0,bigvul_only,,Chrome
107463,0,bigvul_only,,Chrome
165896,,unmatched,,
71000,0,both_agree,,Little-CMS
114991,0,bigvul_only,,Chrome
48548,0,both_agree,,linux
41024,0,bigvul_only,,Little-CMS
125072,0,bigvul_only,,Chrome
49079,0,bigvul_only,,linux
90114,0,both_agree,,zstd
29884,0,both_agree,,linux
114784,0,bigvul_only,,Chrome
52808,0,both_agree,,linux
3558,0,both_agree,,moodle
109661,0,bigvul_only,,Chrome
73067,0,both_agree,,libgd
103424,0,bigvul_only,,Chrome
187517,,unmatched,,
160924,0,bigvul_only,,Chrome
80759,0,both_agree,,gpac
33486,0,both_agree,,linux
82786,0,both_agree,,radare2
258,0,both_agree,,savannah
74879,0,both_agree,,FFmpeg
82949,0,both_agree,,radare2
170668,0,bigvul_only,,Android
186297,conflict,internal_conflict,CWE-20,Chrome
39514,0,both_agree,,linux
170282,0,bigvul_only,,Chrome
150358,0,bigvul_only,,Chrome
10255,0,bigvul_only,,savannah
119259,0,bigvul_only,,Chrome
86884,0,both_agree,,optee_os
94246,0,both_agree,,memcached
27785,0,both_agree,,linux
30201,0,diversevul_only,,linux
158716,,unmatched,,
126330,0,bigvul_only,,Chrome
94944,0,both_agree,,linux
93047,0,both_agree,,rdesktop
160273,0,bigvul_only,,Chrome
66959,0,both_agree,,FFmpeg
184812,1,bigvul_only,,Chrome
6039,0,diversevul_only,,qemu
173898,0,diversevul_only,CWE-119,Android
61543,0,both_agree,,ImageMagick
98507,,unmatched,,
112283,0,bigvul_only,,Chrome
54875,0,both_agree,,git
24151,0,both_agree,,linux
168273,0,bigvul_only,,Chrome
91571,0,both_agree,,linux
180542,1,bigvul_only,CWE-119,linux
69787,0,bigvul_only,,tor
91606,0,diversevul_only,,linux
91122,0,both_agree,,linux
111559,0,bigvul_only,,Chrome
71363,0,both_agree,,libgit2
110860,0,bigvul_only,,Chrome
62430,0,both_agree,,tcpdump
61257,0,both_agree,,cyrus-imapd
31256,0,both_agree,,linux
184649,1,bigvul_only,,Chrome
155835,0,bigvul_only,,Chrome
42403,0,both_agree,,linux
95657,,unmatched,,
45220,0,both_agree,,libsndfile
70435,0,both_agree,,jasper
67445,0,both_agree,,linux
38761,0,both_agree,,postgres
23199,0,diversevul_only,,linux
60909,0,both_agree,,nautilus
52979,0,both_agree,,linux
14260,0,both_agree,,php
177987,,unmatched,,
131408,,unmatched,,
23481,0,primevul_corrected,,linux
165486,0,bigvul_only,,Chrome
180736,1,both_agree,CWE-200,linux
95762,0,bigvul_only,,OpenJK
154550,0,bigvul_only,,Chrome
26837,0,both_agree,,linux
131123,0,bigvul_only,,Chrome
89762,0,bigvul_only,,firejail
170299,0,bigvul_only,,Chrome
40635,0,both_agree,,linux
181293,1,diversevul_only,,linux
127884,0,bigvul_only,,Chrome
68877,0,both_agree,,linux
17379,0,bigvul_only,,xserver
105013,0,bigvul_only,,Chrome
75952,0,both_agree,,keepalived
90374,0,diversevul_only,,linux
154587,0,bigvul_only,,Chrome
1221,0,bigvul_only,,poppler
126980,0,bigvul_only,,Chrome
52348,0,both_agree,,linux
174679,0,bigvul_only,,Android
56973,0,both_agree,,linux
160663,0,bigvul_only,,Chrome
181013,1,diversevul_only,CWE-125,tcpdump
124002,0,bigvul_only,,Chrome
126002,0,bigvul_only,,Chrome
127209,0,bigvul_only,,Chrome
122975,0,bigvul_only,,Chrome
96708,0,both_agree,,ImageMagick6
125001,,unmatched,,
188444,0,diversevul_only,CWE-119,Android
143662,0,bigvul_only,,Chrome
9958,0,bigvul_only,,exempi
96180,0,bigvul_only,,ImageMagick
65578,0,bigvul_only,,linux
94151,0,both_agree,,linux
178201,,unmatched,,
118750,0,bigvul_only,,Chrome
105541,0,bigvul_only,,Chrome
148888,0,bigvul_only,,Chrome
174260,0,bigvul_only,,Android
156759,0,primevul_corrected,CWE-732,Chrome
127410,0,bigvul_only,,Chrome
42631,0,both_agree,,linux
147134,,unmatched,,
49463,0,both_agree,,linux
127917,0,bigvul_only,,Chrome
11782,0,bigvul_only,,udisks
56261,conflict,both_disagree,,php-src
125391,0,bigvul_only,,Chrome
113667,0,diversevul_only,,libxslt
158631,0,bigvul_only,,Chrome
43664,0,both_agree,,linux
56366,0,both_agree,,dosfstools
113852,0,bigvul_only,,Chrome
182346,,unmatched,,
57435,0,both_agree,,linux
162693,0,bigvul_only,,Chrome
76324,0,both_agree,,linux
140293,0,bigvul_only,,Chrome
136085,0,bigvul_only,,Chrome
93489,0,both_agree,,nmap
185591,1,bigvul_only,,Chrome
1376,0,both_agree,,pengutronix
94273,0,both_agree,,memcached
111682,0,bigvul_only,,Chrome
136476,0,bigvul_only,,Chrome
161484,0,bigvul_only,,Chrome
139133,0,bigvul_only,,Chrome
131175,0,bigvul_only,,Chrome
109328,0,bigvul_only,,Chrome
16804,0,both_agree,,qemu
26165,0,both_agree,,linux
139540,0,bigvul_only,,Chrome
177297,0,bigvul_only,,Android
163973,0,primevul_corrected,CWE-416,Chrome
15650,0,both_agree,,qemu
26127,0,both_agree,,linux
145140,,unmatched,,
85522,0,both_agree,,linux
69216,0,both_agree,,php-src
150681,0,bigvul_only,,Chrome
121717,0,bigvul_only,,Chrome
82419,0,bigvul_only,,Espruino
50288,0,bigvul_only,,MAC-Telnet
54553,0,both_agree,,FFmpeg
107135,0,bigvul_only,,Chrome
110230,0,bigvul_only,,Chrome
96128,0,bigvul_only,,systemd
154045,,unmatched,,
179995,,unmatched,,
170310,0,bigvul_only,,Chrome
122727,0,bigvul_only,,Chrome
119979,0,bigvul_only,,Chrome
87457,0,both_agree,,FreeRDP
75428,0,bigvul_only,,radare2
183194,1,diversevul_only,,tcpdump
14036,0,bigvul_only,,xserver
75582,0,both_agree,,linux
162016,0,bigvul_only,,Chrome
174912,0,bigvul_only,,Android
76702,0,both_agree,,texlive-source
63906,0,diversevul_only,,linux
101293,,unmatched,,
76661,0,both_agree,,texlive-source
125272,0,bigvul_only,,Chrome
91285,0,both_agree,,linux
58481,0,both_agree,,hexchat
140342,0,bigvul_only,,Chrome
60893,0,both_agree,,nautilus
29669,0,both_agree,,linux
11463,0,bigvul_only,,xserver
148458,0,bigvul_only,,Chrome
47314,0,bigvul_only,,linux
47355,0,bigvul_only,,linux
129443,0,bigvul_only,,Chrome
134715,0,bigvul_only,,Chrome
56697,0,both_agree,,linux
83468,0,bigvul_only,,openbsd
112054,,unmatched,,
165162,0,bigvul_only,,Chrome
68145,0,both_agree,,linux
186259,,unmatched,,
18425,0,both_agree,,nbd
115749,0,bigvul_only,,Chrome
176216,0,bigvul_only,,Android
38976,0,both_agree,,postgres
94907,0,both_agree,,linux
128975,0,bigvul_only,,Chrome
115580,0,bigvul_only,,Chrome
95513,0,bigvul_only,,OpenJK
126185,0,bigvul_only,,Chrome
75268,0,bigvul_only,,stb
134126,0,bigvul_only,,Chrome
2361,0,both_agree,,samba
110620,0,bigvul_only,,Chrome
168922,,unmatched,,
75619,0,bigvul_only,,radare2
142496,0,bigvul_only,,Chrome
179854,1,both_agree,CWE-264,linux
180208,conflict,internal_conflict,CWE-190,php-src
66783,0,both_agree,,linux
81643,0,bigvul_only,,civetweb
172707,0,bigvul_only,,Android
44392,0,bigvul_only,,lxcfs
68567,0,both_agree,,gst-plugins-ugly
6461,0,both_agree,,lxde
167220,0,bigvul_only,,Chrome
145108,0,bigvul_only,,Chrome
36148,0,both_agree,,krb5
2495,0,both_agree,,samba
163064,0,bigvul_only,,Chrome
114337,0,bigvul_only,,Chrome
133906,0,bigvul_only,,Chrome
128215,0,bigvul_only,,Chrome
2967,0,both_agree,,ghostscript
128602,0,bigvul_only,,Chrome
127861,0,bigvul_only,,Chrome
115904,0,bigvul_only,,Chrome
1291,0,bigvul_only,,poppler
158370,0,primevul_corrected,CWE-20,Chrome
71130,0,both_agree,,php-src
115114,0,bigvul_only,,Chrome
186246,1,primevul_corrected,CWE-79,Chrome
147266,0,bigvul_only,,Chrome
33468,0,bigvul_only,,linux
91388,0,both_agree,,linux
27834,0,both_agree,,linux
93587,0,both_agree,,linux
157223,0,bigvul_only,,Chrome
98630,0,bigvul_only,,Chrome
33602,0,both_agree,,krb5
79479,0,both_agree,,neomutt
72437,0,bigvul_only,,php-src
167877,0,bigvul_only,,Chrome
31297,0,both_agree,,linux
162878,,unmatched,,
27242,0,both_agree,,linux
10319,0,bigvul_only,,savannah
80180,0,both_agree,,gpac
123793,0,bigvul_only,,Chrome
57866,0,diversevul_only,,linux
41317,0,both_agree,,linux
89847,0,both_agree,,miniupnp
107826,0,primevul_corrected,,Chrome
45846,0,bigvul_only,,linux
164156,0,bigvul_only,,Chrome
133985,0,bigvul_only,,Chrome
79356,0,both_agree,,FFmpeg
5362,0,both_agree,,ghostscript
129063,,unmatched,,
156905,0,bigvul_only,,Chrome
186893,1,bigvul_only,CWE-269,Chrome
167414,0,bigvul_only,,Chrome
47175,0,bigvul_only,,linux
60927,0,both_agree,,nautilus
94915,0,both_agree,,linux
35334,0,primevul_corrected,CWE-264,linux
16559,0,bigvul_only,,htcondor
98744,0,bigvul_only,,Chrome
91218,0,both_agree,,linux
32548,0,both_agree,,linux
70129,0,bigvul_only,,libtiff
47926,0,both_agree,,linux
136829,0,bigvul_only,,Chrome
118871,0,primevul_corrected,,Chrome
165146,0,bigvul_only,,Chrome
178282,1,bigvul_only,CWE-264,dbus
39309,0,diversevul_only,,linux
38267,0,both_agree,,linux
28552,0,both_agree,,linux
68761,0,both_agree,,linux
88145,0,diversevul_only,,linux
86606,,unmatched,,
55777,0,diversevul_only,,linux
139927,0,bigvul_only,,Chrome
16366,0,bigvul_only,,htcondor
5889,0,both_agree,,qemu
119556,0,bigvul_only,,Chrome
135949,0,bigvul_only,,Chrome
130293,0,bigvul_only,,Chrome
153643,0,bigvul_only,,Chrome
138609,0,bigvul_only,,Chrome
170231,0,bigvul_only,,Chrome
187563,conflict,internal_conflict,CWE-119,Android
128038,0,bigvul_only,,Chrome
41681,0,both_agree,,linux
132892,0,bigvul_only,,Chrome
65999,0,bigvul_only,,linux
157823,,unmatched,,
52739,0,both_agree,,linux
65892,0,bigvul_only,,linux
57687,0,both_agree,,linux
19255,0,both_agree,,linux
118702,0,bigvul_only,,Chrome
162763,0,bigvul_only,,Chrome
43816,0,both_agree,,krb5
108637,0,bigvul_only,,Chrome
177397,0,both_agree,,Android
97240,0,bigvul_only,,Chrome
183766,1,bigvul_only,CWE-119,Chrome
25956,,unmatched,,
72419,0,bigvul_only,,php-src
25215,0,bigvul_only,,linux
166366,0,bigvul_only,,Chrome
17763,0,bigvul_only,,xserver
39368,0,both_agree,,linux
4104,0,bigvul_only,,poppler
12921,0,bigvul_only,,infradead
46882,0,bigvul_only,,linux
96110,0,both_agree,,firejail
58903,0,diversevul_only,,linux
70626,0,both_agree,,libevent
130918,0,bigvul_only,,Chrome
132389,0,bigvul_only,,Chrome
92851,0,bigvul_only,,gpac
112396,0,bigvul_only,,Chrome
42666,0,both_agree,,linux
91124,0,bigvul_only,,linux
11476,0,bigvul_only,,xserver
108739,0,bigvul_only,,Chrome
157270,0,bigvul_only,,Chrome
176604,0,both_agree,,Chrome
134724,0,bigvul_only,,Chrome
176627,0,both_agree,,libxml2
175289,0,primevul_corrected,CWE-200,Android
20521,0,both_agree,,linux
90698,0,both_agree,,mujs
113247,0,bigvul_only,,Chrome
72343,0,bigvul_only,,src
163562,,unmatched,,
16208,0,bigvul_only,,htcondor
57109,0,bigvul_only,,linux
118565,0,bigvul_only,,Chrome
22860,0,both_agree,,linux
42503,0,both_agree,,linux
107803,0,bigvul_only,,Chrome
70622,0,both_agree,,libevent
49602,0,both_agree,,linux
32102,0,both_agree,,linux
177012,0,bigvul_only,,Android
62961,0,both_agree,,linux
119326,0,bigvul_only,,Chrome
145122,0,bigvul_only,,Chrome
59812,0,both_agree,,linux
109229,0,bigvul_only,,Chrome
180456,1,both_agree,CWE-119,iperf
6316,0,bigvul_only,,php
107651,0,bigvul_only,,Chrome
6650,0,bigvul_only,,htcondor
112347,0,bigvul_only,,Chrome
149844,0,bigvul_only,,Chrome
69288,0,both_agree,,openssl
157597,0,bigvul_only,,Chrome
17008,,unmatched,,
157775,0,bigvul_only,,Chrome
128059,0,bigvul_only,,Chrome
2807,0,both_agree,,ghostscript
90789,0,both_agree,,FFmpeg
42721,0,both_agree,,linux
18336,0,bigvul_only,,uzbl
29313,0,both_agree,,linux
98933,0,bigvul_only,,Chrome
166556,0,bigvul_only,,Chrome
32502,0,both_agree,,linux
97876,0,bigvul_only,,Chrome
689,0,diversevul_only,,rsync
185326,1,bigvul_only,CWE-79,Chrome
81856,0,diversevul_only,,wolfssl
149847,0,bigvul_only,,Chrome
168146,0,bigvul_only,,Chrome
157691,0,bigvul_only,,Chrome
66811,0,both_agree,,radare2
180098,1,both_agree,CWE-416,linux
88619,0,both_agree,,linux
45202,1,diversevul_only,CWE-310,openssl
72818,0,bigvul_only,,jasper
147971,,unmatched,,
31369,0,diversevul_only,,linux
123854,0,bigvul_only,,Chrome
162281,0,bigvul_only,,Chrome
36438,0,both_agree,,webserver
100401,0,bigvul_only,,Chrome
182079,0,bigvul_only,,ImageMagick
60901,0,both_agree,,nautilus
48819,0,bigvul_only,,linux
161676,0,bigvul_only,,Chrome
33278,0,diversevul_only,,kvm
123554,0,bigvul_only,,Chrome
67548,0,both_agree,,linux
135767,0,bigvul_only,,Chrome
8224,0,both_agree,,qemu
142959,0,bigvul_only,,Chrome
84920,0,both_agree,,linux
6757,0,both_agree,,qemu
48229,0,diversevul_only,,libtiff
87810,0,both_agree,,radare2
91912,0,both_agree,,openjpeg
39835,0,both_agree,,linux
10728,0,bigvul_only,,savannah
6258,0,both_agree,,qemu
94252,0,both_agree,,memcached
167947,0,bigvul_only,,Chrome
92605,0,both_agree,,linux
84824,0,both_agree,,linux
141710,0,bigvul_only,,Chrome
16181,0,bigvul_only,,htcondor
51302,0,bigvul_only,,php-src
86214,0,both_agree,,linux
121315,0,bigvul_only,,Chrome
174429,0,bigvul_only,,Android
34874,0,diversevul_only,,linux
9730,0,bigvul_only,,virglrenderer
15967,0,bigvul_only,,exempi
97369,0,primevul_corrected,,Chrome
186055,,unmatched,,
69649,0,both_agree,,tor
158026,0,bigvul_only,,Chrome
125138,0,bigvul_only,,Chrome
158673,0,bigvul_only,,Chrome
150610,0,bigvul_only,,Chrome
10591,0,bigvul_only,,savannah
172096,0,bigvul_only,,Android
128837,0,bigvul_only,,Chrome
74417,0,both_agree,,kvm-guest-drivers-windows
74859,0,both_agree,,FFmpeg
114857,0,bigvul_only,,Chrome
125122,0,bigvul_only,,Chrome
80616,0,bigvul_only,,gpac
150524,0,bigvul_only,,Chrome
96129,0,bigvul_only,,systemd
71312,0,both_agree,,ImageMagick
36900,0,both_agree,,linux
20111,0,diversevul_only,,linux
131212,0,bigvul_only,,Chrome
126040,0,bigvul_only,,Chrome
91948,0,both_agree,,linux
155921,0,bigvul_only,,Chrome
74159,0,both_agree,,ntp
14607,0,bigvul_only,,php
111485,0,bigvul_only,,Chrome
133789,0,bigvul_only,,Chrome
159886,0,bigvul_only,,Chrome
30913,0,both_agree,,linux
80284,0,both_agree,,gpac
93919,0,diversevul_only,,libvirt
134883,0,primevul_corrected,CWE-20,Chrome
131464,,unmatched,,
161321,0,bigvul_only,,Chrome
38595,0,both_agree,,linux
92680,0,both_agree,,linux
159030,0,bigvul_only,,Chrome
26817,0,both_agree,,linux
138683,0,bigvul_only,,Chrome
37255,0,both_agree,,linux
2316,0,both_agree,,samba
141718,0,bigvul_only,,Chrome
137482,,unmatched,,
117219,0,bigvul_only,,Chrome
153453,0,bigvul_only,,Chrome
121335,0,bigvul_only,,Chrome
161494,0,bigvul_only,,Chrome
155324,0,bigvul_only,,Chrome
80510,0,both_agree,,gpac
187036,,unmatched,,
4194,0,bigvul_only,,savannah
34748,0,both_agree,,linux
54646,0,both_agree,,linux
32634,0,both_agree,,linux
31077,0,diversevul_only,,linux-2.6
27826,0,both_agree,,linux
120782,0,bigvul_only,,Chrome
86428,0,both_agree,,linux
76325,0,both_agree,,linux
93893,0,both_agree,,libvirt
39624,0,both_agree,,linux
134543,0,bigvul_only,,Chrome
100509,0,primevul_corrected,,Chrome
156329,0,bigvul_only,,Chrome
178964,1,bigvul_only,CWE-399,linux
177396,0,both_agree,,Android
101519,0,primevul_corrected,,Chrome
21180,0,both_agree,,linux
77723,0,both_agree,,ovs
68831,0,both_agree,,linux
127115,,unmatched,,
57608,0,both_agree,,linux
78222,0,both_agree,,OpenSC
77810,0,both_agree,,curl
181992,1,diversevul_only,CWE-415,libgd
72660,0,both_agree,,ImageMagick
115405,0,bigvul_only,,Chrome
157820,0,bigvul_only,,Chrome
157039,0,bigvul_only,,Chrome
98393,0,bigvul_only,,Chrome
35745,0,bigvul_only,,httpd
116114,0,bigvul_only,,Chrome
137302,0,bigvul_only,,Chrome
148823,0,bigvul_only,,Chrome
126183,0,bigvul_only,,Chrome
11011,0,both_agree,,php
136084,0,bigvul_only,,Chrome
113292,0,bigvul_only,,Chrome
160169,0,bigvul_only,,Chrome
66309,0,both_agree,,yara
119099,0,bigvul_only,,Chrome
54064,0,both_agree,,linux
84646,0,both_agree,,w3m
9934,0,bigvul_only,,kde
50612,0,both_agree,,ImageMagick
148238,0,bigvul_only,,Chrome
20242,0,both_agree,,linux
52073,0,both_agree,,linux
152388,,unmatched,,
37590,0,bigvul_only,,linux
12835,0,both_agree,,openssl
24508,0,both_agree,,linux
103232,0,bigvul_only,,Chrome
126902,0,bigvul_only,,Chrome
125959,0,bigvul_only,,Chrome
37652,0,diversevul_only,,linux
91934,0,both_agree,,linux
17303,0,bigvul_only,,spice
87076,0,both_agree,,cJSON
102385,0,bigvul_only,,Chrome
19547,0,both_agree,,linux
98324,0,bigvul_only,,Chrome
104595,0,bigvul_only,,Chrome
70936,0,both_agree,,Little-CMS
39267,0,both_agree,,linux
104266,0,bigvul_only,,Chrome
97487,0,bigvul_only,,Chrome
128214,0,bigvul_only,,Chrome
175827,0,bigvul_only,,Android
2739,0,bigvul_only,,dbus
57900,0,both_agree,,linux
92575,0,both_agree,,linux
184738,1,bigvul_only,CWE-20,Chrome
182380,,unmatched,,
161330,0,bigvul_only,,Chrome
21494,0,both_agree,,krb5
33520,0,both_agree,,linux
72294,0,bigvul_only,,src
34478,0,both_agree,,linux
65955,0,bigvul_only,,linux
149475,,unmatched,,
67976,0,both_agree,,jasper
83256,0,both_agree,,linux
142305,0,bigvul_only,,Chrome
183781,,unmatched,,
33736,0,both_agree,,linux
129394,0,bigvul_only,,Chrome
130692,0,bigvul_only,,Chrome
63543,0,both_agree,,linux
50273,0,both_agree,,linux
69954,0,both_agree,,redis
93519,0,both_agree,,linux
160496,0,bigvul_only,,Chrome
152510,0,bigvul_only,,Chrome
126564,0,bigvul_only,,Chrome
104572,,unmatched,,
70876,0,both_agree,,bitlbee
41319,0,both_agree,,linux
44577,0,both_agree,,lxc
19114,0,both_agree,,linux
100003,,unmatched,,
160890,,unmatched,,
114522,0,bigvul_only,,Chrome
64130,0,both_agree,,linux
70429,0,bigvul_only,,jasper
187576,1,bigvul_only,CWE-20,Android
24435,0,both_agree,,linux
127712,0,bigvul_only,,Chrome
80185,0,both_agree,,gpac
153959,,unmatched,,
104896,0,bigvul_only,,Chrome
32394,0,both_agree,,linux
38867,0,both_agree,,postgres
116900,0,bigvul_only,,Chrome
123662,0,bigvul_only,,Chrome
155808,0,bigvul_only,,Chrome
35597,0,both_agree,,linux
11637,0,bigvul_only,,udisks
1280,0,bigvul_only,,poppler
78043,0,bigvul_only,,Little-CMS
48714,0,bigvul_only,,httpd
89857,0,both_agree,,miniupnp
64678,0,both_agree,,oniguruma
37074,0,both_agree,,linux
88549,0,bigvul_only,,ImageMagick6
2212,0,bigvul_only,,poppler
174382,0,diversevul_only,,flac
74532,0,both_agree,,linux
92455,0,both_agree,,linux
18890,0,both_agree,,linux
100303,0,bigvul_only,,Chrome
186745,,unmatched,,
176144,0,bigvul_only,,Android
178540,1,bigvul_only,CWE-416,exempi
71578,0,bigvul_only,,ImageMagick
93999,0,both_agree,,ext-http
140444,,unmatched,,
29703,0,both_agree,,FFmpeg
3510,0,both_agree,,savannah
114691,0,bigvul_only,,Chrome
6673,0,both_agree,,qemu
20501,0,bigvul_only,,linux
54567,0,both_agree,,linux
141703,0,bigvul_only,,Chrome
20062,0,diversevul_only,,linux-2.6
8050,0,bigvul_only,,qemu
809,0,bigvul_only,,poppler
86830,0,both_agree,,optee_os
166645,0,bigvul_only,,Chrome
40445,0,diversevul_only,,linux
40018,0,both_agree,,linux
110493,0,bigvul_only,,Chrome
180074,1,diversevul_only,CWE-399,mindrot
65368,0,both_agree,,linux
144309,0,bigvul_only,,Chrome
59242,0,both_agree,,heimdal
28238,0,both_agree,,FFmpeg
50460,0,both_agree,,linux
101446,0,bigvul_only,,Chrome
140149,0,bigvul_only,,Chrome
95774,,unmatched,,
119675,0,bigvul_only,,Chrome
128545,0,bigvul_only,,Chrome
29056,0,both_agree,,polarssl
138406,0,bigvul_only,,Chrome
121666,0,bigvul_only,,Chrome
8426,0,bigvul_only,,qemu
95061,0,both_agree,,libgd
183620,1,bigvul_only,,Chrome
157608,0,bigvul_only,,Chrome
180695,1,both_agree,CWE-119,krb5
88706,0,both_agree,,linux
95983,0,bigvul_only,,OpenJK
160084,,unmatched,,
97660,0,bigvul_only,,Chrome
60508,0,both_agree,,linux
12283,0,bigvul_only,,gnupg
111717,0,bigvul_only,,Chrome
150985,0,bigvul_only,,Chrome
24196,0,both_agree,,linux
15797,0,both_agree,,openssl
185855,1,bigvul_only,,Chrome
162249,0,primevul_corrected,CWE-787,Chrome
178092,1,bigvul_only,CWE-284,libXi
34353,0,both_agree,,linux
156098,0,bigvul_only,,Chrome
10821,0,both_agree,,openssl
150592,0,bigvul_only,,Chrome
43772,0,both_agree,,krb5
167806,0,bigvul_only,,Chrome
72193,0,bigvul_only,,src
5101,0,both_agree,,php
47085,0,bigvul_only,,linux
41899,0,both_agree,,linux
31939,1,diversevul_only,CWE-264,linux
15128,0,both_agree,,php
149636,,unmatched,,
96007,0,both_agree,,OpenJK
123906,0,bigvul_only,,Chrome
178313,,unmatched,,
7114,0,bigvul_only,,savannah
1307,0,bigvul_only,,poppler
13855,0,bigvul_only,,php
156679,0,bigvul_only,,Chrome
108709,0,bigvul_only,,Chrome
99985,0,bigvul_only,,Chrome
57749,0,both_agree,,linux
149716,0,bigvul_only,,Chrome
17009,0,bigvul_only,,launchpad
143831,0,bigvul_only,,Chrome
12333,0,bigvul_only,,php
35501,0,both_agree,,linux
143738,0,bigvul_only,,Chrome
118618,0,bigvul_only,,Chrome
129259,0,bigvul_only,,Chrome
13829,0,bigvul_only,,php
117727,0,bigvul_only,,Chrome
112647,0,bigvul_only,,Chrome
30501,0,diversevul_only,,linux
82790,0,primevul_corrected,CWE-416,radare2
119701,0,bigvul_only,,Chrome
160597,0,bigvul_only,,Chrome
30985,0,both_agree,,linux
11123,0,bigvul_only,,php
145447,0,bigvul_only,,Chrome
52672,0,both_agree,,dosfstools
179443,1,both_agree,CWE-20,linux
130854,0,bigvul_only,,Chrome
101045,0,bigvul_only,,Chrome
139935,0,bigvul_only,,Chrome
176346,0,bigvul_only,,Android
185419,1,bigvul_only,,Chrome
144840,0,bigvul_only,,Chrome
31876,0,both_agree,,linux
179914,1,diversevul_only,,linux
38834,0,both_agree,,postgres
74354,0,both_agree,,kvm-guest-drivers-windows
56169,0,both_agree,,linux
95620,0,bigvul_only,,OpenJK
69158,0,both_agree,,php-src
165109,0,bigvul_only,,Chrome
100562,0,primevul_corrected,,Chrome
90989,0,bigvul_only,,domoticz
98382,0,bigvul_only,,Chrome
72169,0,both_agree,,slurm
96749,0,both_agree,,ImageMagick6
70584,0,diversevul_only,,libevent
41244,0,both_agree,,radvd
56272,0,both_agree,,php-src
153212,0,bigvul_only,,Chrome
35923,0,both_agree,,linux
88674,0,both_agree,,linux
91940,0,both_agree,,linux
127276,0,bigvul_only,,Chrome
118365,0,bigvul_only,,Chrome
43910,0,both_agree,,libarchive
46034,0,both_agree,,krb5
6120,0,both_agree,,openssl
152797,0,bigvul_only,,Chrome
88731,0,both_agree,,libmodbus
82650,0,diversevul_only,,linux
7669,0,bigvul_only,,qemu
41177,0,both_agree,,linux
146783,0,bigvul_only,,Chrome
87390,0,bigvul_only,,linux
107723,0,bigvul_only,,Chrome
68857,0,both_agree,,linux
43224,0,both_agree,,t1utils
66557,0,both_agree,,linux
100996,0,bigvul_only,,Chrome
156828,,unmatched,,
178922,1,both_agree,CWE-189,linux
21753,0,both_agree,,linux
5379,0,both_agree,,ghostscript
49873,0,bigvul_only,,php-src
90493,0,both_agree,,linux
120420,0,bigvul_only,,Chrome
14772,0,bigvul_only,,php
79037,0,both_agree,,FFmpeg
81353,0,both_agree,,linux
133683,0,bigvul_only,,Chrome
24394,0,both_agree,,linux
68332,0,both_agree,,linux
11194,0,bigvul_only,,php
95588,0,bigvul_only,,OpenJK
48090,0,diversevul_only,,linux
147540,,unmatched,,
20702,conflict,both_disagree,,linux
15998,0,bigvul_only,,exempi
92543,0,both_agree,,linux
111719,0,bigvul_only,,Chrome
151725,0,bigvul_only,,Chrome
57035,0,bigvul_only,,linux
122668,0,bigvul_only,,Chrome
59205,0,both_agree,,linux
48706,0,both_agree,,httpd
166525,0,bigvul_only,,Chrome
113038,0,bigvul_only,,Chrome
40704,0,both_agree,,linux
176638,0,both_agree,,Android
46985,0,diversevul_only,,linux
87709,0,both_agree,,linux
85006,0,both_agree,,linux
156771,0,primevul_corrected,CWE-732,Chrome
103586,0,bigvul_only,,Chrome
36461,0,both_agree,,linux
67883,0,both_agree,,LibRaw-demosaic-pack-GPL2
78888,0,both_agree,,OpenSC
131468,,unmatched,,
61375,0,both_agree,,FFmpeg
7568,conflict,both_disagree,,qemu
28147,0,both_agree,,FFmpeg
33730,0,both_agree,,linux
153708,0,bigvul_only,,Chrome
170677,0,bigvul_only,,Android
9923,0,bigvul_only,,kde
167355,0,bigvul_only,,Chrome
170749,conflict,internal_conflict,CWE-200,Android
5678,0,both_agree,,qemu
77338,0,bigvul_only,,ovs
143630,0,bigvul_only,,Chrome
168916,0,bigvul_only,,Chrome
155424,0,bigvul_only,,Chrome
49134,0,both_agree,,linux
140406,0,bigvul_only,,Chrome
67550,0,both_agree,,linux
5696,0,both_agree,,qemu
120252,0,bigvul_only,,Chrome
25068,0,bigvul_only,,linux
159298,0,bigvul_only,,Chrome
1265,0,bigvul_only,,poppler
167340,,unmatched,,
157199,0,bigvul_only,,Chrome
177601,0,bigvul_only,,Android
112662,0,bigvul_only,,Chrome
71186,0,both_agree,,linux
29087,0,both_agree,,linux
48526,0,both_agree,,linux
122988,0,bigvul_only,,Chrome
69424,0,bigvul_only,,linux
181333,1,bigvul_only,CWE-404,linux
68804,0,both_agree,,linux
89765,0,both_agree,,firejail
53884,0,bigvul_only,,linux
48518,0,both_agree,,linux
154328,0,bigvul_only,,Chrome
62840,0,both_agree,,linux
141195,0,bigvul_only,,Chrome
52942,0,both_agree,,linux
153787,0,bigvul_only,,Chrome
15548,0,bigvul_only,,mindrot
93843,0,both_agree,,libvirt
12457,0,both_agree,,openssl
32982,0,both_agree,,linux
128829,0,bigvul_only,,Chrome
58586,0,both_agree,,FreeRDP
145492,0,bigvul_only,,Chrome
158578,0,bigvul_only,,Chrome
22995,0,both_agree,,linux
5569,0,both_agree,,ghostscript
120972,0,bigvul_only,,Chrome
146105,0,bigvul_only,,Chrome
56469,0,both_agree,,linux
124359,0,bigvul_only,,Chrome
3375,0,both_agree,,php
118967,0,bigvul_only,,Chrome
116564,0,bigvul_only,,Chrome
167167,0,bigvul_only,,Chrome
79823,0,diversevul_only,,linux
89785,0,both_agree,,bubblewrap
40187,0,both_agree,,linux
47441,0,bigvul_only,,linux
183202,1,both_agree,CWE-125,tcpdump
104011,0,bigvul_only,,Chrome
172310,0,bigvul_only,,Android
172542,,unmatched,,
73392,0,both_agree,,ImageMagick
37307,0,both_agree,,linux
38639,0,both_agree,,linux
23597,0,both_agree,,linux
70981,0,both_agree,,Little-CMS
68561,0,both_agree,,gst-plugins-ugly
90507,0,both_agree,,linux
127546,0,bigvul_only,,Chrome
53063,0,diversevul_only,,linux
25595,,unmatched,,
39593,0,both_agree,,linux
149464,,unmatched,,
33624,0,both_agree,,krb5
85861,0,both_agree,,linux
142671,0,bigvul_only,,Chrome
120591,0,primevul_corrected,CWE-399,Chrome
73001,conflict,internal_conflict,CWE-20,jasper
176233,0,primevul_corrected,CWE-704,Android
100635,0,bigvul_only,,Chrome
41156,0,both_agree,,linux
182586,1,both_agree,CWE-20,linux
32756,0,both_agree,,linux
68875,0,both_agree,,linux
128547,0,bigvul_only,,Chrome
30839,0,both_agree,,linux
93981,0,both_agree,,ext-http
9214,0,bigvul_only,,qemu
113585,0,bigvul_only,,Chrome
158118,0,bigvul_only,,Chrome
10152,0,bigvul_only,,savannah
56754,0,diversevul_only,,linux
134122,0,bigvul_only,,Chrome
14672,0,bigvul_only,,php
48067,0,both_agree,,linux
22945,0,both_agree,,linux
85289,0,both_agree,,linux
51467,0,diversevul_only,,php-src
117336,0,both_agree,,Chrome
51731,0,both_agree,,wireshark
15809,0,bigvul_only,,samba
2839,0,bigvul_only,,NetworkManager
103030,0,bigvul_only,,Chrome
160628,0,bigvul_only,,Chrome
142209,0,bigvul_only,,Chrome
3959,0,bigvul_only,,poppler
144052,0,bigvul_only,,Chrome
64675,0,both_agree,,oniguruma
49657,0,both_agree,,linux
37786,0,diversevul_only,,kvm
149957,0,bigvul_only,,Chrome
85863,0,both_agree,,linux
39020,0,both_agree,,postgres
33303,1,diversevul_only,CWE-404,linux
24562,0,both_agree,,linux
140918,0,bigvul_only,,Chrome
67796,0,both_agree,,irssi
187347,1,bigvul_only,CWE-119,Chrome
45810,0,bigvul_only,,linux
90168,0,both_agree,,linux
15055,0,both_agree,,php
147519,0,bigvul_only,,Chrome
104465,0,bigvul_only,,Chrome
175934,0,bigvul_only,,Android
28561,0,both_agree,,linux
121711,0,bigvul_only,,Chrome
90777,0,bigvul_only,,FFmpeg
154037,0,bigvul_only,,Chrome
57375,0,both_agree,,linux
155760,0,bigvul_only,,Chrome
165545,0,bigvul_only,,Chrome
144413,0,bigvul_only,,Chrome
105399,0,bigvul_only,,Chrome
111944,0,bigvul_only,,Chrome
5558,0,bigvul_only,,dbus
141658,0,bigvul_only,,Chrome
144266,0,bigvul_only,,Chrome
73783,0,both_agree,,bzrtp
174225,0,bigvul_only,,Android
58861,0,bigvul_only,,exim
48326,0,both_agree,,libtiff
108662,,unmatched,,
102084,,unmatched,,
70177,conflict,both_disagree,,libtiff
32951,0,diversevul_only,,linux
38085,0,both_agree,,linux
100413,0,bigvul_only,,Chrome
22270,0,both_agree,,linux
148333,0,bigvul_only,,Chrome
1225,conflict,internal_conflict,CWE-189,poppler
149821,0,bigvul_only,,Chrome
178923,1,both_agree,CWE-189,linux
152946,,unmatched,,
134270,0,bigvul_only,,Chrome
17758,0,bigvul_only,,xserver
127990,0,bigvul_only,,Chrome
63545,0,both_agree,,linux
51386,0,both_agree,,php-src
179136,1,both_agree,CWE-119,linux
126612,0,bigvul_only,,Chrome
35036,0,both_agree,,linux
174627,0,bigvul_only,,Android
141662,0,bigvul_only,,Chrome
132154,0,bigvul_only,,Chrome
176876,0,bigvul_only,,Android
102631,0,bigvul_only,,Chrome
62692,0,both_agree,,ImageMagick
65397,0,bigvul_only,,linux
175019,,unmatched,,
584,0,bigvul_only,,ghostscript
32576,0,both_agree,,linux
5773,0,both_agree,,qemu
146459,0,bigvul_only,,Chrome
131244,0,bigvul_only,,Chrome
109700,0,bigvul_only,,Chrome
51351,0,both_agree,,php-src
149705,0,bigvul_only,,Chrome
93353,0,bigvul_only,,linux
179788,1,diversevul_only,,linux
94582,0,both_agree,,linux
92922,0,both_agree,,rdesktop
138068,0,bigvul_only,,Chrome
49585,0,both_agree,,linux
122101,0,bigvul_only,,Chrome
48444,0,both_agree,,linux
31447,0,diversevul_only,,linux
10870,0,bigvul_only,,postgresql
31754,0,diversevul_only,,linux-2.6
75992,0,both_agree,,keepalived
160017,0,bigvul_only,,Chrome
75448,0,both_agree,,radare2
138435,0,bigvul_only,,Chrome
33746,0,both_agree,,linux
41508,0,both_agree,,linux
144992,0,bigvul_only,,Chrome
79389,0,diversevul_only,,FFmpeg
151559,0,bigvul_only,,Chrome
3854,0,both_agree,,php
79286,0,diversevul_only,,FFmpeg
144822,0,bigvul_only,,Chrome
43878,0,both_agree,,libarchive
5549,0,bigvul_only,,dbus
103273,0,bigvul_only,,Chrome
21271,0,both_agree,,linux
7297,0,both_agree,,savannah
69434,0,bigvul_only,,linux
64892,0,bigvul_only,,imageworsener
40241,0,both_agree,,linux
180111,,unmatched,,
64954,0,bigvul_only,,imageworsener
41776,0,both_agree,,linux
29248,0,both_agree,,linux
96847,0,both_agree,,linux
70014,0,both_agree,,redis
142253,0,bigvul_only,,Chrome
150714,0,bigvul_only,,Chrome
120144,0,bigvul_only,,Chrome
1090,0,primevul_corrected,CWE-189,poppler
63152,0,both_agree,,ioq3
51429,0,both_agree,,php-src
39283,0,both_agree,,linux
140347,,unmatched,,
164404,0,bigvul_only,,Chrome
180514,1,both_agree,CWE-416,linux
31662,0,both_agree,,linux
102111,0,bigvul_only,,Chrome
113132,0,bigvul_only,,Chrome
76607,0,both_agree,,git
168945,0,bigvul_only,,Chrome
179189,1,diversevul_only,,linux
155583,0,bigvul_only,,Chrome
188203,,unmatched,,
17838,0,both_agree,,gnupg
119601,0,bigvul_only,,Chrome
142953,0,bigvul_only,,Chrome
23460,0,bigvul_only,,linux
39939,0,both_agree,,linux
174254,0,bigvul_only,,Android
188560,1,bigvul_only,CWE-119,Android
52214,0,both_agree,,php
52367,0,both_agree,,linux
182410,1,diversevul_only,CWE-119,redis
9911,0,bigvul_only,,kde
72146,0,both_agree,,slurm
52909,0,diversevul_only,,linux
86373,0,both_agree,,linux
123570,0,bigvul_only,,Chrome
85310,0,both_agree,,cups
176673,0,both_agree,,Android
77032,0,both_agree,,ovs
90244,0,both_agree,,linux
183018,1,both_agree,CWE-125,tcpdump
160680,,unmatched,,
5281,0,both_agree,,savannah
138776,0,bigvul_only,,Chrome
30773,0,both_agree,,linux
4829,0,bigvul_only,,xserver
162666,0,primevul_corrected,CWE-79,Chrome
90885,0,both_agree,,ImageMagick
25259,0,bigvul_only,,linux
6878,0,bigvul_only,,haproxy
146786,,unmatched,,
100652,0,bigvul_only,,Chrome
63127,0,both_agree,,ioq3
106813,0,bigvul_only,,Chrome
114105,0,bigvul_only,,Chrome
91244,0,both_agree,,linux
136816,,unmatched,,
144127,0,bigvul_only,,Chrome
88038,0,both_agree,,linux
46867,0,bigvul_only,,linux
134105,0,bigvul_only,,Chrome
164220,0,bigvul_only,,Chrome
125191,0,bigvul_only,,Chrome
152468,0,bigvul_only,,Chrome
127943,0,bigvul_only,,Chrome
46810,0,bigvul_only,,linux
145450,0,bigvul_only,,Chrome
33803,0,both_agree,,linux
100940,0,bigvul_only,,Chrome
86401,0,both_agree,,linux
56663,0,both_agree,,linux
161944,0,primevul_corrected,CWE-787,Chrome
33943,0,bigvul_only,,pacemaker
160921,0,bigvul_only,,Chrome
79230,0,both_agree,,suricata
64507,0,bigvul_only,,ImageMagick
178946,1,bigvul_only,CWE-399,linux
49154,0,both_agree,,linux
180331,1,both_agree,CWE-399,wireshark
145376,0,bigvul_only,,Chrome
19445,0,bigvul_only,,linux
118897,0,bigvul_only,,Chrome
73341,0,bigvul_only,,libass
3069,0,both_agree,,ghostscript
94498,0,both_agree,,linux
55499,0,both_agree,,linux
32485,0,both_agree,,linux
161825,0,bigvul_only,,Chrome
128931,0,bigvul_only,,Chrome
100861,0,bigvul_only,,Chrome
109279,0,bigvul_only,,Chrome
83521,0,both_agree,,FreeRDP
48438,0,bigvul_only,,w3m
128620,0,bigvul_only,,Chrome
8167,0,bigvul_only,,poppler
34232,0,both_agree,,linux
183718,,unmatched,,
97713,0,both_agree,,Chrome
134608,,unmatched,,
98800,,unmatched,,
37810,0,both_agree,,linux
182881,1,both_agree,CWE-190,lighttpd1.4
27091,0,both_agree,,nspluginwrapper
67771,0,both_agree,,php-src
103955,0,bigvul_only,,Chrome
35027,0,both_agree,,linux
58108,0,both_agree,,linux
123957,0,bigvul_only,,Chrome
168233,0,bigvul_only,,Chrome
143729,,unmatched,,
3859,0,both_agree,,php
16627,0,bigvul_only,,htcondor
58298,0,both_agree,,linux
11789,0,bigvul_only,,udisks
125877,0,bigvul_only,,Chrome
113179,0,bigvul_only,,Chrome
184989,0,diversevul_only,CWE-119,Chrome
12461,0,both_agree,,openssl
51166,0,both_agree,,linux
665,0,both_agree,,savannah
186478,,unmatched,,
29041,0,both_agree,,polarssl
153964,0,bigvul_only,,Chrome
161969,0,bigvul_only,,Chrome
113017,0,bigvul_only,,Chrome
41808,0,both_agree,,linux
105653,0,bigvul_only,,Chrome
135096,,unmatched,,
136479,0,bigvul_only,,Chrome
81940,0,both_agree,,redis
77401,0,bigvul_only,,ovs
181544,1,bigvul_only,CWE-269,firejail
18164,0,bigvul_only,,beanstalkd
115469,0,bigvul_only,,Chrome
42096,0,both_agree,,openssh-portable
81240,0,both_agree,,linux
4916,0,bigvul_only,,xserver
90834,0,both_agree,,gpac
67707,0,diversevul_only,,linux
113489,,unmatched,,
29638,0,both_agree,,linux
179987,1,diversevul_only,,krb5
172917,,unmatched,,
98765,0,bigvul_only,,Chrome
51973,0,both_agree,,wireshark
131804,0,bigvul_only,,Chrome
122639,0,bigvul_only,,Chrome
1788,0,both_agree,,busybox
72936,0,both_agree,,jasper
119154,0,bigvul_only,,Chrome
146055,0,bigvul_only,,Chrome
92750,0,both_agree,,linux
95405,0,both_agree,,proftpd
43884,0,both_agree,,libarchive
89586,0,bigvul_only,,mongoose
181482,1,diversevul_only,,suricata
44954,0,diversevul_only,,linux
66304,0,bigvul_only,,imageworsener
14849,0,both_agree,,php
144344,0,bigvul_only,,Chrome
14214,0,both_agree,,php
176009,0,bigvul_only,,Android
92888,0,both_agree,,uriparser
17352,0,both_agree,,savannah
105146,0,bigvul_only,,Chrome
186477,,unmatched,,
31915,0,both_agree,,linux
182301,1,both_agree,CWE-119,neomutt
171457,0,bigvul_only,,Android
129805,0,bigvul_only,,Chrome
47752,0,both_agree,,linux
176396,0,bigvul_only,,Android
6717,0,both_agree,,qemu
158214,0,bigvul_only,,Chrome
150224,,unmatched,,
37041,0,both_agree,,linux
3008,0,bigvul_only,,qemu
153792,0,bigvul_only,,Chrome
51762,0,both_agree,,wireshark
151200,0,bigvul_only,,Chrome
19648,0,both_agree,,bdwgc
51963,0,both_agree,,wireshark
90099,0,both_agree,,zstd
27538,0,both_agree,,linux
99315,0,bigvul_only,,Chrome
122531,0,bigvul_only,,Chrome
53403,0,both_agree,,iperf
142374,,unmatched,,
74862,0,both_agree,,FFmpeg
141464,0,bigvul_only,,Chrome
128045,0,bigvul_only,,Chrome
120102,0,bigvul_only,,Chrome
65227,0,bigvul_only,,linux
32360,0,both_agree,,linux
11316,0,diversevul_only,,gnutls
167186,0,bigvul_only,,Chrome
46214,0,both_agree,,linux
180123,1,bigvul_only,CWE-20,php-src
3474,0,both_agree,,savannah
29125,0,bigvul_only,,linux
15953,0,bigvul_only,,exempi
49264,0,both_agree,,linux
107478,0,bigvul_only,,Chrome
140856,0,bigvul_only,,Chrome
9691,0,bigvul_only,,savannah
34885,0,both_agree,,linux
48978,0,both_agree,,linux
84946,0,both_agree,,linux
76731,0,both_agree,,liblouis
81000,0,both_agree,,linux
2081,0,bigvul_only,,spice
10913,0,bigvul_only,,gnupg
20677,0,both_agree,,linux
85210,0,both_agree,,linux
119243,0,primevul_corrected,CWE-399,Chrome
105766,0,bigvul_only,,Chrome
165031,0,bigvul_only,,Chrome
87662,0,diversevul_only,,linux
176755,0,bigvul_only,,Android
118185,,unmatched,,
60383,0,both_agree,,src
104036,,unmatched,,
57331,0,bigvul_only,,php-src
68250,0,both_agree,,linux
7564,0,both_agree,,qemu
57176,0,bigvul_only,,linux
101529,0,bigvul_only,,Chrome
93783,0,both_agree,,libvirt
32708,0,both_agree,,linux
116830,0,bigvul_only,,Chrome
173005,0,bigvul_only,,Android
115843,0,bigvul_only,,Chrome
99233,0,bigvul_only,,Chrome
172558,0,bigvul_only,,Android
15550,0,bigvul_only,,mindrot
64285,0,both_agree,,httpd
42043,0,both_agree,,linux
108076,0,bigvul_only,,Chrome
155523,0,bigvul_only,,Chrome
145690,0,bigvul_only,,Chrome
163791,0,bigvul_only,,Chrome
140035,0,bigvul_only,,Chrome
143219,0,bigvul_only,,Chrome
132688,0,bigvul_only,,Chrome
88508,0,both_agree,,ImageMagick6
47272,0,primevul_corrected,CWE-264,linux
42009,0,both_agree,,linux
156878,0,bigvul_only,,Chrome
109301,0,bigvul_only,,Chrome
9684,0,bigvul_only,,savannah
69428,0,bigvul_only,,linux
159638,0,bigvul_only,,Chrome
175977,0,bigvul_only,,Android
62950,0,both_agree,,linux
126016,0,bigvul_only,,Chrome
65949,0,bigvul_only,,linux
158234,0,bigvul_only,,Chrome
63001,1,diversevul_only,,linux
88434,0,diversevul_only,,gpmf-parser
93072,0,both_agree,,rdesktop
4947,0,bigvul_only,,gstreamer
71659,0,bigvul_only,,ImageMagick
51847,0,both_agree,,wireshark
123179,0,bigvul_only,,Chrome
186640,1,bigvul_only,CWE-416,Chrome
95395,0,both_agree,,proftpd
39153,0,both_agree,,linux
177337,0,bigvul_only,,Android
523,0,bigvul_only,,ghostscript
97704,0,bigvul_only,,Chrome
181051,1,both_agree,CWE-125,tcpdump
31255,conflict,both_disagree,,linux
148892,0,bigvul_only,,Chrome
149030,0,bigvul_only,,Chrome
157055,0,bigvul_only,,Chrome
51621,0,both_agree,,linux
105557,0,bigvul_only,,Chrome
43980,0,bigvul_only,,pacemaker
108383,0,bigvul_only,,Chrome
19168,0,diversevul_only,,linux-2.6
102245,0,bigvul_only,,Chrome
71155,0,both_agree,,linux
141060,0,bigvul_only,,Chrome
9806,0,bigvul_only,,haproxy
61528,0,both_agree,,ImageMagick
175526,0,bigvul_only,,Android
156783,,unmatched,,
82236,0,both_agree,,linux
73545,0,bigvul_only,,ImageMagick
109753,0,bigvul_only,,Chrome
96050,0,bigvul_only,,OpenJK
184782,1,bigvul_only,,Chrome
141034,0,bigvul_only,,Chrome
152601,0,bigvul_only,,Chrome
7363,0,bigvul_only,,savannah
173150,,unmatched,,
62061,0,both_agree,,linux
16565,0,bigvul_only,,htcondor
103032,0,bigvul_only,,Chrome
157113,0,bigvul_only,,Chrome
135842,0,bigvul_only,,Chrome
49789,0,both_agree,,linux
63243,0,bigvul_only,,wildmidi
142412,0,bigvul_only,,Chrome
176305,0,bigvul_only,,Android
156982,0,bigvul_only,,Chrome
58305,0,both_agree,,linux
24001,0,both_agree,,linux
387,0,primevul_corrected,,mupdf
157344,0,bigvul_only,,Chrome
122212,0,bigvul_only,,Chrome
79604,0,diversevul_only,,neomutt
117011,0,bigvul_only,,Chrome
27093,0,both_agree,,nspluginwrapper
59260,0,both_agree,,linux
175421,0,bigvul_only,,Android
157460,0,bigvul_only,,Chrome
155825,0,bigvul_only,,Chrome
169627,0,bigvul_only,,Chrome
129386,conflict,internal_conflict,,Chrome
71480,0,bigvul_only,,ImageMagick
103321,0,bigvul_only,,Chrome
107940,0,bigvul_only,,Chrome
65839,0,both_agree,,linux
135099,0,bigvul_only,,Chrome
155368,0,bigvul_only,,Chrome
26917,0,bigvul_only,,linux
147498,,unmatched,,
185844,,unmatched,,
158747,0,bigvul_only,,Chrome
163342,0,bigvul_only,,Chrome
77955,0,both_agree,,ImageMagick6
180806,1,diversevul_only,CWE-476,tcmu-runner
30023,0,diversevul_only,,linux
166515,0,bigvul_only,,Chrome
74074,0,bigvul_only,,exfat
145267,0,bigvul_only,,Chrome
163528,0,bigvul_only,,Chrome
103696,,unmatched,,
176598,0,both_agree,,Android
2076,0,bigvul_only,,spice
5637,0,diversevul_only,,patch
59495,0,both_agree,,Android
21019,0,both_agree,,linux
136255,0,bigvul_only,,Chrome
71852,0,bigvul_only,,ImageMagick
41532,0,both_agree,,linux
52061,0,both_agree,,linux
169381,0,bigvul_only,,Chrome
7609,0,both_agree,,qemu
77375,0,primevul_corrected,CWE-617,ovs
135506,0,bigvul_only,,Chrome
86232,0,both_agree,,linux
118580,0,bigvul_only,,Chrome
151036,0,bigvul_only,,Chrome
180508,1,both_agree,CWE-416,linux
134253,0,bigvul_only,,Chrome
87771,0,bigvul_only,,mbedtls
146259,0,bigvul_only,,Chrome
161418,0,bigvul_only,,Chrome
54671,0,both_agree,,linux
46559,0,both_agree,,nbd
169099,0,bigvul_only,,Chrome
153056,0,bigvul_only,,Chrome
108377,,unmatched,,
166368,0,bigvul_only,,Chrome
162357,0,bigvul_only,,Chrome
76237,0,both_agree,,linux
102772,0,bigvul_only,,Chrome
11785,0,bigvul_only,,udisks
60089,0,both_agree,,radare2
122139,0,bigvul_only,,Chrome
54716,0,both_agree,,linux
111861,0,bigvul_only,,Chrome
158755,0,bigvul_only,,Chrome
145759,0,bigvul_only,,Chrome
8420,0,bigvul_only,,qemu
105640,0,bigvul_only,,Chrome
35403,0,bigvul_only,,linux
129772,0,bigvul_only,,Chrome
61125,0,both_agree,,nautilus
161135,0,bigvul_only,,Chrome
4030,0,primevul_corrected,CWE-119,poppler
137133,0,bigvul_only,,Chrome
170435,0,bigvul_only,,Android
49812,0,both_agree,,linux
85976,0,both_agree,,linux
187312,1,bigvul_only,CWE-119,Chrome
88391,0,primevul_corrected,CWE-119,faad2
43511,0,diversevul_only,,linux
134932,0,bigvul_only,,Chrome
34812,0,both_agree,,linux
175735,0,bigvul_only,,Android
185836,1,bigvul_only,CWE-119,Chrome
48812,0,both_agree,,linux
16912,0,both_agree,,qemu
157698,0,bigvul_only,,Chrome
111345,0,bigvul_only,,Chrome
48201,0,both_agree,,libtiff
16197,0,bigvul_only,,htcondor
49551,0,both_agree,,linux
16794,0,both_agree,,qemu
123447,0,primevul_corrected,CWE-264,Chrome
152415,0,bigvul_only,,Chrome
110184,0,bigvul_only,,Chrome
154286,0,bigvul_only,,Chrome
156428,0,bigvul_only,,Chrome
73716,0,bigvul_only,,unrealircd
57304,0,bigvul_only,,php-src
125212,0,bigvul_only,,Chrome
163574,0,both_agree,,Chrome
179421,conflict,internal_conflict,CWE-399,file
119586,0,primevul_corrected,CWE-399,Chrome
6929,0,bigvul_only,,haproxy
53676,0,both_agree,,linux
177478,0,both_agree,,Android
179323,1,diversevul_only,,pacemaker
20746,0,diversevul_only,,kvm
148573,0,bigvul_only,,Chrome
76773,0,both_agree,,liblouis
41849,0,both_agree,,linux
158124,0,bigvul_only,,Chrome
163032,0,bigvul_only,,Chrome
65311,0,both_agree,,linux
55552,0,bigvul_only,,linux
112454,0,bigvul_only,,Chrome
72321,0,bigvul_only,,src
644,0,both_agree,,samba
161468,0,bigvul_only,,Chrome
61333,0,both_agree,,FFmpeg
122681,0,bigvul_only,,Chrome
117289,0,bigvul_only,,Chrome
46804,0,bigvul_only,,linux
98177,,unmatched,,
67910,0,both_agree,,jasper
96381,0,both_agree,,abrt
52648,0,both_agree,,linux
117736,,unmatched,,
24114,0,both_agree,,linux
113286,0,bigvul_only,,Chrome
155390,0,bigvul_only,,Chrome
155043,0,bigvul_only,,Chrome
25116,0,both_agree,,linux
87635,0,both_agree,,openmpt
141343,0,primevul_corrected,CWE-416,Chrome
124053,0,bigvul_only,,Chrome
141564,0,bigvul_only,,Chrome
127171,0,bigvul_only,,Chrome
80491,0,bigvul_only,,gpac
123799,0,bigvul_only,,Chrome
126095,0,bigvul_only,,Chrome
157985,0,bigvul_only,,Chrome
74357,0,both_agree,,kvm-guest-drivers-windows
7101,0,primevul_corrected,CWE-119,savannah
161194,0,bigvul_only,,Chrome
57276,0,both_agree,,linux
48820,0,bigvul_only,,linux
9176,0,bigvul_only,,qemu
172081,0,bigvul_only,,Android
143467,0,bigvul_only,,Chrome
103409,0,bigvul_only,,Chrome
92405,,unmatched,,
71798,0,primevul_corrected,CWE-119,ImageMagick
106508,0,bigvul_only,,Chrome
164498,0,bigvul_only,,Chrome
42864,0,bigvul_only,,libreport
109005,0,bigvul_only,,Chrome
30602,0,both_agree,,linux
151356,0,bigvul_only,,Chrome
92600,0,both_agree,,linux
139002,0,bigvul_only,,Chrome
52030,0,both_agree,,wireshark
45430,0,both_agree,,linux
99946,0,bigvul_only,,Chrome
155979,0,bigvul_only,,Chrome
169206,0,bigvul_only,,Chrome
179550,1,diversevul_only,,linux
84734,0,both_agree,,linux
75723,0,primevul_corrected,CWE-787,uriparser
9607,0,bigvul_only,,php
55373,0,both_agree,,linux
95176,0,bigvul_only,,cyrus-imapd
155455,0,bigvul_only,,Chrome
134799,0,bigvul_only,,Chrome
55982,0,both_agree,,linux
37709,0,both_agree,,linux
175653,0,bigvul_only,,Android
153158,0,bigvul_only,,Chrome
106144,0,bigvul_only,,Chrome
17661,0,bigvul_only,,xserver
46516,0,both_agree,,openssl
155610,0,primevul_corrected,CWE-119,Chrome
116162,0,bigvul_only,,Chrome
119370,0,bigvul_only,,Chrome
47224,0,bigvul_only,,linux
98841,0,bigvul_only,,Chrome
166750,0,bigvul_only,,Chrome
40377,0,both_agree,,linux
116961,0,bigvul_only,,Chrome
150380,0,bigvul_only,,Chrome
78094,0,both_agree,,Little-CMS
18170,0,bigvul_only,,beanstalkd
161943,0,bigvul_only,,Chrome
175629,,unmatched,,
71038,0,primevul_corrected,CWE-125,Little-CMS
108568,0,bigvul_only,,Chrome
135917,0,bigvul_only,,Chrome
96332,0,both_agree,,kvm-guest-drivers-windows
182495,1,both_agree,CWE-119,leptonica
35259,0,both_agree,,linux
115059,0,bigvul_only,,Chrome
138174,0,bigvul_only,,Chrome
32584,0,both_agree,,linux
43636,0,both_agree,,httpd
93563,0,both_agree,,linux
32964,0,both_agree,,linux
121026,0,bigvul_only,,Chrome
139454,0,bigvul_only,,Chrome
69945,0,both_agree,,redis
168246,0,bigvul_only,,Chrome
95283,0,bigvul_only,,cyrus-imapd
168289,0,bigvul_only,,Chrome
79876,0,both_agree,,FFmpeg
182652,1,both_agree,CWE-754,cJSON
187884,,unmatched,,
21640,0,both_agree,,linux
9395,0,both_agree,,openssl
131986,0,bigvul_only,,Chrome
26952,0,both_agree,,linux
163307,0,bigvul_only,,Chrome
7942,0,both_agree,,ghostscript
178152,0,bigvul_only,,php-src
160881,0,bigvul_only,,Chrome
87188,0,both_agree,,VeraCrypt
169047,0,bigvul_only,,Chrome
115472,0,bigvul_only,,Chrome
87477,0,both_agree,,FreeRDP
99853,0,bigvul_only,,Chrome
63023,0,both_agree,,linux
163270,0,bigvul_only,,Chrome
152497,0,bigvul_only,,Chrome
53688,0,both_agree,,linux
55559,0,bigvul_only,,linux
36817,0,diversevul_only,,linux
167950,0,bigvul_only,,Chrome
67544,0,both_agree,,linux
180268,conflict,internal_conflict,CWE-190,php-src
130794,0,bigvul_only,,Chrome
8631,0,both_agree,,qemu
139854,0,bigvul_only,,Chrome
104601,0,bigvul_only,,Chrome
152041,0,bigvul_only,,Chrome
22750,0,both_agree,,linux
55811,0,both_agree,,linux
165575,0,bigvul_only,,Chrome
22131,0,both_agree,,linux
162504,0,bigvul_only,,Chrome
53167,0,both_agree,,linux
59151,0,both_agree,,linux
50486,0,both_agree,,linux
188439,,unmatched,,
169111,0,bigvul_only,,Chrome
71928,0,both_agree,,ImageMagick
178109,1,bigvul_only,CWE-125,qemu
156938,0,primevul_corrected,CWE-20,Chrome
168399,0,bigvul_only,,Chrome
18011,0,bigvul_only,,ghostscript
3376,0,both_agree,,php
105087,0,bigvul_only,,Chrome
94288,0,both_agree,,memcached
62686,0,primevul_corrected,CWE-772,ImageMagick
90637,0,diversevul_only,,libarchive
140890,0,bigvul_only,,Chrome
162897,0,bigvul_only,,Chrome
104157,0,bigvul_only,,Chrome
41123,0,both_agree,,linux
125401,0,bigvul_only,,Chrome
135006,0,bigvul_only,,Chrome
146710,0,bigvul_only,,Chrome
62649,0,both_agree,,libzip
109283,0,bigvul_only,,Chrome
67014,0,bigvul_only,,FFmpeg
45677,0,bigvul_only,,linux
19294,0,both_agree,,linux
109413,0,bigvul_only,,Chrome
48092,0,both_agree,,linux
143066,0,bigvul_only,,Chrome
25932,0,bigvul_only,,linux
180320,1,diversevul_only,,wireshark
178656,1,bigvul_only,CWE-476,mindrot
19346,0,diversevul_only,,linux-2.6
18427,0,both_agree,,nbd
2721,0,both_agree,,savannah
31120,0,both_agree,,linux
59655,0,both_agree,,libxml2
55697,0,both_agree,,libarchive
48777,,unmatched,,
58633,0,both_agree,,FreeRDP
41583,0,both_agree,,linux
70938,0,bigvul_only,,Little-CMS
79880,0,bigvul_only,,FFmpeg
173859,0,bigvul_only,,Android
128329,0,primevul_corrected,CWE-416,Chrome
167884,0,bigvul_only,,Chrome
1645,0,bigvul_only,,ghostscript
49394,0,both_agree,,linux
181062,,unmatched,,
118141,0,bigvul_only,,Chrome
80438,0,bigvul_only,,gpac
58915,0,both_agree,,linux
96863,0,both_agree,,linux
171451,0,both_agree,,Android
55103,0,both_agree,,git
186940,,unmatched,,
59744,0,both_agree,,linux
30827,0,both_agree,,linux
63851,0,both_agree,,linux
22257,0,both_agree,,linux
158672,,unmatched,,
38656,0,both_agree,,linux
118866,0,bigvul_only,,Chrome
127363,0,bigvul_only,,Chrome
35179,0,both_agree,,linux
126610,0,bigvul_only,,Chrome
157783,0,bigvul_only,,Chrome
11543,0,bigvul_only,,systemd
30903,0,both_agree,,linux
77987,0,both_agree,,ImageMagick
105521,0,bigvul_only,,Chrome
17471,0,bigvul_only,,xserver
132712,0,bigvul_only,,Chrome
12866,0,both_agree,,openssl
49890,0,bigvul_only,,php-src
61750,0,diversevul_only,,linux
173971,0,diversevul_only,CWE-119,Android
105174,0,bigvul_only,,Chrome
44472,0,both_agree,,lxc
106492,0,bigvul_only,,Chrome
156485,0,bigvul_only,,Chrome
46906,0,bigvul_only,,linux
25548,0,bigvul_only,,linux
143199,0,bigvul_only,,Chrome
185190,,unmatched,,
16207,,unmatched,,
26648,0,both_agree,,linux
37629,0,both_agree,,linux
170862,0,primevul_corrected,CWE-189,Android
125702,,unmatched,,
118385,0,bigvul_only,,Chrome
124482,,unmatched,,
155646,0,bigvul_only,,Chrome
148146,0,bigvul_only,,Chrome
62926,0,both_agree,,linux
68183,conflict,both_disagree,,linux
129498,0,bigvul_only,,Chrome
5166,0,bigvul_only,,php
7992,0,both_agree,,qemu
163425,0,bigvul_only,,Chrome
73328,0,bigvul_only,,libass
105610,,unmatched,,
93789,0,both_agree,,libvirt
87287,0,both_agree,,ImageMagick
107950,0,bigvul_only,,Chrome
29367,0,primevul_corrected,CWE-200,linux
182822,1,bigvul_only,CWE-310,libgcrypt
30473,0,both_agree,,linux
140237,0,bigvul_only,,Chrome
112033,0,bigvul_only,,Chrome
62274,0,both_agree,,tcpdump
132900,0,bigvul_only,,Chrome
133369,0,bigvul_only,,Chrome
107562,0,bigvul_only,,Chrome
123524,0,bigvul_only,,Chrome
175398,,unmatched,,
60272,0,both_agree,,linux
43127,0,both_agree,,linux
185205,,unmatched,,
51653,0,both_agree,,linux
98537,0,bigvul_only,,Chrome
185659,1,bigvul_only,,Chrome
102547,0,bigvul_only,,Chrome
76698,0,diversevul_only,,texlive-source
10318,0,bigvul_only,,savannah
106654,0,bigvul_only,,Chrome
6280,0,bigvul_only,,php
64860,0,bigvul_only,,imageworsener
53723,0,both_agree,,linux
89253,0,bigvul_only,,stb
178183,1,bigvul_only,CWE-362,accountsservice
1668,,unmatched,,
61436,0,both_agree,,FFmpeg
45158,0,both_agree,,httpd
100254,0,bigvul_only,,Chrome
25422,,unmatched,,
48070,0,both_agree,,linux
86116,0,both_agree,,mbedtls
142703,0,bigvul_only,,Chrome
38491,0,both_agree,,linux
132659,0,bigvul_only,,Chrome
58707,0,both_agree,,linux
40356,0,both_agree,,linux
171313,0,bigvul_only,,Android
146566,0,bigvul_only,,Chrome
108714,0,bigvul_only,,Chrome
102663,0,bigvul_only,,Chrome
88435,0,primevul_corrected,CWE-787,gpmf-parser
143957,0,bigvul_only,,Chrome
154779,,unmatched,,
64237,0,diversevul_only,,httpd
97363,0,primevul_corrected,,Chrome
46367,0,both_agree,,linux
26440,0,bigvul_only,,linux
95295,0,both_agree,,linux
151949,0,bigvul_only,,Chrome
181263,1,diversevul_only,,radare2
163980,0,bigvul_only,,Chrome
116096,0,primevul_corrected,CWE-399,Chrome
108647,0,bigvul_only,,Chrome
30496,0,both_agree,,linux
52799,0,both_agree,,linux
49645,0,both_agree,,linux
161999,0,primevul_corrected,CWE-787,Chrome
188326,0,diversevul_only,CWE-119,Android
162869,0,bigvul_only,,Chrome
92157,0,both_agree,,linux
56667,0,both_agree,,linux
46616,0,bigvul_only,,linux
123858,0,bigvul_only,,Chrome
99202,0,bigvul_only,,Chrome
161177,0,bigvul_only,,Chrome
165784,0,bigvul_only,,Chrome
59286,0,both_agree,,linux
67511,0,both_agree,,linux
28637,0,both_agree,,linux
5614,0,both_agree,,samba
129216,0,bigvul_only,,Chrome
141119,0,bigvul_only,,Chrome
16840,0,both_agree,,qemu
47763,0,both_agree,,linux
142639,0,bigvul_only,,Chrome
78746,0,both_agree,,OpenSC
8613,0,both_agree,,qemu
99176,0,bigvul_only,,Chrome
76908,0,diversevul_only,,ovs
4134,0,bigvul_only,,poppler
15596,0,bigvul_only,,qemu
103022,0,bigvul_only,,Chrome
77466,0,both_agree,,ovs
52685,0,both_agree,,linux
38124,0,both_agree,,linux
161581,0,bigvul_only,,Chrome
141134,0,bigvul_only,,Chrome
74416,0,both_agree,,kvm-guest-drivers-windows
28407,0,both_agree,,linux
106981,0,bigvul_only,,Chrome
38259,0,both_agree,,linux
14784,0,bigvul_only,,php
58212,0,both_agree,,linux
58363,0,diversevul_only,,linux
9259,0,bigvul_only,,qemu
22201,0,both_agree,,linux
175608,0,bigvul_only,,Android
126448,0,bigvul_only,,Chrome
104694,0,bigvul_only,,Chrome
84044,0,both_agree,,gpac
73814,0,both_agree,,pupnp-code
125951,0,bigvul_only,,Chrome
95011,0,both_agree,,linux
128111,0,bigvul_only,,Chrome
170872,0,primevul_corrected,CWE-200,Android
112432,0,bigvul_only,,Chrome
177399,0,bigvul_only,,Android
35421,0,both_agree,,linux
60475,0,diversevul_only,,radare2
34110,0,both_agree,,linux
153083,0,bigvul_only,,Chrome
67668,0,both_agree,,linux
184162,1,bigvul_only,,Chrome
106768,0,bigvul_only,,Chrome
90873,0,both_agree,,lighttpd1.4
40296,0,both_agree,,linux
180942,1,both_agree,CWE-200,linux
24434,0,both_agree,,linux
22542,0,both_agree,,linux
184881,1,bigvul_only,,Chrome
154707,0,bigvul_only,,Chrome
13887,0,bigvul_only,,ghostscript
833,0,bigvul_only,,poppler
171044,0,bigvul_only,,Android
18932,0,both_agree,,linux
58040,0,diversevul_only,,nf
53349,0,both_agree,,jansson
123939,0,bigvul_only,,Chrome
77457,0,diversevul_only,,ovs
13545,0,primevul_corrected,CWE-119,harfbuzz
14561,0,both_agree,,openssl
168960,0,bigvul_only,,Chrome
89052,0,both_agree,,ImageMagick
159687,0,bigvul_only,,Chrome
61617,0,both_agree,,FFmpeg
148382,0,bigvul_only,,Chrome
154678,,unmatched,,
172057,,unmatched,,
164638,0,bigvul_only,,Chrome
145796,0,bigvul_only,,Chrome
180969,1,diversevul_only,CWE-125,tcpdump
109846,,unmatched,,
76314,0,both_agree,,linux
153176,0,bigvul_only,,Chrome
107267,0,bigvul_only,,Chrome
120806,0,bigvul_only,,Chrome
61089,0,both_agree,,nautilus
79196,0,both_agree,,suricata
95666,0,bigvul_only,,OpenJK
125626,,unmatched,,
10890,0,bigvul_only,,gnupg
134858,0,bigvul_only,,Chrome
69859,0,both_agree,,tor
139172,,unmatched,,
56158,0,both_agree,,linux
96444,0,bigvul_only,,krb5
7842,0,both_agree,,qemu
62837,0,diversevul_only,,linux
135825,0,bigvul_only,,Chrome
32380,0,both_agree,,linux
187451,1,bigvul_only,CWE-284,Android
75395,0,diversevul_only,,radare2
118716,0,bigvul_only,,Chrome
1560,0,both_agree,,savannah
13485,0,both_agree,,ghostscript
106055,0,bigvul_only,,Chrome
165742,0,bigvul_only,,Chrome
184753,1,bigvul_only,CWE-189,Chrome
24780,0,diversevul_only,,linux
60417,0,diversevul_only,,linux
187977,,unmatched,,
159479,0,bigvul_only,,Chrome
144514,0,bigvul_only,,Chrome
132686,0,bigvul_only,,Chrome
172973,0,bigvul_only,,Android
31903,0,both_agree,,linux
123958,0,bigvul_only,,Chrome
106244,0,bigvul_only,,Chrome
54157,0,both_agree,,linux
91197,0,bigvul_only,,linux
144775,0,bigvul_only,,Chrome
94393,0,both_agree,,linux
97562,0,diversevul_only,,libxml2
5872,0,both_agree,,qemu
152056,0,bigvul_only,,Chrome
141970,0,bigvul_only,,Chrome
162555,0,bigvul_only,,Chrome
176232,0,bigvul_only,,Android
16676,0,both_agree,,qemu
128567,0,bigvul_only,,Chrome
27661,0,both_agree,,linux
105956,0,bigvul_only,,Chrome
8531,0,bigvul_only,,tartarus
20255,0,both_agree,,linux
73243,0,both_agree,,ImageMagick
36598,0,both_agree,,sgminer
124204,0,bigvul_only,,Chrome
131508,,unmatched,,
2681,0,both_agree,,savannah
110867,0,bigvul_only,,Chrome
37703,0,both_agree,,linux
22290,0,both_agree,,linux
22304,0,diversevul_only,,linux
75547,0,diversevul_only,,linux
7973,0,both_agree,,qemu
121260,0,bigvul_only,,Chrome
158099,0,bigvul_only,,Chrome
123245,0,bigvul_only,,Chrome
101170,0,bigvul_only,,Chrome
22220,0,both_agree,,linux
119922,0,bigvul_only,,Chrome
179758,1,diversevul_only,,openssh-portable
173786,0,bigvul_only,,Android
155577,0,bigvul_only,,Chrome
171296,0,bigvul_only,,Android
27050,0,both_agree,,nspluginwrapper
76960,0,both_agree,,ovs
11232,0,both_agree,,php
81826,0,both_agree,,wolfssl
186667,conflict,internal_conflict,CWE-20,Chrome
89428,0,both_agree,,linux
12644,0,both_agree,,exim
59672,0,diversevul_only,,collectd
107212,0,bigvul_only,,Chrome
154696,0,bigvul_only,,Chrome
22951,0,both_agree,,linux
118327,0,bigvul_only,,Chrome
98849,0,bigvul_only,,Chrome
110323,0,bigvul_only,,Chrome
112854,0,bigvul_only,,Chrome
100645,0,bigvul_only,,Chrome
88776,0,primevul_corrected,CWE-190,nfdump
11805,0,bigvul_only,,udisks
169648,0,bigvul_only,,Chrome
137939,0,bigvul_only,,Chrome
62122,0,both_agree,,ImageMagick
71242,0,both_agree,,linux
170646,0,bigvul_only,,Android
6808,0,bigvul_only,,haproxy
152018,0,bigvul_only,,Chrome
25982,0,bigvul_only,,linux
6617,0,both_agree,,ghostscript
167466,0,bigvul_only,,Chrome
161111,0,bigvul_only,,Chrome
138408,,unmatched,,
155365,0,bigvul_only,,Chrome
12655,0,both_agree,,exim
20884,0,both_agree,,linux
164545,0,bigvul_only,,Chrome
29483,0,both_agree,,linux
50390,0,bigvul_only,,linux
87815,0,both_agree,,radare2
141854,0,bigvul_only,,Chrome
125022,0,bigvul_only,,Chrome
82344,0,bigvul_only,,Espruino
152516,0,bigvul_only,,Chrome
121879,,unmatched,,
38214,0,both_agree,,linux
118284,0,bigvul_only,,Chrome
1884,0,bigvul_only,,spice
59673,0,diversevul_only,,collectd
36224,0,both_agree,,linux
575,0,bigvul_only,,ghostscript
71093,0,bigvul_only,,Little-CMS
39566,0,both_agree,,FreeRDP
181031,conflict,both_disagree,,tcpdump
137911,0,bigvul_only,,Chrome
130556,,unmatched,,
86984,0,both_agree,,optee_os
31260,0,both_agree,,linux
128196,0,bigvul_only,,Chrome
186348,,unmatched,,
47078,0,bigvul_only,,linux
28410,0,both_agree,,linux
125181,0,bigvul_only,,Chrome
27481,0,both_agree,,linux
160396,0,bigvul_only,,Chrome
65708,,unmatched,,
78162,0,both_agree,,OpenSC
1525,0,both_agree,,ghostscript
4831,0,bigvul_only,,xserver
47390,0,bigvul_only,,linux
90967,0,bigvul_only,,domoticz
169273,0,bigvul_only,,Chrome
58552,0,diversevul_only,,FreeRDP
138902,0,bigvul_only,,Chrome
59852,0,both_agree,,linux
23997,0,both_agree,,linux
35307,0,diversevul_only,,linux
183891,1,bigvul_only,CWE-264,Chrome
14990,0,bigvul_only,,xserver
157197,0,bigvul_only,,Chrome
26201,0,both_agree,,linux
29706,0,bigvul_only,,FFmpeg
37107,0,both_agree,,linux
61358,0,both_agree,,FFmpeg
58471,0,both_agree,,hexchat
112926,,unmatched,,
167377,0,bigvul_only,,Chrome
17724,0,bigvul_only,,xserver
118851,0,bigvul_only,,Chrome
20089,0,both_agree,,linux
7337,0,both_agree,,savannah
111696,0,primevul_corrected,,Chrome
61413,0,both_agree,,FFmpeg
161886,0,bigvul_only,,Chrome
36670,0,bigvul_only,,cgminer
185630,,unmatched,,
153920,0,bigvul_only,,Chrome
34265,0,both_agree,,linux
130562,0,bigvul_only,,Chrome
8467,0,bigvul_only,,gstreamer
165016,0,bigvul_only,,Chrome
30517,0,both_agree,,linux
74963,0,both_agree,,FreeRDP
56004,0,both_agree,,linux
152737,0,bigvul_only,,Chrome
159291,0,bigvul_only,,Chrome
149098,0,bigvul_only,,Chrome
59234,0,both_agree,,heimdal
80967,0,both_agree,,linux
185960,,unmatched,,
172014,0,bigvul_only,,Android
114170,,unmatched,,
142230,0,bigvul_only,,Chrome
172720,0,bigvul_only,,Android
60125,0,both_agree,,radare2
163197,0,bigvul_only,,Chrome
104578,,unmatched,,
176147,0,bigvul_only,,Android
143206,0,bigvul_only,,Chrome
156213,0,bigvul_only,,Chrome
28733,0,bigvul_only,,linux
177971,1,diversevul_only,,qemu
85319,0,both_agree,,cups
168864,0,bigvul_only,,Chrome
142488,0,bigvul_only,,Chrome
235,0,both_agree,,savannah
102232,0,bigvul_only,,Chrome
22674,0,bigvul_only,,linux
148488,,unmatched,,
25172,0,bigvul_only,,linux
23563,0,both_agree,,linux
143068,0,bigvul_only,,Chrome
26283,0,bigvul_only,,linux
73110,0,both_agree,,ImageMagick
27013,0,both_agree,,nspluginwrapper
62549,1,diversevul_only,CWE-125,tcpdump
52271,0,diversevul_only,,linux-2.6
154963,0,bigvul_only,,Chrome
19002,0,both_agree,,linux
824,0,bigvul_only,,poppler
132501,0,bigvul_only,,Chrome
37782,0,both_agree,,linux
137119,0,bigvul_only,,Chrome
36721,0,both_agree,,krb5
14233,0,bigvul_only,,php
35959,0,both_agree,,linux
127252,0,bigvul_only,,Chrome
104775,0,bigvul_only,,Chrome
121066,0,bigvul_only,,Chrome
47484,0,primevul_corrected,CWE-264,linux
95258,0,both_agree,,cyrus-imapd
45715,0,primevul_corrected,CWE-264,linux
66308,0,bigvul_only,,imageworsener
146033,,unmatched,,
7679,0,bigvul_only,,qemu
32994,0,both_agree,,linux
17819,0,bigvul_only,,qemu
73616,,unmatched,,
152296,0,bigvul_only,,Chrome
137981,0,bigvul_only,,Chrome
98663,0,bigvul_only,,Chrome
152861,0,bigvul_only,,Chrome
24507,0,both_agree,,linux
109547,0,bigvul_only,,Chrome
13978,0,both_agree,,ghostscript
10943,0,both_agree,,php
11520,0,bigvul_only,,systemd
106306,0,bigvul_only,,Chrome
150188,0,bigvul_only,,Chrome
96582,0,bigvul_only,,mbedtls
12842,0,both_agree,,openssl
24967,0,diversevul_only,,linux
162363,0,bigvul_only,,Chrome
34079,0,both_agree,,linux
38251,0,both_agree,,linux
126073,0,bigvul_only,,Chrome
176520,0,bigvul_only,,Android
178168,,unmatched,,
103348,0,bigvul_only,,Chrome
180696,1,both_agree,CWE-119,krb5
74361,0,both_agree,,kvm-guest-drivers-windows
78197,0,both_agree,,OpenSC
38454,0,diversevul_only,,linux
91633,0,both_agree,,frr
177731,0,bigvul_only,,Android
92593,0,both_agree,,linux
62760,0,bigvul_only,,rsyslog
168501,0,bigvul_only,,Chrome
126235,0,bigvul_only,,Chrome
129145,0,bigvul_only,,Chrome
41500,0,both_agree,,linux
106214,0,bigvul_only,,Chrome
51408,0,both_agree,,php-src
28859,0,both_agree,,linux
158798,0,bigvul_only,,Chrome
142476,0,bigvul_only,,Chrome
157891,0,bigvul_only,,Chrome
153378,0,bigvul_only,,Chrome
138527,0,bigvul_only,,Chrome
7128,0,bigvul_only,,savannah
153626,0,bigvul_only,,Chrome
60714,0,both_agree,,linux
125418,0,bigvul_only,,Chrome
152535,0,bigvul_only,,Chrome
71044,0,both_agree,,Little-CMS
13,0,bigvul_only,,samba
153732,,unmatched,,
162910,0,bigvul_only,,Chrome
61396,0,both_agree,,FFmpeg
30190,0,both_agree,,linux
150705,0,bigvul_only,,Chrome
137225,0,bigvul_only,,Chrome
34305,0,both_agree,,linux
90455,0,both_agree,,linux
131782,0,bigvul_only,,Chrome
150217,,unmatched,,
145171,0,bigvul_only,,Chrome
146219,0,bigvul_only,,Chrome
154840,0,bigvul_only,,Chrome
129045,0,bigvul_only,,Chrome
120176,0,bigvul_only,,Chrome
80879,0,bigvul_only,,gpac
114234,0,bigvul_only,,Chrome
5462,0,both_agree,,ghostscript
167767,0,bigvul_only,,Chrome
40917,0,both_agree,,jansson
21557,0,both_agree,,linux
135675,0,bigvul_only,,Chrome
16264,0,bigvul_only,,htcondor
37911,0,both_agree,,linux
170484,0,bigvul_only,,Android
156910,0,bigvul_only,,Chrome
153508,0,bigvul_only,,Chrome
96218,0,diversevul_only,,opa-fm
128933,0,bigvul_only,,Chrome
53018,0,both_agree,,ImageMagick
48947,0,bigvul_only,,linux
46181,0,both_agree,,linux
120459,0,bigvul_only,,Chrome
67056,0,both_agree,,FFmpeg
158884,0,bigvul_only,,Chrome
152065,0,bigvul_only,,Chrome
37148,0,both_agree,,linux
31191,conflict,both_disagree,,linux
2349,0,both_agree,,samba
98892,,unmatched,,
158642,0,bigvul_only,,Chrome
187726,1,bigvul_only,,Android
8522,0,bigvul_only,,tartarus
45881,0,both_agree,,linux
145985,0,bigvul_only,,Chrome
73198,0,both_agree,,jasper
188172,1,bigvul_only,CWE-264,Android
101012,0,primevul_corrected,,Chrome
145115,0,bigvul_only,,Chrome
176127,0,bigvul_only,,Android
181543,1,diversevul_only,,firejail
100953,0,bigvul_only,,Chrome
41402,0,both_agree,,linux
6315,0,bigvul_only,,php
76348,0,both_agree,,linux
69314,0,both_agree,,openssl
127257,0,bigvul_only,,Chrome
181287,1,bigvul_only,CWE-125,imageworsener
58259,0,both_agree,,linux
39703,0,diversevul_only,,linux
39478,0,diversevul_only,,linux
50015,0,diversevul_only,,libarchive
25285,0,bigvul_only,,linux
31916,0,both_agree,,linux
121470,0,bigvul_only,,Chrome
24337,0,diversevul_only,,linux
153310,0,bigvul_only,,Chrome
38617,0,both_agree,,linux
73029,0,both_agree,,libgd
77151,0,bigvul_only,,ovs
39519,0,both_agree,,linux
134267,0,bigvul_only,,Chrome
147609,0,bigvul_only,,Chrome
83129,0,both_agree,,mruby
158109,0,bigvul_only,,Chrome
111011,0,bigvul_only,,Chrome
179779,,unmatched,,
163974,0,bigvul_only,,Chrome
127369,0,bigvul_only,,Chrome
94909,0,both_agree,,linux
115274,0,bigvul_only,,Chrome
176289,0,bigvul_only,,Android
169811,0,bigvul_only,,Chrome
102053,0,bigvul_only,,Chrome
159487,0,bigvul_only,,Chrome
158416,0,bigvul_only,,Chrome
9357,0,both_agree,,openssl
53337,0,both_agree,,jansson
78819,0,both_agree,,OpenSC
3025,0,diversevul_only,,qemu
160121,0,bigvul_only,,Chrome
58512,0,diversevul_only,,FreeRDP
121013,0,bigvul_only,,Chrome
77906,0,both_agree,,mongo-c-driver
159531,0,bigvul_only,,Chrome
82780,0,bigvul_only,,radare2
179787,1,both_agree,CWE-119,linux
175378,0,bigvul_only,,Android
167800,0,bigvul_only,,Chrome
147074,0,bigvul_only,,Chrome
146078,0,bigvul_only,,Chrome
79493,0,both_agree,,neomutt
176809,0,bigvul_only,,Android
66686,0,both_agree,,linux
212,0,both_agree,,savannah
72914,conflict,both_disagree,,jasper
28776,0,bigvul_only,,linux
91426,0,both_agree,,linux
170048,0,bigvul_only,,Chrome
4562,0,bigvul_only,,php
51848,0,both_agree,,wireshark
19454,,unmatched,,
52763,0,both_agree,,linux
101061,0,primevul_corrected,,Chrome
19110,0,both_agree,,linux
26726,0,bigvul_only,,linux
75078,0,bigvul_only,,minisphere
180854,1,both_agree,CWE-416,linux
158914,0,primevul_corrected,CWE-416,Chrome
108047,0,bigvul_only,,Chrome
18328,0,primevul_corrected,CWE-264,uzbl
158877,0,bigvul_only,,Chrome
180353,conflict,internal_conflict,CWE-190,php-src
125657,0,bigvul_only,,Chrome
41466,0,both_agree,,linux
68095,0,bigvul_only,,radare2
101254,0,bigvul_only,,Chrome
61531,0,both_agree,,ImageMagick
147007,0,bigvul_only,,Chrome
130849,0,bigvul_only,,Chrome
185741,,unmatched,,
180545,1,diversevul_only,CWE-119,linux
26857,0,both_agree,,linux
21304,0,both_agree,,linux
103612,0,bigvul_only,,Chrome
109830,0,bigvul_only,,Chrome
134704,,unmatched,,
178153,1,bigvul_only,CWE-416,php
94717,0,both_agree,,libtiff
21863,0,both_agree,,linux
108466,,unmatched,,
141332,0,bigvul_only,,Chrome
160055,0,bigvul_only,,Chrome
79260,0,both_agree,,suricata
86939,0,both_agree,,optee_os
74706,0,both_agree,,linux
69650,0,both_agree,,tor
66534,0,both_agree,,linux
55854,0,both_agree,,linux
171913,0,bigvul_only,,Android
146359,0,bigvul_only,,Chrome
147796,,unmatched,,
102006,0,bigvul_only,,Chrome
127289,0,bigvul_only,,Chrome
115733,0,bigvul_only,,Chrome
131391,0,bigvul_only,,Chrome
99917,0,bigvul_only,,Chrome
93244,conflict,internal_conflict,CWE-125,tcpdump
46343,0,bigvul_only,,linux
109050,0,bigvul_only,,Chrome
114968,0,bigvul_only,,Chrome
8610,0,both_agree,,qemu
122783,,unmatched,,
151662,0,bigvul_only,,Chrome
88049,0,both_agree,,linux
115337,0,bigvul_only,,Chrome
53033,0,both_agree,,linux
104619,0,bigvul_only,,Chrome
113695,0,bigvul_only,,Chrome
80295,0,both_agree,,gpac
156281,0,bigvul_only,,Chrome
164321,0,bigvul_only,,Chrome
159806,0,primevul_corrected,CWE-79,Chrome
79617,0,both_agree,,neomutt
9368,0,both_agree,,openssl
22200,0,both_agree,,linux
23519,,unmatched,,
131998,0,bigvul_only,,Chrome
71714,0,both_agree,,ImageMagick
134529,0,bigvul_only,,Chrome
136271,0,bigvul_only,,Chrome
93752,0,both_agree,,libvirt
151444,0,bigvul_only,,Chrome
79586,0,both_agree,,neomutt
28810,0,both_agree,,linux
81633,0,bigvul_only,,civetweb
122346,0,bigvul_only,,Chrome
128543,0,primevul_corrected,CWE-119,Chrome
11321,0,bigvul_only,,dbus
120597,0,bigvul_only,,Chrome
137509,0,bigvul_only,,Chrome
77300,0,bigvul_only,,ovs
96498,0,diversevul_only,,suricata
27697,0,both_agree,,linux
69521,0,bigvul_only,,linux
156268,0,bigvul_only,,Chrome
472,0,bigvul_only,,ghostscript
138326,0,bigvul_only,,Chrome
144493,0,bigvul_only,,Chrome
179523,1,bigvul_only,CWE-189,linux
1681,0,bigvul_only,,ghostscript
124548,0,bigvul_only,,Chrome
8273,0,bigvul_only,,libXrender
121439,0,bigvul_only,,Chrome
3939,0,bigvul_only,,poppler
183275,conflict,internal_conflict,CWE-787,ImageMagick
174452,0,bigvul_only,,Android
130960,0,bigvul_only,,Chrome
75590,0,both_agree,,linux
77380,0,bigvul_only,,ovs
176458,0,bigvul_only,,Android
66615,0,both_agree,,linux
162369,0,primevul_corrected,CWE-787,Chrome
24538,0,both_agree,,linux
61402,0,bigvul_only,,FFmpeg
37832,0,both_agree,,linux
177605,0,bigvul_only,,Android
174775,0,bigvul_only,,Android
2715,0,diversevul_only,,patch
152235,0,bigvul_only,,Chrome
170595,,unmatched,,
14215,0,both_agree,,php
12439,0,bigvul_only,,php
88187,0,both_agree,,libexpat
108115,0,bigvul_only,,Chrome
97205,0,bigvul_only,,Chrome
100941,0,bigvul_only,,Chrome
171259,0,bigvul_only,,Android
116004,0,bigvul_only,,Chrome
105312,0,bigvul_only,,Chrome
140412,0,bigvul_only,,Chrome
96489,0,both_agree,,suricata
38076,0,both_agree,,linux
78438,0,both_agree,,OpenSC
124438,0,bigvul_only,,Chrome
166928,0,bigvul_only,,Chrome
124887,,unmatched,,
121685,0,primevul_corrected,,Chrome
33149,0,both_agree,,linux
121148,0,bigvul_only,,Chrome
94489,0,both_agree,,linux
76800,0,both_agree,,ovs
178323,1,bigvul_only,CWE-200,qemu
58864,0,bigvul_only,,exim
65130,0,bigvul_only,,ImageMagick
169308,0,bigvul_only,,Chrome
89063,0,both_agree,,linux
109796,0,bigvul_only,,Chrome
184802,1,bigvul_only,,Chrome
145052,0,bigvul_only,,Chrome
126560,,unmatched,,
153947,,unmatched,,
35524,0,both_agree,,linux
162099,0,bigvul_only,,Chrome
119667,0,bigvul_only,,Chrome
74131,0,diversevul_only,,ntp
84940,0,both_agree,,linux
29738,0,both_agree,,FFmpeg
68249,0,both_agree,,linux
23132,0,both_agree,,linux
73508,0,bigvul_only,,ImageMagick
10210,0,bigvul_only,,savannah
18248,0,diversevul_only,,memcached
171283,0,bigvul_only,,Android
130345,0,bigvul_only,,Chrome
83570,0,both_agree,,FreeRDP
12728,conflict,both_disagree,,openssl
10639,0,bigvul_only,,savannah
170729,0,bigvul_only,,Android
105787,0,bigvul_only,,Chrome
123217,0,bigvul_only,,Chrome
169243,0,bigvul_only,,Chrome
20756,0,both_agree,,linux
34150,0,both_agree,,linux
91468,0,both_agree,,linux
122725,0,bigvul_only,,Chrome
137608,0,bigvul_only,,Chrome
44793,0,both_agree,,pigz
37988,0,both_agree,,linux
96348,0,both_agree,,kvm-guest-drivers-windows
63100,0,both_agree,,linux
28864,0,both_agree,,linux
54044,0,bigvul_only,,linux
5065,0,bigvul_only,,xrdb
136174,0,bigvul_only,,Chrome
145005,0,bigvul_only,,Chrome
160746,,unmatched,,
78923,0,both_agree,,libxkbcommon
55353,0,both_agree,,linux
151074,0,bigvul_only,,Chrome
61626,0,both_agree,,FFmpeg
42358,0,both_agree,,linux
65598,0,bigvul_only,,linux
85190,0,diversevul_only,,linux
135229,0,bigvul_only,,Chrome
45727,0,bigvul_only,,linux
172730,0,bigvul_only,,Android
120890,,unmatched,,
78956,0,both_agree,,libxkbcommon
11254,0,primevul_corrected,CWE-200,qemu
178917,1,both_agree,CWE-20,linux
182310,1,diversevul_only,CWE-20,neomutt
31790,0,both_agree,,linux
181656,conflict,internal_conflict,CWE-476,yara
90711,0,both_agree,,mujs
23119,0,both_agree,,linux
51916,0,both_agree,,wireshark
126363,0,bigvul_only,,Chrome
48818,0,bigvul_only,,linux
106350,0,bigvul_only,,Chrome
177745,1,bigvul_only,,php
77938,0,both_agree,,mongo-c-driver
40972,0,both_agree,,Little-CMS
132277,0,bigvul_only,,Chrome
145315,0,bigvul_only,,Chrome
16021,0,bigvul_only,,exempi
25990,0,bigvul_only,,linux
36502,0,both_agree,,linux
113990,0,bigvul_only,,Chrome
20186,0,both_agree,,linux
25448,0,bigvul_only,,linux
14558,0,diversevul_only,,openssl
59124,0,both_agree,,linux
68080,0,both_agree,,radare2
42340,0,both_agree,,linux
45148,0,both_agree,,httpd
127570,0,bigvul_only,,Chrome
3713,0,diversevul_only,,dbus
128200,0,bigvul_only,,Chrome
132860,,unmatched,,
15495,0,both_agree,,savannah
94728,0,diversevul_only,,linux
40238,0,both_agree,,linux
30117,0,both_agree,,linux
68222,0,diversevul_only,,linux
188406,0,bigvul_only,,Android
2446,0,both_agree,,samba
8660,0,bigvul_only,,qemu
75679,0,both_agree,,sleuthkit
168943,0,bigvul_only,,Chrome
60408,0,both_agree,,linux
104936,0,bigvul_only,,Chrome
45539,0,bigvul_only,,linux
177619,0,bigvul_only,,Android
30734,0,both_agree,,linux
14808,0,both_agree,,php
64563,0,both_agree,,yara
174656,0,bigvul_only,,Android
7660,0,bigvul_only,,qemu
22285,0,both_agree,,linux
96763,0,bigvul_only,,libgcrypt
88625,0,both_agree,,linux
102501,0,bigvul_only,,Chrome
62438,0,both_agree,,tcpdump
87919,0,both_agree,,linux
8680,0,both_agree,,savannah
130145,0,bigvul_only,,Chrome
58092,0,both_agree,,linux
123093,0,bigvul_only,,Chrome
174094,0,bigvul_only,,Android
82961,0,both_agree,,radare2
129052,0,bigvul_only,,Chrome
86696,0,both_agree,,linux
135765,0,bigvul_only,,Chrome
9101,0,bigvul_only,,virglrenderer
87345,0,both_agree,,libvips
121620,0,bigvul_only,,Chrome
37697,0,both_agree,,linux
135076,0,bigvul_only,,Chrome
105005,,unmatched,,
82793,0,bigvul_only,,radare2
79622,0,both_agree,,neomutt
66068,0,both_agree,,linux
9653,0,bigvul_only,,php
72619,0,both_agree,,linux
169917,0,diversevul_only,,libxslt
47886,0,both_agree,,linux
21240,0,both_agree,,linux
31779,0,both_agree,,linux
90812,0,both_agree,,gpac
159120,0,primevul_corrected,CWE-20,Chrome
43184,0,both_agree,,linux
120290,0,bigvul_only,,Chrome
18405,0,bigvul_only,,uzbl
37584,0,bigvul_only,,linux
39599,0,both_agree,,linux
90454,0,both_agree,,linux
88954,0,both_agree,,ImageMagick6
143602,0,bigvul_only,,Chrome
187133,,unmatched,,
14424,0,primevul_corrected,CWE-264,mindrot
100609,0,bigvul_only,,Chrome
60501,0,both_agree,,linux
120051,0,bigvul_only,,Chrome
91724,0,both_agree,,mod_auth_mellon
132506,0,bigvul_only,,Chrome
149700,0,bigvul_only,,Chrome
133781,0,bigvul_only,,Chrome
36989,0,both_agree,,linux
57945,0,both_agree,,linux
109577,0,bigvul_only,,Chrome
118626,0,bigvul_only,,Chrome
83191,0,diversevul_only,,mruby
112887,,unmatched,,
31557,1,diversevul_only,CWE-399,linux
35835,0,both_agree,,linux
178429,1,bigvul_only,CWE-200,openssl
187417,,unmatched,,
95225,0,bigvul_only,,cyrus-imapd
121737,0,bigvul_only,,Chrome
114797,0,bigvul_only,,Chrome
80980,0,both_agree,,linux
75368,0,both_agree,,radare2
43752,0,both_agree,,krb5
151394,,unmatched,,
67809,0,both_agree,,linux
34090,0,both_agree,,linux
76218,0,both_agree,,linux
7688,0,bigvul_only,,qemu
149128,0,bigvul_only,,Chrome
101029,0,bigvul_only,,Chrome
84865,0,both_agree,,linux
132733,0,bigvul_only,,Chrome
65095,0,both_agree,,ImageMagick
18696,0,both_agree,,linux
9530,0,bigvul_only,,php
65054,0,both_agree,,linux
181397,1,both_agree,CWE-119,linux
163777,0,bigvul_only,,Chrome
11154,0,both_agree,,php
92961,0,both_agree,,rdesktop
38372,0,both_agree,,linux
167491,0,bigvul_only,,Chrome
16650,0,bigvul_only,,htcondor
115239,0,bigvul_only,,Chrome
181628,1,diversevul_only,,openjpeg
140623,0,bigvul_only,,Chrome
93253,0,both_agree,,tcpdump
132134,0,bigvul_only,,Chrome
80248,0,both_agree,,gpac
169300,0,bigvul_only,,Chrome
55657,0,both_agree,,linux
59558,0,both_agree,,libxml2
16897,0,diversevul_only,,qemu
90585,0,both_agree,,linux
34368,0,both_agree,,linux
75064,0,bigvul_only,,minisphere
38175,0,both_agree,,ppp
119043,0,bigvul_only,,Chrome
154875,0,bigvul_only,,Chrome
173312,,unmatched,,
70036,0,bigvul_only,,redis
107298,0,bigvul_only,,Chrome
482,0,primevul_corrected,,mupdf
36975,0,both_agree,,linux
175163,0,bigvul_only,,Android
119750,0,bigvul_only,,Chrome
169649,0,bigvul_only,,Chrome
140161,0,bigvul_only,,Chrome
54390,0,both_agree,,php-src
174751,0,bigvul_only,,Android
142562,0,bigvul_only,,Chrome
135420,0,bigvul_only,,Chrome
61817,0,both_agree,,FFmpeg
43963,0,both_agree,,linux
49274,0,both_agree,,linux
101470,0,bigvul_only,,Chrome
135201,0,bigvul_only,,Chrome
171907,0,bigvul_only,,Android
133759,0,bigvul_only,,Chrome
9335,0,both_agree,,qemu
107306,0,bigvul_only,,Chrome
16946,0,both_agree,,qemu
165672,0,bigvul_only,,Chrome
136618,0,bigvul_only,,Chrome
158785,0,bigvul_only,,Chrome
107895,0,bigvul_only,,Chrome
51382,0,both_agree,,php-src
72380,0,bigvul_only,,php-src
151429,,unmatched,,
5859,0,both_agree,,qemu
89481,0,both_agree,,libming
113447,0,bigvul_only,,Chrome
72371,0,bigvul_only,,php-src
35627,0,both_agree,,linux
179845,conflict,both_disagree,,krb5
91051,0,both_agree,,domoticz
30044,0,both_agree,,linux
166589,0,bigvul_only,,Chrome
88710,0,diversevul_only,,3proxy
161950,0,bigvul_only,,Chrome
155007,0,bigvul_only,,Chrome
168435,0,bigvul_only,,Chrome
82805,0,bigvul_only,,radare2
111100,0,bigvul_only,,Chrome
181070,1,diversevul_only,,tcpdump
7476,0,both_agree,,qemu
106794,0,bigvul_only,,Chrome
46803,0,bigvul_only,,linux
115684,0,bigvul_only,,Chrome
113531,0,primevul_corrected,,Chrome
131727,0,bigvul_only,,Chrome
165558,,unmatched,,
158181,0,bigvul_only,,Chrome
56017,0,both_agree,,linux
99998,0,bigvul_only,,Chrome
90043,0,diversevul_only,,zstd
73034,0,both_agree,,libgd
101962,0,bigvul_only,,Chrome
162043,0,bigvul_only,,Chrome
96681,0,both_agree,,linux
169499,0,bigvul_only,,Chrome
174085,0,bigvul_only,,Android
31194,0,both_agree,,linux
39401,0,both_agree,,linux
126352,,unmatched,,
92045,0,both_agree,,linux
95193,0,bigvul_only,,cyrus-imapd
26503,0,bigvul_only,,linux
185466,,unmatched,,
167522,0,bigvul_only,,Chrome
174203,0,bigvul_only,,Android
40374,0,both_agree,,linux
12813,0,both_agree,,openssl
23815,0,both_agree,,linux
152685,0,bigvul_only,,Chrome
85762,0,diversevul_only,,linux
149075,0,diversevul_only,,sqlite
164681,0,bigvul_only,,Chrome
109302,,unmatched,,
37605,0,bigvul_only,,linux
165751,0,bigvul_only,,Chrome
140296,0,bigvul_only,,Chrome
60277,0,both_agree,,linux
52384,0,both_agree,,linux
167696,0,bigvul_only,,Chrome
162401,0,bigvul_only,,Chrome
7974,0,diversevul_only,,qemu
128142,0,bigvul_only,,Chrome
125434,0,bigvul_only,,Chrome
36095,0,both_agree,,linux
10439,0,bigvul_only,,qemu
88612,0,both_agree,,linux
49945,0,primevul_corrected,CWE-119,php-src
79077,0,both_agree,,linux
113559,0,bigvul_only,,Chrome
47807,0,both_agree,,linux
27943,0,both_agree,,linux
52920,0,both_agree,,linux
124142,0,bigvul_only,,Chrome
78134,0,both_agree,,OpenSC
148059,0,bigvul_only,,Chrome
35576,0,both_agree,,linux
164779,0,bigvul_only,,Chrome
184403,0,bigvul_only,,Chrome
112184,0,bigvul_only,,Chrome
71668,0,bigvul_only,,ImageMagick
118755,0,bigvul_only,,Chrome
184960,,unmatched,,
53456,0,both_agree,,iperf
79625,0,both_agree,,neomutt
56975,0,both_agree,,linux
96956,0,bigvul_only,,linux
41196,0,diversevul_only,,net-next
173875,0,diversevul_only,CWE-119,Android
129401,0,bigvul_only,,Chrome
159102,0,bigvul_only,,Chrome
71527,0,bigvul_only,,ImageMagick
49600,0,both_agree,,linux
9359,0,both_agree,,openssl
60463,0,both_agree,,radare2
44387,0,bigvul_only,,lxcfs
119915,0,bigvul_only,,Chrome
92138,0,both_agree,,linux
126359,0,bigvul_only,,Chrome
143621,0,bigvul_only,,Chrome
156114,0,bigvul_only,,Chrome
15504,0,diversevul_only,,busybox
145192,0,bigvul_only,,Chrome
142148,0,bigvul_only,,Chrome
127873,0,bigvul_only,,Chrome
100858,0,bigvul_only,,Chrome
85950,0,both_agree,,linux
180424,1,both_agree,,linux
119114,0,bigvul_only,,Chrome
137288,0,bigvul_only,,Chrome
168087,0,bigvul_only,,Chrome
3617,0,both_agree,,openssl
88149,0,both_agree,,linux
103428,0,bigvul_only,,Chrome
10761,0,bigvul_only,,openssl
131487,0,bigvul_only,,Chrome
116636,0,bigvul_only,,Chrome
116734,0,bigvul_only,,Chrome
86021,0,diversevul_only,,linux
57366,conflict,both_disagree,,linux
72341,0,bigvul_only,,src
67112,0,both_agree,,libsndfile
167647,0,bigvul_only,,Chrome
35034,0,diversevul_only,,linux
85475,0,diversevul_only,,linux
152412,,unmatched,,
73219,0,both_agree,,jasper
127743,0,bigvul_only,,Chrome
158274,0,bigvul_only,,Chrome
183533,,unmatched,,
19457,0,bigvul_only,,linux
97468,0,bigvul_only,,Chrome
53246,0,both_agree,,linux
167436,0,bigvul_only,,Chrome
4020,0,primevul_corrected,CWE-119,poppler
101492,0,bigvul_only,,Chrome
57784,0,bigvul_only,,linux
128897,0,bigvul_only,,Chrome
9971,0,bigvul_only,,exempi
116208,0,bigvul_only,,Chrome
111832,0,bigvul_only,,Chrome
34180,0,both_agree,,linux
40801,0,diversevul_only,,mapserver
154219,0,bigvul_only,,Chrome
152104,0,bigvul_only,,Chrome
178079,1,bigvul_only,CWE-399,qemu
111885,0,bigvul_only,,Chrome
39880,0,both_agree,,linux
160449,0,bigvul_only,,Chrome
108001,0,bigvul_only,,Chrome
159642,0,bigvul_only,,Chrome
59927,0,both_agree,,linux
13870,0,bigvul_only,,ghostscript
29686,0,both_agree,,linux
166864,0,bigvul_only,,Chrome
101817,0,bigvul_only,,Chrome
62085,0,diversevul_only,,ImageMagick6
6352,0,bigvul_only,,NetworkManager
6029,0,both_agree,,qemu
138099,0,bigvul_only,,Chrome
136736,0,bigvul_only,,Chrome
91278,0,both_agree,,linux
60515,0,both_agree,,linux
185976,1,bigvul_only,CWE-79,Chrome
56942,0,both_agree,,linux
139554,,unmatched,,
10765,0,both_agree,,openssl
113134,,unmatched,,
64738,0,bigvul_only,,systemd
176829,0,bigvul_only,,Android
85686,0,both_agree,,linux
184838,,unmatched,,
175227,0,bigvul_only,,Android
138149,0,bigvul_only,,Chrome
148778,0,bigvul_only,,Chrome
145507,0,bigvul_only,,Chrome
24877,0,both_agree,,linux
18489,0,both_agree,,linux
126196,0,bigvul_only,,Chrome
106950,0,bigvul_only,,Chrome
49194,0,both_agree,,linux
5478,0,both_agree,,ghostscript
48117,0,both_agree,,linux
12459,0,both_agree,,openssl
32406,0,both_agree,,linux
36329,0,bigvul_only,,linux
176509,0,primevul_corrected,CWE-119,Android
154838,0,bigvul_only,,Chrome
10242,0,bigvul_only,,savannah
35613,0,both_agree,,linux
18513,0,both_agree,,linux
33670,0,both_agree,,krb5
33171,0,both_agree,,linux
40649,0,both_agree,,linux
122959,0,bigvul_only,,Chrome
154179,0,bigvul_only,,Chrome
101899,0,bigvul_only,,Chrome
111596,0,bigvul_only,,Chrome
5196,0,bigvul_only,,php
116891,0,bigvul_only,,Chrome
37761,0,diversevul_only,,linux-2.6
177214,0,bigvul_only,,Android
132713,0,bigvul_only,,Chrome
128949,0,bigvul_only,,Chrome
174616,0,bigvul_only,,Android
87710,0,both_agree,,linux
98551,0,bigvul_only,,Chrome
65572,0,bigvul_only,,linux
36588,0,both_agree,,sgminer
46864,0,bigvul_only,,linux
131525,0,bigvul_only,,Chrome
176851,0,bigvul_only,,Android
3549,0,both_agree,,moodle
95969,0,bigvul_only,,OpenJK
75843,0,both_agree,,keepalived
88805,0,both_agree,,ssdp-responder
168871,0,bigvul_only,,Chrome
64352,0,both_agree,,radare2
70132,0,bigvul_only,,libtiff
13986,0,diversevul_only,,ghostpdl
34178,0,both_agree,,linux
168665,0,bigvul_only,,Chrome
53093,0,both_agree,,linux
165005,0,bigvul_only,,Chrome
67239,0,both_agree,,linux
61332,0,both_agree,,FFmpeg
179199,1,both_agree,,linux
120086,0,bigvul_only,,Chrome
27386,0,both_agree,,linux
11675,0,primevul_corrected,CWE-200,udisks
80101,0,both_agree,,gpac
76185,0,both_agree,,linux
27317,0,both_agree,,linux
79865,0,bigvul_only,,FFmpeg
122430,0,bigvul_only,,Chrome
169311,0,bigvul_only,,Chrome
5324,0,both_agree,,ghostscript
105676,0,bigvul_only,,Chrome
48835,0,bigvul_only,,linux
142411,0,bigvul_only,,Chrome
165646,0,bigvul_only,,Chrome
185426,,unmatched,,
176269,0,bigvul_only,,Android
65947,0,bigvul_only,,linux
98573,0,bigvul_only,,Chrome
103151,0,bigvul_only,,Chrome
172809,0,bigvul_only,,Android
74060,0,bigvul_only,,libdwarf
32477,0,both_agree,,linux
77463,0,both_agree,,ovs
69645,0,both_agree,,tor
135816,0,bigvul_only,,Chrome
95597,0,bigvul_only,,OpenJK
30235,0,both_agree,,linux
162066,0,bigvul_only,,Chrome
107417,0,primevul_corrected,,Chrome
106094,0,bigvul_only,,Chrome
180449,0,bigvul_only,,cJSON
167488,,unmatched,,
94993,0,diversevul_only,,linux
113978,0,bigvul_only,,Chrome
5354,0,both_agree,,ghostscript
20754,0,diversevul_only,,kvm
64796,0,diversevul_only,,linux
76998,0,both_agree,,ovs
159700,0,bigvul_only,,Chrome
68215,0,both_agree,,linux
105346,0,bigvul_only,,Chrome
176678,0,both_agree,,libxml2
62051,0,both_agree,,linux
114851,,unmatched,,
41414,0,both_agree,,linux
77970,0,both_agree,,ImageMagick
64964,0,bigvul_only,,imageworsener
34280,0,both_agree,,linux
93272,0,both_agree,,linux
109286,0,bigvul_only,,Chrome
100991,0,bigvul_only,,Chrome
42150,0,both_agree,,openssh-portable
67778,0,both_agree,,php-src
164196,0,bigvul_only,,Chrome
161607,0,primevul_corrected,CWE-416,Chrome
7086,0,bigvul_only,,savannah
175696,0,bigvul_only,,Android
150034,0,bigvul_only,,Chrome
71176,0,both_agree,,linux
52086,0,both_agree,,linux
71847,0,bigvul_only,,ImageMagick
116010,,unmatched,,
95046,0,both_agree,,linux
13052,0,both_agree,,gnupg
109224,0,bigvul_only,,Chrome
127857,0,primevul_corrected,CWE-189,Chrome
37548,0,bigvul_only,,linux
131045,0,bigvul_only,,Chrome
167697,0,bigvul_only,,Chrome
66285,0,bigvul_only,,imageworsener
130020,0,bigvul_only,,Chrome
45294,0,both_agree,,linux
13767,0,bigvul_only,,php
42022,0,diversevul_only,,linux
138247,0,bigvul_only,,Chrome
12033,0,both_agree,,openssl
120298,0,bigvul_only,,Chrome
69339,0,both_agree,,openssl
120417,0,bigvul_only,,Chrome
69246,0,diversevul_only,,libtiff
180628,1,diversevul_only,,linux
27817,0,both_agree,,linux
28403,0,both_agree,,linux
80817,0,both_agree,,gpac
116355,0,bigvul_only,,Chrome
77753,0,both_agree,,linux
127476,0,bigvul_only,,Chrome
90350,0,both_agree,,linux
2408,0,both_agree,,samba
163422,0,bigvul_only,,Chrome
186842,1,bigvul_only,CWE-787,Chrome
84280,0,diversevul_only,,linux
163466,0,bigvul_only,,Chrome
119745,0,bigvul_only,,Chrome
141574,,unmatched,,
12685,0,both_agree,,openssl
144810,0,bigvul_only,,Chrome
52201,0,both_agree,,php-src
149333,0,bigvul_only,,Chrome
37818,0,both_agree,,linux
49305,0,both_agree,,linux
121963,0,bigvul_only,,Chrome
117481,,unmatched,,
169629,0,bigvul_only,,Chrome
79139,0,both_agree,,linux
79800,0,both_agree,,linux
24571,0,both_agree,,linux
166555,0,bigvul_only,,Chrome
67268,0,both_agree,,linux
153590,0,bigvul_only,,Chrome
79076,0,both_agree,,linux
13583,0,bigvul_only,,harfbuzz
96246,0,both_agree,,opa-ff
180126,0,diversevul_only,CWE-787,php-src
183409,conflict,both_disagree,CWE-200,linux
46676,0,bigvul_only,,linux
83498,0,both_agree,,linux
94874,0,both_agree,,linux
132106,0,bigvul_only,,Chrome
33212,0,both_agree,,linux
5621,0,bigvul_only,,savannah
22202,0,both_agree,,linux
61433,0,both_agree,,FFmpeg
80604,0,both_agree,,gpac
77505,0,both_agree,,ovs
8778,0,both_agree,,busybox
110413,0,bigvul_only,,Chrome
143981,0,bigvul_only,,Chrome
63561,0,diversevul_only,,gnome-session
91731,0,both_agree,,mod_auth_mellon
44795,0,both_agree,,pigz
43176,0,both_agree,,linux
133714,0,bigvul_only,,Chrome
28918,0,both_agree,,linux
44439,0,bigvul_only,,lxcfs
180160,1,both_agree,CWE-264,linux
144944,0,bigvul_only,,Chrome
147439,0,bigvul_only,,Chrome
156206,0,bigvul_only,,Chrome
96355,0,diversevul_only,,kvm-guest-drivers-windows
138751,0,bigvul_only,,Chrome
12966,0,bigvul_only,,mindrot
97761,0,bigvul_only,,Chrome
120067,0,primevul_corrected,CWE-22,Chrome
129906,0,bigvul_only,,Chrome
18755,0,both_agree,,linux
177361,0,both_agree,,Android
129370,0,bigvul_only,,Chrome
88083,0,both_agree,,linux
93638,0,both_agree,,linux
180255,conflict,internal_conflict,,php-src
46492,0,both_agree,,openssl
98650,0,bigvul_only,,Chrome
20929,0,both_agree,,file
166934,0,bigvul_only,,Chrome
79524,0,both_agree,,neomutt
100389,,unmatched,,
107337,0,bigvul_only,,Chrome
11811,0,primevul_corrected,CWE-200,udisks
95167,0,primevul_corrected,CWE-20,cyrus-imapd
63348,0,both_agree,,krb5
127633,0,bigvul_only,,Chrome
9574,0,bigvul_only,,php
111763,0,bigvul_only,,Chrome
188240,,unmatched,,
154630,,unmatched,,
107195,0,bigvul_only,,Chrome
146958,0,bigvul_only,,Chrome
78068,0,both_agree,,Little-CMS
139654,0,bigvul_only,,Chrome
140303,0,bigvul_only,,Chrome
19284,0,both_agree,,linux
104059,0,bigvul_only,,Chrome
64218,0,both_agree,,httpd
148968,0,bigvul_only,,Chrome
21653,0,both_agree,,linux
73271,0,both_agree,,linux
175557,0,bigvul_only,,Android
54224,0,both_agree,,linux
12801,0,diversevul_only,,openssl
140897,0,bigvul_only,,Chrome
40849,0,both_agree,,mapserver
180372,conflict,internal_conflict,CWE-125,php-src
8227,0,both_agree,,qemu
36531,0,both_agree,,linux
182878,1,both_agree,CWE-476,FFmpeg
18770,0,both_agree,,linux
62321,0,both_agree,,tcpdump
2867,0,bigvul_only,,libxfont
13779,0,bigvul_only,,php
176573,0,both_agree,,libxml2
20229,0,both_agree,,linux
36591,0,both_agree,,sgminer
140870,0,bigvul_only,,Chrome
157174,0,bigvul_only,,Chrome
72890,conflict,both_disagree,,jasper
58490,0,bigvul_only,,didiwiki
100982,0,bigvul_only,,Chrome
177726,0,bigvul_only,,Android
10028,0,diversevul_only,,freetype2-demos
9402,0,both_agree,,openssl
119391,0,bigvul_only,,Chrome
159603,0,bigvul_only,,Chrome
127246,0,bigvul_only,,Chrome
41075,0,both_agree,,linux
29364,0,both_agree,,linux
166489,,unmatched,,
31945,0,both_agree,,linux
39252,0,both_agree,,linux
150922,0,bigvul_only,,Chrome
174136,0,bigvul_only,,Android
84712,0,both_agree,,linux
95691,0,both_agree,,OpenJK
181433,1,both_agree,CWE-119,linux
121810,,unmatched,,
53754,0,diversevul_only,,linux
186376,1,bigvul_only,CWE-787,Chrome
102058,,unmatched,,
2423,0,both_agree,,samba
185517,1,bigvul_only,,Chrome
127854,0,bigvul_only,,Chrome
85773,0,both_agree,,linux
123533,0,bigvul_only,,Chrome
156888,,unmatched,,
110652,0,bigvul_only,,Chrome
66790,0,bigvul_only,,imageworsener
135704,,unmatched,,
55051,0,both_agree,,git
100699,0,both_agree,,libxml2
152320,,unmatched,,
111034,0,bigvul_only,,Chrome
46047,0,both_agree,,krb5
101021,0,bigvul_only,,Chrome
140376,0,bigvul_only,,Chrome
43588,0,diversevul_only,,linux
174637,0,bigvul_only,,Android
130736,,unmatched,,
174848,0,bigvul_only,,Android
60033,0,bigvul_only,,radare2
147027,0,bigvul_only,,Chrome
48663,0,bigvul_only,,httpd
138757,0,bigvul_only,,Chrome
169084,0,bigvul_only,,Chrome
118930,0,bigvul_only,,Chrome
108205,0,bigvul_only,,Chrome
85882,0,both_agree,,linux
173684,0,bigvul_only,,Android
32890,0,both_agree,,linux
97571,0,both_agree,,Chrome
173315,0,bigvul_only,,Android
103080,0,bigvul_only,,Chrome
36041,0,both_agree,,linux
87324,0,both_agree,,FFmpeg
94469,0,both_agree,,linux
125145,,unmatched,,
119732,0,bigvul_only,,Chrome
119536,0,primevul_corrected,,Chrome
14144,0,bigvul_only,,xserver
82770,0,both_agree,,radare2
171546,0,bigvul_only,,Android
160108,0,bigvul_only,,Chrome
15710,0,diversevul_only,,qemu
175301,0,primevul_corrected,CWE-200,Android
15511,0,both_agree,,busybox
182736,1,diversevul_only,,pdfresurrect
53619,0,both_agree,,linux
134588,,unmatched,,
9136,0,bigvul_only,,virglrenderer
36745,0,both_agree,,krb5
130748,0,bigvul_only,,Chrome
166918,0,bigvul_only,,Chrome
100271,0,primevul_corrected,,Chrome
51695,0,diversevul_only,,wireshark
57645,0,both_agree,,linux
19384,0,bigvul_only,,linux
44136,0,both_agree,,linux
176905,0,bigvul_only,,Android
160583,0,bigvul_only,,Chrome
22462,0,both_agree,,linux
143491,0,bigvul_only,,Chrome
145399,0,bigvul_only,,Chrome
83708,0,both_agree,,libgit2
178505,1,primevul_corrected,CWE-119,libxfont
157884,0,bigvul_only,,Chrome
3321,0,both_agree,,qemu
165876,0,bigvul_only,,Chrome
84322,0,primevul_corrected,CWE-352,uncurl
115370,0,bigvul_only,,Chrome
61302,0,both_agree,,cyrus-imapd
33707,0,both_agree,,linux
69324,0,both_agree,,openssl
78376,0,both_agree,,OpenSC
152555,0,bigvul_only,,Chrome
152409,0,bigvul_only,,Chrome
85724,0,both_agree,,linux
35188,0,both_agree,,linux
142999,0,bigvul_only,,Chrome
58131,0,both_agree,,linux
45387,0,both_agree,,linux
77007,0,both_agree,,ovs
123079,0,bigvul_only,,Chrome
158393,0,bigvul_only,,Chrome
138283,,unmatched,,
59892,0,both_agree,,linux
140931,0,bigvul_only,,Chrome
19376,,unmatched,,
62783,0,both_agree,,ImageMagick
4007,0,bigvul_only,,poppler
85551,0,diversevul_only,,linux
142990,0,primevul_corrected,,Chrome
175518,0,bigvul_only,,Android
132063,0,bigvul_only,,Chrome
26629,0,both_agree,,linux
47240,0,bigvul_only,,linux
73526,0,bigvul_only,,ImageMagick
51271,0,bigvul_only,,php-src
171460,0,both_agree,,Android
135373,0,bigvul_only,,Chrome
21963,0,bigvul_only,,raptor
126662,,unmatched,,
56953,0,both_agree,,linux
81810,0,both_agree,,redis
89365,0,bigvul_only,,u-boot
52224,0,both_agree,,linux
23328,0,bigvul_only,,linux
458,0,bigvul_only,,ghostscript
43017,0,both_agree,,linux
51457,0,diversevul_only,,php-src
122381,0,bigvul_only,,Chrome
58088,0,diversevul_only,,linux
164853,0,bigvul_only,,Chrome
119541,0,bigvul_only,,Chrome
67768,0,both_agree,,php-src
14096,0,bigvul_only,,xserver
141303,0,primevul_corrected,CWE-416,Chrome
154152,0,bigvul_only,,Chrome
115971,0,bigvul_only,,Chrome
169357,0,bigvul_only,,Chrome
128310,0,bigvul_only,,Chrome
176855,0,primevul_corrected,CWE-20,Android
149990,0,bigvul_only,,Chrome
133915,,unmatched,,
34369,0,both_agree,,linux
33281,0,both_agree,,linux
184075,1,bigvul_only,,Chrome
173016,0,bigvul_only,,Android
131004,0,bigvul_only,,Chrome
110707,0,bigvul_only,,Chrome
66327,0,both_agree,,qemu
70794,0,both_agree,,FFmpeg
131629,0,bigvul_only,,Chrome
138774,0,bigvul_only,,Chrome
109960,0,bigvul_only,,Chrome
79710,0,both_agree,,radare2
161154,0,bigvul_only,,Chrome
45859,0,bigvul_only,,linux
56159,0,both_agree,,linux
78359,0,both_agree,,OpenSC
72691,0,both_agree,,jasper
6337,0,bigvul_only,,php
45108,0,both_agree,,httpd
81798,0,both_agree,,redis
18818,0,diversevul_only,,linux-2.6
179031,1,both_agree,CWE-189,linux
65478,0,bigvul_only,,linux
39281,0,both_agree,,linux
95888,0,bigvul_only,,OpenJK
19189,0,both_agree,,jabberd2
126469,0,bigvul_only,,Chrome
87131,0,both_agree,,cJSON
88163,0,both_agree,,linux
48034,0,both_agree,,linux
41601,0,both_agree,,linux
162166,0,bigvul_only,,Chrome
123821,0,bigvul_only,,Chrome
144956,0,bigvul_only,,Chrome
115963,0,bigvul_only,,Chrome
115947,0,bigvul_only,,Chrome
65663,0,bigvul_only,,linux
59163,0,diversevul_only,,linux
128132,0,bigvul_only,,Chrome
181824,conflict,internal_conflict,CWE-119,mindrot
41795,0,both_agree,,linux
135045,,unmatched,,
51142,0,both_agree,,linux
60667,0,both_agree,,linux
159877,0,bigvul_only,,Chrome
106773,0,bigvul_only,,Chrome
149129,0,bigvul_only,,Chrome
82276,0,diversevul_only,,linux
47872,0,both_agree,,linux
38479,0,both_agree,,linux
22490,0,both_agree,,linux
187051,1,bigvul_only,CWE-416,Chrome
92602,0,both_agree,,linux
128467,0,bigvul_only,,Chrome
154451,0,bigvul_only,,Chrome
179912,1,both_agree,CWE-19,linux
107213,0,bigvul_only,,Chrome
142824,0,bigvul_only,,Chrome
57540,0,both_agree,,linux
167712,0,bigvul_only,,Chrome
102585,0,bigvul_only,,Chrome
122009,0,bigvul_only,,Chrome
174050,0,bigvul_only,,Android
141676,0,bigvul_only,,Chrome
102016,0,bigvul_only,,Chrome
35485,0,both_agree,,linux
69448,0,bigvul_only,,linux
54672,0,diversevul_only,,linux
73099,0,both_agree,,libgd
91360,0,both_agree,,ImageMagick
93790,0,both_agree,,libvirt
13551,0,bigvul_only,,harfbuzz
181092,1,diversevul_only,CWE-125,tcpdump
64035,0,both_agree,,FFmpeg
66036,0,bigvul_only,,yara
151176,0,bigvul_only,,Chrome
152303,0,bigvul_only,,Chrome
127869,0,bigvul_only,,Chrome
143761,0,bigvul_only,,Chrome
140709,0,bigvul_only,,Chrome
30182,0,both_agree,,linux
62912,0,both_agree,,linux
67295,0,both_agree,,linux
176619,0,both_agree,,Android
174686,0,bigvul_only,,Android
169926,0,bigvul_only,,Chrome
174242,0,bigvul_only,,Android
145917,0,bigvul_only,,Chrome
94719,0,bigvul_only,,libgd
184972,0,diversevul_only,CWE-119,Chrome
67485,0,both_agree,,rpm
153276,0,bigvul_only,,Chrome
121787,0,bigvul_only,,Chrome
77173,0,primevul_corrected,CWE-617,ovs
62682,0,bigvul_only,,ImageMagick
5244,0,bigvul_only,,php
11424,0,bigvul_only,,xserver
71740,0,bigvul_only,,ImageMagick
174734,0,bigvul_only,,Android
176087,0,bigvul_only,,Android
16799,0,both_agree,,qemu
154720,,unmatched,,
47522,0,bigvul_only,,linux
100014,0,bigvul_only,,Chrome
88919,0,both_agree,,ImageMagick6
90589,0,bigvul_only,,linux
184933,,unmatched,,
110672,0,bigvul_only,,Chrome
33817,0,both_agree,,linux
49866,0,bigvul_only,,php-src
15792,0,both_agree,,openssl
83361,0,both_agree,,mbedtls
59046,0,both_agree,,tcmu-runner
110282,0,bigvul_only,,Chrome
187810,1,bigvul_only,CWE-20,Android
14281,0,bigvul_only,,php
1701,0,diversevul_only,,ghostpdl
87165,0,both_agree,,VeraCrypt
46975,0,bigvul_only,,linux
170127,0,bigvul_only,,Chrome
77732,0,both_agree,,ovs
1813,0,bigvul_only,,infradead
136215,0,bigvul_only,,Chrome
81993,0,both_agree,,redis
119402,0,bigvul_only,,Chrome
71903,0,both_agree,,ImageMagick
47809,0,both_agree,,linux
99361,0,bigvul_only,,Chrome
178177,,unmatched,,
172788,0,bigvul_only,,Android
96295,0,bigvul_only,,zfs
180825,1,both_agree,CWE-362,linux
134420,,unmatched,,
28137,0,both_agree,,FFmpeg
161803,0,bigvul_only,,Chrome
63856,0,both_agree,,linux
66064,0,both_agree,,linux
70612,0,both_agree,,libevent
96303,0,both_agree,,kvm-guest-drivers-windows
121243,0,bigvul_only,,Chrome
114884,0,bigvul_only,,Chrome
124483,0,bigvul_only,,Chrome
34461,0,both_agree,,linux
23367,0,both_agree,,linux
58377,0,both_agree,,linux
56626,0,both_agree,,linux
43008,0,both_agree,,linux
182709,1,diversevul_only,CWE-20,tcpdump
87894,0,bigvul_only,,pam_p11
151941,,unmatched,,
56982,0,both_agree,,linux
61522,0,both_agree,,ImageMagick
24182,0,both_agree,,linux
123140,0,bigvul_only,,Chrome
175142,0,bigvul_only,,Android
72740,0,both_agree,,jasper
47561,0,bigvul_only,,linux
58833,0,both_agree,,linux
39502,0,both_agree,,linux
167582,0,bigvul_only,,Chrome
7379,0,bigvul_only,,php
118886,0,bigvul_only,,Chrome
55426,0,both_agree,,linux
128395,0,bigvul_only,,Chrome
53648,0,both_agree,,linux
127507,0,bigvul_only,,Chrome
92549,0,diversevul_only,,linux
91093,0,both_agree,,linux
144896,0,bigvul_only,,Chrome
141816,0,bigvul_only,,Chrome
163591,0,diversevul_only,,libxml2
187648,1,bigvul_only,,Android
81893,0,both_agree,,wolfssl
134962,0,bigvul_only,,Chrome
19879,0,bigvul_only,,linux
60639,0,diversevul_only,,linux
154702,0,bigvul_only,,Chrome
104191,0,bigvul_only,,Chrome
130204,0,bigvul_only,,Chrome
31282,0,both_agree,,linux
6985,,unmatched,,
109877,0,bigvul_only,,Chrome
68417,0,both_agree,,linux
116483,0,bigvul_only,,Chrome
38061,1,diversevul_only,CWE-20,file
154488,0,bigvul_only,,Chrome
179720,1,both_agree,CWE-20,linux
113992,,unmatched,,
60086,0,both_agree,,radare2
156394,0,primevul_corrected,CWE-20,Chrome
12145,0,both_agree,,php
47808,0,both_agree,,linux
81924,0,both_agree,,wolfssl
180887,1,both_agree,CWE-269,src
98223,0,bigvul_only,,Chrome
34376,0,diversevul_only,,linux-2.6
81907,0,both_agree,,wolfssl
144483,0,bigvul_only,,Chrome
26019,0,both_agree,,linux
126797,,unmatched,,
170689,0,bigvul_only,,Android
79467,0,both_agree,,neomutt
65819,0,both_agree,,linux
6275,0,bigvul_only,,php
104308,0,bigvul_only,,Chrome
91838,0,bigvul_only,,boa
144234,0,bigvul_only,,Chrome
102716,0,bigvul_only,,Chrome
128228,0,bigvul_only,,Chrome
94440,0,both_agree,,linux
30578,0,both_agree,,linux
126925,0,bigvul_only,,Chrome
78209,0,both_agree,,OpenSC
90696,0,both_agree,,mujs
59957,0,both_agree,,linux
69806,0,bigvul_only,,tor
127534,0,bigvul_only,,Chrome
154675,0,bigvul_only,,Chrome
172122,0,bigvul_only,,Android
83477,0,bigvul_only,,linux
174950,0,bigvul_only,,Android
31047,0,both_agree,,linux
79507,0,both_agree,,neomutt
38110,0,both_agree,,linux
175959,0,bigvul_only,,Android
75389,0,both_agree,,radare2
22042,0,bigvul_only,,raptor
67465,0,both_agree,,linux
50820,0,both_agree,,libarchive
159534,0,bigvul_only,,Chrome
52572,0,both_agree,,h2o
105325,0,bigvul_only,,Chrome
163970,0,bigvul_only,,Chrome
93271,0,both_agree,,linux
157524,0,bigvul_only,,Chrome
119695,0,bigvul_only,,Chrome
141140,0,bigvul_only,,Chrome
138523,0,bigvul_only,,Chrome
151244,0,bigvul_only,,Chrome
40558,0,both_agree,,linux
91368,0,both_agree,,ImageMagick
138520,0,bigvul_only,,Chrome
127382,0,bigvul_only,,Chrome
8860,0,bigvul_only,,virglrenderer
137691,,unmatched,,
80164,0,both_agree,,gpac
95949,0,both_agree,,OpenJK
98613,0,bigvul_only,,Chrome
127960,0,bigvul_only,,Chrome
148622,0,bigvul_only,,Chrome
21538,0,both_agree,,linux
134129,0,bigvul_only,,Chrome
157337,0,bigvul_only,,Chrome
75828,0,both_agree,,keepalived
89398,0,bigvul_only,,u-boot
38354,0,both_agree,,linux
103220,0,bigvul_only,,Chrome
123612,0,bigvul_only,,Chrome
17703,0,bigvul_only,,xserver
60423,0,both_agree,,linux
141006,0,bigvul_only,,Chrome
69043,0,both_agree,,ImageMagick
115251,0,bigvul_only,,Chrome
95220,0,bigvul_only,,cyrus-imapd
74725,0,both_agree,,linux
175828,,unmatched,,
70872,0,both_agree,,FFmpeg
117580,,unmatched,,
184103,1,bigvul_only,CWE-189,Chrome
54820,1,diversevul_only,,linux
94617,0,both_agree,,openssl
180908,1,diversevul_only,CWE-416,linux
137392,0,bigvul_only,,Chrome
17609,0,bigvul_only,,xserver
121218,0,bigvul_only,,Chrome
103996,0,bigvul_only,,Chrome
41139,0,both_agree,,linux
8237,0,both_agree,,qemu
32252,0,both_agree,,linux
108139,0,bigvul_only,,Chrome
149753,0,bigvul_only,,Chrome
93994,0,both_agree,,ext-http
126618,0,bigvul_only,,Chrome
128508,0,bigvul_only,,Chrome
114646,0,bigvul_only,,Chrome
146382,,unmatched,,
85297,0,both_agree,,linux
75831,0,both_agree,,keepalived
34522,0,both_agree,,linux
158189,0,bigvul_only,,Chrome
187905,1,bigvul_only,CWE-264,Android
38269,0,both_agree,,linux
149097,0,bigvul_only,,Chrome
57664,0,bigvul_only,,linux
165363,,unmatched,,
37382,0,bigvul_only,,linux
3307,0,both_agree,,qemu
135436,0,bigvul_only,,Chrome
32312,0,both_agree,,linux
18119,0,bigvul_only,,pango
164541,0,bigvul_only,,Chrome
90601,0,both_agree,,linux
2265,0,bigvul_only,,mindrot
127096,0,bigvul_only,,Chrome
39750,0,both_agree,,linux
4882,0,primevul_corrected,CWE-119,xserver
73107,0,both_agree,,ImageMagick
139247,0,bigvul_only,,Chrome
13710,0,bigvul_only,,php
84389,0,both_agree,,flatpak
59108,0,diversevul_only,,linux
86661,0,both_agree,,linux
44020,0,bigvul_only,,pacemaker
2499,0,both_agree,,samba
163552,0,bigvul_only,,Chrome
147308,0,bigvul_only,,Chrome
187541,,unmatched,,
144093,0,bigvul_only,,Chrome
772,0,bigvul_only,,poppler
160257,0,primevul_corrected,CWE-20,Chrome
21928,0,both_agree,,linux
104145,,unmatched,,
60789,0,both_agree,,linux
157567,0,bigvul_only,,Chrome
160010,0,bigvul_only,,Chrome
142826,0,bigvul_only,,Chrome
137959,0,bigvul_only,,Chrome
2960,0,both_agree,,ghostscript
144209,0,bigvul_only,,Chrome
147245,0,bigvul_only,,Chrome
76266,0,both_agree,,linux
2247,0,bigvul_only,,mindrot
150722,0,bigvul_only,,Chrome
63691,0,bigvul_only,,irssi
133959,0,bigvul_only,,Chrome
56212,0,diversevul_only,,linux
174634,0,bigvul_only,,Android
104114,0,bigvul_only,,Chrome
49785,0,both_agree,,linux
107834,0,bigvul_only,,Chrome
146589,0,bigvul_only,,Chrome
93079,0,both_agree,,rdesktop
7994,0,both_agree,,qemu
169600,,unmatched,,
14910,0,bigvul_only,,php
27390,0,both_agree,,linux
34594,0,both_agree,,krb5
134396,0,bigvul_only,,Chrome
174816,,unmatched,,
161173,0,bigvul_only,,Chrome
21544,0,both_agree,,linux
46566,0,both_agree,,nbd
176857,0,bigvul_only,,Android
41311,0,both_agree,,linux
25015,0,both_agree,,linux
81417,0,both_agree,,linux
7922,0,diversevul_only,,mujs
119182,0,bigvul_only,,Chrome
166659,0,bigvul_only,,Chrome
93340,0,bigvul_only,,linux
131754,0,bigvul_only,,Chrome
75198,0,both_agree,,memcached
161664,0,bigvul_only,,Chrome
147071,0,bigvul_only,,Chrome
53377,0,both_agree,,iperf
48345,0,both_agree,,libtiff
162888,0,bigvul_only,,Chrome
6407,0,bigvul_only,,lxde
12646,0,both_agree,,exim
60478,0,diversevul_only,,radare2
51728,0,both_agree,,wireshark
84580,0,both_agree,,w3m
71797,0,bigvul_only,,ImageMagick
88461,0,both_agree,,ImageMagick6
153005,0,bigvul_only,,Chrome
116086,0,bigvul_only,,Chrome
182402,conflict,internal_conflict,,radare2
38521,0,both_agree,,linux
181540,1,diversevul_only,CWE-362,linux
29652,0,diversevul_only,,net
171543,conflict,internal_conflict,CWE-200,Android
29531,0,both_agree,,linux
122456,0,bigvul_only,,Chrome
20738,0,diversevul_only,,kvm
27171,0,both_agree,,nspluginwrapper
74867,0,primevul_corrected,CWE-119,FFmpeg
50988,0,bigvul_only,,linux
65615,0,bigvul_only,,linux
20,0,both_agree,,samba
112789,0,bigvul_only,,Chrome
48594,0,both_agree,,linux
187754,1,bigvul_only,,Android
54263,0,both_agree,,linux
126623,0,bigvul_only,,Chrome
102743,0,bigvul_only,,Chrome
40766,0,both_agree,,linux
161744,0,bigvul_only,,Chrome
187957,1,bigvul_only,CWE-189,Android
46565,0,both_agree,,nbd
88669,0,both_agree,,linux
79174,0,both_agree,,suricata
48426,0,bigvul_only,,w3m
43068,0,both_agree,,linux
37485,0,bigvul_only,,linux
61334,0,both_agree,,FFmpeg
134010,0,bigvul_only,,Chrome
100385,0,bigvul_only,,Chrome
37616,0,both_agree,,linux
103647,0,bigvul_only,,Chrome
2309,0,both_agree,,samba
49379,0,diversevul_only,,net
160353,0,bigvul_only,,Chrome
111565,0,bigvul_only,,Chrome
76939,0,both_agree,,ovs
27639,0,both_agree,,linux
119201,,unmatched,,
108330,0,bigvul_only,,Chrome
38571,0,both_agree,,linux
62378,0,both_agree,,tcpdump
124487,0,bigvul_only,,Chrome
84108,0,both_agree,,unixODBC
187532,1,bigvul_only,CWE-200,Android
119405,0,bigvul_only,,Chrome
45961,0,both_agree,,file
25633,0,bigvul_only,,linux
165695,0,bigvul_only,,Chrome
62956,0,both_agree,,linux
94528,0,both_agree,,linux
25522,,unmatched,,
26354,0,bigvul_only,,linux
179636,1,bigvul_only,CWE-119,postgres
1982,0,bigvul_only,,spice
34824,0,both_agree,,linux
173613,,unmatched,,
23638,0,both_agree,,linux
65269,0,both_agree,,linux
56089,0,both_agree,,linux
69501,0,primevul_corrected,CWE-476,linux
93567,0,both_agree,,linux
145776,0,primevul_corrected,CWE-119,Chrome
17514,0,bigvul_only,,xserver
109386,0,bigvul_only,,Chrome
57051,0,bigvul_only,,linux
157248,0,bigvul_only,,Chrome
78585,0,both_agree,,OpenSC
45267,0,both_agree,,linux
48390,0,both_agree,,libtiff
62562,0,both_agree,,tcpdump
17849,0,diversevul_only,,qemu
188486,0,diversevul_only,CWE-119,Android
13915,0,both_agree,,openssl
170304,0,bigvul_only,,Chrome
177219,0,bigvul_only,,Android
60804,0,both_agree,,linux
68104,0,both_agree,,radare2
183747,1,bigvul_only,CWE-119,Chrome
43031,0,both_agree,,linux
40225,0,both_agree,,linux
3187,0,both_agree,,ghostscript
54714,0,both_agree,,linux
26978,0,both_agree,,nspluginwrapper
168567,0,bigvul_only,,Chrome
38700,0,both_agree,,linux
65695,0,bigvul_only,,linux
92370,0,both_agree,,libexpat
64551,0,both_agree,,yara
79657,,unmatched,,
111753,0,bigvul_only,,Chrome
135148,0,bigvul_only,,Chrome
152353,0,bigvul_only,,Chrome
35606,0,both_agree,,linux
132138,0,bigvul_only,,Chrome
42952,0,both_agree,,linux
155759,0,bigvul_only,,Chrome
187616,1,bigvul_only,,Android
35876,0,both_agree,,linux
19827,0,bigvul_only,,linux
181283,1,diversevul_only,,systemd
56327,0,both_agree,,libgd
149038,0,bigvul_only,,Chrome
132978,0,bigvul_only,,Chrome
113471,0,bigvul_only,,Chrome
86294,0,both_agree,,linux
143429,0,bigvul_only,,Chrome
72325,0,bigvul_only,,src
173026,0,bigvul_only,,Android
53834,0,bigvul_only,,linux
120299,0,bigvul_only,,Chrome
143126,0,bigvul_only,,Chrome
185978,1,bigvul_only,CWE-79,Chrome
46306,0,bigvul_only,,linux
26758,0,both_agree,,linux
186285,,unmatched,,
131649,0,bigvul_only,,Chrome
118525,0,primevul_corrected,CWE-399,Chrome
34919,0,both_agree,,linux
2022,0,bigvul_only,,php
18062,0,bigvul_only,,ghostscript
43692,0,diversevul_only,,linux
78762,0,both_agree,,OpenSC
74833,0,both_agree,,FFmpeg
186610,,unmatched,,
92406,0,bigvul_only,,systemd
178011,1,bigvul_only,CWE-399,qemu
73136,0,both_agree,,tor
103874,0,bigvul_only,,Chrome
83095,conflict,internal_conflict,CWE-119,ngiflib
46796,0,bigvul_only,,linux
119503,0,bigvul_only,,Chrome
13626,0,bigvul_only,,openssl
72979,0,both_agree,,w3m
172100,0,bigvul_only,,Android
72905,0,both_agree,,jasper
54504,0,both_agree,,FFmpeg
31035,0,both_agree,,linux
158957,0,bigvul_only,,Chrome
131190,0,bigvul_only,,Chrome
132139,,unmatched,,
155060,0,bigvul_only,,Chrome
21188,0,both_agree,,linux
117059,0,bigvul_only,,Chrome
25299,0,bigvul_only,,linux
23793,0,both_agree,,linux
97862,0,bigvul_only,,Chrome
173662,0,bigvul_only,,Android
59825,0,both_agree,,linux
128220,0,bigvul_only,,Chrome
118703,0,bigvul_only,,Chrome
35089,0,bigvul_only,,linux
143283,0,bigvul_only,,Chrome
159681,,unmatched,,
68519,0,both_agree,,gst-plugins-ugly
126725,0,bigvul_only,,Chrome
185349,1,bigvul_only,,Chrome
182081,1,both_agree,CWE-77,util-linux
118777,0,bigvul_only,,Chrome
37153,1,diversevul_only,CWE-264,linux
150243,0,bigvul_only,,Chrome
21467,0,both_agree,,linux
89183,0,both_agree,,oniguruma
43454,0,both_agree,,linux
125631,0,bigvul_only,,Chrome
44773,0,both_agree,,lxc
67969,0,both_agree,,jasper
187725,1,bigvul_only,,Android
170230,0,bigvul_only,,Chrome
137883,0,bigvul_only,,Chrome
173007,0,bigvul_only,,Android
150976,0,bigvul_only,,Chrome
170333,0,bigvul_only,,Android
133144,0,bigvul_only,,Chrome
46465,0,both_agree,,krb5
55584,0,bigvul_only,,linux
131396,0,bigvul_only,,Chrome
88334,0,both_agree,,linux
48371,0,both_agree,,libtiff
135244,0,bigvul_only,,Chrome
136640,,unmatched,,
56399,0,bigvul_only,,jq
66301,0,bigvul_only,,imageworsener
65247,0,bigvul_only,,linux
84881,0,both_agree,,linux
72386,0,bigvul_only,,php-src
12332,0,bigvul_only,,php
77928,0,both_agree,,mongo-c-driver
163435,0,bigvul_only,,Chrome
26871,0,diversevul_only,,linux
92214,0,both_agree,,linux
12160,0,both_agree,,php
28985,0,both_agree,,polarssl
113764,conflict,internal_conflict,CWE-200,Chrome
144434,0,bigvul_only,,Chrome
123368,,unmatched,,
60222,0,both_agree,,linux
90650,0,both_agree,,mujs
97515,0,bigvul_only,,Chrome
5313,0,both_agree,,savannah
125179,0,bigvul_only,,Chrome
68179,0,both_agree,,linux
140221,0,bigvul_only,,Chrome
83434,0,both_agree,,yubico-pam
111484,,unmatched,,
156263,0,bigvul_only,,Chrome
92960,0,both_agree,,rdesktop
3190,1,diversevul_only,,ghostpdl
96755,0,bigvul_only,,libgcrypt
159155,0,bigvul_only,,Chrome
153066,0,bigvul_only,,Chrome
5974,0,both_agree,,qemu
165276,0,bigvul_only,,Chrome
100312,0,bigvul_only,,Chrome
77919,0,both_agree,,mongo-c-driver
73731,0,both_agree,,libgd
8635,0,diversevul_only,,qemu
102965,0,bigvul_only,,Chrome
146278,0,bigvul_only,,Chrome
30575,0,diversevul_only,,linux
85384,0,both_agree,,linux
148611,0,bigvul_only,,Chrome
2129,0,bigvul_only,,spice
43170,0,both_agree,,linux
172104,0,bigvul_only,,Android
159908,0,bigvul_only,,Chrome
186115,1,bigvul_only,,Chrome
59371,0,both_agree,,linux
143594,0,bigvul_only,,Chrome
144226,0,bigvul_only,,Chrome
168977,0,bigvul_only,,Chrome
115408,0,bigvul_only,,Chrome
132264,0,bigvul_only,,Chrome
44118,0,primevul_corrected,CWE-264,pacemaker
23121,0,both_agree,,linux
47995,0,both_agree,,linux
60758,0,both_agree,,linux
87050,0,both_agree,,mod_auth_openidc
110894,0,bigvul_only,,Chrome
27175,0,both_agree,,nspluginwrapper
91363,0,both_agree,,ImageMagick
59194,0,both_agree,,linux
143935,0,bigvul_only,,Chrome
178458,1,bigvul_only,CWE-119,qemu
127150,0,bigvul_only,,Chrome
62086,0,both_agree,,ImageMagick
149855,0,bigvul_only,,Chrome
98299,0,bigvul_only,,Chrome
33167,0,both_agree,,linux
118178,0,bigvul_only,,Chrome
150492,0,bigvul_only,,Chrome
6836,0,bigvul_only,,haproxy
104180,,unmatched,,
144383,0,bigvul_only,,Chrome
3433,0,both_agree,,savannah
108800,0,bigvul_only,,Chrome
35125,0,both_agree,,linux
133597,0,bigvul_only,,Chrome
140054,0,bigvul_only,,Chrome
93974,0,both_agree,,linux
44228,0,both_agree,,openssl
28950,0,both_agree,,linux
166432,0,bigvul_only,,Chrome
115128,0,bigvul_only,,Chrome
169256,0,bigvul_only,,Chrome
80203,0,diversevul_only,,gpac
103701,,unmatched,,
29952,0,diversevul_only,,net
170502,0,bigvul_only,,Android
118700,0,bigvul_only,,Chrome
177815,1,bigvul_only,CWE-354,samba
128485,0,bigvul_only,,Chrome
67476,0,bigvul_only,,tpm2.0-tools
117520,0,bigvul_only,,Chrome
171294,0,bigvul_only,,Android
68214,0,both_agree,,linux
66110,0,both_agree,,linux
76756,0,both_agree,,liblouis
32458,0,diversevul_only,,linux
30624,0,diversevul_only,,linux
45637,0,bigvul_only,,linux
38469,0,both_agree,,linux
153240,0,bigvul_only,,Chrome
62673,0,both_agree,,ImageMagick
36335,0,both_agree,,linux
49340,0,both_agree,,linux
141515,0,bigvul_only,,Chrome
58432,0,both_agree,,Little-CMS
155303,0,bigvul_only,,Chrome
44537,0,both_agree,,lxc
74233,0,both_agree,,ntp
87432,0,both_agree,,FreeRDP
82761,0,both_agree,,radare2
24255,0,both_agree,,linux
27043,0,both_agree,,nspluginwrapper
140396,,unmatched,,
39686,0,both_agree,,linux
17799,0,bigvul_only,,xserver
65988,0,bigvul_only,,linux
49499,0,both_agree,,linux
163533,0,bigvul_only,,Chrome
43472,0,both_agree,,linux
41284,0,both_agree,,linux
113645,0,bigvul_only,,Chrome
159186,0,bigvul_only,,Chrome
112220,0,bigvul_only,,Chrome
33986,0,diversevul_only,,linux
91826,0,both_agree,,libcomps
43264,0,both_agree,,rawstudio
129059,0,bigvul_only,,Chrome
34026,0,both_agree,,linux
133090,0,bigvul_only,,Chrome
11084,0,both_agree,,samba
171659,0,bigvul_only,,Android
10717,0,bigvul_only,,savannah
168130,0,bigvul_only,,Chrome
144080,0,bigvul_only,,Chrome
129705,0,bigvul_only,,Chrome
187023,1,bigvul_only,CWE-362,Chrome
19858,0,primevul_corrected,CWE-189,linux
3790,0,bigvul_only,,dbus
183964,1,bigvul_only,CWE-399,Chrome
72866,0,both_agree,,jasper
1968,0,bigvul_only,,spice
37741,0,both_agree,,linux
183268,1,diversevul_only,,firejail
136843,0,bigvul_only,,Chrome
42187,0,diversevul_only,,linux
180842,1,diversevul_only,,radare2
159358,0,bigvul_only,,Chrome
116503,0,bigvul_only,,Chrome
42282,0,both_agree,,linux
170620,0,bigvul_only,,Android
161823,0,bigvul_only,,Chrome
140919,0,bigvul_only,,Chrome
180983,conflict,internal_conflict,CWE-754,ImageMagick
21686,0,both_agree,,linux
45609,0,primevul_corrected,CWE-264,linux
77964,0,both_agree,,ImageMagick
26377,0,bigvul_only,,linux
47418,0,bigvul_only,,linux
34378,0,both_agree,,linux
119369,0,bigvul_only,,Chrome
151366,0,bigvul_only,,Chrome
102376,0,bigvul_only,,Chrome
26323,0,bigvul_only,,linux
122469,0,bigvul_only,,Chrome
175031,0,bigvul_only,,Android
150890,,unmatched,,
188183,1,primevul_corrected,CWE-20,Android
36515,0,both_agree,,linux
53312,1,diversevul_only,CWE-388,linux
111736,0,bigvul_only,,Chrome
74256,0,bigvul_only,,squashfs-tools
166795,0,bigvul_only,,Chrome
9322,0,both_agree,,qemu
165684,0,bigvul_only,,Chrome
136051,,unmatched,,
146432,,unmatched,,
134805,,unmatched,,
104257,,unmatched,,
59807,0,both_agree,,linux
104916,,unmatched,,
39298,0,both_agree,,linux
41755,0,both_agree,,linux
38360,0,both_agree,,linux
114921,0,bigvul_only,,Chrome
28770,0,bigvul_only,,linux
154319,0,bigvul_only,,Chrome
147062,0,bigvul_only,,Chrome
66497,0,both_agree,,linux
12969,0,bigvul_only,,mindrot
34236,0,both_agree,,linux
123595,0,bigvul_only,,Chrome
69836,0,diversevul_only,,tor
80,conflict,both_disagree,,openssl
21991,0,bigvul_only,,raptor
89138,0,both_agree,,oniguruma
172076,0,bigvul_only,,Android
66889,0,both_agree,,linux
80353,0,both_agree,,gpac
104663,0,bigvul_only,,Chrome
18056,0,both_agree,,ghostscript
62793,0,both_agree,,ImageMagick
166400,0,bigvul_only,,Chrome
65858,0,both_agree,,linux
9593,0,both_agree,,php
87983,0,both_agree,,linux
28104,0,both_agree,,FFmpeg
12717,0,both_agree,,openssl
406,0,bigvul_only,,ghostscript
70082,0,both_agree,,openjpeg
38600,0,both_agree,,linux
160579,0,bigvul_only,,Chrome
63812,0,primevul_corrected,CWE-119,sthttpd
131919,0,bigvul_only,,Chrome
148006,0,bigvul_only,,Chrome
157005,0,bigvul_only,,Chrome
59616,0,both_agree,,libxml2
20621,0,both_agree,,linux
185103,1,bigvul_only,,Chrome
127041,0,bigvul_only,,Chrome
157993,,unmatched,,
14084,0,bigvul_only,,xserver
139674,0,bigvul_only,,Chrome
78650,0,both_agree,,OpenSC
98755,0,bigvul_only,,Chrome
10712,0,bigvul_only,,savannah
109572,0,bigvul_only,,Chrome
187564,1,bigvul_only,CWE-119,Android
67471,0,both_agree,,linux
116802,0,bigvul_only,,Chrome
5344,0,both_agree,,ghostscript
107076,0,bigvul_only,,Chrome
41654,0,both_agree,,linux
83656,0,both_agree,,libgit2
158749,0,bigvul_only,,Chrome
143253,0,bigvul_only,,Chrome
134864,0,bigvul_only,,Chrome
100343,0,primevul_corrected,,Chrome
93559,0,diversevul_only,,linux
3047,0,both_agree,,ghostscript
157071,0,bigvul_only,,Chrome
185634,1,bigvul_only,CWE-119,Chrome
134172,,unmatched,,
167642,0,bigvul_only,,Chrome
128428,0,bigvul_only,,Chrome
103531,0,bigvul_only,,Chrome
148109,0,bigvul_only,,Chrome
176239,0,bigvul_only,,Android
103469,0,bigvul_only,,Chrome
42549,0,both_agree,,linux
161813,0,bigvul_only,,Chrome
45073,0,both_agree,,httpd
2833,0,bigvul_only,,NetworkManager
21052,0,diversevul_only,,linux-2.6
47501,0,bigvul_only,,linux
12445,0,both_agree,,samba
110100,0,bigvul_only,,Chrome
62267,0,both_agree,,tcpdump
93331,0,both_agree,,linux
164289,0,bigvul_only,,Chrome
31015,0,both_agree,,linux
59394,0,both_agree,,libxml2
182575,1,both_agree,CWE-416,linux
29045,0,diversevul_only,,polarssl
127232,0,bigvul_only,,Chrome
156205,0,bigvul_only,,Chrome
50789,0,both_agree,,libarchive
80823,0,both_agree,,gpac
28418,0,both_agree,,linux
59599,0,both_agree,,libxml2
97642,0,both_agree,,Chrome
85997,0,diversevul_only,,linux
134852,,unmatched,,
113936,0,bigvul_only,,Chrome
2514,0,bigvul_only,,postgresql
176997,0,bigvul_only,,Android
85696,0,both_agree,,linux
62396,0,both_agree,,tcpdump
173401,0,bigvul_only,,Android
173215,0,bigvul_only,,Android
170897,0,bigvul_only,,Android
170945,0,bigvul_only,,Android
73457,0,diversevul_only,,ImageMagick
103392,0,bigvul_only,,Chrome
125440,0,bigvul_only,,Chrome
104141,0,bigvul_only,,Chrome
44033,0,primevul_corrected,CWE-264,pacemaker
92342,conflict,internal_conflict,CWE-611,libexpat
131626,0,bigvul_only,,Chrome
56434,0,both_agree,,Varnish-Cache
172168,0,bigvul_only,,Android
25337,0,bigvul_only,,linux
33849,0,both_agree,,pacemaker
73052,0,both_agree,,libgd
94891,0,bigvul_only,,linux
123749,0,bigvul_only,,Chrome
2214,0,bigvul_only,,poppler
170581,0,bigvul_only,,Android
33142,0,both_agree,,linux
52577,0,both_agree,,h2o
84993,0,both_agree,,linux
116610,0,bigvul_only,,Chrome
90727,0,both_agree,,mujs
143192,0,bigvul_only,,Chrome
143892,0,bigvul_only,,Chrome
174285,0,bigvul_only,,Android
71435,0,both_agree,,ImageMagick
17562,0,bigvul_only,,xserver
127852,0,bigvul_only,,Chrome
158213,0,bigvul_only,,Chrome
37512,0,primevul_corrected,CWE-20,linux
159975,0,bigvul_only,,Chrome
37132,0,both_agree,,linux
162355,0,bigvul_only,,Chrome
175986,0,bigvul_only,,Android
81158,0,primevul_corrected,,linux
84963,0,both_agree,,linux
19774,0,both_agree,,linux
86551,0,bigvul_only,,jasper
114837,0,bigvul_only,,Chrome
116744,0,bigvul_only,,Chrome
109610,0,bigvul_only,,Chrome
74460,0,both_agree,,linux
140787,0,bigvul_only,,Chrome
92524,0,both_agree,,linux
21039,0,both_agree,,linux
108549,0,bigvul_only,,Chrome
55631,0,both_agree,,linux
29284,0,both_agree,,linux
7727,0,bigvul_only,,qemu
38858,0,both_agree,,postgres
92894,0,both_agree,,uriparser
51493,0,both_agree,,linux
52179,0,bigvul_only,,php-src
45434,0,both_agree,,linux
36739,1,diversevul_only,CWE-18,krb5
10289,0,bigvul_only,,savannah
150565,,unmatched,,
85983,0,both_agree,,linux
112479,0,bigvul_only,,Chrome
7563,0,both_agree,,qemu
22005,,unmatched,,
150576,0,bigvul_only,,Chrome
163931,0,bigvul_only,,Chrome
137787,0,bigvul_only,,Chrome
89916,0,both_agree,,heimdal
47751,0,both_agree,,linux
175991,0,bigvul_only,,Android
107484,0,bigvul_only,,Chrome
15001,0,primevul_corrected,CWE-369,xserver
22133,0,diversevul_only,,linux
16510,0,bigvul_only,,htcondor
79212,0,both_agree,,suricata
74084,0,bigvul_only,,linux
125604,0,bigvul_only,,Chrome
11678,0,bigvul_only,,udisks
1287,0,bigvul_only,,poppler
12432,0,bigvul_only,,php
108824,0,bigvul_only,,Chrome
113468,0,bigvul_only,,Chrome
153496,,unmatched,,
186653,conflict,internal_conflict,CWE-125,Chrome
70558,0,both_agree,,linux
31464,0,both_agree,,linux
94235,0,both_agree,,memcached
145988,,unmatched,,
86326,0,both_agree,,linux
81025,0,both_agree,,linux
88846,0,diversevul_only,,linux
114933,0,bigvul_only,,Chrome
184663,,unmatched,,
23095,0,both_agree,,linux
126683,0,bigvul_only,,Chrome
14523,0,both_agree,,qemu
125687,0,bigvul_only,,Chrome
53402,0,both_agree,,iperf
65049,0,both_agree,,linux
93269,0,diversevul_only,,linux
3096,conflict,both_disagree,,ghostscript
64420,0,both_agree,,mruby
139059,0,bigvul_only,,Chrome
173467,0,bigvul_only,,Android
32041,0,both_agree,,linux
13675,0,bigvul_only,,gstreamer
41898,0,both_agree,,linux
123812,,unmatched,,
33069,0,both_agree,,linux
44311,0,both_agree,,linux
171063,0,bigvul_only,,Android
119505,0,bigvul_only,,Chrome
126489,0,bigvul_only,,Chrome
174981,0,bigvul_only,,Android
126607,0,bigvul_only,,Chrome
82342,0,bigvul_only,,Espruino
101153,0,bigvul_only,,Chrome
167232,0,bigvul_only,,Chrome
147945,0,bigvul_only,,Chrome
52001,0,both_agree,,wireshark
168516,0,bigvul_only,,Chrome
86456,0,both_agree,,linux
146672,0,bigvul_only,,Chrome
118888,0,bigvul_only,,Chrome
67430,0,diversevul_only,,linux
118450,0,bigvul_only,,Chrome
113394,0,bigvul_only,,Chrome
142095,,unmatched,,
78665,0,both_agree,,OpenSC
31949,0,both_agree,,linux
6921,0,bigvul_only,,haproxy
122419,0,bigvul_only,,Chrome
173542,0,bigvul_only,,Android
115891,0,bigvul_only,,Chrome
32524,0,both_agree,,linux
101204,0,bigvul_only,,Chrome
129599,0,bigvul_only,,Chrome
49538,0,both_agree,,linux
73790,0,both_agree,,bzrtp
122405,0,bigvul_only,,Chrome
142079,0,bigvul_only,,Chrome
10663,0,bigvul_only,,savannah
181345,,unmatched,,
96706,0,both_agree,,ImageMagick6
23357,0,diversevul_only,,linux
168102,,unmatched,,
134619,,unmatched,,
177302,0,bigvul_only,,Android
54211,0,both_agree,,linux
73698,0,primevul_corrected,CWE-119,php-src
175825,0,bigvul_only,,Android
39228,0,both_agree,,php-src
67831,0,both_agree,,suricata
168016,0,bigvul_only,,Chrome
150324,0,bigvul_only,,Chrome
105539,0,bigvul_only,,Chrome
110076,0,bigvul_only,,Chrome
52475,0,bigvul_only,,linux
60900,0,both_agree,,nautilus
98767,0,bigvul_only,,Chrome
176256,0,bigvul_only,,Android
77448,0,both_agree,,ovs
103377,0,bigvul_only,,Chrome
161907,0,bigvul_only,,Chrome
43965,0,both_agree,,linux
37265,0,both_agree,,linux
27214,0,both_agree,,linux
123231,0,bigvul_only,,Chrome
105799,0,bigvul_only,,Chrome
157115,0,bigvul_only,,Chrome
37692,0,both_agree,,linux
133856,0,bigvul_only,,Chrome
51709,0,both_agree,,wireshark
181640,1,both_agree,CWE-369,libtiff
6509,0,bigvul_only,,savannah
122622,,unmatched,,
46972,0,bigvul_only,,linux
13782,,unmatched,,
47179,0,primevul_corrected,CWE-264,linux
159252,0,bigvul_only,,Chrome
64104,0,both_agree,,linux
79737,0,both_agree,,libpng
110124,,unmatched,,
127478,0,bigvul_only,,Chrome
8231,0,both_agree,,qemu
168663,0,bigvul_only,,Chrome
92667,0,both_agree,,linux
6441,0,both_agree,,lxde
113849,0,primevul_corrected,,Chrome
61398,0,both_agree,,FFmpeg
83436,0,both_agree,,yubico-pam
134208,0,bigvul_only,,Chrome
31145,0,both_agree,,linux
7892,0,both_agree,,ghostscript
14761,0,bigvul_only,,php
50753,0,both_agree,,collectd
6396,0,bigvul_only,,php
84146,0,both_agree,,linux
60735,0,both_agree,,krb5
59175,0,both_agree,,linux
69841,0,both_agree,,tor
160237,0,bigvul_only,,Chrome
143187,0,bigvul_only,,Chrome
38395,0,both_agree,,linux
134016,0,bigvul_only,,Chrome
119399,0,bigvul_only,,Chrome
2651,0,bigvul_only,,postgresql
63917,0,both_agree,,linux
25545,0,bigvul_only,,linux
173820,conflict,internal_conflict,,Android
183218,1,both_agree,CWE-476,FFmpeg
10931,0,bigvul_only,,php
129584,0,bigvul_only,,Chrome
178872,1,both_agree,,linux
158201,0,bigvul_only,,Chrome
93101,0,both_agree,,rdesktop
49690,0,diversevul_only,,linux-stable
152101,0,bigvul_only,,Chrome
179359,1,diversevul_only,,linux
23453,0,bigvul_only,,linux
117796,0,bigvul_only,,Chrome
187304,,unmatched,,
160178,0,bigvul_only,,Chrome
16139,,unmatched,,
129515,0,bigvul_only,,Chrome
164366,0,bigvul_only,,Chrome
57014,0,both_agree,,linux
40014,0,both_agree,,linux
5361,0,both_agree,,ghostscript
104670,,unmatched,,
98490,0,bigvul_only,,Chrome
38488,0,both_agree,,linux
42557,0,both_agree,,linux
110642,,unmatched,,
48875,0,bigvul_only,,linux
159070,0,primevul_corrected,CWE-20,Chrome
25626,0,bigvul_only,,linux
170670,0,bigvul_only,,Android
43492,0,both_agree,,linux
89626,0,bigvul_only,,libgcrypt
137103,0,bigvul_only,,Chrome
41697,0,both_agree,,linux
57319,0,bigvul_only,,php-src
121848,0,bigvul_only,,Chrome
73154,0,both_agree,,tor
102702,0,bigvul_only,,Chrome
32627,0,both_agree,,linux
57742,0,bigvul_only,,linux
3091,0,both_agree,,ghostscript
127418,0,bigvul_only,,Chrome
171562,0,bigvul_only,,Android
58781,0,both_agree,,linux
104056,,unmatched,,
172505,,unmatched,,
122509,0,bigvul_only,,Chrome
94662,0,both_agree,,openssl
26841,0,both_agree,,linux
115586,0,bigvul_only,,Chrome
130916,0,bigvul_only,,Chrome
111001,0,bigvul_only,,Chrome
86310,0,diversevul_only,,linux
118487,0,bigvul_only,,Chrome
87974,0,both_agree,,linux
186390,1,bigvul_only,CWE-416,Chrome
165893,0,bigvul_only,,Chrome
79807,0,both_agree,,linux
81887,0,both_agree,,wolfssl
67532,0,both_agree,,linux
67336,0,both_agree,,linux
54172,0,both_agree,,linux
131788,0,bigvul_only,,Chrome
110777,0,bigvul_only,,Chrome
35864,0,both_agree,,linux
38389,0,both_agree,,linux
85946,0,both_agree,,linux
55203,0,both_agree,,linux
93385,0,bigvul_only,,linux
62874,0,both_agree,,linux
149452,,unmatched,,
5476,0,diversevul_only,,ghostpdl
187005,1,bigvul_only,CWE-284,Chrome
68101,0,bigvul_only,,radare2
149394,0,bigvul_only,,Chrome
162796,0,bigvul_only,,Chrome
150247,0,bigvul_only,,Chrome
83655,0,both_agree,,libgit2
167450,0,bigvul_only,,Chrome
130135,0,bigvul_only,,Chrome
1476,0,bigvul_only,,qemu
173677,0,bigvul_only,,Android
177924,1,both_agree,CWE-189,php
6794,0,bigvul_only,,haproxy
77072,0,both_agree,,ovs
114303,0,bigvul_only,,Chrome
102209,0,bigvul_only,,Chrome
126550,0,bigvul_only,,Chrome
92946,0,both_agree,,rdesktop
11273,0,bigvul_only,,qemu
144108,0,bigvul_only,,Chrome
21244,0,both_agree,,linux
180612,1,both_agree,CWE-362,linux
176584,0,both_agree,,libxml2
53868,0,bigvul_only,,linux
172578,0,bigvul_only,,Android
78375,0,both_agree,,OpenSC
24728,0,both_agree,,linux
45072,0,both_agree,,httpd
143700,0,bigvul_only,,Chrome
140206,0,bigvul_only,,Chrome
187055,1,bigvul_only,CWE-416,Chrome
188108,,unmatched,,
171382,0,bigvul_only,,Android
169656,,unmatched,,
152454,,unmatched,,
109303,0,bigvul_only,,Chrome
183618,,unmatched,,
123424,0,bigvul_only,,Chrome
151094,0,bigvul_only,,Chrome
48311,0,diversevul_only,,libtiff
151231,0,bigvul_only,,Chrome
106946,0,bigvul_only,,Chrome
156603,0,bigvul_only,,Chrome
31165,0,both_agree,,linux
161396,0,bigvul_only,,Chrome
164776,,unmatched,,
109496,0,bigvul_only,,Chrome
18415,0,primevul_corrected,CWE-399,FFmpeg
179457,1,diversevul_only,CWE-59,linux
171553,0,bigvul_only,,Android
99954,0,bigvul_only,,Chrome
5161,0,bigvul_only,,php
107395,0,bigvul_only,,Chrome
45678,0,bigvul_only,,linux
5967,0,bigvul_only,,qemu
42866,0,both_agree,,libreport
109309,0,bigvul_only,,Chrome
122296,0,bigvul_only,,Chrome
64327,0,both_agree,,httpd
45623,0,bigvul_only,,linux
95819,0,bigvul_only,,OpenJK
41012,0,both_agree,,Little-CMS
139012,0,bigvul_only,,Chrome
186409,1,bigvul_only,CWE-311,Chrome
183260,1,diversevul_only,,ioq3
48979,0,both_agree,,linux
6793,0,bigvul_only,,haproxy
5538,1,diversevul_only,,ghostpdl
77880,0,both_agree,,mongo-c-driver
73779,0,both_agree,,bzrtp
53459,0,both_agree,,libarchive
179101,1,both_agree,CWE-189,FFmpeg
115156,0,bigvul_only,,Chrome
174024,conflict,internal_conflict,CWE-119,Android
178026,1,bigvul_only,CWE-119,savannah
136616,0,bigvul_only,,Chrome
78769,0,both_agree,,OpenSC
28557,0,diversevul_only,,linux
103010,0,bigvul_only,,Chrome
40129,0,diversevul_only,,libreswan
30191,0,both_agree,,linux
180656,1,both_agree,CWE-362,linux
56686,0,both_agree,,linux
43004,0,both_agree,,linux
182847,,unmatched,,
93865,0,both_agree,,libvirt
71561,0,bigvul_only,,ImageMagick
72117,0,both_agree,,slurm
182429,1,diversevul_only,CWE-119,linux
91780,0,diversevul_only,,libcomps
112181,0,bigvul_only,,Chrome
60821,0,primevul_corrected,CWE-119,FFmpeg
133882,0,bigvul_only,,Chrome
19064,0,both_agree,,linux
104368,0,bigvul_only,,Chrome
41469,0,both_agree,,linux
66706,0,both_agree,,linux
161242,0,bigvul_only,,Chrome
62908,0,both_agree,,linux
62533,0,both_agree,,openjpeg
23345,0,both_agree,,linux
1005,0,primevul_corrected,CWE-189,poppler
37606,0,both_agree,,linux
152079,0,bigvul_only,,Chrome
87366,0,both_agree,,libvips
129364,0,bigvul_only,,Chrome
156055,0,bigvul_only,,Chrome
158110,0,bigvul_only,,Chrome
188254,1,bigvul_only,CWE-264,Android
114023,0,bigvul_only,,Chrome
100163,0,bigvul_only,,Chrome
117288,0,primevul_corrected,,Chrome
23269,0,bigvul_only,,linux
79044,0,both_agree,,FFmpeg
52644,0,both_agree,,linux
185440,1,bigvul_only,,Chrome
36059,0,both_agree,,linux
17182,0,bigvul_only,,launchpad
124709,0,bigvul_only,,Chrome
183179,conflict,internal_conflict,CWE-125,libgd
10330,0,bigvul_only,,savannah
173212,0,bigvul_only,,Android
4372,0,diversevul_only,,php-src
29535,0,both_agree,,linux
98059,0,bigvul_only,,Chrome
32032,0,both_agree,,openvpn
157529,0,bigvul_only,,Chrome
187201,1,bigvul_only,CWE-285,Chrome
137223,,unmatched,,
48642,0,diversevul_only,,mod_h2
55954,0,both_agree,,linux
112552,0,bigvul_only,,Chrome
158432,0,bigvul_only,,Chrome
135379,0,bigvul_only,,Chrome
138412,0,bigvul_only,,Chrome
154950,0,bigvul_only,,Chrome
89787,0,both_agree,,bubblewrap
18952,0,both_agree,,linux
114617,0,bigvul_only,,Chrome
18670,0,both_agree,,linux
118298,,unmatched,,
84792,0,both_agree,,linux
149634,0,bigvul_only,,Chrome
132558,,unmatched,,
66298,0,bigvul_only,,imageworsener
178995,1,bigvul_only,CWE-399,linux
79997,0,both_agree,,gpac
114673,0,primevul_corrected,CWE-399,Chrome
9633,0,diversevul_only,,php-src
104715,0,bigvul_only,,Chrome
173175,0,bigvul_only,,Android
176098,0,bigvul_only,,Android
185775,1,primevul_corrected,,Chrome
104647,0,bigvul_only,,Chrome
5922,0,diversevul_only,,qemu
79029,0,both_agree,,libxkbcommon
36532,0,both_agree,,linux
153859,0,bigvul_only,,Chrome
162130,0,bigvul_only,,Chrome
77361,0,bigvul_only,,ovs
102075,0,bigvul_only,,Chrome
131153,0,bigvul_only,,Chrome
120689,0,bigvul_only,,Chrome
61391,0,both_agree,,FFmpeg
45814,0,bigvul_only,,linux
83806,0,both_agree,,linux
149411,0,bigvul_only,,Chrome
7674,0,bigvul_only,,qemu
9853,0,primevul_corrected,CWE-189,haproxy
115303,0,bigvul_only,,Chrome
77094,0,both_agree,,ovs
56243,0,both_agree,,linux
151898,0,bigvul_only,,Chrome
138873,0,bigvul_only,,Chrome
119226,0,primevul_corrected,CWE-399,Chrome
183796,1,bigvul_only,CWE-20,Chrome
94485,0,both_agree,,linux
87,0,both_agree,,openssl
153694,0,bigvul_only,,Chrome
99639,0,bigvul_only,,Chrome
51267,0,bigvul_only,,php-src
144042,0,bigvul_only,,Chrome
153896,0,bigvul_only,,Chrome
152644,0,bigvul_only,,Chrome
67044,0,both_agree,,FFmpeg
29856,0,both_agree,,linux
117401,0,bigvul_only,,Chrome
168392,0,bigvul_only,,Chrome
109282,0,bigvul_only,,Chrome
82542,0,both_agree,,Espruino
139164,0,bigvul_only,,Chrome
27456,0,both_agree,,linux
115110,0,bigvul_only,,Chrome
183451,1,bigvul_only,,Chrome
10972,0,both_agree,,php
163672,0,diversevul_only,,libxml2
46266,0,bigvul_only,,linux
182649,1,both_agree,CWE-20,suricata
40317,0,both_agree,,linux
144751,0,bigvul_only,,Chrome
92867,0,bigvul_only,,gpac
104989,0,bigvul_only,,Chrome
26555,0,both_agree,,linux
115276,0,bigvul_only,,Chrome
13211,0,bigvul_only,,savannah
118483,0,bigvul_only,,Chrome
123909,0,bigvul_only,,Chrome
164282,0,bigvul_only,,Chrome
37126,0,both_agree,,linux
44504,0,both_agree,,lxc
182148,1,both_agree,CWE-787,uriparser
171616,0,bigvul_only,,Android
78733,0,both_agree,,OpenSC
147012,0,bigvul_only,,Chrome
119164,0,bigvul_only,,Chrome
9951,0,bigvul_only,,exempi
167961,0,bigvul_only,,Chrome
135067,0,bigvul_only,,Chrome
155399,0,bigvul_only,,Chrome
149583,0,bigvul_only,,Chrome
112250,0,bigvul_only,,Chrome
58863,0,bigvul_only,,exim
32273,0,both_agree,,linux
22649,0,both_agree,,linux
23228,0,both_agree,,linux
35193,0,both_agree,,linux
88043,0,both_agree,,linux
165981,0,bigvul_only,,Chrome
25472,0,bigvul_only,,linux
65123,0,both_agree,,ImageMagick
133758,0,bigvul_only,,Chrome
53871,0,bigvul_only,,linux
14184,0,bigvul_only,,xserver
49769,0,both_agree,,linux
188568,1,bigvul_only,CWE-119,Android
32113,0,both_agree,,linux
126539,0,bigvul_only,,Chrome
15556,0,bigvul_only,,mindrot
47734,0,both_agree,,linux
24338,0,both_agree,,linux
36500,1,diversevul_only,,linux
140100,0,bigvul_only,,Chrome
34619,0,both_agree,,linux
60688,0,both_agree,,linux
10969,0,both_agree,,php
47622,0,primevul_corrected,CWE-264,linux
164623,0,bigvul_only,,Chrome
28421,0,both_agree,,linux
116364,0,bigvul_only,,Chrome
58010,0,both_agree,,linux
112538,0,bigvul_only,,Chrome
131289,,unmatched,,
39554,0,both_agree,,FreeRDP
11018,0,bigvul_only,,gnupg
156323,0,bigvul_only,,Chrome
121512,0,bigvul_only,,Chrome
173306,0,bigvul_only,,Android
96873,0,diversevul_only,,linux
39813,0,both_agree,,linux
171301,0,bigvul_only,,Android
84740,0,both_agree,,linux
52163,0,bigvul_only,,php-src
91718,0,both_agree,,mod_auth_mellon
18275,0,both_agree,,memcached
44490,0,both_agree,,lxc
38441,0,both_agree,,linux
164484,0,bigvul_only,,Chrome
163606,0,both_agree,,Chrome
65753,0,both_agree,,linux
85433,0,both_agree,,linux
17145,0,bigvul_only,,launchpad
99833,,unmatched,,
6161,0,both_agree,,openssl
108399,0,bigvul_only,,Chrome
47750,0,both_agree,,linux
156315,0,bigvul_only,,Chrome
88195,0,both_agree,,libexpat
63478,0,both_agree,,yara
4652,0,both_agree,,php
66422,0,diversevul_only,,qemu
71081,0,both_agree,,Little-CMS
23621,0,both_agree,,linux
2305,0,both_agree,,samba
158199,0,bigvul_only,,Chrome
140550,0,bigvul_only,,Chrome
40807,0,diversevul_only,,mapserver
150275,0,primevul_corrected,CWE-125,Chrome
185997,1,bigvul_only,CWE-416,Chrome
45099,0,both_agree,,httpd
73861,0,bigvul_only,,pngquant
130869,,unmatched,,
144107,0,bigvul_only,,Chrome
12477,0,both_agree,,openssl
137913,,unmatched,,
151165,0,bigvul_only,,Chrome
157956,,unmatched,,
121276,0,bigvul_only,,Chrome
159624,0,bigvul_only,,Chrome
120379,0,bigvul_only,,Chrome
96425,0,both_agree,,librsvg
177195,0,bigvul_only,,Android
148877,0,bigvul_only,,Chrome
97355,0,bigvul_only,,Chrome
108451,0,bigvul_only,,Chrome
12497,0,bigvul_only,,dbus
122967,0,bigvul_only,,Chrome
26409,0,bigvul_only,,linux
84107,0,both_agree,,unixODBC
7204,0,bigvul_only,,kde
125372,0,bigvul_only,,Chrome
187793,conflict,internal_conflict,CWE-20,Android
18807,0,both_agree,,linux
138327,0,bigvul_only,,Chrome
38753,0,both_agree,,postgres
147250,,unmatched,,
21932,0,both_agree,,linux
66035,0,bigvul_only,,yara
172742,0,bigvul_only,,Android
6683,0,diversevul_only,,qemu
102729,0,bigvul_only,,Chrome
75319,0,bigvul_only,,stb
22180,0,both_agree,,linux
169179,0,bigvul_only,,Chrome
93602,0,both_agree,,linux
36867,0,both_agree,,linux
110869,0,bigvul_only,,Chrome
148350,0,bigvul_only,,Chrome
32491,0,both_agree,,linux
25492,0,bigvul_only,,linux
34333,0,diversevul_only,,linux-2.6
174570,0,bigvul_only,,Android
151732,0,bigvul_only,,Chrome
160441,0,bigvul_only,,Chrome
136709,0,bigvul_only,,Chrome
165349,0,bigvul_only,,Chrome
128425,0,bigvul_only,,Chrome
67174,0,both_agree,,linux
98334,0,bigvul_only,,Chrome
16792,0,diversevul_only,,qemu
67777,0,both_agree,,php-src
147159,0,bigvul_only,,Chrome
83725,0,diversevul_only,,libgit2
66167,0,both_agree,,libetpan
103760,0,bigvul_only,,Chrome
68920,0,both_agree,,linux
10049,0,both_agree,,savannah
136942,0,bigvul_only,,Chrome
37481,0,primevul_corrected,CWE-20,linux
50448,0,both_agree,,linux
146512,0,bigvul_only,,Chrome
33204,0,both_agree,,linux
119169,0,bigvul_only,,Chrome
157221,,unmatched,,
130958,0,bigvul_only,,Chrome
48217,1,diversevul_only,CWE-119,libtiff
127545,0,bigvul_only,,Chrome
183734,,unmatched,,
73962,0,both_agree,,quagga
162373,0,bigvul_only,,Chrome
181241,1,diversevul_only,CWE-119,FFmpeg
120435,0,bigvul_only,,Chrome
19081,0,both_agree,,linux
170089,0,diversevul_only,,libxslt
160190,0,bigvul_only,,Chrome
69627,0,diversevul_only,,tor
52069,0,both_agree,,linux
41757,0,both_agree,,linux
5382,0,both_agree,,ghostscript
151172,0,bigvul_only,,Chrome
185732,1,bigvul_only,,Chrome
150421,0,bigvul_only,,Chrome
161055,conflict,internal_conflict,,Chrome
130421,0,bigvul_only,,Chrome
131701,0,bigvul_only,,Chrome
78798,0,both_agree,,OpenSC
146903,conflict,internal_conflict,CWE-20,Chrome
44769,0,both_agree,,lxc
38825,0,both_agree,,postgres
134913,0,bigvul_only,,Chrome
61533,0,diversevul_only,,ImageMagick
72356,0,bigvul_only,,src
74345,0,both_agree,,abrt
83135,0,both_agree,,mruby
114010,0,bigvul_only,,Chrome
111598,0,bigvul_only,,Chrome
12486,0,both_agree,,openssl
92861,0,bigvul_only,,gpac
126586,,unmatched,,
3183,0,both_agree,,ghostscript
95764,0,both_agree,,OpenJK
43123,0,both_agree,,linux
179588,,unmatched,,
80412,0,diversevul_only,,gpac
66563,0,diversevul_only,,linux
83283,0,primevul_corrected,CWE-125,openmpt
19811,0,bigvul_only,,linux
120320,0,bigvul_only,,Chrome
101656,0,bigvul_only,,Chrome
70096,0,bigvul_only,,openjpeg
8302,0,bigvul_only,,libXfixes
104857,0,bigvul_only,,Chrome
47678,0,both_agree,,linux
71824,0,both_agree,,ImageMagick
48083,0,both_agree,,linux
104005,0,bigvul_only,,Chrome
32794,0,both_agree,,linux
133071,0,bigvul_only,,Chrome
31812,0,both_agree,,linux
160884,0,bigvul_only,,Chrome
87111,0,both_agree,,cJSON
42612,0,both_agree,,linux
96617,0,both_agree,,radare2
21406,0,both_agree,,linux
142048,0,bigvul_only,,Chrome
36564,0,both_agree,,sgminer
112305,0,bigvul_only,,Chrome
172601,0,bigvul_only,,Android
71189,0,both_agree,,linux
12755,0,bigvul_only,,openssl
90445,0,both_agree,,linux
77299,0,bigvul_only,,ovs
35575,0,both_agree,,linux
104786,0,bigvul_only,,Chrome
7124,0,bigvul_only,,savannah
104787,0,bigvul_only,,Chrome
155509,0,bigvul_only,,Chrome
3067,0,both_agree,,ghostscript
66575,0,both_agree,,linux
159342,0,bigvul_only,,Chrome
96178,0,bigvul_only,,ImageMagick
169977,0,both_agree,,Chrome
108066,0,bigvul_only,,Chrome
164510,0,bigvul_only,,Chrome
89256,0,both_agree,,ImageMagick6
124199,,unmatched,,
95944,0,bigvul_only,,OpenJK
61764,0,both_agree,,linux
166057,0,bigvul_only,,Chrome
42224,0,diversevul_only,,linux
119436,0,primevul_corrected,CWE-362,Chrome
98288,0,bigvul_only,,Chrome
5863,0,both_agree,,qemu
134851,,unmatched,,
135005,0,bigvul_only,,Chrome
139569,0,bigvul_only,,Chrome
21116,0,both_agree,,linux
160809,0,bigvul_only,,Chrome
95291,0,both_agree,,linux
54151,0,both_agree,,linux
36141,1,diversevul_only,,krb5
10198,0,primevul_corrected,CWE-119,savannah
101606,0,bigvul_only,,Chrome
33336,0,both_agree,,linux
12067,0,both_agree,,openssl
45129,0,both_agree,,httpd
98639,0,bigvul_only,,Chrome
45424,0,both_agree,,linux
156674,0,bigvul_only,,Chrome
12952,0,bigvul_only,,mindrot
154452,0,bigvul_only,,Chrome
24500,0,both_agree,,linux
97585,0,both_agree,,Chrome
78811,0,diversevul_only,,OpenSC
155766,0,bigvul_only,,Chrome
24079,0,bigvul_only,,linux
134865,0,bigvul_only,,Chrome
66114,0,both_agree,,linux
81949,0,both_agree,,redis
182645,1,both_agree,CWE-20,optee_os
87241,0,both_agree,,libarchive
12773,0,diversevul_only,,openssl
14917,0,bigvul_only,,php
9120,0,bigvul_only,,virglrenderer
50053,0,both_agree,,openjpeg
129199,0,bigvul_only,,Chrome
31800,0,both_agree,,linux
34386,0,both_agree,,linux
50986,0,both_agree,,linux
8076,0,bigvul_only,,poppler
13158,0,both_agree,,ghostscript
59841,0,both_agree,,linux
151203,0,bigvul_only,,Chrome
140904,0,bigvul_only,,Chrome
2743,0,bigvul_only,,dbus
34542,0,both_agree,,linux
125402,0,bigvul_only,,Chrome
179622,,unmatched,,
111634,0,bigvul_only,,Chrome
103676,0,bigvul_only,,Chrome
55877,0,both_agree,,linux
184638,1,bigvul_only,,Chrome
6973,0,bigvul_only,,savannah
174348,0,bigvul_only,,Android
176164,0,bigvul_only,,Android
87288,0,both_agree,,ImageMagick
134017,0,bigvul_only,,Chrome
173944,0,diversevul_only,CWE-119,Android
166485,,unmatched,,
31127,0,both_agree,,linux
162238,0,bigvul_only,,Chrome
149567,0,bigvul_only,,Chrome
33731,0,both_agree,,linux
185386,1,bigvul_only,,Chrome
83625,0,both_agree,,FreeRDP
66579,0,both_agree,,linux
170302,0,bigvul_only,,Chrome
123398,0,bigvul_only,,Chrome
72912,0,both_agree,,jasper
73935,0,primevul_corrected,CWE-190,lhasa
16370,0,bigvul_only,,htcondor
180059,1,both_agree,CWE-119,libtiff
159216,0,bigvul_only,,Chrome
118977,0,bigvul_only,,Chrome
90269,0,both_agree,,linux
179482,conflict,both_disagree,,krb5
90450,0,diversevul_only,,linux
139684,0,bigvul_only,,Chrome
136494,,unmatched,,
158971,0,primevul_corrected,CWE-416,Chrome
52609,0,both_agree,,linux
28329,0,both_agree,,linux
155522,0,bigvul_only,,Chrome
52423,0,both_agree,,linux
75659,0,both_agree,,linux
109426,0,bigvul_only,,Chrome
138127,0,bigvul_only,,Chrome
42899,0,bigvul_only,,abrt
22253,0,both_agree,,linux
858,0,primevul_corrected,CWE-189,poppler
90060,0,both_agree,,zstd
156736,0,bigvul_only,,Chrome
24662,0,both_agree,,linux
85321,0,both_agree,,cups
36897,0,both_agree,,linux
83923,0,both_agree,,linux
120846,0,bigvul_only,,Chrome
8759,0,both_agree,,busybox
86791,0,both_agree,,libtiff
133105,0,bigvul_only,,Chrome
166259,0,bigvul_only,,Chrome
77357,0,bigvul_only,,ovs
131673,0,bigvul_only,,Chrome
158356,0,bigvul_only,,Chrome
58178,0,both_agree,,linux
171367,0,bigvul_only,,Android
143137,0,bigvul_only,,Chrome
167499,0,bigvul_only,,Chrome
148913,0,bigvul_only,,Chrome
51,0,both_agree,,php
106721,,unmatched,,
119518,0,bigvul_only,,Chrome
69086,0,both_agree,,ImageMagick
113838,0,bigvul_only,,Chrome
109355,0,bigvul_only,,Chrome
179607,1,both_agree,CWE-264,linux
117511,0,bigvul_only,,Chrome
12280,0,primevul_corrected,CWE-119,gnupg
130488,0,bigvul_only,,Chrome
59475,1,diversevul_only,,libxml2
150441,0,bigvul_only,,Chrome
175876,0,bigvul_only,,Android
34608,0,both_agree,,linux
113360,0,bigvul_only,,Chrome
57496,0,both_agree,,linux
147355,0,bigvul_only,,Chrome
17080,0,bigvul_only,,launchpad
137827,0,bigvul_only,,Chrome
37249,0,both_agree,,linux
178044,1,both_agree,CWE-264,php
108737,0,bigvul_only,,Chrome
167369,0,bigvul_only,,Chrome
49157,0,both_agree,,linux
65549,0,bigvul_only,,linux
145600,0,bigvul_only,,Chrome
150688,0,bigvul_only,,Chrome
71886,0,both_agree,,ImageMagick
124922,0,bigvul_only,,Chrome
160697,0,bigvul_only,,Chrome
35487,1,both_agree,CWE-362,linux
160737,0,bigvul_only,,Chrome
30241,0,both_agree,,linux
181045,,unmatched,,
3786,0,bigvul_only,,dbus
86254,0,both_agree,,linux
125178,0,bigvul_only,,Chrome
123579,0,bigvul_only,,Chrome
163056,,unmatched,,
149745,0,primevul_corrected,CWE-125,Chrome
182105,1,both_agree,,FreeRDP
2646,0,bigvul_only,,postgresql
173704,0,bigvul_only,,Android
172648,0,bigvul_only,,Android
163939,0,bigvul_only,,Chrome
75175,0,both_agree,,memcached
167639,0,bigvul_only,,Chrome
82309,0,bigvul_only,,Espruino
160816,0,bigvul_only,,Chrome
51550,0,both_agree,,linux
107851,,unmatched,,
148964,0,bigvul_only,,Chrome
39971,0,both_agree,,linux
42857,0,both_agree,,libreport
84541,0,both_agree,,w3m
88848,0,both_agree,,linux
70138,0,primevul_corrected,,libtiff
133112,0,bigvul_only,,Chrome
63290,0,primevul_corrected,,wildmidi
172227,,unmatched,,
113024,0,bigvul_only,,Chrome
43936,0,both_agree,,libarchive
43205,0,both_agree,,linux
136904,0,bigvul_only,,Chrome
56486,0,both_agree,,linux
98519,0,bigvul_only,,Chrome
62155,0,both_agree,,ImageMagick
65090,0,bigvul_only,,ImageMagick
71356,0,both_agree,,libgit2
138828,0,bigvul_only,,Chrome
125184,0,bigvul_only,,Chrome
179,0,bigvul_only,,php
129245,0,bigvul_only,,Chrome
7475,0,both_agree,,qemu
107058,0,bigvul_only,,Chrome
112756,,unmatched,,
108463,0,bigvul_only,,Chrome
89187,0,both_agree,,oniguruma
95433,0,bigvul_only,,OpenJK
44174,0,both_agree,,openssl
79156,0,both_agree,,libmspack
52833,0,both_agree,,linux
140425,0,bigvul_only,,Chrome
88159,0,both_agree,,linux
104031,0,bigvul_only,,Chrome
62752,0,bigvul_only,,rsyslog
180829,1,diversevul_only,CWE-119,linux
50686,0,both_agree,,linux
180102,1,bigvul_only,CWE-20,php-src
179287,1,diversevul_only,CWE-399,linux
41589,0,both_agree,,linux
165599,,unmatched,,
180121,1,bigvul_only,CWE-476,php-src
12992,0,bigvul_only,,mindrot
134880,0,bigvul_only,,Chrome
170061,0,both_agree,,Chrome
1432,0,both_agree,,samba
67530,0,diversevul_only,,linux
187159,1,bigvul_only,,Chrome
56552,0,both_agree,,linux
137342,0,bigvul_only,,Chrome
24723,0,both_agree,,linux
178070,1,bigvul_only,CWE-119,ghostscript
93115,0,both_agree,,rdesktop
64935,0,bigvul_only,,imageworsener
139006,0,bigvul_only,,Chrome
65813,0,both_agree,,linux
6573,0,both_agree,,kde
54182,0,both_agree,,linux
59462,0,both_agree,,Android
19593,0,both_agree,,linux
179037,1,both_agree,CWE-264,nspluginwrapper
105082,0,bigvul_only,,Chrome
177573,0,bigvul_only,,Android
45425,0,both_agree,,linux
22986,0,both_agree,,linux
162332,0,bigvul_only,,Chrome
150732,0,bigvul_only,,Chrome
74960,0,both_agree,,FreeRDP
8104,0,both_agree,,poppler
55959,0,diversevul_only,,linux
3209,0,both_agree,,ghostscript
927,0,both_agree,,poppler
118064,0,bigvul_only,,Chrome
54088,0,both_agree,,linux
139527,0,bigvul_only,,Chrome
168299,0,bigvul_only,,Chrome
98445,,unmatched,,
75842,0,both_agree,,keepalived
186501,1,bigvul_only,CWE-416,Chrome
159598,0,bigvul_only,,Chrome
153254,,unmatched,,
179415,1,diversevul_only,CWE-399,linux
83974,1,diversevul_only,,linux
58719,0,both_agree,,linux
47881,0,both_agree,,linux
88261,0,both_agree,,libexpat
177217,0,bigvul_only,,Android
53129,0,both_agree,,linux
131597,,unmatched,,
168825,0,bigvul_only,,Chrome
59169,0,both_agree,,linux
61322,0,both_agree,,FFmpeg
27591,0,both_agree,,linux
10902,0,bigvul_only,,gnupg
82919,0,both_agree,,radare2
113614,0,bigvul_only,,Chrome
74192,0,both_agree,,ntp
119104,0,bigvul_only,,Chrome
63683,,unmatched,,
130921,0,bigvul_only,,Chrome
81004,0,both_agree,,linux
181107,1,diversevul_only,CWE-125,tcpdump
182140,1,diversevul_only,,linux
99002,0,bigvul_only,,Chrome
67310,0,both_agree,,linux
63414,0,both_agree,,FFmpeg
149156,0,bigvul_only,,Chrome
8688,0,both_agree,,savannah
109658,0,bigvul_only,,Chrome
83916,0,both_agree,,libvips
37289,0,both_agree,,linux
112709,0,bigvul_only,,Chrome
18454,0,both_agree,,nbd
81519,0,both_agree,,linux
68437,0,diversevul_only,,linux
77974,0,both_agree,,ImageMagick
25647,0,bigvul_only,,linux
107720,0,bigvul_only,,Chrome
102035,0,bigvul_only,,Chrome
161818,,unmatched,,
155965,0,bigvul_only,,Chrome
54728,0,both_agree,,linux
172631,0,bigvul_only,,Android
54226,0,diversevul_only,,linux
178127,1,bigvul_only,CWE-772,virglrenderer
668,0,both_agree,,savannah
9487,0,both_agree,,busybox
44836,0,both_agree,,pigz
90962,0,bigvul_only,,domoticz
92169,0,both_agree,,linux
129903,0,bigvul_only,,Chrome
8682,0,both_agree,,savannah
107401,0,bigvul_only,,Chrome
72008,0,both_agree,,ImageMagick
31494,0,both_agree,,php-radius
130486,0,bigvul_only,,Chrome
136671,0,bigvul_only,,Chrome
69500,0,bigvul_only,,linux
31704,0,both_agree,,linux
163297,0,bigvul_only,,Chrome
157017,0,bigvul_only,,Chrome
137411,0,bigvul_only,,Chrome
104997,0,bigvul_only,,Chrome
154499,0,bigvul_only,,Chrome
158369,0,primevul_corrected,CWE-20,Chrome
185711,1,bigvul_only,,Chrome
97965,0,bigvul_only,,Chrome
115945,0,bigvul_only,,Chrome
88950,0,diversevul_only,,ImageMagick6
45786,1,diversevul_only,CWE-787,linux
127932,0,bigvul_only,,Chrome
152205,,unmatched,,
142189,0,bigvul_only,,Chrome
112292,0,bigvul_only,,Chrome
82823,0,both_agree,,radare2
36023,0,both_agree,,linux
117003,0,bigvul_only,,Chrome
40904,0,both_agree,,jansson
9619,0,both_agree,,php
48891,0,bigvul_only,,linux
3936,0,bigvul_only,,poppler
42174,0,both_agree,,linux
138820,0,bigvul_only,,Chrome
170644,0,bigvul_only,,Android
160727,0,bigvul_only,,Chrome
111314,0,bigvul_only,,Chrome
162750,0,bigvul_only,,Chrome
3181,0,both_agree,,ghostscript
169420,0,bigvul_only,,Chrome
109801,0,bigvul_only,,Chrome
160150,0,bigvul_only,,Chrome
153577,,unmatched,,
41504,0,both_agree,,linux
37788,0,both_agree,,linux
112633,0,bigvul_only,,Chrome
187108,conflict,internal_conflict,CWE-119,Chrome
171400,0,bigvul_only,,Android
111020,0,bigvul_only,,Chrome
116245,0,bigvul_only,,Chrome
38226,0,both_agree,,linux
95042,0,both_agree,,Varnish-Cache
37218,0,both_agree,,linux
16230,0,bigvul_only,,htcondor
127865,0,bigvul_only,,Chrome
95020,0,diversevul_only,,Varnish-Cache
12031,0,diversevul_only,,openssl
183157,1,both_agree,CWE-19,linux
68478,0,bigvul_only,,firejail
54292,0,both_agree,,php-src
26490,0,bigvul_only,,linux
8906,0,primevul_corrected,CWE-772,virglrenderer
23804,0,both_agree,,linux
161004,0,bigvul_only,,Chrome
58573,0,both_agree,,FreeRDP
77833,0,both_agree,,mongo-c-driver
28197,0,both_agree,,FFmpeg
173902,conflict,both_disagree,CWE-119,Android
74064,0,bigvul_only,,libdwarf
93529,0,both_agree,,linux
50630,0,both_agree,,linux
36066,0,both_agree,,linux
23957,0,both_agree,,linux
96661,0,both_agree,,ImageMagick6
2299,0,both_agree,,samba
123674,0,bigvul_only,,Chrome
10538,0,bigvul_only,,savannah
61263,0,both_agree,,cyrus-imapd
178500,1,bigvul_only,CWE-327,openssl
60000,0,both_agree,,linux
35349,0,bigvul_only,,linux
141110,0,bigvul_only,,Chrome
120863,0,bigvul_only,,Chrome
178293,1,bigvul_only,CWE-264,dbus
39496,0,both_agree,,linux
51533,0,diversevul_only,,net
1379,0,bigvul_only,,wayland
62400,0,both_agree,,tcpdump
32330,0,both_agree,,linux
156426,0,bigvul_only,,Chrome
52109,0,both_agree,,linux
84051,0,both_agree,,gpac
72151,0,both_agree,,slurm
154968,0,bigvul_only,,Chrome
176318,0,primevul_corrected,CWE-704,Android
57498,0,both_agree,,linux
14015,0,both_agree,,ghostscript
135120,0,bigvul_only,,Chrome
66588,0,both_agree,,linux
72532,0,both_agree,,linux
6511,0,bigvul_only,,savannah
126726,0,bigvul_only,,Chrome
128178,0,bigvul_only,,Chrome
9626,0,bigvul_only,,php
13861,0,both_agree,,php
101205,0,bigvul_only,,Chrome
37086,0,both_agree,,linux
59204,0,diversevul_only,,linux
119779,,unmatched,,
22563,0,both_agree,,linux
44173,0,both_agree,,openssl
45766,0,bigvul_only,,linux
12275,0,bigvul_only,,gnupg
25340,0,diversevul_only,,linux
48195,0,both_agree,,libtiff
45737,0,bigvul_only,,linux
100943,0,bigvul_only,,Chrome
6996,0,bigvul_only,,savannah
129545,0,bigvul_only,,Chrome
48498,0,both_agree,,linux
10060,0,both_agree,,savannah
59597,0,both_agree,,libxml2
105706,0,bigvul_only,,Chrome
72227,0,bigvul_only,,src
150655,,unmatched,,
33352,0,both_agree,,linux
37587,0,bigvul_only,,linux
39605,0,both_agree,,linux
172156,0,bigvul_only,,Android
19997,0,both_agree,,linux
92574,0,both_agree,,linux
116957,0,bigvul_only,,Chrome
85930,0,both_agree,,linux
157293,0,bigvul_only,,Chrome
138417,0,bigvul_only,,Chrome
4445,,unmatched,,
87146,0,both_agree,,cJSON
13644,0,both_agree,,openssl
71402,0,bigvul_only,,ImageMagick
69939,0,both_agree,,redis
83373,0,both_agree,,mbedtls
126,0,both_agree,,php
32210,0,diversevul_only,,linux
5645,0,both_agree,,savannah
75481,0,bigvul_only,,krb5
9254,0,bigvul_only,,qemu
78809,0,both_agree,,OpenSC
36833,0,both_agree,,linux
81488,0,both_agree,,linux
15520,0,both_agree,,busybox
133571,0,bigvul_only,,Chrome
57115,,unmatched,,
87616,0,both_agree,,FreeRDP
95170,0,primevul_corrected,CWE-20,cyrus-imapd
76328,0,both_agree,,libmspack
95092,0,both_agree,,tcpdump
162068,0,bigvul_only,,Chrome
112263,0,bigvul_only,,Chrome
183903,,unmatched,,
4412,0,both_agree,,php
156543,0,bigvul_only,,Chrome
175404,0,bigvul_only,,Android
56914,0,both_agree,,linux
63728,0,both_agree,,linux
180303,1,both_agree,CWE-190,php-src
58463,0,both_agree,,hexchat
10376,0,bigvul_only,,accountsservice
178090,1,bigvul_only,CWE-284,libXi
9731,0,bigvul_only,,virglrenderer
173296,0,bigvul_only,,Android
44562,0,both_agree,,lxc
162816,0,bigvul_only,,Chrome
150331,0,bigvul_only,,Chrome
6495,0,both_agree,,openssl
94319,0,both_agree,,linux
137041,0,bigvul_only,,Chrome
139867,0,bigvul_only,,Chrome
104442,0,bigvul_only,,Chrome
64212,0,both_agree,,httpd
25908,0,bigvul_only,,linux
187547,,unmatched,,
178218,conflict,internal_conflict,CWE-119,php
171206,0,bigvul_only,,Android
75644,0,both_agree,,WavPack
19213,0,both_agree,,linux
11807,0,bigvul_only,,udisks
147405,0,bigvul_only,,Chrome
136881,0,bigvul_only,,Chrome
1369,0,bigvul_only,,pengutronix
137612,,unmatched,,
139636,0,bigvul_only,,Chrome
14182,0,bigvul_only,,xserver
78924,0,both_agree,,libxkbcommon
107839,0,bigvul_only,,Chrome
53970,0,both_agree,,libndp
142127,0,primevul_corrected,CWE-79,Chrome
11348,0,bigvul_only,,xserver
111326,0,bigvul_only,,Chrome
117071,0,bigvul_only,,Chrome
131694,0,bigvul_only,,Chrome
10967,0,both_agree,,php
63273,0,bigvul_only,,wildmidi
11956,0,both_agree,,openssl
138590,0,bigvul_only,,Chrome
12148,0,both_agree,,php
139975,0,bigvul_only,,Chrome
134271,0,bigvul_only,,Chrome
165443,0,bigvul_only,,Chrome
99907,0,bigvul_only,,Chrome
138707,0,bigvul_only,,Chrome
183534,,unmatched,,
148637,0,bigvul_only,,Chrome
149181,0,bigvul_only,,Chrome
92247,0,both_agree,,libexpat
108914,,unmatched,,
16618,0,bigvul_only,,htcondor
47722,0,diversevul_only,,linux
93527,0,both_agree,,linux
8645,0,bigvul_only,,qemu
161880,0,bigvul_only,,Chrome
89494,0,both_agree,,libming
95650,0,bigvul_only,,OpenJK
140258,0,primevul_corrected,,Chrome
80145,0,both_agree,,gpac
148475,0,bigvul_only,,Chrome
118966,0,primevul_corrected,,Chrome
59943,0,both_agree,,linux
18865,0,both_agree,,linux
63905,0,both_agree,,linux
168187,0,bigvul_only,,Chrome
142483,0,bigvul_only,,Chrome
143558,0,bigvul_only,,Chrome
145152,0,bigvul_only,,Chrome
3974,0,bigvul_only,,poppler
141647,0,bigvul_only,,Chrome
4160,0,bigvul_only,,poppler
134229,0,bigvul_only,,Chrome
47077,0,bigvul_only,,linux
184102,,unmatched,,
113655,0,bigvul_only,,Chrome
124676,0,bigvul_only,,Chrome
169856,0,bigvul_only,,Chrome
75979,0,both_agree,,keepalived
39120,0,both_agree,,linux
48317,0,both_agree,,libtiff
122449,0,bigvul_only,,Chrome
81947,0,both_agree,,redis
135583,0,bigvul_only,,Chrome
79688,0,both_agree,,radare2
151971,0,bigvul_only,,Chrome
116317,0,bigvul_only,,Chrome
97863,0,bigvul_only,,Chrome
81960,0,both_agree,,redis
41556,0,both_agree,,linux
137926,0,bigvul_only,,Chrome
15008,0,primevul_corrected,CWE-369,xserver
179679,1,both_agree,CWE-20,linux
182398,1,diversevul_only,,radare2
115016,0,bigvul_only,,Chrome
121759,0,bigvul_only,,Chrome
187989,1,bigvul_only,CWE-19,Android
108609,0,bigvul_only,,Chrome
15728,0,both_agree,,qemu
79619,0,both_agree,,neomutt
80901,0,both_agree,,gpac
80545,0,both_agree,,gpac
102117,0,bigvul_only,,Chrome
104561,0,bigvul_only,,Chrome
188529,1,bigvul_only,CWE-119,Android
51857,0,both_agree,,wireshark
181028,1,diversevul_only,CWE-125,tcpdump
46419,0,bigvul_only,,linux
88929,0,both_agree,,ImageMagick6
104820,0,bigvul_only,,Chrome
1322,0,bigvul_only,,shibboleth
165779,0,bigvul_only,,Chrome
29374,0,both_agree,,linux
146265,0,bigvul_only,,Chrome
123267,0,bigvul_only,,Chrome
11364,0,bigvul_only,,xserver
34916,0,both_agree,,linux
49771,0,both_agree,,linux
100202,0,bigvul_only,,Chrome
118148,,unmatched,,
2405,0,both_agree,,samba
123849,0,bigvul_only,,Chrome
98679,0,bigvul_only,,Chrome
51317,0,bigvul_only,,php-src
119240,0,bigvul_only,,Chrome
121036,0,bigvul_only,,Chrome
59919,0,both_agree,,linux
101468,0,bigvul_only,,Chrome
35291,0,both_agree,,linux
12640,0,both_agree,,exim
94107,0,both_agree,,linux
37144,0,diversevul_only,,kvm
168936,0,bigvul_only,,Chrome
86694,0,both_agree,,linux
8142,0,both_agree,,poppler
63895,0,diversevul_only,,linux
138296,0,bigvul_only,,Chrome
65683,0,bigvul_only,,linux
42404,0,both_agree,,linux
4526,0,bigvul_only,,php
65156,0,both_agree,,linux
8288,0,bigvul_only,,libXrandr
149021,0,bigvul_only,,Chrome
155242,0,bigvul_only,,Chrome
61104,0,both_agree,,nautilus
87295,0,both_agree,,ImageMagick
73988,0,both_agree,,picocom
162308,0,bigvul_only,,Chrome
115060,0,bigvul_only,,Chrome
95758,0,both_agree,,OpenJK
181559,1,both_agree,CWE-200,linux
47480,0,bigvul_only,,linux
5024,0,both_agree,,openssl
175956,0,bigvul_only,,Android
51921,0,both_agree,,wireshark
114266,0,bigvul_only,,Chrome
2735,0,both_agree,,savannah
188212,1,bigvul_only,CWE-119,Android
19532,0,both_agree,,linux
76797,0,diversevul_only,,ovs
4340,0,both_agree,,php
155235,0,bigvul_only,,Chrome
37330,0,both_agree,,linux
167231,0,bigvul_only,,Chrome
80949,0,both_agree,,linux
2860,0,bigvul_only,,xserver
89807,0,both_agree,,miniupnp
64219,0,both_agree,,httpd
56967,0,both_agree,,linux
179798,1,both_agree,CWE-119,linux
94613,1,diversevul_only,CWE-17,linux
184384,1,bigvul_only,CWE-399,Chrome
126446,0,bigvul_only,,Chrome
160476,0,bigvul_only,,Chrome
148050,0,bigvul_only,,Chrome
40873,0,both_agree,,jansson
56970,0,both_agree,,linux
55411,0,both_agree,,linux
28749,0,primevul_corrected,CWE-189,linux
154155,0,bigvul_only,,Chrome
89413,0,bigvul_only,,irssi
155499,0,bigvul_only,,Chrome
60629,0,both_agree,,linux
154424,0,bigvul_only,,Chrome
156875,0,bigvul_only,,Chrome
133610,0,bigvul_only,,Chrome
145843,0,bigvul_only,,Chrome
161440,0,bigvul_only,,Chrome
167088,0,bigvul_only,,Chrome
106621,0,bigvul_only,,Chrome
110622,0,bigvul_only,,Chrome
82417,0,bigvul_only,,Espruino
128518,0,bigvul_only,,Chrome
70381,0,both_agree,,jasper
120224,0,bigvul_only,,Chrome
85743,0,both_agree,,linux
65189,0,both_agree,,linux
184839,,unmatched,,
35006,0,both_agree,,linux
68328,0,both_agree,,linux
14596,0,bigvul_only,,polkit
17362,0,both_agree,,savannah
186942,1,bigvul_only,CWE-416,Chrome
51748,0,both_agree,,wireshark
114542,,unmatched,,
125294,0,bigvul_only,,Chrome
132895,0,bigvul_only,,Chrome
148190,0,bigvul_only,,Chrome
60848,0,diversevul_only,,weechat
11589,0,bigvul_only,,udisks
15044,0,both_agree,,php
167373,,unmatched,,
78604,0,both_agree,,OpenSC
84457,0,both_agree,,w3m
84444,0,both_agree,,w3m
164449,0,bigvul_only,,Chrome
31317,conflict,both_disagree,,linux
135897,0,bigvul_only,,Chrome
119307,0,bigvul_only,,Chrome
49198,0,both_agree,,linux
3368,0,bigvul_only,,drm
110068,0,bigvul_only,,Chrome
142466,0,bigvul_only,,Chrome
102121,0,bigvul_only,,Chrome
23262,0,bigvul_only,,linux
50954,0,both_agree,,linux
66223,0,both_agree,,libetpan
103109,0,bigvul_only,,Chrome
87223,0,both_agree,,VeraCrypt
103569,0,primevul_corrected,CWE-399,Chrome
76866,0,diversevul_only,,ovs
16560,0,bigvul_only,,htcondor
168667,,unmatched,,
107662,0,bigvul_only,,Chrome
122043,0,bigvul_only,,Chrome
51094,0,both_agree,,linux
181082,1,diversevul_only,CWE-835,tcpdump
27966,0,both_agree,,linux
90017,0,both_agree,,zstd
143440,,unmatched,,
4307,0,bigvul_only,,php
50534,0,diversevul_only,,linux
100972,0,bigvul_only,,Chrome
78686,0,both_agree,,OpenSC
174037,conflict,both_disagree,CWE-119,Android
43167,0,both_agree,,linux
77051,0,both_agree,,ovs
17956,0,both_agree,,mindrot
107259,0,bigvul_only,,Chrome
150528,,unmatched,,
84068,0,bigvul_only,,php-src
36389,0,bigvul_only,,linux
28519,0,both_agree,,linux
171873,0,bigvul_only,,Android
142392,0,bigvul_only,,Chrome
38610,0,both_agree,,linux
84668,0,both_agree,,linux
30520,0,both_agree,,linux
132584,0,bigvul_only,,Chrome
37617,0,both_agree,,linux
161885,0,bigvul_only,,Chrome
185609,conflict,internal_conflict,,Chrome
150469,,unmatched,,
136656,0,bigvul_only,,Chrome
98770,0,bigvul_only,,Chrome
181620,1,both_agree,,linux
73405,0,both_agree,,openssl
31848,0,both_agree,,linux
84579,0,both_agree,,w3m
116701,0,bigvul_only,,Chrome
171547,0,bigvul_only,,Android
16394,0,bigvul_only,,htcondor
18466,0,both_agree,,linux
186511,1,bigvul_only,CWE-190,Chrome
103251,0,bigvul_only,,Chrome
107999,0,primevul_corrected,,Chrome
60564,0,both_agree,,ImageMagick
6477,0,both_agree,,openssl
115999,0,bigvul_only,,Chrome
108263,0,bigvul_only,,Chrome
89389,0,bigvul_only,,u-boot
187799,conflict,internal_conflict,CWE-20,Android
32166,0,both_agree,,linux
2862,0,bigvul_only,,xserver
129926,0,bigvul_only,,Chrome
157447,0,bigvul_only,,Chrome
2837,0,bigvul_only,,NetworkManager
165934,0,bigvul_only,,Chrome
9235,0,bigvul_only,,qemu
46049,0,both_agree,,krb5
149960,0,bigvul_only,,Chrome
50556,0,both_agree,,ImageMagick
84937,0,both_agree,,linux
59079,0,diversevul_only,,evince
165904,0,bigvul_only,,Chrome
137733,0,bigvul_only,,Chrome
19656,0,both_agree,,linux
48388,0,both_agree,,libtiff
83548,0,both_agree,,FreeRDP
24772,0,both_agree,,linux
96474,0,both_agree,,suricata
165650,0,bigvul_only,,Chrome
27810,0,both_agree,,linux
71263,0,both_agree,,linux
25771,0,bigvul_only,,linux
135969,0,primevul_corrected,,Chrome
32366,0,both_agree,,linux
125350,0,bigvul_only,,Chrome
46751,0,primevul_corrected,CWE-264,linux
83920,0,diversevul_only,,libvips
12693,0,both_agree,,openssl
111540,0,bigvul_only,,Chrome
114962,0,bigvul_only,,Chrome
7955,0,both_agree,,qemu
143706,0,bigvul_only,,Chrome
179639,1,diversevul_only,CWE-20,linux
25449,0,both_agree,,linux
177906,,unmatched,,
173133,,unmatched,,
43186,0,both_agree,,linux
51039,0,both_agree,,linux
140116,0,bigvul_only,,Chrome
60420,0,both_agree,,linux
65204,0,bigvul_only,,linux
181952,,unmatched,,
166312,0,bigvul_only,,Chrome
64912,0,bigvul_only,,imageworsener
38801,0,both_agree,,postgres
149318,0,bigvul_only,,Chrome
96432,1,diversevul_only,CWE-119,redis
149943,,unmatched,,
135205,0,bigvul_only,,Chrome
10637,0,bigvul_only,,savannah
124881,0,bigvul_only,,Chrome
59968,0,both_agree,,linux
163392,0,bigvul_only,,Chrome
164317,0,bigvul_only,,Chrome
43915,0,diversevul_only,,libarchive
84725,0,both_agree,,linux
53798,0,bigvul_only,,linux
139878,0,bigvul_only,,Chrome
65817,0,both_agree,,linux
18597,0,both_agree,,linux
13038,0,both_agree,,gnupg
38627,0,both_agree,,linux
117916,0,bigvul_only,,Chrome
127135,0,bigvul_only,,Chrome
84895,0,both_agree,,linux
158063,0,bigvul_only,,Chrome
50514,0,both_agree,,linux
40947,0,both_agree,,json-c
64435,0,both_agree,,mruby
66610,0,both_agree,,linux
72858,0,both_agree,,jasper
11421,0,bigvul_only,,xserver
153134,0,bigvul_only,,Chrome
106883,0,bigvul_only,,Chrome
56683,1,diversevul_only,CWE-19,linux
83464,0,bigvul_only,,openbsd
41887,0,both_agree,,linux
51480,0,both_agree,,linux
17378,0,bigvul_only,,xserver
29809,0,both_agree,,linux
165656,0,bigvul_only,,Chrome
21805,0,both_agree,,linux
12284,0,bigvul_only,,gnupg
160500,0,bigvul_only,,Chrome
123293,,unmatched,,
48260,0,both_agree,,libtiff
8919,0,bigvul_only,,virglrenderer
171571,,unmatched,,
124103,0,bigvul_only,,Chrome
130134,0,bigvul_only,,Chrome
49963,0,bigvul_only,,php-src
21764,0,both_agree,,linux
122316,0,bigvul_only,,Chrome
68660,0,both_agree,,profanity
30051,0,both_agree,,linux
4988,0,both_agree,,openssl
94295,0,both_agree,,bdwgc
110979,0,bigvul_only,,Chrome
83840,0,diversevul_only,,linux
82484,0,bigvul_only,,Espruino
28654,0,both_agree,,linux
83584,0,both_agree,,FreeRDP
2043,0,both_agree,,samba
132588,0,bigvul_only,,Chrome
150343,0,bigvul_only,,Chrome
185238,1,bigvul_only,CWE-119,Chrome
8488,0,bigvul_only,,gstreamer
52891,0,both_agree,,linux
4172,,unmatched,,
133996,0,bigvul_only,,Chrome
23948,0,both_agree,,linux
170445,0,bigvul_only,,Android
73144,0,both_agree,,tor
160906,0,bigvul_only,,Chrome
173339,0,bigvul_only,,Android
146199,0,bigvul_only,,Chrome
91254,0,both_agree,,linux
10625,0,bigvul_only,,savannah
171244,0,bigvul_only,,Android
150345,0,bigvul_only,,Chrome
128934,0,bigvul_only,,Chrome
24716,0,both_agree,,linux
66929,0,both_agree,,FFmpeg
88019,0,both_agree,,linux
55242,0,both_agree,,linux
132007,0,bigvul_only,,Chrome
169116,0,bigvul_only,,Chrome
142177,0,bigvul_only,,Chrome
2490,0,both_agree,,samba
173157,0,bigvul_only,,Android
57712,0,diversevul_only,,linux
110885,0,bigvul_only,,Chrome
145950,0,bigvul_only,,Chrome
124838,,unmatched,,
115594,0,bigvul_only,,Chrome
50799,0,diversevul_only,,libarchive
68119,0,both_agree,,mod_auth_openidc
50926,0,both_agree,,linux
144526,0,bigvul_only,,Chrome
32823,0,bigvul_only,,linux
57194,0,bigvul_only,,linux
79288,0,both_agree,,FFmpeg
93754,0,both_agree,,libvirt
183889,,unmatched,,
176544,0,both_agree,,libxml2
165470,0,bigvul_only,,Chrome
20624,0,both_agree,,linux
53910,0,both_agree,,libndp
6098,0,both_agree,,qemu
18204,0,both_agree,,irssi-proxy
154157,0,bigvul_only,,Chrome
23276,0,both_agree,,linux
58452,0,both_agree,,hexchat
54035,0,both_agree,,linux
170491,0,bigvul_only,,Android
164454,0,bigvul_only,,Chrome
140250,0,bigvul_only,,Chrome
115565,0,bigvul_only,,Chrome
24751,0,both_agree,,linux
119582,0,bigvul_only,,Chrome
144358,0,bigvul_only,,Chrome
89988,0,both_agree,,zstd
114759,0,bigvul_only,,Chrome
10059,0,both_agree,,savannah
49931,0,bigvul_only,,php-src
63893,0,both_agree,,linux
95563,0,bigvul_only,,OpenJK
174154,0,bigvul_only,,Android
48538,0,both_agree,,linux
96915,0,bigvul_only,,linux
55588,0,bigvul_only,,linux
156528,0,bigvul_only,,Chrome
99905,,unmatched,,
166038,0,bigvul_only,,Chrome
31868,0,both_agree,,linux
144816,0,bigvul_only,,Chrome
69469,0,bigvul_only,,linux
173385,0,bigvul_only,,Android
8955,0,both_agree,,qemu
31922,0,both_agree,,linux
180065,,unmatched,,
141429,0,bigvul_only,,Chrome
23171,0,both_agree,,linux
188128,,unmatched,,
123210,0,bigvul_only,,Chrome
22101,0,both_agree,,linux
132736,0,bigvul_only,,Chrome
150589,0,bigvul_only,,Chrome
10624,0,bigvul_only,,savannah
175830,0,bigvul_only,,Android
178624,1,both_agree,CWE-20,qemu
19018,0,both_agree,,linux
25113,0,bigvul_only,,linux
173313,0,bigvul_only,,Android
118428,0,bigvul_only,,Chrome
40774,0,diversevul_only,,net
23174,0,both_agree,,linux
6852,0,bigvul_only,,haproxy
64687,0,both_agree,,oniguruma
115741,,unmatched,,
166232,0,bigvul_only,,Chrome
112566,0,bigvul_only,,Chrome
1666,0,bigvul_only,,ghostscript
47856,0,both_agree,,linux
114077,0,bigvul_only,,Chrome
184841,1,bigvul_only,CWE-119,Chrome
184485,conflict,internal_conflict,,Chrome
124900,,unmatched,,
70444,0,both_agree,,jasper
167200,0,bigvul_only,,Chrome
62623,0,both_agree,,tcpdump
182481,1,both_agree,CWE-476,linux
187420,conflict,internal_conflict,CWE-264,Android
139315,0,bigvul_only,,Chrome
168404,0,bigvul_only,,Chrome
188359,0,diversevul_only,CWE-119,Android
110999,0,bigvul_only,,Chrome
89506,0,diversevul_only,,libming
48693,0,bigvul_only,,httpd
29469,0,both_agree,,linux
96952,0,bigvul_only,,linux
62981,0,both_agree,,linux
20439,0,bigvul_only,,linux
30840,0,both_agree,,linux
49415,0,both_agree,,linux
36494,0,both_agree,,linux
12815,0,both_agree,,openssl
57251,0,bigvul_only,,linux
10876,0,both_agree,,php
76405,0,both_agree,,linux
60616,0,both_agree,,linux
123948,0,bigvul_only,,Chrome
73470,0,bigvul_only,,ImageMagick
127287,0,bigvul_only,,Chrome
124424,0,bigvul_only,,Chrome
143049,0,primevul_corrected,,Chrome
28441,0,both_agree,,linux
8155,0,both_agree,,poppler
78392,0,both_agree,,OpenSC
45413,0,both_agree,,linux
1203,0,bigvul_only,,poppler
144275,0,bigvul_only,,Chrome
84808,0,both_agree,,linux
66616,0,both_agree,,linux
150124,0,bigvul_only,,Chrome
123257,0,bigvul_only,,Chrome
59643,0,both_agree,,libxml2
99788,0,bigvul_only,,Chrome
143460,,unmatched,,
67679,0,both_agree,,linux
58629,0,both_agree,,FreeRDP
166244,0,bigvul_only,,Chrome
167197,0,bigvul_only,,Chrome
88832,0,diversevul_only,,linux
23581,0,both_agree,,linux
77519,0,both_agree,,ovs
100800,0,bigvul_only,,Chrome
76672,0,both_agree,,texlive-source
126482,0,bigvul_only,,Chrome
89883,0,both_agree,,miniupnp
41246,0,diversevul_only,,qemu
172702,0,bigvul_only,,Android
125811,0,bigvul_only,,Chrome
50960,0,both_agree,,linux
28757,0,bigvul_only,,linux
78126,0,both_agree,,OpenSC
156438,0,bigvul_only,,Chrome
31266,0,both_agree,,linux
52555,0,both_agree,,h2o
49763,0,both_agree,,linux
33892,0,both_agree,,pacemaker
63294,0,bigvul_only,,wildmidi
126053,0,bigvul_only,,Chrome
35043,0,both_agree,,linux
169562,0,bigvul_only,,Chrome
86495,0,both_agree,,util-linux
1904,0,bigvul_only,,spice
15116,0,both_agree,,php
44251,0,both_agree,,openssl
163402,0,bigvul_only,,Chrome
118956,0,primevul_corrected,,Chrome
6755,0,both_agree,,qemu
60554,0,both_agree,,linux
108590,0,bigvul_only,,Chrome
40979,0,bigvul_only,,Little-CMS
188191,1,bigvul_only,CWE-264,Android
138390,0,bigvul_only,,Chrome
88819,0,both_agree,,linux
85037,0,both_agree,,curl
107523,0,bigvul_only,,Chrome
172226,0,bigvul_only,,Android
111972,,unmatched,,
70734,0,both_agree,,libevent
143123,,unmatched,,
123733,0,bigvul_only,,Chrome
122791,0,bigvul_only,,Chrome
30767,0,both_agree,,linux
3291,0,both_agree,,ghostscript
92780,0,diversevul_only,,linux
164546,0,bigvul_only,,Chrome
15477,0,both_agree,,savannah
1674,0,bigvul_only,,ghostscript
73664,0,bigvul_only,,ImageMagick
121055,0,bigvul_only,,Chrome
56557,0,both_agree,,linux
171119,0,bigvul_only,,Android
14798,0,diversevul_only,,php-src
69584,0,both_agree,,tor
27608,0,both_agree,,linux
154444,0,bigvul_only,,Chrome
138517,0,bigvul_only,,Chrome
111948,0,bigvul_only,,Chrome
12544,0,bigvul_only,,openafs
23155,0,both_agree,,linux
3139,0,both_agree,,ghostscript
123099,0,bigvul_only,,Chrome
19627,0,both_agree,,linux
48996,0,bigvul_only,,linux
18980,0,both_agree,,linux
45019,0,both_agree,,linux
115675,0,bigvul_only,,Chrome
61163,0,both_agree,,nautilus
179452,conflict,both_disagree,,linux
46625,0,bigvul_only,,linux
180662,,unmatched,,
112711,0,bigvul_only,,Chrome
161364,0,bigvul_only,,Chrome
91341,0,both_agree,,ImageMagick
96600,0,bigvul_only,,radare2
40976,0,bigvul_only,,Little-CMS
34301,0,both_agree,,linux
68421,0,both_agree,,linux
112276,0,bigvul_only,,Chrome
27137,0,both_agree,,nspluginwrapper
185105,0,bigvul_only,,Chrome
49203,0,both_agree,,linux
80858,0,both_agree,,gpac
67092,0,bigvul_only,,radare2
115664,,unmatched,,
76293,0,both_agree,,linux
27485,0,both_agree,,linux
171459,0,both_agree,,Android
51014,0,both_agree,,linux
153369,0,bigvul_only,,Chrome
122472,0,bigvul_only,,Chrome
50520,0,both_agree,,linux
31942,1,diversevul_only,CWE-264,linux
57152,0,bigvul_only,,linux
160570,0,bigvul_only,,Chrome
138685,0,bigvul_only,,Chrome
12419,conflict,internal_conflict,,php-src
113348,0,bigvul_only,,Chrome
116046,0,bigvul_only,,Chrome
53626,0,both_agree,,linux
57944,0,both_agree,,linux
58404,0,both_agree,,libgd
67294,0,both_agree,,linux
145444,0,bigvul_only,,Chrome
93218,0,bigvul_only,,libjpeg-turbo
122065,0,bigvul_only,,Chrome
115944,0,bigvul_only,,Chrome
13431,0,both_agree,,ghostscript
11360,0,bigvul_only,,xserver
88296,0,both_agree,,libexpat
22920,0,both_agree,,linux
57793,0,both_agree,,linux
124543,0,bigvul_only,,Chrome
129602,0,bigvul_only,,Chrome
38666,0,diversevul_only,,linux
147834,0,bigvul_only,,Chrome
101931,0,bigvul_only,,Chrome
21475,0,bigvul_only,,linux
97096,0,bigvul_only,,Chrome
60581,0,both_agree,,linux
131368,0,bigvul_only,,Chrome
102486,0,bigvul_only,,Chrome
165501,0,bigvul_only,,Chrome
51446,0,both_agree,,php-src
135813,0,bigvul_only,,Chrome
78249,0,both_agree,,OpenSC
27442,0,diversevul_only,,linux-2.6
131435,0,bigvul_only,,Chrome
48284,0,both_agree,,libtiff
56252,0,both_agree,,linux
30649,0,both_agree,,linux
96199,0,both_agree,,opa-ff
2795,0,both_agree,,ghostscript
82252,0,both_agree,,linux
82143,0,both_agree,,mruby
178914,1,diversevul_only,,linux
102132,,unmatched,,
99297,0,bigvul_only,,Chrome
171097,0,bigvul_only,,Android
166395,0,bigvul_only,,Chrome
17967,0,both_agree,,mindrot
167927,0,bigvul_only,,Chrome
59364,0,both_agree,,linux
60500,0,both_agree,,linux
35464,0,both_agree,,linux
118640,0,bigvul_only,,Chrome
129781,0,primevul_corrected,,Chrome
166475,0,bigvul_only,,Chrome
4502,0,bigvul_only,,php
114031,,unmatched,,
92316,0,both_agree,,libexpat
82347,0,bigvul_only,,Espruino
120874,0,bigvul_only,,Chrome
85692,0,both_agree,,linux
158435,0,bigvul_only,,Chrome
34596,0,both_agree,,krb5
28135,0,both_agree,,FFmpeg
21276,0,both_agree,,linux
104035,0,bigvul_only,,Chrome
186924,conflict,both_disagree,CWE-787,Chrome
49453,0,diversevul_only,,linux
89242,0,both_agree,,oniguruma
83099,0,both_agree,,linux
11391,0,bigvul_only,,xserver
36306,0,bigvul_only,,linux
168114,0,bigvul_only,,Chrome
44893,0,both_agree,,linux
68871,0,both_agree,,linux
168205,0,bigvul_only,,Chrome
88237,0,both_agree,,libexpat
19766,0,both_agree,,linux
186665,1,bigvul_only,CWE-20,Chrome
1038,0,bigvul_only,,poppler
55579,0,both_agree,,linux
3993,0,bigvul_only,,poppler
157893,0,bigvul_only,,Chrome
124396,0,bigvul_only,,Chrome
125759,0,bigvul_only,,Chrome
52546,0,both_agree,,h2o
12366,,unmatched,,
158329,0,bigvul_only,,Chrome
106806,0,primevul_corrected,,Chrome
43507,0,both_agree,,linux
68769,0,both_agree,,linux
68594,0,both_agree,,linux
58245,0,both_agree,,linux
118008,0,bigvul_only,,Chrome
42035,0,both_agree,,linux
105259,0,bigvul_only,,Chrome
172731,0,bigvul_only,,Android
81314,0,diversevul_only,,linux
163667,0,both_agree,,Chrome
107664,0,bigvul_only,,Chrome
33044,0,both_agree,,linux
123699,0,bigvul_only,,Chrome
74413,0,bigvul_only,,kvm-guest-drivers-windows
153565,0,bigvul_only,,Chrome
34844,0,both_agree,,linux
67648,0,both_agree,,linux
16489,0,bigvul_only,,htcondor
98751,,unmatched,,
63643,0,bigvul_only,,irssi
126633,0,bigvul_only,,Chrome
101697,0,bigvul_only,,Chrome
94644,0,diversevul_only,,openssl
36551,0,both_agree,,sgminer
60937,0,both_agree,,nautilus
92929,0,primevul_corrected,CWE-119,rdesktop
160378,0,bigvul_only,,Chrome
105731,0,bigvul_only,,Chrome
94741,0,both_agree,,libgd
86147,0,both_agree,,mbedtls
181610,1,both_agree,CWE-476,linux
124884,0,bigvul_only,,Chrome
124850,0,bigvul_only,,Chrome
167842,0,bigvul_only,,Chrome
1116,0,bigvul_only,,poppler
32246,0,both_agree,,linux
78900,0,diversevul_only,,OpenSC
172335,,unmatched,,
148118,0,bigvul_only,,Chrome
17787,0,primevul_corrected,CWE-20,xserver
155065,0,bigvul_only,,Chrome
35891,0,both_agree,,linux
35022,0,diversevul_only,,linux
16919,0,both_agree,,qemu
128108,0,bigvul_only,,Chrome
3429,0,both_agree,,savannah
24315,0,both_agree,,linux
105847,0,bigvul_only,,Chrome
104984,0,bigvul_only,,Chrome
86522,0,bigvul_only,,curl
153217,,unmatched,,
28499,0,both_agree,,linux
70226,0,both_agree,,libtiff
150538,0,bigvul_only,,Chrome
64466,0,both_agree,,radare2
156928,0,bigvul_only,,Chrome
107086,0,bigvul_only,,Chrome
90326,0,both_agree,,linux
188165,1,bigvul_only,CWE-200,Android
185986,1,bigvul_only,CWE-200,Chrome
154387,,unmatched,,
58725,0,both_agree,,linux
167973,0,bigvul_only,,Chrome
83,0,both_agree,,openssl
18990,0,both_agree,,linux
80566,0,both_agree,,gpac
17968,0,both_agree,,mindrot
183054,1,diversevul_only,,file
153234,0,bigvul_only,,Chrome
127855,0,bigvul_only,,Chrome
61060,0,both_agree,,nautilus
64138,0,bigvul_only,,radare2
95642,0,bigvul_only,,OpenJK
146388,0,bigvul_only,,Chrome
25147,0,bigvul_only,,linux
47066,0,primevul_corrected,CWE-264,linux
122482,0,bigvul_only,,Chrome
80290,0,diversevul_only,,gpac
92335,0,both_agree,,libexpat
69392,0,both_agree,,linux
162155,0,bigvul_only,,Chrome
104126,0,bigvul_only,,Chrome
33714,0,both_agree,,linux
61267,0,both_agree,,cyrus-imapd
20009,0,bigvul_only,,linux
77612,0,both_agree,,ovs
95206,0,bigvul_only,,cyrus-imapd
6508,0,bigvul_only,,savannah
118000,0,bigvul_only,,Chrome
415,0,bigvul_only,,ghostscript
188522,1,bigvul_only,CWE-119,Android
132544,,unmatched,,
26342,0,bigvul_only,,linux
125608,0,bigvul_only,,Chrome
104151,0,bigvul_only,,Chrome
135750,,unmatched,,
157615,0,bigvul_only,,Chrome
126147,0,bigvul_only,,Chrome
89716,0,both_agree,,linux
145823,0,bigvul_only,,Chrome
29895,0,both_agree,,linux
41222,0,diversevul_only,,net-next
120944,0,bigvul_only,,Chrome
145585,0,bigvul_only,,Chrome
126039,0,bigvul_only,,Chrome
99476,0,bigvul_only,,Chrome
124351,0,bigvul_only,,Chrome
14060,0,bigvul_only,,xserver
3621,0,both_agree,,openssl
159803,0,primevul_corrected,CWE-79,Chrome
42139,0,both_agree,,openssh-portable
100127,0,bigvul_only,,Chrome
67933,0,both_agree,,jasper
86268,0,both_agree,,linux
147336,,unmatched,,
98005,0,bigvul_only,,Chrome
61313,0,both_agree,,FFmpeg
147410,0,bigvul_only,,Chrome
149514,0,bigvul_only,,Chrome
181172,1,diversevul_only,,FFmpeg
54973,0,both_agree,,git
145533,0,primevul_corrected,CWE-362,Chrome
120901,0,bigvul_only,,Chrome
14481,0,both_agree,,qemu
51656,0,both_agree,,linux
106629,0,bigvul_only,,Chrome
16353,0,bigvul_only,,htcondor
7340,0,bigvul_only,,savannah
125690,0,bigvul_only,,Chrome
165590,0,bigvul_only,,Chrome
102390,0,bigvul_only,,Chrome
37653,0,both_agree,,linux
71557,0,bigvul_only,,ImageMagick
18995,0,both_agree,,linux
50367,0,bigvul_only,,linux
20451,0,diversevul_only,,linux-2.6
69570,0,both_agree,,linux
125099,0,bigvul_only,,Chrome
182117,1,ecwk_cvefixes2022,CWE-119,nothings/stb
15103,0,both_agree,,php
92132,0,both_agree,,linux
106841,0,bigvul_only,,Chrome
150352,0,bigvul_only,,Chrome
46033,0,both_agree,,krb5
57571,0,both_agree,,linux
64778,0,both_agree,,linux
730,0,both_agree,,haproxy
15864,0,both_agree,,qemu
167802,0,bigvul_only,,Chrome
65733,0,both_agree,,linux
92799,0,both_agree,,linux
158786,0,bigvul_only,,Chrome
134316,0,bigvul_only,,Chrome
16652,0,bigvul_only,,htcondor
82649,0,bigvul_only,,linux
146592,0,bigvul_only,,Chrome
63459,0,both_agree,,yara
61071,0,both_agree,,nautilus
178361,1,primevul_corrected,CWE-119,savannah
184929,1,bigvul_only,,Chrome
99010,0,bigvul_only,,Chrome
73937,0,bigvul_only,,lhasa
26867,0,both_agree,,linux
181863,1,bigvul_only,CWE-190,jasper
142312,0,bigvul_only,,Chrome
40292,0,both_agree,,linux
144776,0,bigvul_only,,Chrome
159690,0,bigvul_only,,Chrome
118425,0,bigvul_only,,Chrome
96526,0,diversevul_only,,suricata
165239,0,bigvul_only,,Chrome
43338,0,both_agree,,rawstudio
99632,0,bigvul_only,,Chrome
112089,0,bigvul_only,,Chrome
102939,0,bigvul_only,,Chrome
185498,,unmatched,,
100144,0,bigvul_only,,Chrome
43456,0,both_agree,,linux
26241,0,bigvul_only,,linux
62898,0,both_agree,,linux
145919,0,bigvul_only,,Chrome
4773,0,both_agree,,savannah
110217,,unmatched,,
21666,0,both_agree,,linux
179655,1,both_agree,CWE-200,linux
172606,0,bigvul_only,,Android
50037,0,both_agree,,libarchive
147195,0,bigvul_only,,Chrome
131422,0,bigvul_only,,Chrome
13329,0,bigvul_only,,ghostscript
35373,0,both_agree,,linux
121346,0,bigvul_only,,Chrome
78442,0,both_agree,,OpenSC
127483,0,primevul_corrected,CWE-399,Chrome
48910,,unmatched,,
63538,0,both_agree,,linux
93375,0,bigvul_only,,linux
134986,0,bigvul_only,,Chrome
105206,0,bigvul_only,,Chrome
117683,0,bigvul_only,,Chrome
6884,0,bigvul_only,,haproxy
81585,0,both_agree,,linux
10020,0,both_agree,,savannah
148099,0,bigvul_only,,Chrome
75919,0,both_agree,,keepalived
176417,0,bigvul_only,,Android
31966,0,both_agree,,linux
121222,0,bigvul_only,,Chrome
149289,0,bigvul_only,,Chrome
66328,0,both_agree,,qemu
179567,1,both_agree,CWE-362,linux
48295,1,diversevul_only,CWE-787,libtiff
170224,0,bigvul_only,,Chrome
66342,0,diversevul_only,,qemu
15207,0,diversevul_only,,php-src
49262,0,both_agree,,linux
180220,conflict,internal_conflict,CWE-190,php-src
160750,0,bigvul_only,,Chrome
103709,0,bigvul_only,,Chrome
62294,0,both_agree,,tcpdump
58148,0,both_agree,,linux
160845,0,bigvul_only,,Chrome
130662,0,bigvul_only,,Chrome
158469,0,bigvul_only,,Chrome
50028,0,diversevul_only,,libarchive
120183,0,bigvul_only,,Chrome
139728,0,bigvul_only,,Chrome
8788,0,bigvul_only,,virglrenderer
55283,0,both_agree,,linux
49080,0,both_agree,,linux
82269,0,both_agree,,linux
55448,0,both_agree,,linux
42843,0,both_agree,,libreport
3041,0,both_agree,,ghostscript
94198,0,both_agree,,linux
188006,,unmatched,,
149867,0,bigvul_only,,Chrome
91117,0,both_agree,,linux
184522,1,bigvul_only,,Chrome
132779,0,bigvul_only,,Chrome
174074,0,bigvul_only,,Android
78133,0,both_agree,,OpenSC
155077,0,bigvul_only,,Chrome
35697,0,bigvul_only,,httpd
168228,0,bigvul_only,,Chrome
92261,0,both_agree,,libexpat
155952,0,bigvul_only,,Chrome
180375,conflict,internal_conflict,,php-src
35981,0,both_agree,,linux
144899,0,bigvul_only,,Chrome
153446,0,bigvul_only,,Chrome
104986,0,bigvul_only,,Chrome
131354,0,bigvul_only,,Chrome
35154,0,both_agree,,linux
19613,0,both_agree,,linux
108799,0,bigvul_only,,Chrome
20962,0,both_agree,,linux
181132,1,both_agree,CWE-125,tcpdump
70885,0,both_agree,,WavPack
154376,0,bigvul_only,,Chrome
148098,0,bigvul_only,,Chrome
123843,0,bigvul_only,,Chrome
12047,0,both_agree,,openssl
76399,0,both_agree,,linux
105412,0,bigvul_only,,Chrome
68615,0,both_agree,,bitlbee
20974,0,both_agree,,linux
30638,0,both_agree,,linux
31530,0,both_agree,,php-radius
182594,1,both_agree,CWE-476,linux
66881,0,both_agree,,linux
149172,0,bigvul_only,,Chrome
4278,0,bigvul_only,,php
134160,0,bigvul_only,,Chrome
303,0,primevul_corrected,,mupdf
149366,,unmatched,,
38242,0,both_agree,,linux
136894,,unmatched,,
22038,0,bigvul_only,,raptor
181701,1,both_agree,CWE-476,libgit2
180636,1,diversevul_only,CWE-415,linux
33504,0,both_agree,,linux
153768,0,bigvul_only,,Chrome
59942,0,both_agree,,linux
150266,0,bigvul_only,,Chrome
138947,0,bigvul_only,,Chrome
88682,0,both_agree,,linux
29408,0,both_agree,,linux
96724,0,both_agree,,ImageMagick6
65678,0,bigvul_only,,linux
179737,1,diversevul_only,,linux
152201,0,bigvul_only,,Chrome
157073,,unmatched,,
4360,0,both_agree,,php
100628,0,bigvul_only,,Chrome
33660,0,both_agree,,krb5
179536,1,diversevul_only,CWE-20,file
91707,0,both_agree,,mod_auth_mellon
124262,0,bigvul_only,,Chrome
59161,0,both_agree,,linux
161817,0,bigvul_only,,Chrome
79580,0,both_agree,,neomutt
17065,0,bigvul_only,,launchpad
9668,0,bigvul_only,,php
27424,0,both_agree,,linux
72517,0,both_agree,,linux
95329,0,both_agree,,libsndfile
188214,conflict,internal_conflict,CWE-119,Android
92012,0,both_agree,,linux
39229,0,both_agree,,php-src
73862,0,both_agree,,pngquant
31427,0,both_agree,,linux
18252,0,both_agree,,memcached
50785,0,both_agree,,libarchive
119964,0,bigvul_only,,Chrome
185670,,unmatched,,
130555,0,bigvul_only,,Chrome
43032,0,both_agree,,linux
141933,,unmatched,,
133390,0,bigvul_only,,Chrome
104041,0,bigvul_only,,Chrome
41488,0,both_agree,,linux
36752,0,both_agree,,krb5
27112,0,both_agree,,nspluginwrapper
53504,0,both_agree,,libarchive
111607,0,bigvul_only,,Chrome
59823,0,both_agree,,linux
15901,0,bigvul_only,,exempi
48072,0,both_agree,,linux
140163,0,bigvul_only,,Chrome
140988,0,bigvul_only,,Chrome
166191,0,bigvul_only,,Chrome
101512,0,bigvul_only,,Chrome
86710,0,both_agree,,linux
89570,0,diversevul_only,,libming
85429,0,both_agree,,linux
146823,0,bigvul_only,,Chrome
133432,0,primevul_corrected,CWE-399,Chrome
181563,1,both_agree,CWE-119,linux
138268,0,bigvul_only,,Chrome
104785,0,bigvul_only,,Chrome
161845,0,primevul_corrected,CWE-787,Chrome
141540,0,bigvul_only,,Chrome
4970,0,primevul_corrected,CWE-119,gstreamer
18007,0,bigvul_only,,ghostscript
64290,0,both_agree,,httpd
33443,0,bigvul_only,,linux
77024,0,both_agree,,ovs
119671,0,bigvul_only,,Chrome
102910,0,bigvul_only,,Chrome
95393,0,both_agree,,proftpd
70926,0,both_agree,,libgd
184473,1,bigvul_only,,Chrome
100577,0,bigvul_only,,Chrome
185581,1,bigvul_only,,Chrome
80648,0,both_agree,,gpac
134001,0,bigvul_only,,Chrome
148513,0,bigvul_only,,Chrome
67826,0,both_agree,,suricata
54960,0,both_agree,,git
141573,0,bigvul_only,,Chrome
168119,0,bigvul_only,,Chrome
187021,1,bigvul_only,CWE-362,Chrome
112861,0,bigvul_only,,Chrome
146408,,unmatched,,
172758,0,bigvul_only,,Android
136834,,unmatched,,
34612,0,both_agree,,linux
113657,0,bigvul_only,,Chrome
184939,,unmatched,,
93418,0,primevul_corrected,CWE-476,linux
123933,0,bigvul_only,,Chrome
156285,0,bigvul_only,,Chrome
137689,0,bigvul_only,,Chrome
108059,0,bigvul_only,,Chrome
34114,0,both_agree,,linux
45532,0,bigvul_only,,linux
37509,0,bigvul_only,,linux
119755,0,bigvul_only,,Chrome
36810,0,both_agree,,linux
161810,0,bigvul_only,,Chrome
96309,0,bigvul_only,,kvm-guest-drivers-windows
152233,0,bigvul_only,,Chrome
159804,0,bigvul_only,,Chrome
92850,0,both_agree,,gpac
8140,0,both_agree,,poppler
56585,0,both_agree,,linux
159075,0,bigvul_only,,Chrome
140481,0,bigvul_only,,Chrome
18828,0,both_agree,,linux
178755,1,both_agree,CWE-200,linux
76525,0,both_agree,,linux
178902,1,both_agree,CWE-264,linux
100131,0,bigvul_only,,Chrome
113975,0,bigvul_only,,Chrome
135105,0,bigvul_only,,Chrome
165373,0,bigvul_only,,Chrome
25657,0,bigvul_only,,linux
64983,0,bigvul_only,,imageworsener
3398,0,both_agree,,savannah
69165,0,both_agree,,php-src
85427,0,both_agree,,linux
174270,0,bigvul_only,,Android
100027,0,bigvul_only,,Chrome
46672,0,bigvul_only,,linux
93809,0,both_agree,,libvirt
120616,0,bigvul_only,,Chrome
159415,0,bigvul_only,,Chrome
93601,0,both_agree,,linux
30702,0,both_agree,,linux
148855,0,bigvul_only,,Chrome
160144,0,bigvul_only,,Chrome
65155,0,both_agree,,linux
152020,0,bigvul_only,,Chrome
3346,0,both_agree,,qemu
75497,0,both_agree,,linux
163232,,unmatched,,
33904,0,both_agree,,pacemaker
127661,0,bigvul_only,,Chrome
126767,0,bigvul_only,,Chrome
87853,0,both_agree,,oniguruma
89510,0,both_agree,,libming
116379,0,bigvul_only,,Chrome
115020,0,bigvul_only,,Chrome
13167,0,diversevul_only,,mupdf
25033,0,both_agree,,linux
72568,conflict,both_disagree,,linux
133658,0,bigvul_only,,Chrome
147976,0,bigvul_only,,Chrome
96086,0,both_agree,,firejail
62553,0,both_agree,,tcpdump
32693,0,both_agree,,linux
187224,,unmatched,,
63239,0,bigvul_only,,wildmidi
73489,,unmatched,,
74908,0,both_agree,,libarchive
167022,0,primevul_corrected,,Chrome
30756,0,both_agree,,linux
81238,0,both_agree,,linux
25263,0,bigvul_only,,linux
81878,0,both_agree,,wolfssl
57886,0,both_agree,,linux
37326,0,both_agree,,linux
135487,,unmatched,,
100313,0,bigvul_only,,Chrome
60734,0,both_agree,,krb5
109953,0,bigvul_only,,Chrome
86760,0,both_agree,,libtiff
39297,0,both_agree,,linux
33860,0,both_agree,,pacemaker
166355,,unmatched,,
21553,0,both_agree,,Android
10813,0,both_agree,,openssl
107380,0,bigvul_only,,Chrome
153484,0,bigvul_only,,Chrome
104421,0,bigvul_only,,Chrome
76905,0,both_agree,,ovs
165772,0,primevul_corrected,CWE-704,Chrome
149545,0,bigvul_only,,Chrome
92690,0,diversevul_only,,linux
43748,0,both_agree,,das_watchdog
6621,0,both_agree,,ghostscript
32646,0,both_agree,,linux
182979,1,both_agree,CWE-119,rdesktop
126608,0,bigvul_only,,Chrome
160272,0,bigvul_only,,Chrome
3332,0,both_agree,,qemu
21015,0,both_agree,,linux
122392,0,bigvul_only,,Chrome
44414,0,bigvul_only,,lxcfs
48741,0,bigvul_only,,linux
6849,0,bigvul_only,,haproxy
46443,0,diversevul_only,,linux
29985,0,both_agree,,linux
51860,0,both_agree,,wireshark
173470,0,bigvul_only,,Android
180642,1,both_agree,CWE-200,linux
176899,0,bigvul_only,,Android
116315,0,bigvul_only,,Chrome
32839,0,both_agree,,linux
41656,0,both_agree,,linux
19257,0,both_agree,,linux
42722,0,both_agree,,linux
103918,0,bigvul_only,,Chrome
35437,0,diversevul_only,,tcpdump
141244,0,bigvul_only,,Chrome
41843,0,both_agree,,linux
161072,0,bigvul_only,,Chrome
29670,0,both_agree,,linux
50488,0,both_agree,,linux
102089,0,bigvul_only,,Chrome
33300,1,diversevul_only,CWE-399,linux
128572,0,bigvul_only,,Chrome
180329,1,diversevul_only,,wireshark
46964,0,bigvul_only,,linux
4965,0,bigvul_only,,gstreamer
51230,0,both_agree,,linux
38029,0,both_agree,,linux
171694,,unmatched,,
109013,0,bigvul_only,,Chrome
57483,0,both_agree,,linux
68290,0,both_agree,,linux
126899,,unmatched,,
109657,,unmatched,,
59954,0,both_agree,,linux
90516,0,both_agree,,linux
170402,0,bigvul_only,,Android
46711,0,primevul_corrected,CWE-264,linux
105311,0,bigvul_only,,Chrome
13743,0,bigvul_only,,php
35690,0,bigvul_only,,httpd
91676,0,both_agree,,frr
133449,0,bigvul_only,,Chrome
20648,0,both_agree,,linux
3669,0,both_agree,,openssl
131853,,unmatched,,
40930,0,both_agree,,jansson
136207,0,bigvul_only,,Chrome
144656,0,bigvul_only,,Chrome
94922,0,both_agree,,linux
178257,1,bigvul_only,CWE-264,dbus
145526,0,bigvul_only,,Chrome
144020,0,primevul_corrected,CWE-119,Chrome
10179,0,bigvul_only,,savannah
128294,0,bigvul_only,,Chrome
22408,0,both_agree,,linux
38770,0,both_agree,,postgres
166604,0,bigvul_only,,Chrome
94679,0,both_agree,,openssl
89672,0,bigvul_only,,linux
172319,0,primevul_corrected,CWE-200,Android
184145,,unmatched,,
81977,0,both_agree,,redis
185003,,unmatched,,
180567,1,both_agree,CWE-399,linux
18751,0,both_agree,,linux
52181,0,bigvul_only,,php-src
75264,0,bigvul_only,,stb
69903,0,both_agree,,tor
149606,0,bigvul_only,,Chrome
186683,,unmatched,,
54499,0,diversevul_only,,FFmpeg
39914,0,both_agree,,linux
169026,,unmatched,,
187901,1,primevul_corrected,CWE-264,Android
24721,0,both_agree,,linux
4145,0,bigvul_only,,poppler
55634,0,both_agree,,linux
13152,0,both_agree,,ghostscript
78325,0,both_agree,,OpenSC
121473,0,bigvul_only,,Chrome
174480,0,bigvul_only,,Android
64034,0,both_agree,,FFmpeg
55847,conflict,both_disagree,,linux
10496,0,bigvul_only,,qemu
143650,0,bigvul_only,,Chrome
167827,0,bigvul_only,,Chrome
177610,0,bigvul_only,,Android
89293,0,bigvul_only,,u-boot
43725,0,both_agree,,linux
179011,1,bigvul_only,CWE-399,linux
113283,0,bigvul_only,,Chrome
163178,0,bigvul_only,,Chrome
61774,0,both_agree,,FFmpeg
6625,0,both_agree,,ghostscript
47803,0,both_agree,,linux
141672,0,bigvul_only,,Chrome
77114,0,primevul_corrected,CWE-617,ovs
63526,0,both_agree,,linux
53364,0,both_agree,,iperf
144228,,unmatched,,
186313,1,bigvul_only,CWE-200,Chrome
155891,0,bigvul_only,,Chrome
17174,0,bigvul_only,,launchpad
99881,0,bigvul_only,,Chrome
94818,0,both_agree,,ImageMagick
125115,0,bigvul_only,,Chrome
82320,0,both_agree,,Espruino
96407,,unmatched,,
71990,0,bigvul_only,,ImageMagick
45016,0,both_agree,,linux
70392,1,diversevul_only,CWE-190,jasper
128051,0,bigvul_only,,Chrome
177252,0,bigvul_only,,Android
156916,0,bigvul_only,,Chrome
53078,0,both_agree,,linux
160199,0,bigvul_only,,Chrome
115441,0,bigvul_only,,Chrome
52697,0,both_agree,,linux
180033,,unmatched,,
73542,1,diversevul_only,CWE-125,ImageMagick
151260,0,bigvul_only,,Chrome
121828,0,bigvul_only,,Chrome
102847,0,bigvul_only,,Chrome
13474,0,both_agree,,ghostscript
75716,0,bigvul_only,,uriparser
85085,0,bigvul_only,,thor
184744,1,bigvul_only,CWE-399,Chrome
156621,0,bigvul_only,,Chrome
154026,0,bigvul_only,,Chrome
98872,,unmatched,,
132170,0,bigvul_only,,Chrome
183495,,unmatched,,
16735,0,both_agree,,poppler
185493,1,bigvul_only,,Chrome
146124,0,bigvul_only,,Chrome
102860,0,bigvul_only,,Chrome
56724,0,both_agree,,linux
149550,0,bigvul_only,,Chrome
89215,0,both_agree,,oniguruma
99579,0,bigvul_only,,Chrome
143366,0,bigvul_only,,Chrome
35479,0,both_agree,,linux
11028,0,bigvul_only,,gnupg
56164,0,both_agree,,linux
17326,0,bigvul_only,,savannah
96981,0,bigvul_only,,linux
19144,0,both_agree,,linux
33129,0,both_agree,,linux
15276,0,both_agree,,php
19901,0,bigvul_only,,linux
23358,0,both_agree,,linux
18636,0,both_agree,,linux
151041,0,bigvul_only,,Chrome
61752,0,both_agree,,linux
155580,0,bigvul_only,,Chrome
57010,0,both_agree,,linux
23773,0,both_agree,,linux
89210,0,both_agree,,oniguruma
146904,0,bigvul_only,,Chrome
51959,0,diversevul_only,,wireshark
161968,0,primevul_corrected,CWE-787,Chrome
96001,0,both_agree,,OpenJK
45575,0,bigvul_only,,linux
126584,0,bigvul_only,,Chrome
183933,1,bigvul_only,CWE-399,Chrome
169533,,unmatched,,
54608,0,both_agree,,linux
137410,0,bigvul_only,,Chrome
162125,0,bigvul_only,,Chrome
60339,0,both_agree,,src
39382,0,both_agree,,linux
41205,0,both_agree,,linux
89511,0,both_agree,,libming
179626,1,both_agree,CWE-20,linux
135932,0,primevul_corrected,,Chrome
137712,0,bigvul_only,,Chrome
138887,0,bigvul_only,,Chrome
181268,1,bigvul_only,CWE-617,ImageMagick
44974,0,both_agree,,linux
27265,0,both_agree,,linux
144528,,unmatched,,
103827,0,bigvul_only,,Chrome
12438,0,both_agree,,php
60744,0,both_agree,,krb5
158474,0,bigvul_only,,Chrome
186432,1,bigvul_only,CWE-200,Chrome
49700,0,both_agree,,linux
111170,0,bigvul_only,,Chrome
86375,0,both_agree,,linux
100979,,unmatched,,
86620,0,bigvul_only,,php-src
24715,0,both_agree,,linux
149313,0,bigvul_only,,Chrome
51952,0,both_agree,,wireshark
35654,0,bigvul_only,,file
109023,,unmatched,,
174933,0,bigvul_only,,Android
81847,0,both_agree,,wolfssl
132252,0,bigvul_only,,Chrome
186760,,unmatched,,
150429,,unmatched,,
128750,0,bigvul_only,,Chrome
7745,0,bigvul_only,,savannah
34258,0,both_agree,,linux
161328,0,bigvul_only,,Chrome
153427,0,bigvul_only,,Chrome
179618,1,both_agree,CWE-119,file
165618,0,bigvul_only,,Chrome
6063,0,both_agree,,qemu
144451,0,bigvul_only,,Chrome
37856,0,both_agree,,linux
14946,0,bigvul_only,,xserver
23694,0,both_agree,,linux
4109,0,bigvul_only,,poppler
19531,0,both_agree,,linux
161215,0,bigvul_only,,Chrome
152284,0,bigvul_only,,Chrome
60975,0,diversevul_only,,nautilus
6188,0,diversevul_only,,openssl
142972,0,bigvul_only,,Chrome
124518,0,bigvul_only,,Chrome
27692,0,both_agree,,linux
97199,0,bigvul_only,,Chrome
172202,,unmatched,,
111879,0,bigvul_only,,Chrome
84058,0,both_agree,,gpac
101197,0,bigvul_only,,Chrome
94902,0,both_agree,,linux
186408,,unmatched,,
119513,0,bigvul_only,,Chrome
40867,0,both_agree,,jansson
44171,0,both_agree,,linux
52854,0,both_agree,,linux
102033,0,bigvul_only,,Chrome
183039,,unmatched,,
130298,0,bigvul_only,,Chrome
50298,0,bigvul_only,,MAC-Telnet
158273,0,bigvul_only,,Chrome
124515,0,bigvul_only,,Chrome
43983,0,bigvul_only,,pacemaker
177926,1,bigvul_only,CWE-189,gstreamer
163113,0,primevul_corrected,CWE-119,Chrome
55638,0,both_agree,,linux
62175,0,bigvul_only,,rufus
142773,0,bigvul_only,,Chrome
169693,0,bigvul_only,,Chrome
85669,0,both_agree,,linux
9620,0,bigvul_only,,php
166878,0,primevul_corrected,CWE-200,Chrome
116175,0,bigvul_only,,Chrome
135987,0,bigvul_only,,Chrome
47455,0,bigvul_only,,linux
82235,0,both_agree,,linux
159554,0,bigvul_only,,Chrome
146394,0,bigvul_only,,Chrome
38210,0,both_agree,,linux
167981,0,bigvul_only,,Chrome
58850,0,both_agree,,linux
175649,,unmatched,,
13736,,unmatched,,
166404,,unmatched,,
135640,0,bigvul_only,,Chrome
97954,0,bigvul_only,,Chrome
91501,0,bigvul_only,,php-src
62597,0,both_agree,,tcpdump
90234,0,both_agree,,linux
160965,0,bigvul_only,,Chrome
81957,0,both_agree,,redis
21481,0,bigvul_only,,linux
49803,0,both_agree,,linux
156199,0,primevul_corrected,CWE-119,Chrome
159921,0,bigvul_only,,Chrome
58702,0,both_agree,,linux
78531,0,both_agree,,OpenSC
74317,0,diversevul_only,,pgbouncer
115386,0,bigvul_only,,Chrome
119896,0,bigvul_only,,Chrome
159764,0,bigvul_only,,Chrome
164336,0,bigvul_only,,Chrome
42275,0,both_agree,,linux
71940,0,bigvul_only,,ImageMagick
182627,1,both_agree,CWE-362,linux
148443,0,bigvul_only,,Chrome
172895,0,bigvul_only,,Android
75282,0,bigvul_only,,stb
67748,0,bigvul_only,,radare2
158740,0,bigvul_only,,Chrome
116092,0,bigvul_only,,Chrome
186941,,unmatched,,
26517,0,bigvul_only,,linux
109760,0,bigvul_only,,Chrome
8754,0,bigvul_only,,busybox
12905,0,bigvul_only,,infradead
115672,,unmatched,,
8416,0,bigvul_only,,qemu
180231,conflict,internal_conflict,CWE-190,php-src
178769,1,both_agree,CWE-189,linux
114176,0,bigvul_only,,Chrome
80539,0,both_agree,,gpac
139583,0,bigvul_only,,Chrome
50388,0,bigvul_only,,linux
178301,1,bigvul_only,CWE-189,xserver
66775,0,both_agree,,linux
16764,0,both_agree,,qemu
172605,0,bigvul_only,,Android
150152,0,bigvul_only,,Chrome
26716,0,bigvul_only,,linux
101580,0,bigvul_only,,Chrome
129935,0,bigvul_only,,Chrome
53948,0,both_agree,,libndp
77763,0,both_agree,,curl
144222,,unmatched,,
1434,0,diversevul_only,,rsync
94355,0,both_agree,,linux
10081,0,bigvul_only,,savannah
69463,0,bigvul_only,,linux
96013,0,bigvul_only,,OpenJK
21789,0,both_agree,,linux
90373,0,both_agree,,linux
141283,0,bigvul_only,,Chrome
135080,0,bigvul_only,,Chrome
99345,0,bigvul_only,,Chrome
115938,0,bigvul_only,,Chrome
46027,0,both_agree,,krb5
8967,0,both_agree,,qemu
144090,0,bigvul_only,,Chrome
151370,0,bigvul_only,,Chrome
188151,1,bigvul_only,CWE-200,Android
92964,0,both_agree,,rdesktop
78922,0,both_agree,,libxkbcommon
96142,0,both_agree,,libgit2
143672,0,bigvul_only,,Chrome
3547,0,both_agree,,moodle
116133,0,bigvul_only,,Chrome
89870,0,both_agree,,miniupnp
126153,0,bigvul_only,,Chrome
80806,0,both_agree,,gpac
81879,0,both_agree,,wolfssl
126964,0,bigvul_only,,Chrome
163099,0,bigvul_only,,Chrome
79258,0,both_agree,,suricata
168245,0,bigvul_only,,Chrome
82741,0,both_agree,,radare2
97974,0,bigvul_only,,Chrome
42023,0,both_agree,,linux
28697,0,both_agree,,linux
125828,0,bigvul_only,,Chrome
69460,0,bigvul_only,,linux
7094,0,primevul_corrected,CWE-119,savannah
131687,,unmatched,,
19285,0,both_agree,,linux
159046,0,bigvul_only,,Chrome
64078,0,bigvul_only,,FFmpeg
111905,0,bigvul_only,,Chrome
859,0,bigvul_only,,poppler
27198,0,diversevul_only,,nspluginwrapper
123833,0,bigvul_only,,Chrome
115815,0,bigvul_only,,Chrome
12615,0,bigvul_only,,qemu
155947,0,bigvul_only,,Chrome
50805,0,both_agree,,libarchive
173552,0,bigvul_only,,Android
111609,0,bigvul_only,,Chrome
158784,0,bigvul_only,,Chrome
54540,0,bigvul_only,,FFmpeg
173483,0,bigvul_only,,Android
39121,0,both_agree,,linux
75875,0,both_agree,,keepalived
153668,0,bigvul_only,,Chrome
135781,0,bigvul_only,,Chrome
177708,0,primevul_corrected,CWE-200,Android
74633,0,both_agree,,util-linux
174419,0,both_agree,,Android
45845,0,both_agree,,linux
61211,0,both_agree,,nautilus
34162,0,both_agree,,linux
175281,0,primevul_corrected,CWE-200,Android
3832,0,primevul_corrected,CWE-20,dbus
160115,,unmatched,,
18836,0,diversevul_only,,linux-2.6
144301,0,bigvul_only,,Chrome
18883,0,both_agree,,linux
43152,0,diversevul_only,,linux
108559,0,bigvul_only,,Chrome
171600,0,bigvul_only,,Android
119855,0,bigvul_only,,Chrome
45377,0,both_agree,,linux
162422,0,bigvul_only,,Chrome
185398,1,bigvul_only,,Chrome
141486,0,bigvul_only,,Chrome
169169,0,bigvul_only,,Chrome
18436,0,both_agree,,nbd
21030,0,both_agree,,linux
23495,0,bigvul_only,,linux
32763,0,both_agree,,linux
156064,0,bigvul_only,,Chrome
66208,0,both_agree,,libetpan
71256,0,both_agree,,linux
168861,0,bigvul_only,,Chrome
138537,0,bigvul_only,,Chrome
109476,0,bigvul_only,,Chrome
158546,0,bigvul_only,,Chrome
175454,0,bigvul_only,,Android
29139,0,bigvul_only,,linux
143447,0,bigvul_only,,Chrome
173927,0,diversevul_only,CWE-119,Android
46184,0,both_agree,,linux
90375,0,both_agree,,linux
84700,0,both_agree,,linux
77378,0,bigvul_only,,ovs
74219,0,both_agree,,ntp
8945,0,bigvul_only,,virglrenderer
42007,0,both_agree,,linux
36796,0,both_agree,,krb5
18343,0,bigvul_only,,uzbl
44070,0,bigvul_only,,pacemaker
30043,0,both_agree,,linux
52066,0,both_agree,,linux
20177,0,both_agree,,linux
155581,0,bigvul_only,,Chrome
100893,0,bigvul_only,,Chrome
181061,1,both_agree,CWE-125,tcpdump
163345,0,bigvul_only,,Chrome
154305,0,bigvul_only,,Chrome
21449,0,both_agree,,linux
10445,0,both_agree,,qemu
93128,0,both_agree,,netdata
46535,0,both_agree,,linux
67958,0,both_agree,,jasper
161728,,unmatched,,
53320,0,both_agree,,linux
178602,1,bigvul_only,CWE-119,savannah
48755,,unmatched,,
181393,1,both_agree,CWE-119,linux
102343,0,bigvul_only,,Chrome
84627,0,both_agree,,w3m
68557,0,both_agree,,gst-plugins-ugly
34861,0,both_agree,,linux
38106,0,both_agree,,linux
115176,0,bigvul_only,,Chrome
98833,0,bigvul_only,,Chrome
157544,0,bigvul_only,,Chrome
63158,0,bigvul_only,,ioq3
95591,0,bigvul_only,,OpenJK
14317,0,diversevul_only,,qemu
84544,0,both_agree,,w3m
3581,0,both_agree,,openssl
174045,0,bigvul_only,,Android
179752,1,both_agree,CWE-362,linux
49367,0,diversevul_only,,net
4592,0,bigvul_only,,php
107497,0,primevul_corrected,,Chrome
127980,0,bigvul_only,,Chrome
39443,0,both_agree,,linux
45692,0,bigvul_only,,linux
150090,0,bigvul_only,,Chrome
80948,0,both_agree,,linux
76883,0,both_agree,,ovs
122702,0,bigvul_only,,Chrome
63980,0,both_agree,,FFmpeg
1758,0,bigvul_only,,kde
159095,0,bigvul_only,,Chrome
93124,0,both_agree,,netdata
104926,0,bigvul_only,,Chrome
79915,0,both_agree,,linux
146554,0,bigvul_only,,Chrome
96006,0,bigvul_only,,OpenJK
131361,0,bigvul_only,,Chrome
182872,1,both_agree,CWE-400,mujs
73782,0,both_agree,,bzrtp
71533,0,bigvul_only,,ImageMagick
126199,0,bigvul_only,,Chrome
144788,0,bigvul_only,,Chrome
84342,0,bigvul_only,,uncurl
21853,0,both_agree,,linux
20055,0,both_agree,,linux
59164,0,both_agree,,linux
82886,0,both_agree,,radare2
112070,0,bigvul_only,,Chrome
77229,0,bigvul_only,,ovs
61763,0,both_agree,,linux
122035,0,bigvul_only,,Chrome
182940,1,diversevul_only,CWE-20,openjpeg
42301,0,both_agree,,linux
13783,0,bigvul_only,,php
58441,0,both_agree,,hexchat
185533,1,bigvul_only,,Chrome
44383,0,bigvul_only,,lxcfs
170549,0,bigvul_only,,Android
49207,0,both_agree,,linux
152553,0,bigvul_only,,Chrome
11947,0,both_agree,,openssl
62584,0,both_agree,,tcpdump
184415,,unmatched,,
105643,0,bigvul_only,,Chrome
28780,0,bigvul_only,,linux
612,0,bigvul_only,,ghostscript
127598,0,bigvul_only,,Chrome
8617,0,both_agree,,qemu
132089,0,bigvul_only,,Chrome
70561,0,both_agree,,linux
8569,0,bigvul_only,,tartarus
180029,1,diversevul_only,CWE-388,linux
147403,0,bigvul_only,,Chrome
166242,,unmatched,,
86857,0,both_agree,,optee_os
104121,0,bigvul_only,,Chrome
59677,0,both_agree,,collectd
65258,0,both_agree,,linux
46264,0,bigvul_only,,linux
100287,0,bigvul_only,,Chrome
88425,conflict,internal_conflict,CWE-918,libpcap
91415,0,both_agree,,linux
2160,0,bigvul_only,,spice
7407,0,both_agree,,php
42525,0,both_agree,,linux
35255,0,diversevul_only,,linux
50057,0,diversevul_only,,openjpeg
127493,0,bigvul_only,,Chrome
58925,0,both_agree,,linux
61624,0,both_agree,,FFmpeg
181587,1,diversevul_only,CWE-119,libtiff
172380,0,bigvul_only,,Android
156480,0,bigvul_only,,Chrome
93504,0,bigvul_only,,nmap
83740,0,both_agree,,libgit2
112986,0,bigvul_only,,Chrome
172170,0,bigvul_only,,Android
138308,0,bigvul_only,,Chrome
49125,0,both_agree,,linux
136534,0,bigvul_only,,Chrome
99457,0,bigvul_only,,Chrome
3764,0,bigvul_only,,dbus
48059,0,both_agree,,linux
133213,,unmatched,,
55087,0,diversevul_only,,git
23962,0,both_agree,,linux
61571,0,both_agree,,FFmpeg
147874,0,bigvul_only,,Chrome
54545,0,both_agree,,FFmpeg
61895,0,both_agree,,openjpeg
138813,0,bigvul_only,,Chrome
107508,0,bigvul_only,,Chrome
55730,0,both_agree,,libarchive
4926,0,primevul_corrected,CWE-119,gstreamer
68155,0,both_agree,,linux
40522,0,both_agree,,linux
64843,0,bigvul_only,,imageworsener
626,0,both_agree,,samba
123314,0,bigvul_only,,Chrome
85216,0,both_agree,,linux
52234,0,both_agree,,linux
88239,0,both_agree,,libexpat
151131,0,bigvul_only,,Chrome
171365,0,bigvul_only,,Android
12917,0,bigvul_only,,infradead
158776,0,bigvul_only,,Chrome
168448,0,bigvul_only,,Chrome
39873,0,both_agree,,linux
100299,0,bigvul_only,,Chrome
179154,conflict,internal_conflict,CWE-189,linux
126885,0,bigvul_only,,Chrome
123464,0,bigvul_only,,Chrome
46993,0,primevul_corrected,CWE-264,linux
19049,0,diversevul_only,,linux-2.6
133860,0,bigvul_only,,Chrome
140239,0,bigvul_only,,Chrome
31394,conflict,both_disagree,,linux
43217,0,both_agree,,t1utils
62639,0,diversevul_only,,ImageMagick
156895,0,bigvul_only,,Chrome
164644,0,bigvul_only,,Chrome
133163,0,bigvul_only,,Chrome
93954,0,both_agree,,linux
132440,0,bigvul_only,,Chrome
110436,0,bigvul_only,,Chrome
110466,0,bigvul_only,,Chrome
1393,0,bigvul_only,,wayland
102186,0,bigvul_only,,Chrome
152528,0,bigvul_only,,Chrome
67909,0,both_agree,,jasper
172984,0,bigvul_only,,Android
1068,0,primevul_corrected,CWE-189,poppler
7076,0,bigvul_only,,savannah
50324,0,both_agree,,linux
99573,0,bigvul_only,,Chrome
142548,0,bigvul_only,,Chrome
171120,0,bigvul_only,,Android
66125,0,both_agree,,linux
89729,0,bigvul_only,,linux
174302,0,bigvul_only,,Android
79995,0,both_agree,,gpac
118719,0,bigvul_only,,Chrome
89548,0,both_agree,,libming
85655,0,both_agree,,linux
165432,0,bigvul_only,,Chrome
69894,0,both_agree,,tor
12334,0,bigvul_only,,php
66283,0,bigvul_only,,imageworsener
103237,0,bigvul_only,,Chrome
15493,0,both_agree,,savannah
181198,1,both_agree,CWE-415,krb5
22942,0,both_agree,,linux
63612,0,bigvul_only,,php-src
42372,0,both_agree,,linux
63599,0,both_agree,,gnome-session
145557,0,bigvul_only,,Chrome
171617,,unmatched,,
81811,0,both_agree,,redis
77109,0,bigvul_only,,ovs
15351,0,both_agree,,php
96583,,unmatched,,
114453,0,bigvul_only,,Chrome
62006,0,both_agree,,tcpdump
62169,0,bigvul_only,,rufus
49758,0,both_agree,,linux
67876,0,diversevul_only,,libsndfile
89524,0,both_agree,,libming
103331,0,bigvul_only,,Chrome
103939,,unmatched,,
170547,0,bigvul_only,,Android
148539,0,bigvul_only,,Chrome
154340,0,bigvul_only,,Chrome
71885,0,both_agree,,ImageMagick
94961,0,both_agree,,linux
75342,0,both_agree,,tcpreplay
24511,0,both_agree,,linux
169088,0,bigvul_only,,Chrome
1937,0,bigvul_only,,spice
49439,0,both_agree,,linux
44539,0,both_agree,,lxc
82132,0,both_agree,,mruby
162294,0,bigvul_only,,Chrome
134968,0,bigvul_only,,Chrome
23449,0,bigvul_only,,linux
153345,0,bigvul_only,,Chrome
152426,0,bigvul_only,,Chrome
6145,0,both_agree,,openssl
155800,0,bigvul_only,,Chrome
73844,0,both_agree,,ext-http
144637,,unmatched,,
126171,,unmatched,,
152884,0,bigvul_only,,Chrome
95706,0,bigvul_only,,OpenJK
162319,0,bigvul_only,,Chrome
143752,0,bigvul_only,,Chrome
154185,,unmatched,,
28119,0,both_agree,,FFmpeg
67225,0,both_agree,,linux
127107,0,bigvul_only,,Chrome
91421,0,diversevul_only,,linux
140157,0,bigvul_only,,Chrome
25097,0,bigvul_only,,linux
123863,0,bigvul_only,,Chrome
112801,0,bigvul_only,,Chrome
7139,0,bigvul_only,,savannah
74277,0,bigvul_only,,squashfs-tools
39258,0,both_agree,,linux
55,0,bigvul_only,,php
19092,0,both_agree,,linux
153910,0,bigvul_only,,Chrome
152517,0,bigvul_only,,Chrome
25073,,unmatched,,
79099,0,both_agree,,src
57517,0,both_agree,,linux
185262,1,bigvul_only,CWE-399,Chrome
169566,0,bigvul_only,,Chrome
39337,0,both_agree,,linux
155572,0,bigvul_only,,Chrome
172196,,unmatched,,
59712,,unmatched,,
120948,,unmatched,,
99373,0,bigvul_only,,Chrome
46213,0,both_agree,,linux
26642,0,diversevul_only,,linux
34415,0,both_agree,,linux
15247,0,both_agree,,php
163914,0,bigvul_only,,Chrome
161659,0,bigvul_only,,Chrome
185068,1,bigvul_only,,Chrome
171686,,unmatched,,
15238,0,bigvul_only,,php
81493,0,both_agree,,linux
174402,0,both_agree,,Android
80882,0,both_agree,,gpac
101709,0,bigvul_only,,Chrome
89028,0,diversevul_only,,ImageMagick6
138398,0,bigvul_only,,Chrome
172924,0,bigvul_only,,Android
167384,0,bigvul_only,,Chrome
74043,0,both_agree,,ImageMagick
43323,0,both_agree,,rawstudio
178772,1,both_agree,CWE-264,linux
2670,0,both_agree,,samba
140727,,unmatched,,
11188,0,bigvul_only,,php
34686,0,both_agree,,linux
106693,0,bigvul_only,,Chrome
2032,0,both_agree,,samba
54928,0,diversevul_only,,git
98243,0,bigvul_only,,Chrome
173184,0,bigvul_only,,Android
94625,0,both_agree,,openssl
122094,0,bigvul_only,,Chrome
113389,0,bigvul_only,,Chrome
14699,0,bigvul_only,,poppler
86381,0,both_agree,,linux
130579,0,bigvul_only,,Chrome
71646,0,bigvul_only,,ImageMagick
62671,0,diversevul_only,,ImageMagick
101181,0,bigvul_only,,Chrome
116156,0,bigvul_only,,Chrome
79910,0,diversevul_only,,linux
99095,0,bigvul_only,,Chrome
132715,,unmatched,,
188045,1,bigvul_only,CWE-119,Android
168506,0,bigvul_only,,Chrome
61773,0,both_agree,,FFmpeg
48948,0,bigvul_only,,linux
84046,0,both_agree,,gpac
45176,0,both_agree,,openssl
175936,0,bigvul_only,,Android
121229,,unmatched,,
146141,0,bigvul_only,,Chrome
9959,0,bigvul_only,,exempi
47378,0,bigvul_only,,linux
74187,0,both_agree,,ntp
60433,0,both_agree,,linux
33120,0,both_agree,,linux
8507,0,bigvul_only,,tartarus
39636,0,both_agree,,linux
50286,0,bigvul_only,,MAC-Telnet
85867,0,both_agree,,linux
151098,conflict,internal_conflict,CWE-668,Chrome
170223,0,bigvul_only,,Chrome
174020,0,both_agree,,Android
92580,0,both_agree,,linux
112877,0,bigvul_only,,Chrome
72601,0,both_agree,,linux
113341,0,bigvul_only,,Chrome
40742,0,both_agree,,linux
42570,0,both_agree,,linux
73348,0,bigvul_only,,libass
165631,0,bigvul_only,,Chrome
17905,0,both_agree,,qemu
54749,0,both_agree,,linux
109181,0,bigvul_only,,Chrome
78196,0,both_agree,,OpenSC
176468,0,primevul_corrected,CWE-20,Android
60579,0,both_agree,,linux
106752,,unmatched,,
46348,0,bigvul_only,,linux
39669,0,both_agree,,linux
37252,0,both_agree,,linux
61331,0,both_agree,,FFmpeg
164863,0,bigvul_only,,Chrome
160470,0,bigvul_only,,Chrome
37349,0,both_agree,,linux
147785,0,bigvul_only,,Chrome
51037,0,both_agree,,linux
152179,0,bigvul_only,,Chrome
169063,0,bigvul_only,,Chrome
15623,0,both_agree,,qemu
126844,0,bigvul_only,,Chrome
112597,0,bigvul_only,,Chrome
104260,0,bigvul_only,,Chrome
57779,0,both_agree,,linux
176037,0,bigvul_only,,Android
124035,0,bigvul_only,,Chrome
116594,0,bigvul_only,,Chrome
55098,0,both_agree,,git
168379,0,bigvul_only,,Chrome
163135,,unmatched,,
129761,0,bigvul_only,,Chrome
85923,0,both_agree,,linux
18985,0,both_agree,,linux
269,0,both_agree,,savannah
137303,0,bigvul_only,,Chrome
171194,0,bigvul_only,,Android
102906,,unmatched,,
112137,0,bigvul_only,,Chrome
175541,0,bigvul_only,,Android
126704,0,bigvul_only,,Chrome
87258,0,both_agree,,ImageMagick
11554,0,bigvul_only,,systemd
111323,0,bigvul_only,,Chrome
167268,0,bigvul_only,,Chrome
183492,1,bigvul_only,,Chrome
90526,0,diversevul_only,,linux
140140,0,bigvul_only,,Chrome
72100,0,both_agree,,slurm
106070,,unmatched,,
50745,0,diversevul_only,,collectd
73952,0,both_agree,,quagga
141563,0,bigvul_only,,Chrome
182623,1,bigvul_only,CWE-400,php-src
134933,0,bigvul_only,,Chrome
50933,0,both_agree,,linux
58562,0,both_agree,,FreeRDP
175064,0,bigvul_only,,Android
152249,0,bigvul_only,,Chrome
60679,0,both_agree,,linux
35858,0,both_agree,,linux
70893,0,bigvul_only,,WavPack
88860,0,both_agree,,ImageMagick6
120580,0,bigvul_only,,Chrome
56568,0,both_agree,,linux
66893,0,both_agree,,linux
24957,0,both_agree,,linux
180289,1,both_agree,CWE-415,php-src
10708,0,bigvul_only,,savannah
100613,0,bigvul_only,,Chrome
83325,0,bigvul_only,,openmpt
5133,0,bigvul_only,,php
134446,0,bigvul_only,,Chrome
163075,0,bigvul_only,,Chrome
106581,0,bigvul_only,,Chrome
176939,0,bigvul_only,,Android
179273,1,diversevul_only,,linux
157511,0,bigvul_only,,Chrome
78680,0,both_agree,,OpenSC
86045,0,both_agree,,linux
123110,0,bigvul_only,,Chrome
51322,0,bigvul_only,,php-src
27625,0,both_agree,,linux
160119,0,bigvul_only,,Chrome
107802,0,bigvul_only,,Chrome
34793,0,both_agree,,linux
52506,0,both_agree,,linux
150367,,unmatched,,
15657,0,both_agree,,qemu
88887,0,both_agree,,ImageMagick6
42204,0,diversevul_only,,linux
111029,0,primevul_corrected,,Chrome
79753,0,both_agree,,libpng
122147,0,bigvul_only,,Chrome
121705,0,bigvul_only,,Chrome
13177,0,both_agree,,ghostscript
157103,,unmatched,,
108596,0,bigvul_only,,Chrome
26473,0,bigvul_only,,linux
33414,0,both_agree,,linux
75958,0,both_agree,,keepalived
155860,0,bigvul_only,,Chrome
46339,0,bigvul_only,,linux
25768,0,bigvul_only,,linux
106189,0,bigvul_only,,Chrome
85771,0,both_agree,,linux
12518,0,bigvul_only,,openafs
22937,0,both_agree,,linux
19160,0,both_agree,,linux
70539,0,both_agree,,linux
187361,,unmatched,,
116798,0,bigvul_only,,Chrome
31100,0,both_agree,,linux
99986,0,bigvul_only,,Chrome
155510,,unmatched,,
25534,0,bigvul_only,,linux
55649,0,diversevul_only,,linux
142128,0,bigvul_only,,Chrome
101437,0,bigvul_only,,Chrome
97373,0,bigvul_only,,Chrome
31112,0,both_agree,,linux
170272,0,bigvul_only,,Chrome
39050,0,both_agree,,postgres
24834,0,both_agree,,linux
159685,0,bigvul_only,,Chrome
121323,0,bigvul_only,,Chrome
6586,0,diversevul_only,,smb4k
35825,0,both_agree,,linux
146709,0,bigvul_only,,Chrome
36033,0,both_agree,,linux
158752,0,bigvul_only,,Chrome
12010,0,both_agree,,openssl
187356,1,bigvul_only,,Chrome
106426,0,bigvul_only,,Chrome
134931,0,bigvul_only,,Chrome
69390,0,diversevul_only,,openssl
55315,0,both_agree,,linux
28533,0,both_agree,,linux
57831,0,both_agree,,linux
4512,0,bigvul_only,,php
22660,0,both_agree,,linux
140295,0,bigvul_only,,Chrome
4991,0,both_agree,,openssl
105663,0,bigvul_only,,Chrome
106330,0,bigvul_only,,Chrome
56846,0,both_agree,,linux
125476,0,bigvul_only,,Chrome
87737,0,both_agree,,linux
72189,0,bigvul_only,,src
138314,0,bigvul_only,,Chrome
51759,0,diversevul_only,,wireshark
175343,0,bigvul_only,,Android
137476,0,bigvul_only,,Chrome
68,0,both_agree,,php
92318,0,both_agree,,libexpat
25780,0,bigvul_only,,linux
64456,0,both_agree,,mruby
152083,0,bigvul_only,,Chrome
72743,0,both_agree,,jasper
184426,,unmatched,,
123701,0,bigvul_only,,Chrome
49392,0,both_agree,,linux
109780,0,bigvul_only,,Chrome
54317,0,bigvul_only,,php-src
67021,0,both_agree,,FFmpeg
51010,0,both_agree,,linux
139547,0,bigvul_only,,Chrome
65712,,unmatched,,
128288,0,bigvul_only,,Chrome
147051,0,bigvul_only,,Chrome
124167,0,bigvul_only,,Chrome
67131,0,both_agree,,linux
184965,0,diversevul_only,CWE-119,Chrome
19556,0,both_agree,,linux
142754,0,bigvul_only,,Chrome
179955,1,both_agree,CWE-362,linux
176906,,unmatched,,
164789,0,bigvul_only,,Chrome
156636,0,bigvul_only,,Chrome
152863,,unmatched,,
59834,0,both_agree,,linux
46822,0,bigvul_only,,linux
5365,0,both_agree,,ghostscript
36742,1,diversevul_only,CWE-18,krb5
139939,,unmatched,,
127332,0,bigvul_only,,Chrome
122943,0,bigvul_only,,Chrome
161746,0,bigvul_only,,Chrome
98253,0,bigvul_only,,Chrome
178086,1,bigvul_only,CWE-787,libXrandr
43043,0,both_agree,,redis
3674,0,both_agree,,qemu
30651,0,both_agree,,linux
11038,0,both_agree,,samba
111580,0,bigvul_only,,Chrome
126256,0,bigvul_only,,Chrome
75630,0,both_agree,,WavPack
51130,0,both_agree,,linux
111316,0,bigvul_only,,Chrome
26396,0,bigvul_only,,linux
66855,0,both_agree,,linux
6600,0,bigvul_only,,kde
37461,0,primevul_corrected,CWE-20,linux
163529,0,bigvul_only,,Chrome
25762,0,bigvul_only,,linux
21507,0,both_agree,,krb5
10137,0,bigvul_only,,savannah
74458,0,both_agree,,linux
4944,0,primevul_corrected,CWE-119,gstreamer
3900,0,bigvul_only,,poppler
138656,0,bigvul_only,,Chrome
68690,0,both_agree,,linux
102511,0,bigvul_only,,Chrome
46731,0,bigvul_only,,linux
75241,0,bigvul_only,,stb
62656,0,diversevul_only,,libzip
40703,0,both_agree,,linux
26560,0,both_agree,,linux
21673,0,both_agree,,linux
107847,0,bigvul_only,,Chrome
145896,0,bigvul_only,,Chrome
145303,0,bigvul_only,,Chrome
14661,0,bigvul_only,,php
176152,0,primevul_corrected,CWE-190,Android
155301,0,bigvul_only,,Chrome
116792,0,bigvul_only,,Chrome
127818,0,bigvul_only,,Chrome
111962,0,bigvul_only,,Chrome
7953,0,both_agree,,qemu
164056,,unmatched,,
132340,0,bigvul_only,,Chrome
140689,0,bigvul_only,,Chrome
110532,0,bigvul_only,,Chrome
124584,0,bigvul_only,,Chrome
117710,0,bigvul_only,,Chrome
179281,1,both_agree,CWE-20,linux
14128,0,bigvul_only,,xserver
143239,0,bigvul_only,,Chrome
77430,0,bigvul_only,,ovs
185116,1,bigvul_only,CWE-119,Chrome
44598,0,both_agree,,lxc
176112,0,bigvul_only,,Android
90042,0,both_agree,,zstd
30019,0,both_agree,,linux
185544,,unmatched,,
175263,0,bigvul_only,,Android
13015,0,bigvul_only,,mindrot
140382,0,bigvul_only,,Chrome
56961,0,both_agree,,linux
126604,0,bigvul_only,,Chrome
133404,0,bigvul_only,,Chrome
14934,0,bigvul_only,,xserver
56531,0,both_agree,,linux
118309,0,bigvul_only,,Chrome
32909,0,both_agree,,linux
116356,0,bigvul_only,,Chrome
69050,conflict,both_disagree,,ImageMagick
12218,0,bigvul_only,,strongswan
165935,0,bigvul_only,,Chrome
115887,0,primevul_corrected,CWE-399,Chrome
111892,0,bigvul_only,,Chrome
98713,0,bigvul_only,,Chrome
186599,,unmatched,,
20935,0,both_agree,,file
183876,,unmatched,,
38294,0,both_agree,,linux
159985,0,bigvul_only,,Chrome
92924,0,both_agree,,rdesktop
78936,0,both_agree,,libxkbcommon
23471,0,both_agree,,linux
160567,0,bigvul_only,,Chrome
116285,0,bigvul_only,,Chrome
71816,0,primevul_corrected,CWE-119,ImageMagick
81218,0,bigvul_only,,linux
127805,0,bigvul_only,,Chrome
119852,0,bigvul_only,,Chrome
83144,0,both_agree,,mruby
86883,0,both_agree,,optee_os
164648,0,bigvul_only,,Chrome
30642,0,both_agree,,linux
825,0,bigvul_only,,poppler
94345,0,both_agree,,linux
128763,0,bigvul_only,,Chrome
173314,0,bigvul_only,,Android
133239,0,bigvul_only,,Chrome
167191,0,bigvul_only,,Chrome
69498,0,both_agree,,linux
130122,0,bigvul_only,,Chrome
98975,0,bigvul_only,,Chrome
59314,0,both_agree,,linux
12650,0,both_agree,,exim
115423,0,bigvul_only,,Chrome
188576,,unmatched,,
2767,0,diversevul_only,,ghostpdl
27106,0,both_agree,,nspluginwrapper
1246,0,bigvul_only,,poppler
137169,0,bigvul_only,,Chrome
5907,0,both_agree,,qemu
19743,0,both_agree,,linux
36433,0,both_agree,,linux
141164,0,bigvul_only,,Chrome
164907,0,bigvul_only,,Chrome
121268,0,bigvul_only,,Chrome
104418,0,bigvul_only,,Chrome
172793,0,bigvul_only,,Android
157843,,unmatched,,
175249,0,bigvul_only,,Android
94685,0,both_agree,,openssl
92492,0,both_agree,,linux
129202,0,bigvul_only,,Chrome
173502,0,bigvul_only,,Android
22723,0,both_agree,,linux
153375,0,bigvul_only,,Chrome
165020,0,bigvul_only,,Chrome
165391,0,bigvul_only,,Chrome
142508,0,bigvul_only,,Chrome
155119,0,primevul_corrected,CWE-200,Chrome
100938,0,bigvul_only,,Chrome
40255,0,both_agree,,linux
41932,0,both_agree,,linux
78265,0,both_agree,,OpenSC
100710,0,diversevul_only,CWE-119,Chrome
22953,0,both_agree,,linux
57244,0,bigvul_only,,linux
129952,0,bigvul_only,,Chrome
51685,0,bigvul_only,,libreswan
100895,0,bigvul_only,,Chrome
151886,0,bigvul_only,,Chrome
3019,0,bigvul_only,,qemu
128709,0,bigvul_only,,Chrome
4850,0,primevul_corrected,CWE-119,xserver
132203,0,bigvul_only,,Chrome
169430,0,bigvul_only,,Chrome
174298,0,bigvul_only,,Android
140415,0,bigvul_only,,Chrome
141763,0,bigvul_only,,Chrome
147317,0,bigvul_only,,Chrome
13010,0,bigvul_only,,mindrot
13292,0,both_agree,,ghostscript
67551,0,both_agree,,linux
4158,0,bigvul_only,,poppler
118246,,unmatched,,
185982,1,bigvul_only,CWE-79,Chrome
10399,0,bigvul_only,,fontconfig
49699,0,both_agree,,linux
59094,0,both_agree,,linux
101337,0,bigvul_only,,Chrome
129871,0,bigvul_only,,Chrome
78167,0,both_agree,,OpenSC
187782,conflict,internal_conflict,CWE-20,Android
187404,1,bigvul_only,CWE-20,Android
29841,0,both_agree,,linux
89285,0,bigvul_only,,u-boot
55968,0,both_agree,,linux
110968,0,bigvul_only,,Chrome
70552,0,both_agree,,linux
14062,0,bigvul_only,,xserver
101919,0,bigvul_only,,Chrome
60208,0,both_agree,,linux
137091,0,bigvul_only,,Chrome
149291,0,bigvul_only,,Chrome
185229,,unmatched,,
142016,0,bigvul_only,,Chrome
42231,0,both_agree,,linux
143768,0,bigvul_only,,Chrome
91160,0,both_agree,,ImageMagick
145892,,unmatched,,
186178,,unmatched,,
132437,0,bigvul_only,,Chrome
106937,0,bigvul_only,,Chrome
99803,0,bigvul_only,,Chrome
28626,0,both_agree,,linux
23274,0,bigvul_only,,linux
122689,0,bigvul_only,,Chrome
26265,0,bigvul_only,,linux
123017,0,bigvul_only,,Chrome
37051,0,both_agree,,linux
116131,0,bigvul_only,,Chrome
49776,0,both_agree,,linux
172690,,unmatched,,
115674,0,bigvul_only,,Chrome
88193,0,both_agree,,libexpat
19793,0,both_agree,,linux
123583,0,bigvul_only,,Chrome
9388,0,both_agree,,openssl
68401,0,both_agree,,linux
58109,0,both_agree,,linux
129380,0,bigvul_only,,Chrome
149043,0,both_agree,,Chrome
182732,1,both_agree,CWE-125,linux
156094,0,bigvul_only,,Chrome
154107,0,bigvul_only,,Chrome
86172,0,bigvul_only,,linux
73613,0,bigvul_only,,ImageMagick
99215,0,bigvul_only,,Chrome
139796,0,primevul_corrected,,Chrome
33822,0,both_agree,,linux
96731,0,both_agree,,ImageMagick6
155778,0,bigvul_only,,Chrome
55352,0,both_agree,,linux
36523,0,both_agree,,linux
28988,0,both_agree,,polarssl
66495,0,both_agree,,linux
177439,0,bigvul_only,,Android
123001,0,bigvul_only,,Chrome
173952,0,diversevul_only,CWE-119,Android
36451,0,both_agree,,linux
97226,0,bigvul_only,,Chrome
116002,0,bigvul_only,,Chrome
135680,0,bigvul_only,,Chrome
144700,,unmatched,,
140924,0,bigvul_only,,Chrome
30300,0,bigvul_only,,linux
80450,0,both_agree,,gpac
125724,,unmatched,,
76837,0,both_agree,,ovs
11385,0,bigvul_only,,xserver
89984,0,both_agree,,zstd
137294,0,bigvul_only,,Chrome
137878,0,bigvul_only,,Chrome
151655,0,bigvul_only,,Chrome
167680,0,bigvul_only,,Chrome
103147,0,bigvul_only,,Chrome
135091,0,bigvul_only,,Chrome
63582,0,both_agree,,gnome-session
78766,0,both_agree,,OpenSC
137542,0,bigvul_only,,Chrome
29701,0,diversevul_only,,FFmpeg
37839,0,both_agree,,linux
187747,,unmatched,,
125563,0,bigvul_only,,Chrome
121183,0,bigvul_only,,Chrome
128124,0,bigvul_only,,Chrome
173810,0,bigvul_only,,Android
23332,0,bigvul_only,,linux
179160,,unmatched,,
129034,0,bigvul_only,,Chrome
113325,0,bigvul_only,,Chrome
58660,0,both_agree,,FreeRDP
58161,0,both_agree,,linux
167523,0,bigvul_only,,Chrome
55487,0,both_agree,,linux
88895,0,both_agree,,ImageMagick6
4230,0,bigvul_only,,libx11
7177,conflict,both_disagree,,openssl
15868,0,both_agree,,qemu
77671,0,diversevul_only,,ovs
166905,0,bigvul_only,,Chrome
54009,0,bigvul_only,,linux
168798,0,bigvul_only,,Chrome
158565,0,bigvul_only,,Chrome
143259,0,bigvul_only,,Chrome
97036,0,bigvul_only,,linux
118918,0,primevul_corrected,,Chrome
86790,0,both_agree,,libtiff
161428,0,bigvul_only,,Chrome
179176,1,both_agree,CWE-119,FFmpeg
185159,,unmatched,,
45429,0,both_agree,,linux
22554,0,both_agree,,linux
127272,0,bigvul_only,,Chrome
82872,0,bigvul_only,,radare2
118672,0,bigvul_only,,Chrome
99199,0,bigvul_only,,Chrome
109525,0,bigvul_only,,Chrome
140045,0,bigvul_only,,Chrome
91972,0,diversevul_only,,linux
104498,,unmatched,,
63015,0,both_agree,,linux
8500,0,primevul_corrected,,gstreamer
161100,0,bigvul_only,,Chrome
142380,,unmatched,,
15560,0,bigvul_only,,mindrot
1663,0,bigvul_only,,ghostscript
106360,0,bigvul_only,,Chrome
22303,0,both_agree,,linux
184077,1,bigvul_only,,Chrome
108430,,unmatched,,
170932,0,bigvul_only,,Android
118892,0,bigvul_only,,Chrome
57530,0,both_agree,,linux
61554,0,both_agree,,FFmpeg
171998,0,bigvul_only,,Android
20214,0,both_agree,,linux
152405,,unmatched,,
159509,0,bigvul_only,,Chrome
78363,0,both_agree,,OpenSC
53214,0,both_agree,,linux
87637,0,diversevul_only,,openmpt
180601,1,both_agree,CWE-119,git
18668,0,both_agree,,linux
84017,0,both_agree,,gpac
152876,0,bigvul_only,,Chrome
35673,0,both_agree,,file
64524,0,bigvul_only,,ImageMagick
38103,0,both_agree,,linux
176306,0,bigvul_only,,Android
2950,0,both_agree,,ghostscript
150609,0,bigvul_only,,Chrome
19283,0,both_agree,,linux
90310,0,both_agree,,linux
170716,0,bigvul_only,,Android
80573,0,both_agree,,gpac
59490,0,both_agree,,libxml2
103846,0,bigvul_only,,Chrome
5940,0,both_agree,,qemu
19368,0,bigvul_only,,linux
188375,0,diversevul_only,CWE-119,Android
144230,0,bigvul_only,,Chrome
58036,0,both_agree,,linux
144918,0,bigvul_only,,Chrome
93961,0,both_agree,,linux
182554,1,both_agree,CWE-476,linux
57037,0,both_agree,,linux
137060,0,bigvul_only,,Chrome
19149,0,both_agree,,linux
21990,0,bigvul_only,,raptor
127423,0,bigvul_only,,Chrome
143176,0,bigvul_only,,Chrome
79362,0,both_agree,,FFmpeg
4161,,unmatched,,
130445,0,bigvul_only,,Chrome
97245,0,bigvul_only,,Chrome
179121,1,diversevul_only,CWE-20,linux
185940,,unmatched,,
163080,,unmatched,,
4855,0,bigvul_only,,xserver
177262,0,bigvul_only,,Android
3478,0,both_agree,,savannah
46160,0,both_agree,,linux
100198,0,bigvul_only,,Chrome
8345,0,bigvul_only,,qemu
164524,0,bigvul_only,,Chrome
49011,0,bigvul_only,,linux
183116,1,both_agree,CWE-20,libgd
113788,0,bigvul_only,,Chrome
177654,0,bigvul_only,,Android
132798,0,bigvul_only,,Chrome
39107,0,both_agree,,postgres
48239,0,diversevul_only,,libtiff
32687,0,both_agree,,linux
114201,0,bigvul_only,,Chrome
58034,0,both_agree,,linux
133304,0,bigvul_only,,Chrome
31274,0,both_agree,,linux
98798,0,bigvul_only,,Chrome
942,0,bigvul_only,,poppler
161109,0,bigvul_only,,Chrome
54731,0,both_agree,,linux
172546,0,bigvul_only,,Android
131373,0,bigvul_only,,Chrome
92908,0,bigvul_only,,openssh-portable
135309,0,bigvul_only,,Chrome
37667,0,both_agree,,linux
127,0,both_agree,,php
111489,0,bigvul_only,,Chrome
1267,0,bigvul_only,,poppler
112776,0,bigvul_only,,Chrome
175059,0,bigvul_only,,Android
141467,0,primevul_corrected,CWE-79,Chrome
74287,0,bigvul_only,,squashfs-tools
174334,0,bigvul_only,,Android
18720,0,both_agree,,linux
7586,0,both_agree,,qemu
16383,0,bigvul_only,,htcondor
86056,0,both_agree,,linux
89845,0,both_agree,,miniupnp
17479,0,bigvul_only,,xserver
106539,0,bigvul_only,,Chrome
106357,0,bigvul_only,,Chrome
115690,0,bigvul_only,,Chrome
182197,1,diversevul_only,,ovs
156735,0,primevul_corrected,CWE-732,Chrome
14560,0,diversevul_only,,openssl
155216,0,bigvul_only,,Chrome
92570,0,both_agree,,linux
141413,0,bigvul_only,,Chrome
68221,0,both_agree,,linux
104221,0,bigvul_only,,Chrome
10148,0,bigvul_only,,savannah
11762,0,bigvul_only,,udisks
45392,0,both_agree,,linux
115144,0,bigvul_only,,Chrome
101104,0,bigvul_only,,Chrome
62377,0,both_agree,,tcpdump
102570,0,bigvul_only,,Chrome
72980,0,diversevul_only,,w3m
83992,0,both_agree,,gpac
155696,0,bigvul_only,,Chrome
88443,0,both_agree,,gpmf-parser
75480,0,bigvul_only,,krb5
85804,0,both_agree,,linux
97139,0,bigvul_only,,Chrome
96529,0,both_agree,,suricata
86074,0,both_agree,,linux
15733,0,diversevul_only,,qemu
17581,0,bigvul_only,,xserver
70594,0,both_agree,,libevent
84437,0,both_agree,,linux
114578,0,bigvul_only,,Chrome
25721,0,bigvul_only,,linux
152321,0,bigvul_only,,Chrome
84707,0,both_agree,,linux
13867,0,both_agree,,php
151633,,unmatched,,
90135,0,both_agree,,zstd
110305,0,bigvul_only,,Chrome
10702,0,bigvul_only,,savannah
45153,0,diversevul_only,,httpd
96520,0,both_agree,,suricata
67290,0,both_agree,,linux
18842,0,both_agree,,linux
24747,0,diversevul_only,,linux
15919,0,bigvul_only,,exempi
35276,0,both_agree,,linux
96084,0,both_agree,,firejail
45636,0,bigvul_only,,linux
160312,0,bigvul_only,,Chrome
19579,0,both_agree,,linux
2357,0,both_agree,,samba
72502,0,both_agree,,zlib
103383,0,bigvul_only,,Chrome
120995,0,bigvul_only,,Chrome
175086,0,bigvul_only,,Android
86869,0,both_agree,,optee_os
160787,0,bigvul_only,,Chrome
18190,0,both_agree,,irssi-proxy
33561,0,both_agree,,linux
82668,0,both_agree,,linux
5635,0,both_agree,,savannah
10065,0,diversevul_only,,freetype2-demos
85152,0,both_agree,,linux
148196,0,bigvul_only,,Chrome
7773,0,both_agree,,haproxy
113957,0,bigvul_only,,Chrome
118481,0,bigvul_only,,Chrome
82224,0,both_agree,,linux
15863,0,both_agree,,qemu
34025,0,both_agree,,linux
92071,0,both_agree,,linux
72009,0,bigvul_only,,ImageMagick
67466,0,both_agree,,linux
61477,0,primevul_corrected,CWE-834,FFmpeg
10185,0,bigvul_only,,savannah
51880,0,both_agree,,wireshark
183386,1,bigvul_only,CWE-310,libgcrypt
137212,0,bigvul_only,,Chrome
121699,0,bigvul_only,,Chrome
23906,0,both_agree,,linux
64373,0,both_agree,,FFmpeg
6577,0,bigvul_only,,kde
175628,,unmatched,,
141550,0,bigvul_only,,Chrome
19538,0,diversevul_only,,linux
95740,0,bigvul_only,,OpenJK
5604,0,both_agree,,gnupg
113387,0,bigvul_only,,Chrome
118880,0,bigvul_only,,Chrome
35986,0,diversevul_only,,linux
143587,0,bigvul_only,,Chrome
76660,0,both_agree,,texlive-source
4721,0,bigvul_only,,accountsservice
56453,0,both_agree,,linux
15122,0,both_agree,,php
131012,0,bigvul_only,,Chrome
81593,0,both_agree,,linux
163067,0,bigvul_only,,Chrome
182458,conflict,internal_conflict,CWE-787,FreeRDP
81831,0,diversevul_only,,wolfssl
169257,0,bigvul_only,,Chrome
71743,0,bigvul_only,,ImageMagick
62327,0,both_agree,,tcpdump
75544,0,both_agree,,linux
183663,conflict,internal_conflict,,Chrome
35241,0,both_agree,,linux
137869,,unmatched,,
99265,0,bigvul_only,,Chrome
2968,0,both_agree,,ghostscript
550,0,bigvul_only,,ghostscript
52333,0,both_agree,,linux
180071,1,both_agree,CWE-416,linux
32151,0,both_agree,,linux
170857,0,bigvul_only,,Android
109844,0,bigvul_only,,Chrome
169702,0,bigvul_only,,Chrome
78476,0,both_agree,,OpenSC
22938,0,both_agree,,linux
142977,0,bigvul_only,,Chrome
15467,,unmatched,,
184097,1,bigvul_only,CWE-189,Chrome
93206,0,both_agree,,tcpdump
56333,0,both_agree,,libgd
122148,0,bigvul_only,,Chrome
793,0,bigvul_only,,poppler
42494,0,both_agree,,linux
68849,0,both_agree,,linux
138954,0,bigvul_only,,Chrome
148383,0,bigvul_only,,Chrome
38147,0,diversevul_only,,linux
21229,0,both_agree,,linux
112565,0,bigvul_only,,Chrome
47938,0,both_agree,,linux
85159,0,both_agree,,linux
54429,0,bigvul_only,,php-src
47786,0,both_agree,,linux
106927,0,bigvul_only,,Chrome
94585,0,both_agree,,linux
172016,,unmatched,,
22917,0,both_agree,,linux
40252,0,both_agree,,linux
28265,0,both_agree,,FFmpeg
8915,0,primevul_corrected,CWE-772,virglrenderer
166721,0,bigvul_only,,Chrome
66747,0,both_agree,,linux
164894,,unmatched,,
138724,0,bigvul_only,,Chrome
61720,0,diversevul_only,,libzip
65177,0,diversevul_only,,linux
164199,0,bigvul_only,,Chrome
4957,0,diversevul_only,,gst-plugins-good
124736,0,bigvul_only,,Chrome
26908,0,diversevul_only,,linux
183616,,unmatched,,
47161,0,bigvul_only,,linux
74802,0,both_agree,,FFmpeg
144512,,unmatched,,
102677,0,bigvul_only,,Chrome
59105,0,both_agree,,linux
56820,0,both_agree,,linux
149889,0,bigvul_only,,Chrome
65298,0,both_agree,,linux
57239,0,both_agree,,linux
144887,0,bigvul_only,,Chrome
121806,0,bigvul_only,,Chrome
160368,0,bigvul_only,,Chrome
157347,0,bigvul_only,,Chrome
24505,0,both_agree,,linux
43052,0,both_agree,,redis
59106,0,both_agree,,linux
141320,0,bigvul_only,,Chrome
2045,0,both_agree,,samba
173814,0,bigvul_only,,Android
157782,0,bigvul_only,,Chrome
47432,0,primevul_corrected,CWE-264,linux
46044,0,both_agree,,krb5
57332,0,bigvul_only,,php-src
14968,0,bigvul_only,,xserver
181389,1,both_agree,CWE-119,linux
126716,,unmatched,,
181299,1,diversevul_only,,linux
68589,0,diversevul_only,,linux
135203,0,bigvul_only,,Chrome
31053,0,both_agree,,linux
75929,0,diversevul_only,,keepalived
14382,0,bigvul_only,,mindrot
137740,0,bigvul_only,,Chrome
180577,1,diversevul_only,,linux
49215,0,both_agree,,linux
163686,0,both_agree,,Chrome
20970,0,both_agree,,linux
32369,0,both_agree,,linux
164930,,unmatched,,
110214,,unmatched,,
164259,0,bigvul_only,,Chrome
86898,0,both_agree,,optee_os
34432,0,both_agree,,linux
144602,0,bigvul_only,,Chrome
85792,0,both_agree,,linux
64353,0,bigvul_only,,radare2
23762,0,both_agree,,linux
119012,0,bigvul_only,,Chrome
17259,0,bigvul_only,,libxfont
44415,0,bigvul_only,,lxcfs
88559,0,both_agree,,ImageMagick6
27807,0,both_agree,,linux
18612,0,diversevul_only,,net
117320,0,both_agree,,Chrome
25246,,unmatched,,
171354,0,bigvul_only,,Android
164557,0,bigvul_only,,Chrome
165227,0,bigvul_only,,Chrome
110524,0,bigvul_only,,Chrome
142298,0,bigvul_only,,Chrome
141127,0,bigvul_only,,Chrome
147846,0,bigvul_only,,Chrome
29919,0,diversevul_only,,linux
147743,0,bigvul_only,,Chrome
87856,0,both_agree,,oniguruma
10999,0,both_agree,,php
134513,,unmatched,,
64731,0,both_agree,,systemd
72068,0,both_agree,,slurm
9829,0,bigvul_only,,haproxy
114474,0,bigvul_only,,Chrome
64775,0,both_agree,,linux
47477,0,bigvul_only,,linux
19298,0,diversevul_only,,linux
31934,0,both_agree,,linux
37771,0,diversevul_only,,kvm
162082,0,primevul_corrected,CWE-787,Chrome
80403,0,both_agree,,gpac
65593,0,bigvul_only,,linux
131653,0,bigvul_only,,Chrome
108184,0,bigvul_only,,Chrome
116646,0,bigvul_only,,Chrome
181907,conflict,internal_conflict,,jasper
104685,0,bigvul_only,,Chrome
148409,0,bigvul_only,,Chrome
40647,0,both_agree,,linux
75540,0,both_agree,,linux
175018,,unmatched,,
36914,0,both_agree,,linux
135470,0,bigvul_only,,Chrome
153616,0,bigvul_only,,Chrome
169855,0,bigvul_only,,Chrome
124464,0,bigvul_only,,Chrome
55856,0,both_agree,,linux
67765,0,both_agree,,linux
160621,0,bigvul_only,,Chrome
51777,0,both_agree,,wireshark
151087,0,bigvul_only,,Chrome
178465,0,diversevul_only,CWE-20,php
58419,0,bigvul_only,,Little-CMS
80966,0,both_agree,,linux
153071,0,bigvul_only,,Chrome
37199,0,both_agree,,linux
55963,0,diversevul_only,,linux
58479,0,both_agree,,hexchat
85312,0,both_agree,,cups
46457,0,both_agree,,krb5
143240,0,bigvul_only,,Chrome
122253,0,bigvul_only,,Chrome
107031,,unmatched,,
30337,0,both_agree,,linux
131610,0,bigvul_only,,Chrome
61317,0,both_agree,,FFmpeg
120463,0,bigvul_only,,Chrome
27237,0,both_agree,,linux
112160,,unmatched,,
111299,0,bigvul_only,,Chrome
123058,0,bigvul_only,,Chrome
82887,0,bigvul_only,,radare2
135946,0,primevul_corrected,,Chrome
73876,0,primevul_corrected,CWE-74,linux
128936,0,bigvul_only,,Chrome
53756,0,both_agree,,linux
69656,0,both_agree,,tor
70178,0,bigvul_only,,libtiff
17042,0,bigvul_only,,launchpad
84854,0,both_agree,,linux
151191,0,bigvul_only,,Chrome
159043,0,primevul_corrected,CWE-20,Chrome
98955,0,bigvul_only,,Chrome
161007,0,bigvul_only,,Chrome
117175,0,bigvul_only,,Chrome
146209,0,bigvul_only,,Chrome
166986,,unmatched,,
97826,0,bigvul_only,,Chrome
125607,0,bigvul_only,,Chrome
120120,,unmatched,,
43791,0,both_agree,,krb5
37030,0,diversevul_only,,kvm
77531,0,both_agree,,ovs
96131,0,bigvul_only,,systemd
90352,0,both_agree,,linux
48731,0,both_agree,,linux
19464,0,bigvul_only,,linux
80374,0,bigvul_only,,gpac
105179,,unmatched,,
87978,0,both_agree,,linux
42893,0,bigvul_only,,abrt
164127,0,bigvul_only,,Chrome
186207,1,primevul_corrected,CWE-310,Chrome
88632,0,both_agree,,linux
159280,0,bigvul_only,,Chrome
67018,0,both_agree,,FFmpeg
98392,0,bigvul_only,,Chrome
144152,0,bigvul_only,,Chrome
140283,0,bigvul_only,,Chrome
43681,0,both_agree,,linux
10240,0,bigvul_only,,savannah
71633,0,both_agree,,ImageMagick
139922,0,bigvul_only,,Chrome
130689,0,bigvul_only,,Chrome
142809,0,primevul_corrected,,Chrome
143737,0,bigvul_only,,Chrome
96484,0,diversevul_only,,suricata
177703,0,bigvul_only,,Android
172958,0,bigvul_only,,Android
153098,0,bigvul_only,,Chrome
111015,0,bigvul_only,,Chrome
13511,0,bigvul_only,,libav
39098,0,both_agree,,postgres
81835,0,both_agree,,wolfssl
182980,1,both_agree,CWE-119,rdesktop
148538,0,bigvul_only,,Chrome
136460,0,bigvul_only,,Chrome
37163,0,diversevul_only,,kvm
142567,0,bigvul_only,,Chrome
88829,0,both_agree,,linux
44366,0,both_agree,,linux
7447,0,both_agree,,php
35129,0,bigvul_only,,linux
129117,0,bigvul_only,,Chrome
177803,1,bigvul_only,CWE-17,netfilter
58260,0,both_agree,,linux
181941,1,both_agree,CWE-119,libgd
103615,0,bigvul_only,,Chrome
156853,0,bigvul_only,,Chrome
114685,0,bigvul_only,,Chrome
175839,,unmatched,,
87619,0,both_agree,,FreeRDP
143520,0,bigvul_only,,Chrome
96671,0,diversevul_only,,linux
157479,0,bigvul_only,,Chrome
58617,0,both_agree,,FreeRDP
66499,0,both_agree,,linux
156057,0,bigvul_only,,Chrome
106651,0,bigvul_only,,Chrome
118125,0,bigvul_only,,Chrome
132742,0,bigvul_only,,Chrome
186983,1,bigvul_only,CWE-20,Chrome
83859,0,diversevul_only,,linux
179146,1,both_agree,CWE-189,linux
46054,0,both_agree,,krb5
109601,,unmatched,,
32212,0,both_agree,,linux
67435,0,both_agree,,linux
91286,0,both_agree,,linux
15168,conflict,both_disagree,,php
108091,0,bigvul_only,,Chrome
15011,0,bigvul_only,,xserver
38207,conflict,both_disagree,,linux
13753,0,bigvul_only,,php
31422,0,both_agree,,linux
15637,0,both_agree,,qemu
1042,0,bigvul_only,,poppler
86594,0,bigvul_only,,pacemaker
11414,0,bigvul_only,,xserver
132313,0,bigvul_only,,Chrome
44911,0,both_agree,,linux
89305,0,bigvul_only,,u-boot
98201,0,bigvul_only,,Chrome
36325,0,both_agree,,linux
172432,0,bigvul_only,,Android
166076,0,bigvul_only,,Chrome
151805,0,bigvul_only,,Chrome
156087,0,bigvul_only,,Chrome
107977,0,bigvul_only,,Chrome
78102,0,both_agree,,OpenSC
170301,0,bigvul_only,,Chrome
127999,0,bigvul_only,,Chrome
161309,0,bigvul_only,,Chrome
25321,0,both_agree,,linux
33866,0,both_agree,,pacemaker
43545,0,both_agree,,linux
102672,0,bigvul_only,,Chrome
24497,0,both_agree,,linux
56597,0,both_agree,,linux
140110,0,bigvul_only,,Chrome
110878,0,primevul_corrected,,Chrome
65065,0,both_agree,,linux
85147,1,diversevul_only,CWE-20,linux
100436,0,bigvul_only,,Chrome
92618,0,both_agree,,linux
172998,0,bigvul_only,,Android
80698,0,both_agree,,gpac
89331,0,bigvul_only,,u-boot
11389,0,bigvul_only,,xserver
73007,0,both_agree,,jasper
167703,0,bigvul_only,,Chrome
118218,0,bigvul_only,,Chrome
169652,0,bigvul_only,,Chrome
134640,0,bigvul_only,,Chrome
153317,0,bigvul_only,,Chrome
83685,0,diversevul_only,,libgit2
148566,0,bigvul_only,,Chrome
131138,0,bigvul_only,,Chrome
44584,0,both_agree,,lxc
2709,0,both_agree,,savannah
138286,0,bigvul_only,,Chrome
47469,0,primevul_corrected,CWE-264,linux
103417,0,bigvul_only,,Chrome
130680,0,bigvul_only,,Chrome
176733,0,bigvul_only,,Android
183363,1,both_agree,CWE-189,linux
171808,0,bigvul_only,,Android
40787,0,both_agree,,linux
114624,,unmatched,,
110096,0,bigvul_only,,Chrome
178473,1,bigvul_only,CWE-119,php
16514,0,bigvul_only,,htcondor
171551,0,bigvul_only,,Android
79397,0,diversevul_only,,FFmpeg
103271,0,bigvul_only,,Chrome
37748,0,both_agree,,linux
142467,0,bigvul_only,,Chrome
37805,0,diversevul_only,,linux-2.6
3097,conflict,both_disagree,,ghostscript
87773,0,both_agree,,radare2
83630,0,both_agree,,FreeRDP
174046,0,bigvul_only,,Android
75858,0,both_agree,,keepalived
29457,0,both_agree,,linux
114055,,unmatched,,
156193,0,bigvul_only,,Chrome
99662,1,bigvul_only,CWE-362,Chrome
19483,0,bigvul_only,,linux
110005,0,bigvul_only,,Chrome
107140,0,bigvul_only,,Chrome
152064,,unmatched,,
88257,0,both_agree,,libexpat
5200,0,bigvul_only,,php
35499,0,both_agree,,linux
132271,0,bigvul_only,,Chrome
61577,0,both_agree,,FFmpeg
106401,0,bigvul_only,,Chrome
161520,0,bigvul_only,,Chrome
50289,0,primevul_corrected,CWE-119,MAC-Telnet
72357,0,bigvul_only,,src
109280,0,bigvul_only,,Chrome
91112,0,bigvul_only,,linux
36727,0,both_agree,,krb5
156221,0,bigvul_only,,Chrome
21392,0,both_agree,,linux
121927,0,bigvul_only,,Chrome
135634,0,bigvul_only,,Chrome
3857,0,both_agree,,php
70139,0,bigvul_only,,libtiff
68732,0,both_agree,,linux
145259,0,bigvul_only,,Chrome
55983,0,both_agree,,linux
104347,0,bigvul_only,,Chrome
74572,0,both_agree,,linux
144611,0,bigvul_only,,Chrome
75345,0,both_agree,,tcpreplay
127293,0,bigvul_only,,Chrome
73414,0,both_agree,,openssl
146027,0,bigvul_only,,Chrome
101611,,unmatched,,
185114,1,bigvul_only,CWE-119,Chrome
35881,0,both_agree,,linux
157673,0,bigvul_only,,Chrome
58649,0,both_agree,,FreeRDP
176605,0,both_agree,,Android
97033,,unmatched,,
185674,1,bigvul_only,,Chrome
94024,0,bigvul_only,,capstone
122436,0,primevul_corrected,CWE-119,Chrome
43393,0,both_agree,,linux
153938,0,bigvul_only,,Chrome
94598,0,both_agree,,linux
80125,0,both_agree,,gpac
133864,0,bigvul_only,,Chrome
117641,0,bigvul_only,,Chrome
136797,0,bigvul_only,,Chrome
11862,0,both_agree,,samba
47452,0,bigvul_only,,linux
92523,0,both_agree,,linux
87393,0,bigvul_only,,linux
39621,0,both_agree,,linux
3137,0,both_agree,,ghostscript
108613,0,bigvul_only,,Chrome
82694,0,bigvul_only,,radare2
115483,0,bigvul_only,,Chrome
174352,0,bigvul_only,,Android
154563,0,bigvul_only,,Chrome
20975,0,both_agree,,linux
141423,0,primevul_corrected,CWE-79,Chrome
138770,,unmatched,,
151472,0,bigvul_only,,Chrome
139671,0,bigvul_only,,Chrome
71774,0,bigvul_only,,ImageMagick
2362,0,both_agree,,samba
99260,0,bigvul_only,,Chrome
89885,0,diversevul_only,,miniupnp
141157,0,bigvul_only,,Chrome
69437,0,bigvul_only,,linux
148655,0,primevul_corrected,CWE-704,Chrome
103179,0,bigvul_only,,Chrome
113369,0,primevul_corrected,,Chrome
28306,0,diversevul_only,,linux
15468,0,both_agree,,savannah
93854,0,both_agree,,libvirt
129140,0,bigvul_only,,Chrome
66724,0,both_agree,,linux
170436,0,primevul_corrected,CWE-264,Android
170691,0,primevul_corrected,CWE-189,Android
180140,1,both_agree,CWE-285,linux
112346,0,bigvul_only,,Chrome
148557,0,bigvul_only,,Chrome
62514,0,both_agree,,tcpdump
19909,0,bigvul_only,,linux
2465,0,diversevul_only,,samba
129845,0,bigvul_only,,Chrome
185424,1,bigvul_only,,Chrome
169387,0,bigvul_only,,Chrome
113354,0,bigvul_only,,Chrome
11741,0,primevul_corrected,CWE-200,udisks
16706,0,bigvul_only,,ghostscript
151311,0,bigvul_only,,Chrome
59413,0,both_agree,,libxml2
95115,0,primevul_corrected,CWE-20,cyrus-imapd
182393,1,both_agree,CWE-125,radare2
3552,0,both_agree,,moodle
184265,1,bigvul_only,,Chrome
123258,0,bigvul_only,,Chrome
86618,0,bigvul_only,,php-src
30397,0,both_agree,,linux
73027,0,both_agree,,libgd
78918,0,both_agree,,libxkbcommon
121311,0,bigvul_only,,Chrome
103026,0,bigvul_only,,Chrome
168911,0,bigvul_only,,Chrome
73888,0,bigvul_only,,linux
176904,0,bigvul_only,,Android
34043,1,diversevul_only,CWE-399,linux
138246,0,bigvul_only,,Chrome
106842,0,bigvul_only,,Chrome
93249,0,diversevul_only,,tcpdump
79654,0,bigvul_only,,mstdlib
170652,0,bigvul_only,,Android
64089,0,both_agree,,FFmpeg
101047,0,bigvul_only,,Chrome
16456,,unmatched,,
106259,0,bigvul_only,,Chrome
124172,0,bigvul_only,,Chrome
121634,0,bigvul_only,,Chrome
15045,0,bigvul_only,,php
92915,0,both_agree,,rdesktop
157292,0,bigvul_only,,Chrome
1073,0,bigvul_only,,poppler
160463,0,bigvul_only,,Chrome
148231,,unmatched,,
66148,0,both_agree,,libetpan
105608,0,bigvul_only,,Chrome
3207,0,both_agree,,ghostscript
118964,0,bigvul_only,,Chrome
174801,0,bigvul_only,,Android
155502,0,bigvul_only,,Chrome
67124,0,both_agree,,libsndfile
169405,0,bigvul_only,,Chrome
154555,0,bigvul_only,,Chrome
38213,0,both_agree,,linux
125057,0,bigvul_only,,Chrome
151494,0,bigvul_only,,Chrome
116562,,unmatched,,
108391,0,bigvul_only,,Chrome
125555,0,bigvul_only,,Chrome
19241,0,diversevul_only,,linux-2.6
172569,0,bigvul_only,,Android
126321,,unmatched,,
52388,0,both_agree,,linux
71193,0,both_agree,,linux
29604,0,both_agree,,linux
31125,0,both_agree,,linux
49794,0,both_agree,,linux
59483,0,both_agree,,Android
85251,0,both_agree,,linux
97200,0,bigvul_only,,Chrome
48787,0,bigvul_only,,linux
164860,0,bigvul_only,,Chrome
70,0,both_agree,,php
82597,0,both_agree,,Espruino
19807,0,primevul_corrected,CWE-189,linux
58135,0,both_agree,,linux
170028,0,bigvul_only,,Chrome
154455,0,bigvul_only,,Chrome
143712,0,bigvul_only,,Chrome
25957,0,bigvul_only,,linux
113432,0,bigvul_only,,Chrome
129312,0,bigvul_only,,Chrome
26369,0,bigvul_only,,linux
6097,0,bigvul_only,,qemu
150033,0,bigvul_only,,Chrome
48644,0,both_agree,,httpd
3734,0,both_agree,,dbus
121331,0,bigvul_only,,Chrome
21547,0,both_agree,,linux
130545,0,bigvul_only,,Chrome
128062,0,bigvul_only,,Chrome
80702,0,diversevul_only,,gpac
163876,0,primevul_corrected,CWE-668,Chrome
36797,0,diversevul_only,,krb5
182486,1,both_agree,CWE-119,unixODBC
1335,0,bigvul_only,,pengutronix
57700,0,bigvul_only,,linux
138446,0,bigvul_only,,Chrome
149273,0,bigvul_only,,Chrome
44941,0,both_agree,,linux
160244,0,bigvul_only,,Chrome
104325,0,primevul_corrected,CWE-20,Chrome
168508,,unmatched,,
103055,0,bigvul_only,,Chrome
115524,0,bigvul_only,,Chrome
154831,0,bigvul_only,,Chrome
149879,0,bigvul_only,,Chrome
161925,0,bigvul_only,,Chrome
8670,0,bigvul_only,,qemu
161716,,unmatched,,
108487,0,bigvul_only,,Chrome
94320,0,both_agree,,linux
69999,0,bigvul_only,,redis
17775,0,bigvul_only,,xserver
37529,0,bigvul_only,,linux
169643,0,bigvul_only,,Chrome
106497,0,bigvul_only,,Chrome
81318,0,both_agree,,linux
4400,0,both_agree,,php
111986,0,bigvul_only,,Chrome
77440,0,both_agree,,ovs
75122,0,bigvul_only,,minisphere
134258,0,bigvul_only,,Chrome
45587,0,bigvul_only,,linux
12081,0,both_agree,,openssl
160255,0,bigvul_only,,Chrome
4045,0,bigvul_only,,poppler
101770,0,bigvul_only,,Chrome
106186,0,bigvul_only,,Chrome
77585,0,both_agree,,ovs
20848,0,both_agree,,linux
84064,0,both_agree,,openjpeg
89753,0,bigvul_only,,firejail
58960,0,both_agree,,linux
165551,0,bigvul_only,,Chrome
174229,0,bigvul_only,,Android
126180,0,bigvul_only,,Chrome
183131,1,both_agree,CWE-119,ImageMagick
76371,0,both_agree,,linux
162630,0,bigvul_only,,Chrome
12715,0,both_agree,,openssl
135538,0,bigvul_only,,Chrome
85571,0,both_agree,,linux
119510,0,bigvul_only,,Chrome
19238,0,both_agree,,linux
171652,0,bigvul_only,,Android
59589,0,both_agree,,libxml2
67582,0,both_agree,,proftpd
34741,0,both_agree,,linux
6891,0,bigvul_only,,haproxy
9092,0,bigvul_only,,virglrenderer
112893,,unmatched,,
131758,,unmatched,,
72709,0,both_agree,,jasper
172489,0,bigvul_only,,Android
155824,,unmatched,,
48161,0,bigvul_only,,nagioscore
124283,0,bigvul_only,,Chrome
121895,0,bigvul_only,,Chrome
26537,0,both_agree,,linux
102567,0,bigvul_only,,Chrome
128989,,unmatched,,
145047,0,primevul_corrected,CWE-200,Chrome
174618,,unmatched,,
78030,0,both_agree,,Little-CMS
59997,0,both_agree,,linux
108849,0,bigvul_only,,Chrome
180772,1,both_agree,CWE-476,FreeRDP
92043,0,both_agree,,linux
119265,0,bigvul_only,,Chrome
6863,0,bigvul_only,,haproxy
150446,0,bigvul_only,,Chrome
47875,0,both_agree,,linux
130334,0,bigvul_only,,Chrome
102690,0,bigvul_only,,Chrome
68195,0,both_agree,,linux
181942,,unmatched,,
63532,0,both_agree,,linux
57356,0,both_agree,,linux
26005,0,bigvul_only,,linux
76691,0,both_agree,,texlive-source
71134,0,both_agree,,systemd
186166,1,bigvul_only,,Chrome
142370,0,bigvul_only,,Chrome
155517,0,bigvul_only,,Chrome
182912,1,both_agree,CWE-200,libvips
95843,0,both_agree,,OpenJK
122648,0,bigvul_only,,Chrome
32055,0,both_agree,,linux
121534,0,bigvul_only,,Chrome
162279,0,bigvul_only,,Chrome
63941,0,diversevul_only,,FFmpeg
106620,0,bigvul_only,,Chrome
84353,0,bigvul_only,,uncurl
98934,0,bigvul_only,,Chrome
178880,1,diversevul_only,,linux
131917,0,bigvul_only,,Chrome
113303,0,bigvul_only,,Chrome
68870,0,both_agree,,linux
69411,0,bigvul_only,,linux
35824,0,both_agree,,linux
167735,,unmatched,,
87584,0,both_agree,,FreeRDP
55981,0,both_agree,,linux
140936,0,bigvul_only,,Chrome
162028,0,bigvul_only,,Chrome
122240,0,primevul_corrected,CWE-119,Chrome
54236,0,both_agree,,linux
129973,0,bigvul_only,,Chrome
157531,0,bigvul_only,,Chrome
65076,0,both_agree,,linux
116100,0,bigvul_only,,Chrome
141949,0,bigvul_only,,Chrome
46415,0,primevul_corrected,CWE-264,linux
86055,0,both_agree,,linux
151548,0,bigvul_only,,Chrome
56596,0,both_agree,,linux
27988,0,both_agree,,linux
118033,0,bigvul_only,,Chrome
7685,0,bigvul_only,,qemu
162998,0,bigvul_only,,Chrome
24074,0,both_agree,,linux
100051,0,bigvul_only,,Chrome
26215,0,both_agree,,linux
165637,0,bigvul_only,,Chrome
99235,,unmatched,,
48095,0,both_agree,,linux
169036,0,bigvul_only,,Chrome
149534,0,bigvul_only,,Chrome
133896,0,bigvul_only,,Chrome
103163,0,bigvul_only,,Chrome
68049,0,primevul_corrected,CWE-787,libplist
31659,0,both_agree,,linux
179656,1,diversevul_only,CWE-20,linux
157678,0,bigvul_only,,Chrome
39482,0,both_agree,,linux
70815,0,both_agree,,FFmpeg
173029,0,bigvul_only,,Android
131393,0,bigvul_only,,Chrome
148072,0,bigvul_only,,Chrome
109063,0,bigvul_only,,Chrome
99114,0,bigvul_only,,Chrome
159481,0,bigvul_only,,Chrome
23065,0,diversevul_only,,linux
121285,0,bigvul_only,,Chrome
172204,0,bigvul_only,,Android
56813,0,both_agree,,linux
143453,,unmatched,,
154007,,unmatched,,
142455,,unmatched,,
17961,0,both_agree,,mindrot
13553,0,primevul_corrected,CWE-119,harfbuzz
188517,1,bigvul_only,CWE-119,Android
39753,0,both_agree,,linux
107310,0,bigvul_only,,Chrome
83376,0,both_agree,,mbedtls
48988,0,both_agree,,linux
11735,0,bigvul_only,,udisks
185268,,unmatched,,
36710,0,both_agree,,krb5
131194,0,bigvul_only,,Chrome
2494,0,both_agree,,samba
114755,0,bigvul_only,,Chrome
167593,0,bigvul_only,,Chrome
126723,0,bigvul_only,,Chrome
75310,0,bigvul_only,,stb
112,0,both_agree,,php
184799,,unmatched,,
126923,0,bigvul_only,,Chrome
69022,0,both_agree,,mapserver
148636,0,bigvul_only,,Chrome
181622,1,bigvul_only,CWE-200,tor
127802,0,bigvul_only,,Chrome
32968,0,both_agree,,linux
50526,0,both_agree,,linux
17981,0,bigvul_only,,mindrot
158844,0,bigvul_only,,Chrome
60592,0,both_agree,,linux
19605,0,both_agree,,linux
17317,0,both_agree,,savannah
54470,0,diversevul_only,,linux
113046,0,bigvul_only,,Chrome
164110,,unmatched,,
96788,0,bigvul_only,,linux
136268,0,bigvul_only,,Chrome
62172,0,bigvul_only,,rufus
103798,0,bigvul_only,,Chrome
110677,0,bigvul_only,,Chrome
187525,0,bigvul_only,,Android
137533,0,bigvul_only,,Chrome
125799,0,bigvul_only,,Chrome
123610,0,bigvul_only,,Chrome
142504,0,bigvul_only,,Chrome
133725,0,bigvul_only,,Chrome
69162,0,both_agree,,php-src
54476,0,both_agree,,linux
95327,0,diversevul_only,,libsndfile
91748,0,both_agree,,libcomps
78371,0,both_agree,,OpenSC
374,0,bigvul_only,,ghostscript
83501,0,both_agree,,linux
110225,0,bigvul_only,,Chrome
38577,0,both_agree,,linux
68171,0,both_agree,,linux
12496,0,bigvul_only,,dbus
54382,0,both_agree,,php-src
64424,0,both_agree,,mruby
107552,0,bigvul_only,,Chrome
27408,0,both_agree,,linux
172085,0,bigvul_only,,Android
62119,0,both_agree,,ImageMagick
124763,0,bigvul_only,,Chrome
20890,conflict,both_disagree,,linux
87376,0,both_agree,,matio
112616,0,bigvul_only,,Chrome
138797,,unmatched,,
170745,0,bigvul_only,,Android
66027,0,bigvul_only,,yara
179191,1,diversevul_only,,linux
39406,0,both_agree,,linux
17026,,unmatched,,
59664,0,both_agree,,collectd
80691,0,both_agree,,gpac
55861,0,bigvul_only,,linux
97949,0,bigvul_only,,Chrome
56981,0,both_agree,,linux
20998,0,both_agree,,linux
97054,1,diversevul_only,CWE-189,linux
34238,0,both_agree,,linux
45694,0,bigvul_only,,linux
68687,0,both_agree,,linux
60459,0,bigvul_only,,radare2
153860,0,bigvul_only,,Chrome
96602,0,bigvul_only,,radare2
78225,0,both_agree,,OpenSC
18675,0,both_agree,,linux
78739,0,both_agree,,OpenSC
147114,0,bigvul_only,,Chrome
188601,1,bigvul_only,CWE-119,Android
43648,0,both_agree,,linux
76063,0,both_agree,,keepalived
125392,,unmatched,,
175418,0,bigvul_only,,Android
89780,0,both_agree,,bubblewrap
2568,0,bigvul_only,,postgresql
161506,0,bigvul_only,,Chrome
63406,0,both_agree,,FFmpeg
37555,0,bigvul_only,,linux
151451,0,bigvul_only,,Chrome
21749,0,both_agree,,linux
51523,0,both_agree,,linux
164151,0,bigvul_only,,Chrome
185125,1,bigvul_only,CWE-119,Chrome
173854,0,bigvul_only,,Android
4818,0,bigvul_only,,xserver
94,0,both_agree,,openssl
17470,0,bigvul_only,,xserver
163568,0,both_agree,,Chrome
160093,0,bigvul_only,,Chrome
134602,0,bigvul_only,,Chrome
19470,0,bigvul_only,,linux
20223,0,both_agree,,linux
104697,0,bigvul_only,,Chrome
4681,0,both_agree,,php
92251,0,both_agree,,libexpat
2204,0,bigvul_only,,poppler
129799,0,bigvul_only,,Chrome
98633,0,bigvul_only,,Chrome
162905,0,bigvul_only,,Chrome
57973,0,both_agree,,linux
54285,0,both_agree,,php-src
102415,0,bigvul_only,,Chrome
135864,0,bigvul_only,,Chrome
45823,0,both_agree,,linux
147851,0,bigvul_only,,Chrome
22915,0,both_agree,,linux
38345,0,both_agree,,linux
154412,0,bigvul_only,,Chrome
32478,0,diversevul_only,,linux
19271,0,both_agree,,linux
36157,0,both_agree,,monkey
120529,0,bigvul_only,,Chrome
47459,0,bigvul_only,,linux
125540,0,bigvul_only,,Chrome
57759,0,both_agree,,linux
142935,0,bigvul_only,,Chrome
117694,0,bigvul_only,,Chrome
143518,0,bigvul_only,,Chrome
177637,,unmatched,,
59254,0,both_agree,,linux
139372,0,bigvul_only,,Chrome
178364,1,both_agree,CWE-189,exim
37987,0,bigvul_only,,file
187926,1,bigvul_only,CWE-189,Android
100092,0,bigvul_only,,Chrome
72049,0,both_agree,,slurm
88751,0,both_agree,,libmodbus
33857,0,both_agree,,pacemaker
128568,0,bigvul_only,,Chrome
159606,0,primevul_corrected,CWE-732,Chrome
121678,0,bigvul_only,,Chrome
103148,0,bigvul_only,,Chrome
149153,0,bigvul_only,,Chrome
114539,0,bigvul_only,,Chrome
172681,0,bigvul_only,,Android
46337,0,bigvul_only,,linux
14775,0,primevul_corrected,,php
152386,0,bigvul_only,,Chrome
19984,0,primevul_corrected,CWE-189,linux
89995,0,both_agree,,zstd
25265,,unmatched,,
135083,0,bigvul_only,,Chrome
87698,0,both_agree,,linux
84403,0,both_agree,,flatpak
12094,0,bigvul_only,,openssl
11702,0,bigvul_only,,udisks
176475,0,primevul_corrected,CWE-770,Android
34786,0,both_agree,,linux
35565,0,both_agree,,linux
179906,1,diversevul_only,,linux
104710,0,bigvul_only,,Chrome
109349,0,bigvul_only,,Chrome
155141,0,bigvul_only,,Chrome
87410,0,both_agree,,FreeRDP
26084,0,both_agree,,linux
165939,0,bigvul_only,,Chrome
99651,0,bigvul_only,,Chrome
78035,0,both_agree,,Little-CMS
118671,0,bigvul_only,,Chrome
36961,0,both_agree,,libfep
52238,conflict,both_disagree,,linux
93560,0,both_agree,,linux
112913,0,bigvul_only,,Chrome
158893,0,bigvul_only,,Chrome
142400,0,bigvul_only,,Chrome
158567,0,bigvul_only,,Chrome
131316,0,bigvul_only,,Chrome
29834,0,both_agree,,linux
171417,0,bigvul_only,,Android
22121,0,diversevul_only,,linux
132103,0,bigvul_only,,Chrome
106213,0,bigvul_only,,Chrome
134114,0,bigvul_only,,Chrome
97490,0,bigvul_only,,Chrome
43428,0,both_agree,,linux
175636,0,bigvul_only,,Android
147720,0,bigvul_only,,Chrome
158663,0,bigvul_only,,Chrome
188174,,unmatched,,
56225,0,both_agree,,linux
179226,1,both_agree,CWE-399,linux
13327,0,both_agree,,ghostscript
175456,0,bigvul_only,,Android
175061,0,bigvul_only,,Android
21851,0,both_agree,,linux
18079,0,bigvul_only,,xcursor
185546,1,bigvul_only,,Chrome
50353,0,both_agree,,linux
119137,0,bigvul_only,,Chrome
175075,0,bigvul_only,,Android
58026,0,both_agree,,linux
39157,0,diversevul_only,,linux
99669,0,bigvul_only,,Chrome
23836,0,both_agree,,linux
80056,0,diversevul_only,,gpac
92859,0,primevul_corrected,CWE-119,gpac
94744,0,both_agree,,ImageMagick
178105,1,bigvul_only,CWE-119,qemu
28600,0,both_agree,,linux
60920,0,both_agree,,nautilus
89774,0,both_agree,,bubblewrap
179084,1,both_agree,CWE-362,linux
10479,0,both_agree,,qemu
117963,0,bigvul_only,,Chrome
168356,,unmatched,,
131964,0,bigvul_only,,Chrome
112164,0,bigvul_only,,Chrome
20625,0,both_agree,,linux
82586,0,bigvul_only,,Espruino
107408,0,bigvul_only,,Chrome
158270,0,bigvul_only,,Chrome
70148,0,bigvul_only,,libtiff
69295,0,both_agree,,openssl
64963,0,bigvul_only,,imageworsener
13159,0,both_agree,,ghostscript
105884,0,bigvul_only,,Chrome
154480,,unmatched,,
49290,0,both_agree,,linux
128842,0,bigvul_only,,Chrome
104370,0,bigvul_only,,Chrome
80080,0,bigvul_only,,gpac
101391,,unmatched,,
6556,0,both_agree,,kde
62419,0,both_agree,,tcpdump
88630,0,diversevul_only,,linux
48617,0,both_agree,,linux
187015,,unmatched,,
172018,0,bigvul_only,,Android
99026,0,bigvul_only,,Chrome
8554,0,bigvul_only,,tartarus
141599,0,primevul_corrected,CWE-416,Chrome
54896,0,both_agree,,git
52906,0,both_agree,,linux
98828,0,bigvul_only,,Chrome
136799,0,bigvul_only,,Chrome
7163,0,bigvul_only,,savannah
73621,0,bigvul_only,,ImageMagick
108541,0,bigvul_only,,Chrome
4833,0,bigvul_only,,xserver
170342,0,bigvul_only,,Android
125936,0,bigvul_only,,Chrome
178625,1,both_agree,CWE-20,qemu
100653,0,bigvul_only,,Chrome
26860,0,both_agree,,linux
157245,0,bigvul_only,,Chrome
158903,0,bigvul_only,,Chrome
57972,0,both_agree,,linux
138663,0,bigvul_only,,Chrome
79736,0,both_agree,,libpng
63121,0,bigvul_only,,ioq3
79696,0,both_agree,,radare2
149177,0,bigvul_only,,Chrome
14104,0,bigvul_only,,xserver
81400,0,diversevul_only,,linux
125229,0,bigvul_only,,Chrome
175600,,unmatched,,
84517,0,both_agree,,w3m
95977,0,bigvul_only,,OpenJK
46399,0,both_agree,,linux
63597,0,both_agree,,gnome-session
126060,0,bigvul_only,,Chrome
149680,,unmatched,,
118882,0,bigvul_only,,Chrome
75984,0,both_agree,,keepalived
20841,0,both_agree,,linux
187984,,unmatched,,
139974,0,bigvul_only,,Chrome
101258,0,bigvul_only,,Chrome
164342,0,bigvul_only,,Chrome
116865,0,bigvul_only,,Chrome
168115,0,bigvul_only,,Chrome
121771,0,bigvul_only,,Chrome
44943,0,both_agree,,linux
71368,0,diversevul_only,,libgit2
111068,0,bigvul_only,,Chrome
88576,0,bigvul_only,,ImageMagick6
122058,0,bigvul_only,,Chrome
79461,0,both_agree,,neomutt
25591,0,bigvul_only,,linux
178938,1,both_agree,,linux
104662,0,bigvul_only,,Chrome
132210,0,bigvul_only,,Chrome
60355,0,both_agree,,src
161049,0,bigvul_only,,Chrome
150270,0,bigvul_only,,Chrome
47384,0,primevul_corrected,CWE-264,linux
68097,0,both_agree,,radare2
113800,0,bigvul_only,,Chrome
166576,0,bigvul_only,,Chrome
24426,0,diversevul_only,,linux
188279,1,bigvul_only,CWE-119,Android
91987,0,both_agree,,linux
122537,0,bigvul_only,,Chrome
19227,0,both_agree,,linux
40963,0,both_agree,,json-c
137823,0,bigvul_only,,Chrome
97878,0,bigvul_only,,Chrome
18325,0,bigvul_only,,uzbl
111337,0,bigvul_only,,Chrome
118495,0,bigvul_only,,Chrome
123402,0,bigvul_only,,Chrome
11795,0,bigvul_only,,udisks
65893,0,both_agree,,linux
43345,0,both_agree,,rawstudio
96892,0,both_agree,,linux
154786,0,bigvul_only,,Chrome
154703,0,bigvul_only,,Chrome
133599,0,bigvul_only,,Chrome
5404,0,both_agree,,ghostscript
35829,0,both_agree,,linux
44585,0,diversevul_only,,lxc
116867,0,bigvul_only,,Chrome
167188,0,bigvul_only,,Chrome
15399,0,bigvul_only,,libxfont
162662,0,bigvul_only,,Chrome
110040,0,bigvul_only,,Chrome
83583,0,both_agree,,FreeRDP
58070,0,both_agree,,linux
81349,0,diversevul_only,,linux
133170,0,bigvul_only,,Chrome
177616,0,bigvul_only,,Android
49326,0,both_agree,,linux
13908,0,both_agree,,openssl
186915,,unmatched,,
13571,0,bigvul_only,,harfbuzz
62332,0,both_agree,,tcpdump
45375,0,both_agree,,linux
156089,0,bigvul_only,,Chrome
21980,0,bigvul_only,,raptor
164489,0,bigvul_only,,Chrome
149228,0,bigvul_only,,Chrome
163569,0,diversevul_only,,libxml2
140891,0,bigvul_only,,Chrome
123491,0,bigvul_only,,Chrome
46977,0,bigvul_only,,linux
54023,0,bigvul_only,,linux
171464,0,bigvul_only,,Android
98452,0,bigvul_only,,Chrome
135042,0,bigvul_only,,Chrome
183256,1,both_agree,CWE-269,OpenJK
154261,0,bigvul_only,,Chrome
20808,0,both_agree,,linux
26568,0,both_agree,,linux
34705,0,both_agree,,linux
90671,0,both_agree,,mujs
153778,0,bigvul_only,,Chrome
75585,0,both_agree,,linux
65167,0,both_agree,,linux
128396,0,bigvul_only,,Chrome
144073,0,bigvul_only,,Chrome
24981,0,both_agree,,linux
50953,0,both_agree,,linux
167700,,unmatched,,
81727,0,bigvul_only,,FFmpeg
122820,0,bigvul_only,,Chrome
7418,0,both_agree,,php
59871,0,both_agree,,linux
66344,0,both_agree,,qemu
125520,0,bigvul_only,,Chrome
146039,0,bigvul_only,,Chrome
176334,0,bigvul_only,,Android
118729,0,bigvul_only,,Chrome
155422,0,bigvul_only,,Chrome
88514,0,both_agree,,ImageMagick6
73637,0,bigvul_only,,ImageMagick
86388,0,both_agree,,linux
159658,0,bigvul_only,,Chrome
69770,0,bigvul_only,,tor
41396,0,both_agree,,linux
11479,0,primevul_corrected,CWE-189,xserver
142674,0,bigvul_only,,Chrome
92101,0,both_agree,,linux
29617,0,both_agree,,linux
8039,0,both_agree,,qemu
9613,0,bigvul_only,,php
122957,0,bigvul_only,,Chrome
23298,0,bigvul_only,,linux
110507,0,bigvul_only,,Chrome
77524,0,both_agree,,ovs
91277,0,both_agree,,linux
53550,0,both_agree,,libarchive
10375,0,bigvul_only,,accountsservice
27210,0,both_agree,,nspluginwrapper
86357,0,both_agree,,linux
88859,0,both_agree,,ImageMagick6
91328,0,both_agree,,file
83844,0,both_agree,,linux
8768,0,both_agree,,busybox
47934,0,both_agree,,linux
72015,0,primevul_corrected,CWE-119,ImageMagick
164045,0,bigvul_only,,Chrome
71323,0,both_agree,,libgit2
172697,0,bigvul_only,,Android
130574,0,bigvul_only,,Chrome
126117,0,bigvul_only,,Chrome
154691,0,bigvul_only,,Chrome
90256,0,both_agree,,linux
44242,0,both_agree,,openssl
66638,0,diversevul_only,,linux
110482,0,bigvul_only,,Chrome
37496,0,bigvul_only,,linux
120442,0,bigvul_only,,Chrome
37760,0,both_agree,,linux
154952,0,bigvul_only,,Chrome
160832,,unmatched,,
179611,1,both_agree,CWE-399,linux
129260,0,bigvul_only,,Chrome
82090,0,both_agree,,mruby
153862,,unmatched,,
168149,0,bigvul_only,,Chrome
66293,0,bigvul_only,,imageworsener
155289,0,bigvul_only,,Chrome
165743,0,bigvul_only,,Chrome
109574,0,bigvul_only,,Chrome
136500,0,bigvul_only,,Chrome
3455,0,both_agree,,savannah
91638,0,both_agree,,frr
94088,0,both_agree,,linux
40550,0,both_agree,,linux
51422,0,diversevul_only,,php-src
49748,0,both_agree,,linux
103198,0,bigvul_only,,Chrome
3464,0,both_agree,,savannah
116887,0,bigvul_only,,Chrome
930,0,bigvul_only,,poppler
128778,0,bigvul_only,,Chrome
149040,0,bigvul_only,,Chrome
141889,0,bigvul_only,,Chrome
120659,0,bigvul_only,,Chrome
39523,0,diversevul_only,,linux
153027,0,bigvul_only,,Chrome
150308,0,bigvul_only,,Chrome
107336,0,bigvul_only,,Chrome
72665,0,both_agree,,ImageMagick
184521,1,bigvul_only,,Chrome
38963,0,both_agree,,postgres
176337,0,bigvul_only,,Android
167381,0,bigvul_only,,Chrome
40804,0,diversevul_only,,mapserver
54119,0,both_agree,,linux
165644,0,bigvul_only,,Chrome
63356,0,both_agree,,krb5
92164,0,both_agree,,linux
122527,0,bigvul_only,,Chrome
64100,0,both_agree,,linux
109257,0,bigvul_only,,Chrome
51098,0,both_agree,,linux
132882,0,bigvul_only,,Chrome
166186,0,bigvul_only,,Chrome
133532,0,bigvul_only,,Chrome
129291,0,bigvul_only,,Chrome
167965,0,bigvul_only,,Chrome
85615,0,both_agree,,linux
119256,0,bigvul_only,,Chrome
90614,0,both_agree,,linux
188557,,unmatched,,
133496,0,bigvul_only,,Chrome
170244,,unmatched,,
70254,0,both_agree,,libtiff
180609,1,both_agree,CWE-19,linux
1545,0,both_agree,,ghostscript
119084,0,bigvul_only,,Chrome
64683,0,diversevul_only,,oniguruma
122710,0,bigvul_only,,Chrome
14157,0,bigvul_only,,xserver
88140,0,both_agree,,linux
139349,0,bigvul_only,,Chrome
62522,0,both_agree,,tcpdump
135161,0,bigvul_only,,Chrome
83039,conflict,both_disagree,,redis
66565,0,both_agree,,linux
72095,0,diversevul_only,,slurm
183712,1,bigvul_only,,Chrome
110566,0,bigvul_only,,Chrome
102233,0,bigvul_only,,Chrome
134792,,unmatched,,
30613,0,both_agree,,linux
89650,0,both_agree,,linux
30002,0,both_agree,,linux
67838,0,both_agree,,suricata
44119,0,bigvul_only,,pacemaker
61592,0,both_agree,,FFmpeg
166737,0,bigvul_only,,Chrome
150713,0,bigvul_only,,Chrome
56715,0,both_agree,,linux
51946,0,both_agree,,wireshark
44294,0,both_agree,,linux
169726,0,bigvul_only,,Chrome
9623,0,primevul_corrected,CWE-416,php
37413,0,bigvul_only,,linux
75827,0,both_agree,,keepalived
52916,0,both_agree,,linux
138769,,unmatched,,
44995,0,both_agree,,httpd
74994,0,bigvul_only,,minisphere
80100,0,diversevul_only,,gpac
8072,0,diversevul_only,,poppler
165708,0,primevul_corrected,CWE-416,Chrome
1305,0,bigvul_only,,poppler
101663,0,bigvul_only,,Chrome
183528,,unmatched,,
151016,0,bigvul_only,,Chrome
45517,0,bigvul_only,,linux
27882,0,both_agree,,linux
164944,0,bigvul_only,,Chrome
116019,0,bigvul_only,,Chrome
130042,0,bigvul_only,,Chrome
138260,0,bigvul_only,,Chrome
109298,0,bigvul_only,,Chrome
128948,0,bigvul_only,,Chrome
179524,0,diversevul_only,CWE-189,linux
114649,0,bigvul_only,,Chrome
108702,0,bigvul_only,,Chrome
141633,0,bigvul_only,,Chrome
108973,,unmatched,,
118904,0,bigvul_only,,Chrome
13460,0,both_agree,,ghostscript
82178,0,both_agree,,mruby
1402,0,bigvul_only,,wayland
125788,0,bigvul_only,,Chrome
125223,,unmatched,,
52521,0,both_agree,,linux
121712,0,bigvul_only,,Chrome
7813,0,both_agree,,haproxy
69183,0,both_agree,,php-src
121639,0,bigvul_only,,Chrome
124595,0,bigvul_only,,Chrome
48870,0,bigvul_only,,linux
147152,0,bigvul_only,,Chrome
133036,0,bigvul_only,,Chrome
151423,0,bigvul_only,,Chrome
20863,0,both_agree,,linux
178612,1,bigvul_only,CWE-20,xserver
76230,0,both_agree,,linux
169412,0,primevul_corrected,CWE-20,Chrome
80208,0,both_agree,,gpac
117380,0,bigvul_only,,Chrome
11441,0,bigvul_only,,xserver
98761,,unmatched,,
174450,0,bigvul_only,,Android
152964,0,bigvul_only,,Chrome
71613,0,bigvul_only,,ImageMagick
119124,0,bigvul_only,,Chrome
38902,0,both_agree,,postgres
29123,0,bigvul_only,,linux
149897,0,bigvul_only,,Chrome
136463,0,bigvul_only,,Chrome
121991,0,bigvul_only,,Chrome
113346,0,bigvul_only,,Chrome
81790,0,diversevul_only,,redis
83650,0,both_agree,,libgit2
188067,conflict,internal_conflict,,Android
12527,0,bigvul_only,,openafs
71965,0,primevul_corrected,CWE-22,ImageMagick
143517,,unmatched,,
54012,0,bigvul_only,,linux
64386,0,both_agree,,linux
104813,,unmatched,,
108531,,unmatched,,
31594,0,both_agree,,linux
133652,0,bigvul_only,,Chrome
153660,0,bigvul_only,,Chrome
122383,0,primevul_corrected,CWE-119,Chrome
174499,0,bigvul_only,,Android
172716,0,bigvul_only,,Android
145056,0,bigvul_only,,Chrome
11049,0,both_agree,,samba
132685,0,bigvul_only,,Chrome
98508,0,bigvul_only,,Chrome
2685,0,both_agree,,savannah
34706,0,both_agree,,linux
182362,1,both_agree,CWE-476,FFmpeg
69420,0,primevul_corrected,CWE-476,linux
15484,0,both_agree,,savannah
165408,0,bigvul_only,,Chrome
170417,0,bigvul_only,,Android
6770,0,both_agree,,qemu
187583,,unmatched,,
82981,0,bigvul_only,,PDFGen
13153,0,both_agree,,ghostscript
171461,0,both_agree,,Android
12942,0,bigvul_only,,infradead
181591,1,primevul_corrected,,firejail
58816,0,both_agree,,linux
106899,0,bigvul_only,,Chrome
73594,conflict,internal_conflict,CWE-787,ImageMagick
79267,0,both_agree,,suricata
140642,0,bigvul_only,,Chrome
85739,0,both_agree,,linux
168941,0,bigvul_only,,Chrome
15725,0,both_agree,,qemu
25563,0,bigvul_only,,linux
105496,,unmatched,,
59323,0,both_agree,,linux
59076,0,both_agree,,evince
59521,0,both_agree,,libxml2
128808,0,bigvul_only,,Chrome
150709,0,bigvul_only,,Chrome
161946,0,bigvul_only,,Chrome
33579,0,both_agree,,linux
125529,0,bigvul_only,,Chrome
99983,0,bigvul_only,,Chrome
36628,0,both_agree,,sgminer
60470,0,both_agree,,radare2
21295,0,both_agree,,linux
52634,0,both_agree,,linux
161986,0,bigvul_only,,Chrome
86460,0,both_agree,,linux
139612,0,bigvul_only,,Chrome
36996,0,both_agree,,linux
39235,0,diversevul_only,,php-src
46269,0,bigvul_only,,linux
143799,0,bigvul_only,,Chrome
173961,0,both_agree,,Android
64110,0,diversevul_only,,linux
37486,0,primevul_corrected,CWE-20,linux
59924,0,both_agree,,linux
97895,0,bigvul_only,,Chrome
45504,0,both_agree,,linux
104504,0,bigvul_only,,Chrome
187667,,unmatched,,
89352,0,bigvul_only,,u-boot
24693,0,both_agree,,linux
134343,0,bigvul_only,,Chrome
33063,0,both_agree,,linux
87346,0,both_agree,,libvips
151892,0,bigvul_only,,Chrome
182438,1,both_agree,CWE-119,mbedtls
136333,0,bigvul_only,,Chrome
98387,0,bigvul_only,,Chrome
13021,0,bigvul_only,,mindrot
44210,0,both_agree,,openssl
138366,0,bigvul_only,,Chrome
52025,0,diversevul_only,,wireshark
23014,0,both_agree,,linux
37067,0,both_agree,,linux
12857,0,both_agree,,openssl
98117,0,bigvul_only,,Chrome
89373,0,bigvul_only,,u-boot
136016,0,bigvul_only,,Chrome
146879,0,bigvul_only,,Chrome
73279,0,diversevul_only,,libass
57156,,unmatched,,
21840,0,both_agree,,linux
22789,0,both_agree,,linux
168564,0,bigvul_only,,Chrome
177198,0,bigvul_only,,Android
38798,0,diversevul_only,,postgres
50837,0,both_agree,,libarchive
176850,0,bigvul_only,,Android
19093,0,both_agree,,linux
1017,0,bigvul_only,,poppler
122593,0,bigvul_only,,Chrome
186630,1,primevul_corrected,CWE-20,Chrome
73270,0,both_agree,,linux
18502,0,both_agree,,linux
138869,0,bigvul_only,,Chrome
51585,0,both_agree,,linux
118005,0,bigvul_only,,Chrome
149184,0,bigvul_only,,Chrome
152449,0,bigvul_only,,Chrome
26569,0,both_agree,,linux
131331,,unmatched,,
42017,0,both_agree,,linux
178616,1,bigvul_only,CWE-20,xserver
187651,1,bigvul_only,,Android
129115,0,bigvul_only,,Chrome
134796,0,bigvul_only,,Chrome
44928,0,both_agree,,linux
97722,0,bigvul_only,,Chrome
171818,0,bigvul_only,,Android
58043,0,both_agree,,linux
172790,0,bigvul_only,,Android
97365,0,bigvul_only,,Chrome
173132,0,bigvul_only,,Android
106314,0,bigvul_only,,Chrome
148594,0,bigvul_only,,Chrome
144975,0,bigvul_only,,Chrome
49708,0,both_agree,,linux
126214,0,bigvul_only,,Chrome
145243,0,bigvul_only,,Chrome
57699,0,bigvul_only,,linux
64191,0,both_agree,,httpd
165282,0,bigvul_only,,Chrome
172688,0,bigvul_only,,Android
22757,0,both_agree,,linux
119287,0,bigvul_only,,Chrome
103825,0,bigvul_only,,Chrome
159360,0,bigvul_only,,Chrome
160928,0,bigvul_only,,Chrome
4670,0,both_agree,,php
55621,0,both_agree,,linux
2604,0,bigvul_only,,postgresql
124121,0,bigvul_only,,Chrome
1836,0,bigvul_only,,spice
139998,,unmatched,,
120113,0,bigvul_only,,Chrome
160596,,unmatched,,
19497,0,bigvul_only,,linux
90732,0,both_agree,,mujs
94563,0,both_agree,,qemu
150988,0,bigvul_only,,Chrome
87614,0,both_agree,,FreeRDP
54969,0,both_agree,,git
4943,0,bigvul_only,,gstreamer
148675,0,bigvul_only,,Chrome
129131,0,bigvul_only,,Chrome
180752,1,both_agree,CWE-264,linux
83780,0,both_agree,,linux
187094,1,bigvul_only,CWE-189,Chrome
50822,0,both_agree,,libarchive
65880,0,both_agree,,linux
30686,0,both_agree,,linux
83711,0,both_agree,,libgit2
90741,0,both_agree,,mujs
153466,0,bigvul_only,,Chrome
157231,0,bigvul_only,,Chrome
67057,0,bigvul_only,,FFmpeg
71451,0,bigvul_only,,ImageMagick
148760,0,bigvul_only,,Chrome
81101,0,both_agree,,linux
26261,0,bigvul_only,,linux
80701,0,both_agree,,gpac
85877,0,both_agree,,linux
107207,,unmatched,,
17941,0,both_agree,,mindrot
140621,0,bigvul_only,,Chrome
121232,0,bigvul_only,,Chrome
162632,0,bigvul_only,,Chrome
162067,0,bigvul_only,,Chrome
107033,0,bigvul_only,,Chrome
91727,0,both_agree,,mod_auth_mellon
154493,0,bigvul_only,,Chrome
73732,0,diversevul_only,,libgd
158066,0,bigvul_only,,Chrome
91274,0,both_agree,,linux
141840,0,bigvul_only,,Chrome
173459,0,bigvul_only,,Android
183088,1,both_agree,CWE-264,linux
73598,conflict,internal_conflict,CWE-125,ImageMagick
15113,0,both_agree,,php
100524,0,bigvul_only,,Chrome
84891,0,both_agree,,linux
141349,0,primevul_corrected,CWE-416,Chrome
31938,0,both_agree,,linux
99963,0,bigvul_only,,Chrome
150413,,unmatched,,
99608,0,bigvul_only,,Chrome
8139,0,both_agree,,poppler
148899,0,bigvul_only,,Chrome
46222,0,both_agree,,linux
92514,0,both_agree,,linux
138686,0,bigvul_only,,Chrome
127543,0,bigvul_only,,Chrome
17358,0,both_agree,,savannah
136398,0,bigvul_only,,Chrome
131197,0,bigvul_only,,Chrome
152974,0,bigvul_only,,Chrome
21059,0,both_agree,,linux
38225,0,both_agree,,linux
48579,0,both_agree,,linux
34293,0,both_agree,,linux
59916,0,diversevul_only,,linux
169061,0,bigvul_only,,Chrome
106745,,unmatched,,
90246,0,both_agree,,linux
178879,1,diversevul_only,,linux
11442,0,bigvul_only,,xserver
22110,0,both_agree,,linux
7369,0,bigvul_only,,php
97811,0,bigvul_only,,Chrome
49351,0,both_agree,,linux
119744,0,bigvul_only,,Chrome
79136,0,both_agree,,linux
114248,0,bigvul_only,,Chrome
36355,0,bigvul_only,,linux
90915,,unmatched,,
90928,0,bigvul_only,,domoticz
80861,0,both_agree,,gpac
130889,0,bigvul_only,,Chrome
97529,0,bigvul_only,,Chrome
103194,0,bigvul_only,,Chrome
64470,0,both_agree,,radare2
77976,0,both_agree,,ImageMagick
12481,0,both_agree,,openssl
68758,0,both_agree,,linux
2084,0,bigvul_only,,spice
72335,0,bigvul_only,,src
21865,0,both_agree,,linux
150462,0,bigvul_only,,Chrome
148599,0,bigvul_only,,Chrome
173345,0,bigvul_only,,Android
97834,0,bigvul_only,,Chrome
31267,0,both_agree,,linux
149254,0,bigvul_only,,Chrome
73648,0,bigvul_only,,ImageMagick
89238,0,diversevul_only,,oniguruma
81061,0,both_agree,,linux
25218,0,bigvul_only,,linux
123253,0,bigvul_only,,Chrome
61237,0,both_agree,,cyrus-imapd
185450,1,bigvul_only,,Chrome
180850,1,both_agree,CWE-476,linux
112699,0,bigvul_only,,Chrome
32215,0,both_agree,,linux
8755,0,both_agree,,busybox
9477,0,both_agree,,busybox
92035,0,both_agree,,linux
165504,0,bigvul_only,,Chrome
83574,0,both_agree,,FreeRDP
66693,0,both_agree,,linux
13259,0,both_agree,,ghostscript
159099,0,bigvul_only,,Chrome
96350,0,diversevul_only,,kvm-guest-drivers-windows
37804,0,both_agree,,linux
34170,0,both_agree,,linux
137255,0,bigvul_only,,Chrome
141232,0,bigvul_only,,Chrome
76035,0,both_agree,,keepalived
45327,0,both_agree,,linux
56797,0,both_agree,,linux
146921,0,bigvul_only,,Chrome
84771,0,both_agree,,linux
88743,0,both_agree,,libmodbus
181387,1,diversevul_only,,linux
78765,0,both_agree,,OpenSC
141777,0,bigvul_only,,Chrome
17848,0,both_agree,,qemu
131423,0,bigvul_only,,Chrome
187419,,unmatched,,
45049,0,both_agree,,httpd
34136,0,both_agree,,linux
66242,0,both_agree,,libetpan
20324,0,both_agree,,linux
154579,0,bigvul_only,,Chrome
182568,,unmatched,,
96220,0,diversevul_only,,opa-fm
86221,0,both_agree,,linux
151168,,unmatched,,
59107,0,both_agree,,linux
32759,0,both_agree,,linux
31380,0,both_agree,,linux
121258,0,bigvul_only,,Chrome
73199,0,both_agree,,jasper
166095,0,bigvul_only,,Chrome
26665,0,bigvul_only,,linux
172981,0,bigvul_only,,Android
110956,0,bigvul_only,,Chrome
45422,0,both_agree,,linux
48516,0,both_agree,,linux
64893,0,bigvul_only,,imageworsener
40023,0,both_agree,,linux
37593,0,bigvul_only,,linux
89414,0,bigvul_only,,irssi
110609,0,bigvul_only,,Chrome
81272,0,diversevul_only,,linux
135063,0,bigvul_only,,Chrome
13505,0,both_agree,,ghostscript
131079,0,bigvul_only,,Chrome
66924,0,both_agree,,FFmpeg
118850,0,bigvul_only,,Chrome
151821,0,bigvul_only,,Chrome
4308,0,bigvul_only,,php
69202,0,both_agree,,php-src
182099,1,diversevul_only,,FFmpeg
179881,1,both_agree,CWE-59,lxc
109202,,unmatched,,
137983,0,bigvul_only,,Chrome
109324,,unmatched,,
101685,0,bigvul_only,,Chrome
135817,0,bigvul_only,,Chrome
133063,0,bigvul_only,,Chrome
82229,0,both_agree,,linux
46682,0,primevul_corrected,CWE-264,linux
75192,0,both_agree,,memcached
32561,0,both_agree,,linux
128951,0,bigvul_only,,Chrome
88585,0,both_agree,,pdfresurrect
58730,0,both_agree,,linux
120546,0,bigvul_only,,Chrome
117198,0,primevul_corrected,,Chrome
66343,0,both_agree,,qemu
175544,0,bigvul_only,,Android
94504,0,both_agree,,linux
130740,0,bigvul_only,,Chrome
149890,0,bigvul_only,,Chrome
151512,,unmatched,,
70143,0,bigvul_only,,libtiff
48451,0,both_agree,,linux
86902,1,diversevul_only,CWE-119,optee_os
178511,1,bigvul_only,CWE-189,enlightment
59261,0,both_agree,,linux
125692,0,bigvul_only,,Chrome
130189,0,bigvul_only,,Chrome
81788,0,both_agree,,redis
13125,0,both_agree,,busybox
71572,0,bigvul_only,,ImageMagick
63902,0,both_agree,,linux
95401,0,both_agree,,proftpd
84906,0,both_agree,,linux
81674,0,bigvul_only,,civetweb
82483,0,bigvul_only,,Espruino
129854,0,bigvul_only,,Chrome
46043,0,both_agree,,krb5
124003,0,bigvul_only,,Chrome
148158,0,bigvul_only,,Chrome
136931,0,bigvul_only,,Chrome
135998,0,bigvul_only,,Chrome
54488,0,both_agree,,linux
130523,0,bigvul_only,,Chrome
19211,0,both_agree,,linux
115854,,unmatched,,
21732,0,both_agree,,linux
115825,0,bigvul_only,,Chrome
131483,0,bigvul_only,,Chrome
14266,0,bigvul_only,,php
74206,0,both_agree,,ntp
20849,0,both_agree,,linux
26944,0,both_agree,,linux
106095,,unmatched,,
117255,0,bigvul_only,,Chrome
15886,0,both_agree,,qemu
82387,0,bigvul_only,,Espruino
144900,0,bigvul_only,,Chrome
73113,0,both_agree,,ImageMagick
20506,0,both_agree,,linux
15401,0,bigvul_only,,libxfont
152678,0,bigvul_only,,Chrome
158368,0,bigvul_only,,Chrome
58550,0,both_agree,,FreeRDP
170211,0,bigvul_only,,Chrome
168551,0,bigvul_only,,Chrome
59976,0,both_agree,,linux
83695,0,both_agree,,libgit2
134331,0,bigvul_only,,Chrome
177064,0,bigvul_only,,Android
2063,0,bigvul_only,,spice
104627,0,bigvul_only,,Chrome
147119,0,bigvul_only,,Chrome
59002,0,both_agree,,lynx-snapshots
12345,0,bigvul_only,,php-src
80173,0,both_agree,,gpac
10447,0,both_agree,,qemu
54785,0,both_agree,,linux
41709,0,both_agree,,linux
3018,0,both_agree,,qemu
32612,0,both_agree,,linux
150836,0,bigvul_only,,Chrome
444,0,bigvul_only,,ghostscript
95293,0,both_agree,,linux
121821,0,bigvul_only,,Chrome
45370,0,both_agree,,linux
71092,0,bigvul_only,,Little-CMS
149022,,unmatched,,
39642,0,diversevul_only,,linux-2.6
183715,1,bigvul_only,,Chrome
126250,0,bigvul_only,,Chrome
4178,0,bigvul_only,,savannah
44016,0,bigvul_only,,pacemaker
26609,0,both_agree,,linux
36035,0,both_agree,,linux
19845,0,bigvul_only,,linux
28275,0,both_agree,,krb5
27820,0,diversevul_only,,linux
102201,0,bigvul_only,,Chrome
178766,1,diversevul_only,CWE-399,linux
15667,0,diversevul_only,,qemu
144767,0,bigvul_only,,Chrome
81169,0,bigvul_only,,linux
121979,0,bigvul_only,,Chrome
13741,0,bigvul_only,,php
55711,0,both_agree,,libarchive
114124,0,bigvul_only,,Chrome
81671,0,bigvul_only,,civetweb
79952,0,both_agree,,linux
133148,0,bigvul_only,,Chrome
159347,,unmatched,,
77126,0,bigvul_only,,ovs
98676,0,bigvul_only,,Chrome
113054,0,bigvul_only,,Chrome
87900,0,bigvul_only,,pam_p11
20961,0,both_agree,,linux
39273,0,both_agree,,linux
107792,0,bigvul_only,,Chrome
186250,1,bigvul_only,CWE-284,Chrome
79478,1,diversevul_only,CWE-824,neomutt
60097,0,both_agree,,radare2
73635,,unmatched,,
77878,0,both_agree,,mongo-c-driver
31149,0,both_agree,,linux
77792,0,both_agree,,curl
74457,0,both_agree,,linux
73969,0,both_agree,,picocom
74721,0,both_agree,,linux
76880,0,both_agree,,ovs
110605,0,bigvul_only,,Chrome
50006,0,both_agree,,libarchive
184062,,unmatched,,
149215,0,bigvul_only,,Chrome
139623,0,bigvul_only,,Chrome
135831,0,bigvul_only,,Chrome
94928,0,both_agree,,linux
3983,0,bigvul_only,,poppler
47505,0,bigvul_only,,linux
160843,0,bigvul_only,,Chrome
109073,0,bigvul_only,,Chrome
51069,0,both_agree,,linux
166851,0,bigvul_only,,Chrome
164065,0,bigvul_only,,Chrome
7236,0,bigvul_only,,php
92941,0,both_agree,,rdesktop
114163,,unmatched,,
162942,,unmatched,,
132877,0,bigvul_only,,Chrome
62369,0,both_agree,,tcpdump
145194,0,bigvul_only,,Chrome
9213,0,both_agree,,qemu
57880,0,both_agree,,linux
74358,0,bigvul_only,,kvm-guest-drivers-windows
30200,0,both_agree,,linux
45155,0,both_agree,,httpd
26824,0,both_agree,,linux
133156,0,bigvul_only,,Chrome
101017,0,bigvul_only,,Chrome
28855,0,both_agree,,linux
138100,0,bigvul_only,,Chrome
60083,0,both_agree,,radare2
161688,0,bigvul_only,,Chrome
141341,0,bigvul_only,,Chrome
27840,0,both_agree,,linux
4924,0,bigvul_only,,xserver
12455,0,both_agree,,openssl
168751,0,bigvul_only,,Chrome
81842,0,both_agree,,wolfssl
93679,0,both_agree,,linux
113757,0,bigvul_only,,Chrome
136809,0,bigvul_only,,Chrome
107315,0,bigvul_only,,Chrome
118657,0,bigvul_only,,Chrome
7915,0,both_agree,,ghostscript
84279,0,both_agree,,linux
93986,0,both_agree,,ext-http
14116,0,bigvul_only,,xserver
52540,0,both_agree,,h2o
106245,0,bigvul_only,,Chrome
146676,0,bigvul_only,,Chrome
179451,1,both_agree,CWE-20,monkey
12845,0,both_agree,,openssl
47359,0,bigvul_only,,linux
59641,0,both_agree,,libxml2
131615,0,bigvul_only,,Chrome
23662,0,both_agree,,linux
65329,0,both_agree,,linux
126984,0,bigvul_only,,Chrome
91410,0,both_agree,,linux
65093,0,both_agree,,ImageMagick
9501,0,both_agree,,busybox
173139,,unmatched,,
109382,0,bigvul_only,,Chrome
146726,0,bigvul_only,,Chrome
169353,0,bigvul_only,,Chrome
58104,0,diversevul_only,,linux
86610,0,bigvul_only,,php-src
116090,0,bigvul_only,,Chrome
1222,0,bigvul_only,,poppler
10434,0,both_agree,,qemu
42788,0,both_agree,,libreport
98587,0,bigvul_only,,Chrome
42906,0,both_agree,,linux
132476,0,bigvul_only,,Chrome
99209,0,bigvul_only,,Chrome
31600,conflict,internal_conflict,CWE-399,linux
139634,0,bigvul_only,,Chrome
103477,0,bigvul_only,,Chrome
125894,0,bigvul_only,,Chrome
133704,0,bigvul_only,,Chrome
106829,0,bigvul_only,,Chrome
142624,0,bigvul_only,,Chrome
154203,0,bigvul_only,,Chrome
78573,0,both_agree,,OpenSC
52867,0,both_agree,,linux
110741,0,bigvul_only,,Chrome
11490,0,bigvul_only,,xserver
92182,0,both_agree,,linux
16500,0,bigvul_only,,htcondor
88459,0,both_agree,,gpmf-parser
79334,0,bigvul_only,,FFmpeg
102789,0,bigvul_only,,Chrome
12632,0,both_agree,,savannah
180780,1,both_agree,CWE-119,linux
99483,0,bigvul_only,,Chrome
125997,0,bigvul_only,,Chrome
8900,0,bigvul_only,,virglrenderer
152611,0,bigvul_only,,Chrome
91543,0,diversevul_only,,linux
111088,0,bigvul_only,,Chrome
7615,0,both_agree,,qemu
82739,0,both_agree,,radare2
39299,0,both_agree,,linux
59328,0,both_agree,,linux
136771,0,bigvul_only,,Chrome
104023,0,bigvul_only,,Chrome
32722,0,both_agree,,linux
24946,0,both_agree,,linux
24603,0,both_agree,,linux
67770,0,both_agree,,php-src
5006,0,both_agree,,openssl
128789,0,bigvul_only,,Chrome
56138,0,both_agree,,linux
75482,0,bigvul_only,,krb5
114308,0,bigvul_only,,Chrome
90359,0,both_agree,,linux
57724,0,diversevul_only,,linux
50642,0,both_agree,,linux
81937,0,both_agree,,redis
35553,0,both_agree,,linux
117315,0,both_agree,,Chrome
80182,0,bigvul_only,,gpac
167368,0,bigvul_only,,Chrome
140753,,unmatched,,
122382,0,bigvul_only,,Chrome
53233,0,both_agree,,linux
51257,0,both_agree,,php-src
16071,0,bigvul_only,,exempi
9845,0,bigvul_only,,haproxy
114779,0,primevul_corrected,CWE-119,Chrome
80789,0,both_agree,,gpac
15068,0,bigvul_only,,php
29165,0,both_agree,,linux
67987,0,both_agree,,heimdal
168556,0,bigvul_only,,Chrome
56331,0,both_agree,,libgd
85626,0,diversevul_only,,linux
165139,0,bigvul_only,,Chrome
137173,0,bigvul_only,,Chrome
80299,0,both_agree,,gpac
154108,0,bigvul_only,,Chrome
67306,0,both_agree,,linux
17414,0,bigvul_only,,xserver
128285,0,bigvul_only,,Chrome
168947,0,bigvul_only,,Chrome
13464,0,both_agree,,ghostscript
47253,0,bigvul_only,,linux
10836,0,both_agree,,openssl
140372,0,bigvul_only,,Chrome
15649,0,both_agree,,qemu
3370,0,both_agree,,php
130768,0,bigvul_only,,Chrome
42379,0,both_agree,,linux
55986,0,both_agree,,linux
82463,0,primevul_corrected,CWE-119,Espruino
178608,1,bigvul_only,CWE-20,xserver
85214,0,both_agree,,linux
149,0,bigvul_only,,php
153991,,unmatched,,
88551,0,bigvul_only,,ImageMagick6
166639,,unmatched,,
55806,0,both_agree,,linux
35115,0,both_agree,,linux
7818,0,bigvul_only,,savannah
53831,0,bigvul_only,,linux
122717,,unmatched,,
83209,0,both_agree,,linux
92913,0,both_agree,,rdesktop
4757,0,bigvul_only,,accountsservice
74123,0,both_agree,,jasper
4866,0,bigvul_only,,xserver
158650,0,bigvul_only,,Chrome
52703,0,both_agree,,linux
69534,0,bigvul_only,,linux
33,conflict,both_disagree,,savannah
126020,0,bigvul_only,,Chrome
28688,0,both_agree,,linux
46112,0,both_agree,,openssl
124436,0,primevul_corrected,CWE-94,Chrome
159990,,unmatched,,
69514,0,bigvul_only,,linux
136224,0,bigvul_only,,Chrome
171899,0,bigvul_only,,Android
134465,,unmatched,,
51776,0,both_agree,,wireshark
135511,0,bigvul_only,,Chrome
165184,0,bigvul_only,,Chrome
36714,0,both_agree,,krb5
175100,0,bigvul_only,,Android
80829,0,both_agree,,gpac
9807,0,bigvul_only,,haproxy
138065,0,bigvul_only,,Chrome
56192,0,both_agree,,linux
70580,0,both_agree,,libevent
136258,0,bigvul_only,,Chrome
138488,0,bigvul_only,,Chrome
155971,0,bigvul_only,,Chrome
172897,0,bigvul_only,,Android
760,0,bigvul_only,,poppler
46764,0,bigvul_only,,linux
87816,0,both_agree,,radare2
114290,0,bigvul_only,,Chrome
21751,0,diversevul_only,,kvm
139299,0,bigvul_only,,Chrome
133527,0,bigvul_only,,Chrome
85140,0,bigvul_only,,linux
123275,0,bigvul_only,,Chrome
169708,0,bigvul_only,,Chrome
52010,0,both_agree,,wireshark
135662,,unmatched,,
41230,0,both_agree,,linux
122145,0,bigvul_only,,Chrome
108155,0,bigvul_only,,Chrome
144411,0,bigvul_only,,Chrome
173709,0,bigvul_only,,Android
180885,1,both_agree,CWE-78,shadowsocks-libev
27032,0,both_agree,,nspluginwrapper
151939,0,bigvul_only,,Chrome
161798,,unmatched,,
62107,0,both_agree,,ImageMagick
56280,0,both_agree,,php-src
92981,0,both_agree,,rdesktop
108860,0,bigvul_only,,Chrome
99691,0,bigvul_only,,Chrome
121044,0,bigvul_only,,Chrome
95314,0,both_agree,,php-src
114992,0,bigvul_only,,Chrome
40977,0,bigvul_only,,Little-CMS
116140,0,bigvul_only,,Chrome
59893,0,diversevul_only,,linux
155190,0,primevul_corrected,CWE-20,Chrome
11369,0,bigvul_only,,xserver
82203,0,both_agree,,mruby
175670,0,bigvul_only,,Android
149033,,unmatched,,
66008,0,bigvul_only,,linux
16363,0,bigvul_only,,htcondor
27716,0,both_agree,,linux
104713,0,primevul_corrected,CWE-20,Chrome
49693,0,both_agree,,linux
167537,,unmatched,,
147716,0,bigvul_only,,Chrome
72094,0,both_agree,,slurm
176482,0,bigvul_only,,Android
167170,,unmatched,,
176645,0,both_agree,,Android
39789,0,both_agree,,linux
4612,0,both_agree,,php
25858,0,bigvul_only,,linux
86244,0,both_agree,,linux
123322,0,bigvul_only,,Chrome
60815,0,primevul_corrected,CWE-119,FFmpeg
2603,0,bigvul_only,,postgresql
46538,0,diversevul_only,,net
64718,0,both_agree,,oniguruma
90024,0,both_agree,,zstd
155097,0,bigvul_only,,Chrome
163044,0,primevul_corrected,CWE-416,Chrome
92607,0,both_agree,,linux
90825,0,diversevul_only,,gpac
10017,0,both_agree,,savannah
180450,1,both_agree,CWE-119,iperf
72730,0,both_agree,,jasper
49724,0,both_agree,,libgd
53098,0,both_agree,,linux
117016,0,bigvul_only,,Chrome
146449,0,bigvul_only,,Chrome
116064,0,bigvul_only,,Chrome
11634,0,bigvul_only,,udisks
4872,0,bigvul_only,,xserver
56128,0,both_agree,,linux
185973,,unmatched,,
58912,0,both_agree,,linux
44376,0,bigvul_only,,lxcfs
3334,0,both_agree,,qemu
156492,0,bigvul_only,,Chrome
119093,0,bigvul_only,,Chrome
157970,0,bigvul_only,,Chrome
12531,0,bigvul_only,,openafs
170348,0,primevul_corrected,CWE-189,Android
69087,0,both_agree,,ImageMagick
99262,0,bigvul_only,,Chrome
46092,0,both_agree,,krb5
15407,0,both_agree,,openssl
112235,0,bigvul_only,,Chrome
16236,0,bigvul_only,,htcondor
65571,0,bigvul_only,,linux
185473,,unmatched,,
45233,conflict,both_disagree,,libsndfile
85873,0,both_agree,,linux
65534,0,bigvul_only,,linux
131719,0,bigvul_only,,Chrome
96460,0,both_agree,,rpm
121975,0,bigvul_only,,Chrome
4216,0,bigvul_only,,savannah
44300,0,both_agree,,linux
90988,0,both_agree,,domoticz
100405,0,bigvul_only,,Chrome
2852,0,bigvul_only,,gstreamer
119730,0,bigvul_only,,Chrome
114922,0,bigvul_only,,Chrome
72455,0,bigvul_only,,php-src
60831,0,both_agree,,weechat
161416,0,bigvul_only,,Chrome
77902,0,both_agree,,mongo-c-driver
156482,0,bigvul_only,,Chrome
167311,0,bigvul_only,,Chrome
18302,0,both_agree,,memcached
35419,0,diversevul_only,,linux-2.6
34618,0,both_agree,,linux
137650,0,bigvul_only,,Chrome
147216,,unmatched,,
79540,0,diversevul_only,,neomutt
55048,0,both_agree,,git
171539,0,primevul_corrected,CWE-264,Android
155607,0,primevul_corrected,CWE-119,Chrome
160830,,unmatched,,
20622,0,both_agree,,linux
82270,0,both_agree,,linux
157047,0,bigvul_only,,Chrome
46943,0,bigvul_only,,linux
166542,0,bigvul_only,,Chrome
99028,0,bigvul_only,,Chrome
118659,0,bigvul_only,,Chrome
121100,0,bigvul_only,,Chrome
178909,1,both_agree,CWE-264,linux
53578,0,both_agree,,libarchive
181332,1,bigvul_only,CWE-404,linux
84246,0,both_agree,,linux
106723,0,bigvul_only,,Chrome
147064,0,bigvul_only,,Chrome
28364,0,both_agree,,linux
170379,0,primevul_corrected,CWE-189,Android
61034,0,both_agree,,nautilus
88789,0,diversevul_only,,ssdp-responder
159830,0,bigvul_only,,Chrome
183953,,unmatched,,
23258,0,primevul_corrected,,linux
69892,0,both_agree,,tor
30461,0,both_agree,,linux
122796,,unmatched,,
78215,0,both_agree,,OpenSC
137634,0,bigvul_only,,Chrome
44553,0,both_agree,,lxc
177612,0,bigvul_only,,Android
10478,0,both_agree,,qemu
142915,0,bigvul_only,,Chrome
121187,0,bigvul_only,,Chrome
9038,0,both_agree,,qemu
129668,,unmatched,,
102015,0,bigvul_only,,Chrome
187043,conflict,internal_conflict,CWE-20,Chrome
128376,0,bigvul_only,,Chrome
164730,,unmatched,,
21218,0,bigvul_only,,linux
115734,0,bigvul_only,,Chrome
151344,0,bigvul_only,,Chrome
187670,1,bigvul_only,,Android
41678,0,both_agree,,linux
29690,0,bigvul_only,,linux
78792,0,both_agree,,OpenSC
47740,0,both_agree,,linux
37796,0,both_agree,,linux
178244,1,diversevul_only,,php-src
13641,0,bigvul_only,,openssl
20520,0,both_agree,,linux
32734,0,both_agree,,linux
115342,0,bigvul_only,,Chrome
89664,0,bigvul_only,,linux
55453,0,diversevul_only,,linux
83414,0,diversevul_only,,openvpn
183591,,unmatched,,
165810,0,bigvul_only,,Chrome
188615,1,bigvul_only,CWE-119,Android
179871,1,both_agree,CWE-17,linux
97556,0,bigvul_only,,Chrome
8502,0,bigvul_only,,gstreamer
59370,0,both_agree,,linux
151717,0,bigvul_only,,Chrome
87082,0,both_agree,,cJSON
80655,0,both_agree,,gpac
122916,0,bigvul_only,,Chrome
166912,0,bigvul_only,,Chrome
82609,0,both_agree,,Espruino
103357,0,primevul_corrected,CWE-119,Chrome
111443,0,bigvul_only,,Chrome
174662,0,bigvul_only,,Android
74656,0,diversevul_only,,aircrack-ng
155420,0,bigvul_only,,Chrome
127767,0,bigvul_only,,Chrome
178149,conflict,internal_conflict,CWE-416,php
172596,0,primevul_corrected,CWE-20,Android
155296,0,bigvul_only,,Chrome
38936,0,both_agree,,postgres
130291,0,bigvul_only,,Chrome
23739,0,diversevul_only,,linux
153630,0,bigvul_only,,Chrome
133182,0,bigvul_only,,Chrome
63408,0,both_agree,,FFmpeg
124437,0,bigvul_only,,Chrome
112506,0,bigvul_only,,Chrome
81864,0,both_agree,,wolfssl
4050,0,bigvul_only,,poppler
401,0,bigvul_only,,ghostscript
134807,0,bigvul_only,,Chrome
47687,0,both_agree,,linux
113222,,unmatched,,
100374,0,bigvul_only,,Chrome
139243,0,bigvul_only,,Chrome
61558,0,both_agree,,FFmpeg
44737,0,both_agree,,linux
142490,0,bigvul_only,,Chrome
143229,0,bigvul_only,,Chrome
107733,0,bigvul_only,,Chrome
175383,,unmatched,,
178521,1,diversevul_only,,busybox
147671,0,bigvul_only,,Chrome
145863,0,bigvul_only,,Chrome
159631,0,bigvul_only,,Chrome
146931,0,bigvul_only,,Chrome
128525,0,bigvul_only,,Chrome
178472,1,bigvul_only,,php
55442,0,both_agree,,linux
110774,0,bigvul_only,,Chrome
36520,0,both_agree,,linux
26233,0,bigvul_only,,linux
113698,0,primevul_corrected,,Chrome
148814,0,bigvul_only,,Chrome
170459,0,bigvul_only,,Android
92391,0,bigvul_only,,systemd
89882,0,both_agree,,miniupnp
104915,0,bigvul_only,,Chrome
12799,0,both_agree,,openssl
170031,0,bigvul_only,,Chrome
91945,0,both_agree,,linux
119634,0,bigvul_only,,Chrome
75633,0,both_agree,,WavPack
137825,0,bigvul_only,,Chrome
139146,0,bigvul_only,,Chrome
166430,0,bigvul_only,,Chrome
67331,0,both_agree,,linux
31695,0,both_agree,,linux
159338,0,bigvul_only,,Chrome
66912,0,both_agree,,feh
69509,conflict,both_disagree,,linux
153235,0,bigvul_only,,Chrome
126929,0,bigvul_only,,Chrome
86780,0,both_agree,,libtiff
183133,conflict,internal_conflict,CWE-119,ImageMagick
56903,0,both_agree,,linux
34383,0,diversevul_only,,linux-2.6
24131,0,both_agree,,linux
68921,0,both_agree,,linux
113166,0,bigvul_only,,Chrome
73325,0,bigvul_only,,libass
65398,0,bigvul_only,,linux
39678,0,both_agree,,linux
171523,0,bigvul_only,,Android
95803,0,bigvul_only,,OpenJK
52231,0,both_agree,,linux
164938,,unmatched,,
4946,0,bigvul_only,,gstreamer
38002,0,both_agree,,linux
180432,1,both_agree,CWE-119,atheme
89654,0,both_agree,,linux
25280,0,bigvul_only,,linux
130715,0,bigvul_only,,Chrome
57782,0,bigvul_only,,linux
67566,0,both_agree,,proftpd
161669,0,bigvul_only,,Chrome
1471,0,both_agree,,qemu
184182,,unmatched,,
132807,,unmatched,,
87803,0,both_agree,,radare2
30770,0,both_agree,,linux
127054,,unmatched,,
114587,0,bigvul_only,,Chrome
34910,0,both_agree,,linux
78095,0,both_agree,,Little-CMS
152356,,unmatched,,
8186,0,diversevul_only,CWE-400,qemu
90149,0,both_agree,,linux
68023,0,both_agree,,libplist
105845,,unmatched,,
125611,,unmatched,,
46990,0,bigvul_only,,linux
48646,0,bigvul_only,,httpd
108906,0,bigvul_only,,Chrome
125666,0,bigvul_only,,Chrome
30345,0,both_agree,,linux
82519,0,both_agree,,Espruino
47789,0,both_agree,,linux
154216,0,bigvul_only,,Chrome
10910,0,bigvul_only,,gnupg
55381,0,both_agree,,linux
173521,0,bigvul_only,,Android
168347,0,bigvul_only,,Chrome
83019,0,bigvul_only,,PDFGen
70853,0,both_agree,,FFmpeg
72981,0,bigvul_only,,w3m
1097,0,bigvul_only,,poppler
122420,0,bigvul_only,,Chrome
186651,0,bigvul_only,,Chrome
107087,0,bigvul_only,,Chrome
144308,0,bigvul_only,,Chrome
169857,0,bigvul_only,,Chrome
13284,0,both_agree,,ghostscript
75298,0,bigvul_only,,stb
129383,0,bigvul_only,,Chrome
158501,0,bigvul_only,,Chrome
100387,0,bigvul_only,,Chrome
75529,0,both_agree,,linux
59912,0,both_agree,,linux
164235,0,bigvul_only,,Chrome
110976,0,bigvul_only,,Chrome
168480,0,bigvul_only,,Chrome
145621,0,bigvul_only,,Chrome
34970,0,both_agree,,linux
106502,0,bigvul_only,,Chrome
103530,0,bigvul_only,,Chrome
57893,0,both_agree,,linux
163988,0,bigvul_only,,Chrome
93700,0,both_agree,,cJSON
39852,0,both_agree,,linux
29149,0,bigvul_only,,linux
132163,0,bigvul_only,,Chrome
152780,0,bigvul_only,,Chrome
112387,0,bigvul_only,,Chrome
87411,0,both_agree,,FreeRDP
110686,0,bigvul_only,,Chrome
36256,0,diversevul_only,,linux
187425,conflict,internal_conflict,CWE-264,Android
64587,0,both_agree,,yara
108015,0,bigvul_only,,Chrome
19185,0,both_agree,,jabberd2
176370,0,primevul_corrected,CWE-704,Android
181475,1,diversevul_only,,suricata
142297,0,bigvul_only,,Chrome
153213,,unmatched,,
58804,0,both_agree,,linux
29694,0,bigvul_only,,linux
80863,0,diversevul_only,,gpac
112864,0,bigvul_only,,Chrome
151638,,unmatched,,
37734,0,diversevul_only,,linux-2.6
94493,0,both_agree,,linux
135797,0,bigvul_only,,Chrome
82069,0,both_agree,,mruby
145777,0,bigvul_only,,Chrome
95633,0,bigvul_only,,OpenJK
49781,0,both_agree,,linux
175480,0,bigvul_only,,Android
115878,0,bigvul_only,,Chrome
35283,0,both_agree,,linux
162649,0,bigvul_only,,Chrome
103527,0,primevul_corrected,CWE-264,Chrome
131135,0,bigvul_only,,Chrome
178033,1,bigvul_only,,savannah
100515,0,bigvul_only,,Chrome
39909,0,both_agree,,linux
19825,0,bigvul_only,,linux
525,0,bigvul_only,,ghostscript
128005,0,bigvul_only,,Chrome
180574,1,diversevul_only,CWE-20,linux
45130,0,both_agree,,httpd
3494,0,both_agree,,savannah
128611,0,bigvul_only,,Chrome
45769,0,bigvul_only,,linux
60910,0,both_agree,,nautilus
104139,0,bigvul_only,,Chrome
61498,0,both_agree,,ImageMagick
146674,0,bigvul_only,,Chrome
51737,0,both_agree,,wireshark
73537,0,primevul_corrected,CWE-20,ImageMagick
168918,0,bigvul_only,,Chrome
80941,0,both_agree,,linux
120629,0,bigvul_only,,Chrome
72596,0,both_agree,,linux
121891,0,bigvul_only,,Chrome
124819,0,bigvul_only,,Chrome
148759,0,bigvul_only,,Chrome
78153,0,both_agree,,OpenSC
149003,0,bigvul_only,,Chrome
41186,0,both_agree,,linux
71372,0,both_agree,,libgit2
99261,0,bigvul_only,,Chrome
150385,0,bigvul_only,,Chrome
58714,0,both_agree,,linux
155072,0,bigvul_only,,Chrome
181950,1,both_agree,CWE-310,openssl
156417,0,bigvul_only,,Chrome
24439,0,both_agree,,linux
3290,0,both_agree,,ghostscript
36534,0,both_agree,,linux
121240,0,bigvul_only,,Chrome
19318,0,both_agree,,linux
73060,0,both_agree,,libgd
111907,0,bigvul_only,,Chrome
32350,0,both_agree,,linux
2171,0,bigvul_only,,spice
8952,0,both_agree,,qemu
108966,0,bigvul_only,,Chrome
145668,0,bigvul_only,,Chrome
68536,0,both_agree,,gst-plugins-ugly
148827,0,bigvul_only,,Chrome
82951,0,bigvul_only,,radare2
128128,,unmatched,,
126735,0,bigvul_only,,Chrome
127906,0,bigvul_only,,Chrome
71735,0,diversevul_only,,ImageMagick6
28400,0,diversevul_only,,linux
122132,0,bigvul_only,,Chrome
151257,0,bigvul_only,,Chrome
46428,0,bigvul_only,,linux
101237,0,bigvul_only,,Chrome
95059,0,both_agree,,libgd
117601,0,bigvul_only,,Chrome
167009,0,bigvul_only,,Chrome
148227,0,bigvul_only,,Chrome
84589,0,both_agree,,w3m
36139,0,both_agree,,krb5
66224,0,both_agree,,libetpan
132409,0,bigvul_only,,Chrome
175096,0,bigvul_only,,Android
66018,0,both_agree,,libav
176738,0,bigvul_only,,Android
62566,0,both_agree,,tcpdump
131548,0,bigvul_only,,Chrome
16473,0,bigvul_only,,htcondor
182292,1,both_agree,CWE-22,neomutt
22508,0,both_agree,,linux
16176,0,bigvul_only,,htcondor
1178,0,bigvul_only,,poppler
161216,0,bigvul_only,,Chrome
65492,0,bigvul_only,,linux
23320,0,bigvul_only,,linux
158411,0,bigvul_only,,Chrome
58693,0,diversevul_only,,linux
15669,0,both_agree,,qemu
186120,1,bigvul_only,CWE-264,Chrome
95,0,both_agree,,openssl
71139,0,bigvul_only,,systemd
15182,0,bigvul_only,,php
40149,0,both_agree,,linux
144744,,unmatched,,
55826,0,both_agree,,linux
115382,0,bigvul_only,,Chrome
51345,0,bigvul_only,,php-src
46476,0,both_agree,,krb5
167511,0,bigvul_only,,Chrome
25942,0,both_agree,,linux
10849,0,bigvul_only,,kde
177131,0,bigvul_only,,Android
134827,,unmatched,,
1607,0,both_agree,,savannah
30010,0,both_agree,,linux
170159,0,primevul_corrected,,Chrome
188228,1,bigvul_only,CWE-119,Android
91314,0,both_agree,,linux
120744,0,bigvul_only,,Chrome
115966,0,primevul_corrected,CWE-399,Chrome
144711,,unmatched,,
91173,0,diversevul_only,,ImageMagick
56653,0,both_agree,,linux
39243,0,both_agree,,php-src
87976,0,both_agree,,linux
73147,0,both_agree,,tor
124828,0,bigvul_only,,Chrome
61029,0,both_agree,,nautilus
22320,0,both_agree,,linux
54015,0,bigvul_only,,linux
8374,0,both_agree,,qemu
157209,0,bigvul_only,,Chrome
127536,0,bigvul_only,,Chrome
176549,0,both_agree,,libxml2
172774,0,bigvul_only,,Android
118075,0,bigvul_only,,Chrome
155854,0,bigvul_only,,Chrome
69815,0,bigvul_only,,tor
39884,0,both_agree,,linux
25173,0,bigvul_only,,linux
178900,1,both_agree,CWE-264,linux
70782,0,both_agree,,FFmpeg
173262,0,bigvul_only,,Android
182818,1,diversevul_only,,libming
58554,0,diversevul_only,,FreeRDP
157651,,unmatched,,
99496,0,bigvul_only,,Chrome
69833,0,both_agree,,tor
80453,0,diversevul_only,,gpac
121926,0,bigvul_only,,Chrome
180730,,unmatched,,
179270,1,both_agree,CWE-200,curl
91252,0,both_agree,,linux
154241,0,bigvul_only,,Chrome
2332,0,both_agree,,samba
71610,0,both_agree,,ImageMagick
5588,0,primevul_corrected,CWE-119,ghostscript
49887,0,bigvul_only,,php-src
114073,0,bigvul_only,,Chrome
54160,0,both_agree,,linux
183864,,unmatched,,
27953,0,both_agree,,linux
20780,0,both_agree,,linux
132429,0,bigvul_only,,Chrome
104856,0,bigvul_only,,Chrome
99497,,unmatched,,
53340,0,both_agree,,jansson
9362,0,both_agree,,openssl
51546,0,both_agree,,linux
54424,0,both_agree,,php-src
66442,0,both_agree,,linux
174500,0,bigvul_only,,Android
89841,0,both_agree,,miniupnp
168697,0,bigvul_only,,Chrome
93432,0,primevul_corrected,CWE-476,linux
167528,0,bigvul_only,,Chrome
28550,0,both_agree,,linux
9608,0,bigvul_only,,php
165721,0,bigvul_only,,Chrome
42264,1,diversevul_only,CWE-415,linux
163391,0,bigvul_only,,Chrome
153277,0,bigvul_only,,Chrome
180225,conflict,internal_conflict,CWE-190,php-src
163162,0,bigvul_only,,Chrome
131666,0,bigvul_only,,Chrome
35257,0,both_agree,,linux
153720,0,bigvul_only,,Chrome
129342,0,bigvul_only,,Chrome
93191,0,both_agree,,tcpdump
187422,,unmatched,,
49181,0,both_agree,,linux
45279,0,both_agree,,linux
132996,0,primevul_corrected,,Chrome
84915,0,both_agree,,linux
100646,0,bigvul_only,,Chrome
25493,0,both_agree,,linux
80723,0,both_agree,,gpac
132995,0,bigvul_only,,Chrome
130660,,unmatched,,
113453,0,bigvul_only,,Chrome
83251,0,both_agree,,linux
137626,0,bigvul_only,,Chrome
111244,0,bigvul_only,,Chrome
112752,0,bigvul_only,,Chrome
106389,0,bigvul_only,,Chrome
69342,0,both_agree,,openssl
16488,0,bigvul_only,,htcondor
2350,0,both_agree,,samba
1334,0,primevul_corrected,CWE-119,pengutronix
44261,0,both_agree,,openssl
46303,0,both_agree,,linux
163387,0,bigvul_only,,Chrome
151962,,unmatched,,
21181,0,both_agree,,linux
11761,0,bigvul_only,,udisks
86841,0,both_agree,,optee_os
62272,0,diversevul_only,,tcpdump
97589,0,both_agree,,Chrome
21521,0,both_agree,,linux
136433,0,bigvul_only,,Chrome
68533,0,both_agree,,gst-plugins-ugly
139486,0,bigvul_only,,Chrome
16288,0,bigvul_only,,htcondor
128955,,unmatched,,
28341,0,both_agree,,linux
113502,,unmatched,,
163618,0,diversevul_only,,libxml2
111550,0,bigvul_only,,Chrome
77845,0,both_agree,,mongo-c-driver
9307,0,bigvul_only,,infradead
45085,0,both_agree,,httpd
64162,0,both_agree,,radare2
60973,0,both_agree,,nautilus
93507,0,diversevul_only,,linux
119491,0,bigvul_only,,Chrome
10992,0,both_agree,,php
71733,0,both_agree,,ImageMagick
152207,0,bigvul_only,,Chrome
82038,0,both_agree,,mruby
107099,0,bigvul_only,,Chrome
89643,0,diversevul_only,,linux
123289,0,bigvul_only,,Chrome
138672,,unmatched,,
29918,0,both_agree,,linux
43870,0,both_agree,,libarchive
114785,0,bigvul_only,,Chrome
130589,0,bigvul_only,,Chrome
88616,0,both_agree,,linux
10801,0,both_agree,,openssl
91371,0,both_agree,,ImageMagick
13114,0,bigvul_only,,qemu
13881,0,bigvul_only,,ghostscript
79440,0,both_agree,,FFmpeg
112623,0,bigvul_only,,Chrome
44732,0,bigvul_only,,linux
55962,0,both_agree,,linux
104985,0,bigvul_only,,Chrome
153344,0,bigvul_only,,Chrome
10837,0,both_agree,,openssl
181881,1,diversevul_only,CWE-190,jasper
47782,0,both_agree,,linux
15180,0,bigvul_only,,php
161842,0,bigvul_only,,Chrome
67199,0,both_agree,,linux
109957,0,bigvul_only,,Chrome
33631,0,both_agree,,krb5
167954,0,bigvul_only,,Chrome
165796,0,bigvul_only,,Chrome
65570,0,bigvul_only,,linux
109673,0,bigvul_only,,Chrome
20078,0,both_agree,,linux
116529,0,bigvul_only,,Chrome
103768,0,bigvul_only,,Chrome
163037,0,bigvul_only,,Chrome
26346,0,bigvul_only,,linux
118831,0,bigvul_only,,Chrome
78466,0,both_agree,,OpenSC
135691,,unmatched,,
132152,0,bigvul_only,,Chrome
131438,,unmatched,,
184252,,unmatched,,
147384,0,bigvul_only,,Chrome
145680,0,bigvul_only,,Chrome
185516,,unmatched,,
16205,0,bigvul_only,,htcondor
105317,0,bigvul_only,,Chrome
118979,0,bigvul_only,,Chrome
107183,0,bigvul_only,,Chrome
160536,0,bigvul_only,,Chrome
93379,0,bigvul_only,,linux
10031,0,both_agree,,savannah
95686,0,bigvul_only,,OpenJK
20232,0,both_agree,,linux
145536,0,bigvul_only,,Chrome
54980,0,both_agree,,git
180646,1,both_agree,CWE-189,dosfstools
13139,0,both_agree,,busybox
80868,0,both_agree,,gpac
97868,0,primevul_corrected,,Chrome
11349,0,bigvul_only,,xserver
8586,0,bigvul_only,,tartarus
68944,0,both_agree,,linux
94522,0,both_agree,,linux
26370,0,bigvul_only,,linux
92930,0,primevul_corrected,CWE-119,rdesktop
134949,0,bigvul_only,,Chrome
92778,0,both_agree,,linux
148893,0,bigvul_only,,Chrome
16841,0,both_agree,,qemu
92697,0,both_agree,,linux
154208,,unmatched,,
11409,0,bigvul_only,,xserver
101625,0,bigvul_only,,Chrome
31229,0,both_agree,,linux
74516,0,both_agree,,linux
185752,,unmatched,,
12244,0,both_agree,,openssl
100825,0,bigvul_only,,Chrome
164133,0,bigvul_only,,Chrome
40260,0,diversevul_only,,linux
135697,0,bigvul_only,,Chrome
109550,0,bigvul_only,,Chrome
165950,0,bigvul_only,,Chrome
105162,0,bigvul_only,,Chrome
94069,0,both_agree,,linux
103294,0,bigvul_only,,Chrome
80078,0,diversevul_only,,gpac
182025,0,bigvul_only,,ImageMagick
30219,0,both_agree,,linux
157830,,unmatched,,
147688,0,bigvul_only,,Chrome
20368,0,both_agree,,linux
150025,0,bigvul_only,,Chrome
35977,0,diversevul_only,,linux
97641,0,bigvul_only,,Chrome
120771,0,bigvul_only,,Chrome
186411,,unmatched,,
17487,0,bigvul_only,,xserver
62292,0,diversevul_only,,tcpdump
21525,0,diversevul_only,,linux
161595,0,bigvul_only,,Chrome
42181,0,diversevul_only,,linux
72766,0,both_agree,,jasper
144013,0,primevul_corrected,CWE-119,Chrome
40012,0,both_agree,,linux
115955,0,bigvul_only,,Chrome
64572,0,both_agree,,yara
14357,0,both_agree,,openssl
57088,,unmatched,,
151741,0,bigvul_only,,Chrome
64648,0,both_agree,,oniguruma
40401,0,both_agree,,linux
48904,0,bigvul_only,,linux
116941,0,bigvul_only,,Chrome
56328,0,diversevul_only,,php-src
81828,0,diversevul_only,,wolfssl
62999,0,both_agree,,linux
61401,0,both_agree,,FFmpeg
40852,0,both_agree,,mapserver
73002,1,bigvul_only,CWE-190,jasper
9758,0,bigvul_only,,qemu
46722,0,bigvul_only,,linux
122076,0,bigvul_only,,Chrome
156653,0,bigvul_only,,Chrome
89300,0,bigvul_only,,u-boot
89949,0,both_agree,,heimdal
188281,,unmatched,,
75139,0,bigvul_only,,minisphere
168696,0,bigvul_only,,Chrome
134480,,unmatched,,
127496,0,bigvul_only,,Chrome
103590,0,bigvul_only,,Chrome
181957,,unmatched,,
60460,0,both_agree,,radare2
67983,0,both_agree,,heimdal
67412,0,diversevul_only,,linux
82727,0,bigvul_only,,radare2
184315,1,bigvul_only,CWE-399,Chrome
106546,0,bigvul_only,,Chrome
120558,0,bigvul_only,,Chrome
180177,1,both_agree,CWE-125,libgd
67417,0,both_agree,,linux
104238,0,bigvul_only,,Chrome
94231,0,both_agree,,memcached
177751,1,bigvul_only,CWE-416,ghostscript
169019,0,bigvul_only,,Chrome
38272,0,both_agree,,linux
59487,0,both_agree,,libxml2
66817,0,both_agree,,radare2
177092,conflict,internal_conflict,,Android
149244,0,bigvul_only,,Chrome
130948,0,bigvul_only,,Chrome
70737,0,both_agree,,libevent
30180,0,both_agree,,linux
28592,0,both_agree,,linux
100666,0,bigvul_only,,Chrome
186345,1,bigvul_only,CWE-125,Chrome
7392,0,bigvul_only,,php
90854,0,both_agree,,gpac
98403,,unmatched,,
55454,0,diversevul_only,,linux
137746,0,bigvul_only,,Chrome
81718,0,diversevul_only,,FFmpeg
53321,0,both_agree,,linux
128161,0,bigvul_only,,Chrome
151654,0,bigvul_only,,Chrome
3364,0,both_agree,,ghostscript
151872,0,bigvul_only,,Chrome
31323,0,both_agree,,linux
145643,0,bigvul_only,,Chrome
19834,0,both_agree,,linux
89375,0,bigvul_only,,u-boot
182539,1,bigvul_only,CWE-119,thor
52820,0,both_agree,,linux
164343,0,bigvul_only,,Chrome
140226,0,bigvul_only,,Chrome
156335,0,bigvul_only,,Chrome
46517,0,both_agree,,openssl
164733,0,bigvul_only,,Chrome
150807,0,bigvul_only,,Chrome
103974,0,bigvul_only,,Chrome
57760,0,bigvul_only,,linux
161616,0,primevul_corrected,CWE-416,Chrome
19001,0,both_agree,,linux
75259,,unmatched,,
42945,0,both_agree,,linux
146434,0,bigvul_only,,Chrome
632,0,both_agree,,samba
119936,0,bigvul_only,,Chrome
64149,0,bigvul_only,,radare2
172308,0,bigvul_only,,Android
97187,0,bigvul_only,,Chrome
139580,0,bigvul_only,,Chrome
42155,0,both_agree,,openssh-portable
88143,0,both_agree,,linux
135894,0,bigvul_only,,Chrome
73566,0,both_agree,,ImageMagick
146298,,unmatched,,
90333,0,both_agree,,linux
92319,0,both_agree,,libexpat
27598,0,diversevul_only,,linux
81775,0,both_agree,,FFmpeg
31677,0,both_agree,,linux
43793,0,both_agree,,krb5
68830,0,both_agree,,linux
77303,0,bigvul_only,,ovs
135570,0,bigvul_only,,Chrome
115170,0,bigvul_only,,Chrome
1562,0,both_agree,,savannah
62027,1,both_agree,CWE-125,tcpdump
75902,0,both_agree,,keepalived
81193,0,bigvul_only,,linux
184012,1,bigvul_only,CWE-399,Chrome
57731,0,both_agree,,linux
43047,0,both_agree,,redis
181067,1,both_agree,CWE-125,tcpdump
91348,0,both_agree,,ImageMagick
104517,0,bigvul_only,,Chrome
98793,,unmatched,,
139393,0,bigvul_only,,Chrome
156738,0,primevul_corrected,CWE-732,Chrome
87553,0,both_agree,,FreeRDP
145231,0,bigvul_only,,Chrome
85697,0,both_agree,,linux
161770,0,bigvul_only,,Chrome
11172,0,both_agree,,php
155172,0,bigvul_only,,Chrome
175084,0,bigvul_only,,Android
6422,0,both_agree,,lxde
3246,0,both_agree,,ghostscript
136723,0,bigvul_only,,Chrome
118387,0,bigvul_only,,Chrome
102783,0,bigvul_only,,Chrome
11998,0,both_agree,,openssl
138014,0,bigvul_only,,Chrome
18889,0,both_agree,,linux
27905,0,both_agree,,linux
49432,0,both_agree,,linux
61262,0,diversevul_only,,cyrus-imapd
145248,0,bigvul_only,,Chrome
128772,0,bigvul_only,,Chrome
101001,0,bigvul_only,,Chrome
177752,1,bigvul_only,CWE-20,ghostscript
173756,0,bigvul_only,,Android
148343,0,bigvul_only,,Chrome
162685,0,bigvul_only,,Chrome
1425,0,both_agree,,samba
28204,0,both_agree,,FFmpeg
152269,,unmatched,,
124282,0,bigvul_only,,Chrome
42555,0,both_agree,,linux
173183,0,bigvul_only,,Android
77852,0,both_agree,,mongo-c-driver
171426,,unmatched,,
174228,0,primevul_corrected,CWE-264,Android
113327,0,bigvul_only,,Chrome
157269,0,bigvul_only,,Chrome
127077,0,bigvul_only,,Chrome
163757,0,bigvul_only,,Chrome
65706,0,bigvul_only,,linux
59980,0,both_agree,,linux
18968,0,both_agree,,linux
75252,0,bigvul_only,,stb
70497,0,bigvul_only,,yara
65469,0,bigvul_only,,linux
61886,0,both_agree,,openjpeg
5799,0,both_agree,,qemu
105688,0,bigvul_only,,Chrome
32992,0,both_agree,,linux
40452,0,both_agree,,linux
145385,0,bigvul_only,,Chrome
176511,0,bigvul_only,,Android
168495,0,bigvul_only,,Chrome
37714,0,both_agree,,linux
154649,0,bigvul_only,,Chrome
146863,0,bigvul_only,,Chrome
155558,0,bigvul_only,,Chrome
47198,0,bigvul_only,,linux
63946,0,both_agree,,FFmpeg
3386,0,both_agree,,php
51470,0,both_agree,,php-src
112147,0,bigvul_only,,Chrome
169575,0,bigvul_only,,Chrome
76358,0,both_agree,,linux
156508,0,bigvul_only,,Chrome
58933,0,both_agree,,linux
92206,0,both_agree,,linux
79497,0,diversevul_only,,neomutt
182369,1,diversevul_only,,radare2
26485,0,bigvul_only,,linux
52935,0,both_agree,,linux
115401,0,bigvul_only,,Chrome
146665,0,bigvul_only,,Chrome
2170,0,bigvul_only,,spice
108510,0,bigvul_only,,Chrome
25849,0,bigvul_only,,linux
83496,0,both_agree,,linux
179061,1,diversevul_only,CWE-399,linux
94833,0,both_agree,,ImageMagick
34456,0,both_agree,,linux
3627,0,both_agree,,openssl
143561,0,bigvul_only,,Chrome
11009,0,both_agree,,php
13918,0,both_agree,,openssl
83522,0,diversevul_only,,FreeRDP
32581,0,both_agree,,linux
36986,0,both_agree,,linux
2049,0,both_agree,,samba
17619,0,bigvul_only,,xserver
89440,0,bigvul_only,,linux
150242,0,bigvul_only,,Chrome
95144,0,bigvul_only,,cyrus-imapd
138478,0,bigvul_only,,Chrome
36505,0,both_agree,,linux
58345,0,both_agree,,linux
48848,0,both_agree,,linux
69302,0,both_agree,,openssl
52044,0,both_agree,,wireshark
63477,0,both_agree,,yara
76623,0,both_agree,,git
105439,0,bigvul_only,,Chrome
40318,0,both_agree,,linux
181528,1,ecwk_cvefixes2022,CWE-190,verdammelt/tnef
87910,0,both_agree,,linux
107000,,unmatched,,
181162,1,both_agree,,linux
116393,,unmatched,,
3506,0,both_agree,,savannah
67230,0,both_agree,,linux
22845,0,both_agree,,linux
154621,,unmatched,,
5472,0,both_agree,,ghostscript
140400,0,bigvul_only,,Chrome
10534,0,bigvul_only,,qemu
5210,0,bigvul_only,,php
43209,0,both_agree,,linux
36004,0,both_agree,,linux
73,0,both_agree,,php
147302,0,bigvul_only,,Chrome
101599,0,bigvul_only,,Chrome
129607,0,bigvul_only,,Chrome
101232,,unmatched,,
60721,0,both_agree,,linux
163247,0,bigvul_only,,Chrome
171640,0,bigvul_only,,Android
93835,0,both_agree,,libvirt
83327,0,bigvul_only,,openmpt
180886,1,diversevul_only,,shadowsocks-libev
43179,0,both_agree,,linux
76878,0,both_agree,,ovs
149906,,unmatched,,
55338,0,both_agree,,linux
28106,0,both_agree,,FFmpeg
178054,1,bigvul_only,CWE-17,php
27486,0,diversevul_only,,linux-2.6
70406,0,both_agree,,jasper
91559,0,both_agree,,linux
43642,0,both_agree,,linux
174678,0,bigvul_only,,Android
36621,0,diversevul_only,,sgminer
58565,0,both_agree,,FreeRDP
41061,0,both_agree,,corosync
27992,0,diversevul_only,,FFmpeg
42772,0,both_agree,,linux
116414,0,bigvul_only,,Chrome
95490,0,bigvul_only,,OpenJK
90751,0,both_agree,,FFmpeg
41023,0,bigvul_only,,Little-CMS
116689,0,bigvul_only,,Chrome
52724,0,both_agree,,linux
106835,0,bigvul_only,,Chrome
96804,0,diversevul_only,,linux
66356,0,diversevul_only,,qemu
40056,0,both_agree,,linux
102932,0,bigvul_only,,Chrome
6633,0,both_agree,,ghostscript
90054,0,both_agree,,zstd
77730,0,both_agree,,ovs
59191,conflict,both_disagree,,linux
92763,0,both_agree,,linux
75423,0,both_agree,,radare2
15656,0,diversevul_only,,qemu
54802,0,diversevul_only,,linux
185370,,unmatched,,
160472,0,bigvul_only,,Chrome
96515,0,both_agree,,suricata
32381,0,both_agree,,linux
161987,0,bigvul_only,,Chrome
93212,0,bigvul_only,,libjpeg-turbo
79492,0,both_agree,,neomutt
91964,0,both_agree,,linux
156602,0,bigvul_only,,Chrome
73925,0,bigvul_only,,lhasa
104863,0,bigvul_only,,Chrome
101727,0,bigvul_only,,Chrome
103872,0,bigvul_only,,Chrome
171533,0,bigvul_only,,Android
113147,0,bigvul_only,,Chrome
96420,0,both_agree,,librsvg
96598,0,diversevul_only,,radare2
16497,0,bigvul_only,,htcondor
110717,0,bigvul_only,,Chrome
70316,0,both_agree,,libtiff
35031,0,both_agree,,linux
56696,0,both_agree,,linux
106309,0,bigvul_only,,Chrome
85527,0,both_agree,,linux
3538,0,both_agree,,moodle
181054,1,diversevul_only,CWE-125,tcpdump
80883,0,both_agree,,gpac
177505,0,bigvul_only,,Android
70323,0,both_agree,,libtiff
89768,0,bigvul_only,,firejail
65429,0,bigvul_only,,linux
40592,0,both_agree,,linux
20989,0,both_agree,,linux
158156,0,bigvul_only,,Chrome
32250,0,both_agree,,linux
188250,1,primevul_corrected,CWE-119,Android
15983,0,bigvul_only,,exempi
31814,0,both_agree,,linux
143157,,unmatched,,
125941,0,bigvul_only,,Chrome
158392,0,bigvul_only,,Chrome
168775,0,bigvul_only,,Chrome
149994,,unmatched,,
121162,0,bigvul_only,,Chrome
45123,0,both_agree,,httpd
149814,0,bigvul_only,,Chrome
63945,0,both_agree,,FFmpeg
154168,0,bigvul_only,,Chrome
169352,0,bigvul_only,,Chrome
169104,0,bigvul_only,,Chrome
16227,0,bigvul_only,,htcondor
93718,0,both_agree,,cJSON
91520,0,both_agree,,php-src
72924,0,both_agree,,jasper
185122,1,bigvul_only,CWE-119,Chrome
166407,0,bigvul_only,,Chrome
123319,0,bigvul_only,,Chrome
143111,0,bigvul_only,,Chrome
72736,0,both_agree,,jasper
44809,0,both_agree,,pigz
138389,,unmatched,,
117769,,unmatched,,
125809,0,bigvul_only,,Chrome
135192,0,bigvul_only,,Chrome
46935,0,bigvul_only,,linux
75985,0,both_agree,,keepalived
177739,1,both_agree,CWE-310,openssl
184249,,unmatched,,
173759,0,bigvul_only,,Android
23631,0,both_agree,,linux
155342,,unmatched,,
108445,0,bigvul_only,,Chrome
37752,0,both_agree,,linux
34562,0,both_agree,,linux
156930,0,bigvul_only,,Chrome
6942,0,primevul_corrected,CWE-119,savannah
163945,0,bigvul_only,,Chrome
14548,0,both_agree,,openssl
177662,,unmatched,,
124453,0,bigvul_only,,Chrome
83902,0,both_agree,,libvips
92110,0,both_agree,,linux
123882,0,bigvul_only,,Chrome
59022,0,both_agree,,lynx-snapshots
130326,0,bigvul_only,,Chrome
16644,0,bigvul_only,,htcondor
172795,0,bigvul_only,,Android
77534,0,both_agree,,ovs
60709,0,both_agree,,linux
110367,0,bigvul_only,,Chrome
72182,0,bigvul_only,,src
85174,0,diversevul_only,,linux
160354,0,bigvul_only,,Chrome
78161,0,both_agree,,OpenSC
85712,0,both_agree,,linux
80512,0,both_agree,,gpac
187220,,unmatched,,
23620,0,both_agree,,linux
96895,0,both_agree,,linux
93860,0,diversevul_only,,libvirt
61101,0,both_agree,,nautilus
136981,0,bigvul_only,,Chrome
26017,0,bigvul_only,,linux
77707,0,both_agree,,ovs
147982,0,bigvul_only,,Chrome
62699,0,both_agree,,ImageMagick
178525,,unmatched,,
23977,0,both_agree,,linux
179515,conflict,both_disagree,,linux
126074,0,bigvul_only,,Chrome
24463,0,both_agree,,linux
99870,0,bigvul_only,,Chrome
2080,0,bigvul_only,,spice
90212,0,both_agree,,linux
156320,0,bigvul_only,,Chrome
169780,0,bigvul_only,,Chrome
68340,0,both_agree,,linux
110370,0,bigvul_only,,Chrome
26620,0,both_agree,,linux
166903,0,bigvul_only,,Chrome
49968,0,both_agree,,php-src
110542,0,bigvul_only,,Chrome
71581,0,bigvul_only,,ImageMagick
183063,1,both_agree,CWE-264,linux
72748,0,both_agree,,jasper
134395,0,bigvul_only,,Chrome
186550,,unmatched,,
44005,0,bigvul_only,,pacemaker
126374,0,bigvul_only,,Chrome
178184,,unmatched,,
13518,0,bigvul_only,,gstreamer
158926,0,primevul_corrected,CWE-416,Chrome
56207,0,both_agree,,linux
39343,0,both_agree,,linux
63962,0,both_agree,,FFmpeg
16172,0,bigvul_only,,htcondor
30515,0,diversevul_only,,linux
145110,0,bigvul_only,,Chrome
161941,0,bigvul_only,,Chrome
169349,0,bigvul_only,,Chrome
122328,0,bigvul_only,,Chrome
148848,0,bigvul_only,,Chrome
187712,1,bigvul_only,,Android
145688,0,bigvul_only,,Chrome
112868,0,bigvul_only,,Chrome
121604,0,bigvul_only,,Chrome
119713,0,bigvul_only,,Chrome
28406,0,both_agree,,linux
176243,0,bigvul_only,,Android
134402,0,bigvul_only,,Chrome
29428,0,both_agree,,linux
137356,,unmatched,,
120007,0,bigvul_only,,Chrome
7715,0,bigvul_only,,qemu
148281,0,bigvul_only,,Chrome
168162,conflict,internal_conflict,CWE-20,Chrome
169282,0,bigvul_only,,Chrome
174151,0,bigvul_only,,Android
122560,0,bigvul_only,,Chrome
167550,,unmatched,,
146110,0,bigvul_only,,Chrome
19555,0,both_agree,,linux
149772,,unmatched,,
135926,0,bigvul_only,,Chrome
148939,0,both_agree,,Chrome
27507,0,diversevul_only,,linux-2.6
3992,0,bigvul_only,,poppler
117542,0,bigvul_only,,Chrome
109458,0,bigvul_only,,Chrome
167678,0,bigvul_only,,Chrome
49834,0,diversevul_only,,linux
36203,0,both_agree,,linux
137577,0,bigvul_only,,Chrome
114070,0,bigvul_only,,Chrome
37539,0,bigvul_only,,linux
114438,0,bigvul_only,,Chrome
17349,0,both_agree,,savannah
147053,0,bigvul_only,,Chrome
77874,0,both_agree,,mongo-c-driver
77827,0,both_agree,,mongo-c-driver
41412,0,both_agree,,linux
5916,0,both_agree,,qemu
57673,0,bigvul_only,,linux
83197,0,both_agree,,mruby
38411,0,both_agree,,linux
160817,0,bigvul_only,,Chrome
82450,0,bigvul_only,,Espruino
163102,0,primevul_corrected,CWE-119,Chrome
169129,0,bigvul_only,,Chrome
45533,0,bigvul_only,,linux
178252,1,primevul_corrected,CWE-119,enlightment
4959,0,bigvul_only,,gstreamer
79316,0,both_agree,,FFmpeg
23787,0,both_agree,,linux
103092,0,bigvul_only,,Chrome
10632,0,bigvul_only,,savannah
135503,0,bigvul_only,,Chrome
23070,0,both_agree,,linux
81444,0,both_agree,,linux
124865,,unmatched,,
122460,0,bigvul_only,,Chrome
92823,0,bigvul_only,,gpac
176368,0,bigvul_only,,Android
25611,0,bigvul_only,,linux
96089,0,bigvul_only,,firejail
37343,0,both_agree,,linux
60640,0,both_agree,,linux
161228,,unmatched,,
7274,0,bigvul_only,,php
105339,0,bigvul_only,,Chrome
174061,0,bigvul_only,,Android
142021,0,bigvul_only,,Chrome
148401,,unmatched,,
169199,0,bigvul_only,,Chrome
188496,1,bigvul_only,CWE-119,Android
80123,0,diversevul_only,,gpac
22429,0,both_agree,,linux
127928,0,bigvul_only,,Chrome
1361,0,bigvul_only,,pengutronix
142181,0,bigvul_only,,Chrome
88115,0,both_agree,,linux
186219,,unmatched,,
85690,0,both_agree,,linux
138428,0,bigvul_only,,Chrome
3828,0,bigvul_only,,dbus
58027,0,both_agree,,linux
187878,,unmatched,,
15108,0,both_agree,,php
65963,0,bigvul_only,,linux
16292,0,bigvul_only,,htcondor
81689,0,both_agree,,linux
111947,0,bigvul_only,,Chrome
142207,0,bigvul_only,,Chrome
48301,0,both_agree,,libtiff
147751,0,bigvul_only,,Chrome
104872,0,primevul_corrected,CWE-20,Chrome
172892,0,bigvul_only,,Android
81250,0,both_agree,,linux
173456,0,bigvul_only,,Android
31001,0,both_agree,,linux
127177,0,bigvul_only,,Chrome
17424,0,bigvul_only,,xserver
31712,0,both_agree,,linux
152755,0,bigvul_only,,Chrome
121305,0,bigvul_only,,Chrome
176759,0,bigvul_only,,Android
154506,0,bigvul_only,,Chrome
33908,0,both_agree,,pacemaker
156376,0,bigvul_only,,Chrome
181151,conflict,internal_conflict,CWE-770,ImageMagick
1549,0,both_agree,,ghostscript
26353,0,bigvul_only,,linux
123074,0,bigvul_only,,Chrome
9262,0,bigvul_only,,qemu
102184,0,bigvul_only,,Chrome
63198,0,both_agree,,FFmpeg
42328,0,both_agree,,linux
26932,0,bigvul_only,,linux
42116,0,bigvul_only,,openssh-portable
61068,0,both_agree,,nautilus
127501,0,bigvul_only,,Chrome
121131,0,bigvul_only,,Chrome
58954,0,both_agree,,linux
159072,0,bigvul_only,,Chrome
69540,0,both_agree,,linux
94342,0,diversevul_only,,linux
122130,0,bigvul_only,,Chrome
7410,0,both_agree,,php
154080,0,bigvul_only,,Chrome
117672,0,bigvul_only,,Chrome
28765,0,bigvul_only,,linux
12169,0,both_agree,,php
66169,0,both_agree,,libetpan
3331,0,diversevul_only,,qemu
82758,0,bigvul_only,,radare2
66261,0,both_agree,,varnish-cache
144747,0,bigvul_only,,Chrome
24865,0,both_agree,,linux
33087,0,both_agree,,linux
95936,,unmatched,,
166749,0,bigvul_only,,Chrome
185993,1,bigvul_only,CWE-416,Chrome
117809,0,bigvul_only,,Chrome
117599,0,bigvul_only,,Chrome
181581,,unmatched,,
64472,0,both_agree,,radare2
1385,,unmatched,,
143677,0,bigvul_only,,Chrome
141466,0,bigvul_only,,Chrome
52741,1,diversevul_only,CWE-200,linux
117021,0,bigvul_only,,Chrome
108984,0,bigvul_only,,Chrome
176504,0,bigvul_only,,Android
156401,0,primevul_corrected,CWE-20,Chrome
122086,,unmatched,,
33951,0,both_agree,,pacemaker
180664,1,both_agree,CWE-362,linux
137681,0,bigvul_only,,Chrome
38091,0,both_agree,,linux
88226,0,both_agree,,libexpat
29671,0,both_agree,,linux
475,0,bigvul_only,,ghostscript
134990,0,bigvul_only,,Chrome
121740,0,bigvul_only,,Chrome
87397,0,bigvul_only,,linux
79118,0,diversevul_only,,pango
49133,0,both_agree,,linux
35569,0,both_agree,,linux
88966,0,diversevul_only,,ImageMagick
168405,0,bigvul_only,,Chrome
80064,0,both_agree,,gpac
6335,0,bigvul_only,,php
55344,0,both_agree,,linux
166499,0,primevul_corrected,CWE-264,Chrome
118285,0,bigvul_only,,Chrome
56676,0,both_agree,,linux
89552,0,both_agree,,libming
63227,0,bigvul_only,,wildmidi
149479,0,bigvul_only,,Chrome
165699,0,bigvul_only,,Chrome
35781,0,both_agree,,linux
162893,0,bigvul_only,,Chrome
40661,0,both_agree,,linux
103840,0,bigvul_only,,Chrome
148925,0,bigvul_only,,Chrome
167787,0,bigvul_only,,Chrome
101794,0,bigvul_only,,Chrome
45535,0,primevul_corrected,CWE-264,linux
9981,0,bigvul_only,,exempi
149421,0,bigvul_only,,Chrome
138291,0,bigvul_only,,Chrome
121597,0,bigvul_only,,Chrome
95665,0,both_agree,,OpenJK
36097,0,both_agree,,linux
1378,0,bigvul_only,,wayland
28405,0,both_agree,,linux
107261,0,bigvul_only,,Chrome
116083,0,bigvul_only,,Chrome
32555,0,both_agree,,linux
126567,0,bigvul_only,,Chrome
80360,0,both_agree,,gpac
42997,0,both_agree,,linux
123752,0,bigvul_only,,Chrome
90728,0,both_agree,,mujs
45041,0,both_agree,,linux
184032,1,bigvul_only,CWE-20,Chrome
77558,0,diversevul_only,,ovs
1298,0,bigvul_only,,poppler
134780,0,bigvul_only,,Chrome
143242,,unmatched,,
44847,0,both_agree,,libuv
166413,0,bigvul_only,,Chrome
30728,0,both_agree,,linux
92264,0,both_agree,,libexpat
155082,0,bigvul_only,,Chrome
160564,0,bigvul_only,,Chrome
127599,0,bigvul_only,,Chrome
161030,0,bigvul_only,,Chrome
136521,0,bigvul_only,,Chrome
44357,0,both_agree,,linux
144759,0,bigvul_only,,Chrome
55602,,unmatched,,
178650,conflict,internal_conflict,CWE-20,php
79167,0,both_agree,,libmspack
100280,0,bigvul_only,,Chrome
145758,0,bigvul_only,,Chrome
31573,0,both_agree,,linux
126064,0,bigvul_only,,Chrome
166249,0,bigvul_only,,Chrome
1838,0,bigvul_only,,spice
69361,0,both_agree,,openssl
44164,0,both_agree,,linux
65442,0,bigvul_only,,linux
80976,0,both_agree,,linux
104496,0,primevul_corrected,CWE-189,Chrome
160211,0,bigvul_only,,Chrome
3815,0,primevul_corrected,CWE-20,dbus
36075,0,diversevul_only,,ettercap
183907,1,bigvul_only,CWE-399,Chrome
141290,0,bigvul_only,,Chrome
115711,0,bigvul_only,,Chrome
148024,0,bigvul_only,,Chrome
185338,1,bigvul_only,CWE-416,Chrome
42779,0,both_agree,,linux
67456,0,diversevul_only,,linux
104037,0,bigvul_only,,Chrome
29673,0,both_agree,,linux
123722,0,bigvul_only,,Chrome
116583,,unmatched,,
126087,,unmatched,,
123054,0,bigvul_only,,Chrome
123609,0,bigvul_only,,Chrome
116335,0,bigvul_only,,Chrome
85511,0,both_agree,,linux
159963,0,bigvul_only,,Chrome
142372,0,bigvul_only,,Chrome
46658,0,bigvul_only,,linux
134975,0,bigvul_only,,Chrome
75915,conflict,both_disagree,,keepalived
14879,0,both_agree,,php
155768,0,bigvul_only,,Chrome
62194,0,bigvul_only,,rufus
41398,0,both_agree,,linux
134599,0,bigvul_only,,Chrome
130522,0,bigvul_only,,Chrome
6451,0,both_agree,,lxde
17078,,unmatched,,
35663,0,both_agree,,file
103311,0,bigvul_only,,Chrome
114349,0,bigvul_only,,Chrome
120356,,unmatched,,
76290,0,both_agree,,linux
170222,0,bigvul_only,,Chrome
25216,0,bigvul_only,,linux
168450,0,bigvul_only,,Chrome
106343,0,bigvul_only,,Chrome
80815,0,both_agree,,gpac
100260,0,bigvul_only,,Chrome
86342,0,both_agree,,linux
37791,0,both_agree,,linux
150754,0,bigvul_only,,Chrome
101752,0,bigvul_only,,Chrome
62075,0,both_agree,,linux
88815,0,both_agree,,linux
4251,0,both_agree,,php
169832,0,bigvul_only,,Chrome
11438,0,primevul_corrected,CWE-189,xserver
98882,,unmatched,,
36101,0,both_agree,,linux
182428,1,diversevul_only,,mruby
161452,0,bigvul_only,,Chrome
49883,0,bigvul_only,,php-src
21950,0,bigvul_only,,raptor
19935,0,bigvul_only,,linux
112628,0,bigvul_only,,Chrome
38014,0,both_agree,,linux
94639,0,both_agree,,openssl
68211,0,both_agree,,linux
104841,0,bigvul_only,,Chrome
102936,0,bigvul_only,,Chrome
38562,0,both_agree,,linux
12161,0,both_agree,,php
173823,conflict,internal_conflict,,Android
137980,0,bigvul_only,,Chrome
161083,0,bigvul_only,,Chrome
46858,0,bigvul_only,,linux
148313,0,bigvul_only,,Chrome
44329,0,both_agree,,linux
24868,0,both_agree,,linux
38116,0,both_agree,,linux
89705,0,bigvul_only,,linux
126437,0,bigvul_only,,Chrome
71534,0,bigvul_only,,ImageMagick
187559,1,bigvul_only,CWE-476,Android
69532,0,bigvul_only,,linux
137305,,unmatched,,
170705,0,primevul_corrected,CWE-189,Android
16331,0,bigvul_only,,htcondor
135752,0,bigvul_only,,Chrome
114392,0,bigvul_only,,Chrome
92876,0,bigvul_only,,gpac
58352,0,both_agree,,linux
48075,0,both_agree,,linux
4884,0,bigvul_only,,xserver
62904,0,both_agree,,linux
151077,0,bigvul_only,,Chrome
60805,0,both_agree,,linux
35990,0,both_agree,,linux
65546,0,bigvul_only,,linux
176303,0,bigvul_only,,Android
33727,0,diversevul_only,,linux
127539,0,bigvul_only,,Chrome
160118,0,bigvul_only,,Chrome
129496,0,bigvul_only,,Chrome
85865,0,both_agree,,linux
102526,0,bigvul_only,,Chrome
147467,0,bigvul_only,,Chrome
149267,0,bigvul_only,,Chrome
87176,0,both_agree,,VeraCrypt
111031,0,bigvul_only,,Chrome
184,0,bigvul_only,,php
133687,0,bigvul_only,,Chrome
20864,1,diversevul_only,CWE-284,linux
178640,1,both_agree,CWE-125,qemu
40115,0,diversevul_only,,libreswan
118694,,unmatched,,
109347,0,bigvul_only,,Chrome
47541,0,bigvul_only,,linux
177079,0,bigvul_only,,Android
53385,0,both_agree,,iperf
1424,0,bigvul_only,,xcursor
39352,0,diversevul_only,,linux
46934,0,bigvul_only,,linux
149859,0,bigvul_only,,Chrome
15575,,unmatched,,
96995,0,both_agree,,linux
35478,0,both_agree,,linux
136957,0,bigvul_only,,Chrome
9236,0,bigvul_only,,qemu
135119,0,bigvul_only,,Chrome
33424,0,bigvul_only,,linux
104817,0,bigvul_only,,Chrome
31107,0,both_agree,,linux
76543,0,both_agree,,gnulib
121507,0,bigvul_only,,Chrome
64106,0,both_agree,,linux
87404,0,both_agree,,FreeRDP
57188,0,bigvul_only,,linux
107368,0,bigvul_only,,Chrome
97502,0,bigvul_only,,Chrome
64316,0,both_agree,,httpd
122366,0,bigvul_only,,Chrome
131786,0,bigvul_only,,Chrome
171213,0,bigvul_only,,Android
144972,,unmatched,,
88197,0,both_agree,,libexpat
144991,0,bigvul_only,,Chrome
113084,0,bigvul_only,,Chrome
75392,0,both_agree,,radare2
31572,0,diversevul_only,,linux
130348,0,bigvul_only,,Chrome
99159,0,bigvul_only,,Chrome
154394,0,bigvul_only,,Chrome
47481,0,bigvul_only,,linux
103445,0,bigvul_only,,Chrome
101527,0,primevul_corrected,,Chrome
24408,0,both_agree,,linux
84600,0,both_agree,,w3m
95580,0,bigvul_only,,OpenJK
102805,0,bigvul_only,,Chrome
145428,0,bigvul_only,,Chrome
21896,0,both_agree,,linux
133047,0,bigvul_only,,Chrome
167435,,unmatched,,
183595,,unmatched,,
4006,0,bigvul_only,,poppler
61898,0,both_agree,,openjpeg
187842,1,bigvul_only,CWE-119,Android
78186,0,both_agree,,OpenSC
106075,0,bigvul_only,,Chrome
184672,1,bigvul_only,CWE-119,Chrome
187866,1,bigvul_only,CWE-20,Android
78816,0,both_agree,,OpenSC
51995,0,both_agree,,wireshark
3094,conflict,both_disagree,,ghostscript
165714,0,bigvul_only,,Chrome
154288,0,bigvul_only,,Chrome
135723,0,bigvul_only,,Chrome
154417,,unmatched,,
50389,0,both_agree,,linux
3119,0,both_agree,,ghostscript
120907,0,bigvul_only,,Chrome
67305,0,both_agree,,linux
6493,0,both_agree,,openssl
151932,0,bigvul_only,,Chrome
132680,0,bigvul_only,,Chrome
121844,0,bigvul_only,,Chrome
95188,0,bigvul_only,,cyrus-imapd
123380,0,bigvul_only,,Chrome
133260,0,bigvul_only,,Chrome
65240,0,bigvul_only,,linux
154694,0,bigvul_only,,Chrome
50851,0,both_agree,,libarchive
8377,0,bigvul_only,,qemu
184298,,unmatched,,
155177,0,bigvul_only,,Chrome
130446,0,bigvul_only,,Chrome
148795,0,bigvul_only,,Chrome
46805,0,bigvul_only,,linux
119673,0,bigvul_only,,Chrome
154408,0,bigvul_only,,Chrome
91038,0,both_agree,,domoticz
19040,0,both_agree,,linux
156506,0,bigvul_only,,Chrome
83362,0,both_agree,,mbedtls
20600,0,both_agree,,linux
72839,0,both_agree,,jasper
175043,0,bigvul_only,,Android
22205,0,both_agree,,linux
93219,0,both_agree,,libjpeg-turbo
115845,0,bigvul_only,,Chrome
81684,0,bigvul_only,,civetweb
114153,0,bigvul_only,,Chrome
147909,0,bigvul_only,,Chrome
175150,0,bigvul_only,,Android
145975,0,bigvul_only,,Chrome
81522,0,both_agree,,linux
154625,0,bigvul_only,,Chrome
27542,0,both_agree,,linux
12822,0,both_agree,,openssl
12763,0,both_agree,,openssl
149520,0,bigvul_only,,Chrome
84524,0,both_agree,,w3m
174193,0,bigvul_only,,Android
171805,,unmatched,,
76217,0,both_agree,,linux
22159,0,diversevul_only,,linux
84221,0,both_agree,,leptonica
178356,1,bigvul_only,CWE-20,qemu
166652,0,bigvul_only,,Chrome
113593,0,bigvul_only,,Chrome
113164,0,bigvul_only,,Chrome
36183,0,both_agree,,linux
57476,0,both_agree,,linux
131707,0,bigvul_only,,Chrome
187608,1,bigvul_only,,Android
50253,0,both_agree,,linux
72597,0,both_agree,,linux
183009,1,diversevul_only,CWE-125,libjpeg-turbo
82401,0,bigvul_only,,Espruino
133403,0,bigvul_only,,Chrome
174727,0,bigvul_only,,Android
16656,,unmatched,,
141743,0,bigvul_only,,Chrome
169993,0,both_agree,,Chrome
29927,0,both_agree,,linux
78309,0,diversevul_only,,OpenSC
148709,0,bigvul_only,,Chrome
65579,0,bigvul_only,,linux
99080,,unmatched,,
178653,conflict,internal_conflict,CWE-20,php
145178,0,bigvul_only,,Chrome
88007,0,both_agree,,linux
76779,0,bigvul_only,,liblouis
107355,0,bigvul_only,,Chrome
107905,,unmatched,,
132586,0,bigvul_only,,Chrome
110291,0,bigvul_only,,Chrome
152459,0,bigvul_only,,Chrome
184586,1,bigvul_only,CWE-399,Chrome
118042,0,bigvul_only,,Chrome
129859,0,bigvul_only,,Chrome
126540,0,bigvul_only,,Chrome
152308,0,bigvul_only,,Chrome
116724,0,bigvul_only,,Chrome
131040,0,bigvul_only,,Chrome
35998,0,both_agree,,linux
71392,0,bigvul_only,,ImageMagick
128721,0,bigvul_only,,Chrome
27022,0,bigvul_only,,nspluginwrapper
37383,0,bigvul_only,,linux
169911,0,both_agree,,Chrome
131665,0,bigvul_only,,Chrome
63493,0,both_agree,,yara
63682,0,bigvul_only,,irssi
100795,0,bigvul_only,,Chrome
85781,0,both_agree,,linux
94521,0,both_agree,,linux
77798,0,both_agree,,curl
136003,0,bigvul_only,,Chrome
139237,0,bigvul_only,,Chrome
9577,0,bigvul_only,,php
64612,0,diversevul_only,,jerryscript
116626,0,bigvul_only,,Chrome
14774,0,bigvul_only,,php
165510,0,bigvul_only,,Chrome
125806,0,primevul_corrected,,Chrome
3393,0,diversevul_only,,php-src
146612,0,bigvul_only,,Chrome
12702,1,both_agree,CWE-20,openssl
49777,0,both_agree,,linux
61057,0,both_agree,,nautilus
28302,0,both_agree,,linux
29049,0,both_agree,,polarssl
120794,0,bigvul_only,,Chrome
130998,0,bigvul_only,,Chrome
85088,0,both_agree,,miniupnp
58393,0,both_agree,,linux
117385,0,bigvul_only,,Chrome
169150,0,primevul_corrected,CWE-20,Chrome
135635,0,bigvul_only,,Chrome
