unique_id,check_ids
29,constVariablePointer
33,unknownMacro
51,cstyleCast;variableScope
70,constVariablePointer;nullPointerOutOfMemory
73,constVariablePointer
80,cstyleCast;duplicateBreak
106,unknownMacro
112,unknownMacro
126,variableScope
127,unknownMacro
179,cstyleCast
200,cstyleCast
212,syntaxError
214,syntaxError
235,syntaxError
251,syntaxError
258,syntaxError
269,syntaxError
270,syntaxError
282,syntaxError
299,syntaxError
354,syntaxError
374,syntaxError
387,syntaxError
401,syntaxError
406,syntaxError
408,syntaxError
415,unknownMacro
418,syntaxError
441,syntaxError
444,syntaxError
458,syntaxError
472,dangerousTypeCast
475,dangerousTypeCast
482,constParameterPointer
506,dangerousTypeCast
512,dangerousTypeCast
518,cstyleCast;dangerousTypeCast
523,dangerousTypeCast
525,dangerousTypeCast
531,dangerousTypeCast
548,dangerousTypeCast
550,syntaxError
575,syntaxError
584,syntaxError
601,syntaxError
632,cstyleCast
644,cstyleCast;variableScope
659,syntaxError
665,syntaxError
668,syntaxError
717,variableScope
751,syntaxError
759,syntaxError
760,syntaxError
772,syntaxError
777,syntaxError
789,syntaxError
793,syntaxError
809,syntaxError
810,syntaxError
812,syntaxError
911,cstyleCast
1221,variableScope
1222,cstyleCast
1225,syntaxError
1249,variableScope
1298,variableScope
1307,cstyleCast
1334,constParameterPointer
1335,constParameterPointer
1361,constParameterPointer
1378,syntaxError
1379,syntaxError
1385,syntaxError
1393,syntaxError
1402,syntaxError
1407,syntaxError
1424,syntaxError
1447,syntaxError
1476,variableScope
1525,syntaxError
1531,syntaxError
1537,syntaxError
1545,syntaxError
1549,syntaxError
1557,syntaxError
1560,syntaxError
1562,syntaxError
1581,syntaxError
1586,syntaxError
1591,syntaxError
1607,syntaxError
1621,syntaxError
1651,syntaxError
1652,syntaxError
1663,syntaxError
1666,syntaxError
1668,syntaxError
1674,syntaxError
1681,syntaxError
1709,syntaxError
1721,syntaxError
1726,syntaxError
1788,cstyleCast;dangerousTypeCast
1826,syntaxError
1829,cstyleCast
1836,knownConditionTrueFalse
1852,cstyleCast
1884,cstyleCast;dangerousTypeCast
1885,cstyleCast
1908,constParameterPointer
1968,constParameterPointer
1981,constParameterPointer
2020,unknownMacro
2022,cstyleCast
2029,cstyleCast
2034,syntaxError
2045,syntaxError
2047,unreadVariable;variableScope
2049,syntaxError
2058,constParameterPointer
2063,cstyleCast
2070,cstyleCast
2076,variableScope
2118,cstyleCast
2171,variableScope
2202,cstyleCast;variableScope
2204,cstyleCast;variableScope
2207,cstyleCast
2247,syntaxError
2265,syntaxError
2266,syntaxError
2349,constVariablePointer;cstyleCast;variableScope
2353,constParameterPointer
2361,cstyleCast
2413,cstyleCast
2417,cstyleCast
2423,cstyleCast
2446,cstyleCast
2465,constParameterPointer
2513,syntaxError
2514,syntaxError
2519,syntaxError
2543,syntaxError
2554,syntaxError
2568,syntaxError
2603,syntaxError
2604,syntaxError
2646,syntaxError
2651,syntaxError
2652,syntaxError
2681,syntaxError
2685,syntaxError
2709,syntaxError
2715,syntaxError
2721,syntaxError
2735,syntaxError
2738,syntaxError
2739,syntaxError
2743,syntaxError
2744,syntaxError
2745,syntaxError
2767,syntaxError
2795,syntaxError
2806,syntaxError
2807,syntaxError
2815,syntaxError
2820,syntaxError
2833,syntaxError
2837,syntaxError
2839,syntaxError
2844,syntaxError
2852,syntaxError
2860,syntaxError
2862,syntaxError
2867,syntaxError
2882,syntaxError
2901,syntaxError
2920,syntaxError
2932,syntaxError
2950,syntaxError
2953,syntaxError
2960,syntaxError
2967,syntaxError
2968,syntaxError
2969,syntaxError
3019,cstyleCast
3033,variableScope
3041,cstyleCast
3048,cstyleCast
3091,cstyleCast
3119,cstyleCast
3137,dangerousTypeCast
3149,arrayIndexOutOfBoundsCond
3181,syntaxError
3183,syntaxError
3187,syntaxError
3190,syntaxError
3203,syntaxError
3207,syntaxError
3209,syntaxError
3246,syntaxError
3257,syntaxError
3261,syntaxError
3262,syntaxError
3290,syntaxError
3291,syntaxError
3334,constParameterPointer
3343,constVariablePointer
3358,syntaxError
3364,syntaxError
3365,syntaxError
3375,cstyleCast
3376,constVariablePointer;cstyleCast
3386,syntaxError
3398,syntaxError
3429,syntaxError
3433,syntaxError
3439,syntaxError
3455,syntaxError
3464,syntaxError
3474,syntaxError
3478,syntaxError
3494,syntaxError
3506,syntaxError
3510,syntaxError
3538,syntaxError
3547,syntaxError
3549,syntaxError
3552,syntaxError
3558,syntaxError
3592,cstyleCast
3713,syntaxError
3734,syntaxError
3736,syntaxError
3737,syntaxError
3740,syntaxError
3764,syntaxError
3769,syntaxError
3786,syntaxError
3789,syntaxError
3790,syntaxError
3815,syntaxError
3857,constParameterPointer;cstyleCast
3894,cstyleCast
3939,knownConditionTrueFalse;variableScope
4020,variableScope
4022,variableScope
4134,cstyleCast
4153,cstyleCast
4172,syntaxError
4175,syntaxError
4178,syntaxError
4194,syntaxError
4195,syntaxError
4212,syntaxError
4216,syntaxError
4230,syntaxError
4251,unknownMacro
4260,unknownMacro
4278,unknownMacro
4281,unknownMacro
4290,unknownMacro
4293,unknownMacro
4340,syntaxError
4360,unknownMacro
4372,unknownMacro
4400,unknownMacro
4426,variableScope
4448,variableScope
4526,cstyleCast
4557,cstyleCast
4564,cstyleCast;shadowVariable
4592,cstyleCast;shadowVariable
4602,cstyleCast
4607,cstyleCast;legacyUninitvar
4611,cstyleCast
4612,cstyleCast
4619,constStatement;variableScope
4652,unknownMacro
4670,unknownMacro
4676,cstyleCast;variableScope
4681,cstyleCast;knownConditionTrueFalse;variableScope
4711,syntaxError
4715,syntaxError
4721,syntaxError
4723,syntaxError
4730,syntaxError
4739,syntaxError
4741,syntaxError
4743,syntaxError
4744,syntaxError
4757,syntaxError
4773,syntaxError
4780,syntaxError
4818,syntaxError
4819,syntaxError
4829,syntaxError
4830,syntaxError
4831,syntaxError
4833,syntaxError
4840,syntaxError
4850,syntaxError
4855,syntaxError
4861,syntaxError
4866,syntaxError
4872,syntaxError
4882,syntaxError
4884,syntaxError
4895,syntaxError
4909,syntaxError
4916,syntaxError
4924,syntaxError
4926,syntaxError
4943,syntaxError
4944,syntaxError
4946,syntaxError
4947,syntaxError
4956,syntaxError
4957,syntaxError
4959,syntaxError
4965,unknownMacro
4970,syntaxError
4972,syntaxError
4982,syntaxError
4991,constParameterPointer
5021,variableScope
5024,constParameterPointer
5043,variableScope
5044,constStatement
5065,syntaxError
5101,cstyleCast
5102,cstyleCast;invalidPrintfArgType_uint
5161,cstyleCast
5162,cstyleCast;knownConditionTrueFalse
5166,cstyleCast
5175,unreadVariable
5181,cstyleCast
5200,cstyleCast;variableScope
5210,cstyleCast
5221,cstyleCast
5281,syntaxError
5285,syntaxError
5313,syntaxError
5324,syntaxError
5344,syntaxError
5517,dangerousTypeCast
5549,syntaxError
5551,syntaxError
5552,syntaxError
5558,syntaxError
5580,syntaxError
5588,syntaxError
5604,syntaxError
5612,cstyleCast
5621,syntaxError
5635,syntaxError
5637,syntaxError
5645,syntaxError
5653,syntaxError
5655,syntaxError
5678,unknownMacro
5754,unknownMacro
5779,constParameterPointer
5799,variableScope
5872,dangerousTypeCast
5889,constParameterPointer
5892,constVariablePointer
5960,syntaxError
5967,syntaxError
5974,syntaxError
5983,syntaxError
5996,syntaxError
6017,syntaxError
6029,syntaxError
6039,syntaxError
6053,syntaxError
6063,syntaxError
6091,syntaxError
6096,syntaxError
6097,syntaxError
6098,syntaxError
6120,cstyleCast;variableScope
6145,constVariablePointer;cstyleCast;unsignedLessThanZero;variableScope
6182,constVariablePointer;cstyleCast
6188,constVariablePointer
6275,unknownMacro
6283,unknownMacro
6315,cstyleCast
6337,unknownMacro
6352,syntaxError
6353,syntaxError
6367,syntaxError
6386,syntaxError
6439,constParameterPointer
6441,constParameterPointer
6461,cstyleCast
6476,variableScope
6493,constParameterPointer
6508,syntaxError
6509,syntaxError
6511,syntaxError
6524,syntaxError
6536,syntaxError
6547,syntaxError
6617,syntaxError
6621,syntaxError
6625,syntaxError
6626,syntaxError
6673,unknownMacro
6717,cstyleCast
6787,constParameterPointer;cstyleCast;variableScope
6793,constParameterPointer;constVariablePointer
6795,constVariablePointer
6836,syntaxError
6849,syntaxError
6863,cstyleCast
6867,dangerousTypeCast
6882,cstyleCast
6884,cstyleCast
6891,syntaxError
6912,syntaxError
6921,syntaxError
6929,syntaxError
6934,constParameterPointer
6935,syntaxError
6942,syntaxError
6968,syntaxError
6970,syntaxError
6973,syntaxError
6978,syntaxError
6979,syntaxError
6985,syntaxError
6996,syntaxError
7006,syntaxError
7016,syntaxError
7029,syntaxError
7045,syntaxError
7076,syntaxError
7080,syntaxError
7081,syntaxError
7086,syntaxError
7094,syntaxError
7100,syntaxError
7101,syntaxError
7111,syntaxError
7114,syntaxError
7124,syntaxError
7128,syntaxError
7139,syntaxError
7142,syntaxError
7163,syntaxError
7204,unknownMacro
7245,constVariablePointer;cstyleCast;variableScope
7255,syntaxError
7271,cstyleCast
7274,cstyleCast;variableScope
7284,syntaxError
7292,syntaxError
7297,syntaxError
7298,syntaxError
7334,syntaxError
7337,syntaxError
7340,syntaxError
7363,syntaxError
7369,syntaxError
7375,syntaxError
7379,syntaxError
7383,syntaxError
7391,syntaxError
7392,syntaxError
7407,constParameterPointer
7410,constParameterPointer
7467,syntaxError
7491,syntaxError
7500,syntaxError
7505,syntaxError
7525,syntaxError
7546,syntaxError
7563,redundantAssignment;variableScope
7568,constParameterPointer
7660,variableScope
7673,cstyleCast
7674,cstyleCast
7679,cstyleCast
7688,cstyleCast
7715,variableScope
7745,syntaxError
7773,constParameterPointer;constVariablePointer
7818,syntaxError
7822,syntaxError
7827,syntaxError
7848,constParameterPointer
7918,variableScope
7953,constParameterPointer
7974,dangerousTypeCast
7992,dangerousTypeCast
7994,constParameterPointer
8050,cstyleCast
8052,syntaxError
8072,variableScope
8098,variableScope
8140,cstyleCast;variableScope
8167,dangerousTypeCast
8263,syntaxError
8273,syntaxError
8282,constParameterPointer
8288,constVariablePointer;variableScope
8302,syntaxError
8345,variableScope
8374,dangerousTypeCast
8377,constVariablePointer;cstyleCast
8413,syntaxError
8416,syntaxError
8420,syntaxError
8426,syntaxError
8450,syntaxError
8500,unreachableCode
8522,cstyleCast
8554,constVariablePointer;cstyleCast
8586,cstyleCast
8660,constVariablePointer
8670,variableScope
8680,syntaxError
8682,syntaxError
8684,syntaxError
8688,syntaxError
8725,uninitvar
8740,syntaxError
8754,constParameterPointer
8788,variableScope
8945,cstyleCast;variableScope
9005,syntaxError
9092,cstyleCast;dangerousTypeCast;invalidPointerCast
9110,variableScope
9175,cstyleCast
9387,constVariablePointer;cstyleCast
9388,syntaxError
9390,syntaxError
9414,variableScope
9431,cstyleCast
9487,syntaxError
9496,constVariablePointer;cstyleCast
9501,syntaxError
9607,unknownMacro
9619,cstyleCast
9620,cstyleCast
9633,cstyleCast;variableScope
9635,constVariablePointer;cstyleCast
9668,unknownMacro
9683,syntaxError
9684,syntaxError
9691,syntaxError
9707,syntaxError
9731,syntaxError
9758,variableScope
9807,constVariablePointer;shadowArgument
9845,syntaxError
9853,syntaxError
9951,cstyleCast
9981,unreadVariable
9987,syntaxError
9999,syntaxError
10011,syntaxError
10017,syntaxError
10020,syntaxError
10028,syntaxError
10031,syntaxError
10049,syntaxError
10053,syntaxError
10059,syntaxError
10060,syntaxError
10065,syntaxError
10076,syntaxError
10081,syntaxError
10125,syntaxError
10137,syntaxError
10141,syntaxError
10145,syntaxError
10148,syntaxError
10152,syntaxError
10167,syntaxError
10179,syntaxError
10185,syntaxError
10198,syntaxError
10210,syntaxError
10221,syntaxError
10237,syntaxError
10240,syntaxError
10242,syntaxError
10255,syntaxError
10279,syntaxError
10289,syntaxError
10318,syntaxError
10319,syntaxError
10320,syntaxError
10330,syntaxError
10336,syntaxError
10338,syntaxError
10356,syntaxError
10371,syntaxError
10374,syntaxError
10375,syntaxError
10376,syntaxError
10399,syntaxError
10412,variableScope
10479,cstyleCast;dangerousTypeCast
10492,syntaxError
10509,syntaxError
10534,variableScope
10538,syntaxError
10564,syntaxError
10585,syntaxError
10591,syntaxError
10617,syntaxError
10624,syntaxError
10625,syntaxError
10628,syntaxError
10632,syntaxError
10637,syntaxError
10639,syntaxError
10657,syntaxError
10659,syntaxError
10663,syntaxError
10669,syntaxError
10702,syntaxError
10708,syntaxError
10712,syntaxError
10717,syntaxError
10719,syntaxError
10728,syntaxError
10752,syntaxError
10761,cstyleCast
10765,cstyleCast
10813,constStatement;cstyleCast
10870,syntaxError
10875,syntaxError
10876,syntaxError
10890,syntaxError
10896,syntaxError
10902,syntaxError
10910,syntaxError
10913,syntaxError
10922,syntaxError
10931,variableScope
10943,variableScope
10944,unknownMacro
10965,cstyleCast
10967,unknownMacro
10972,unknownMacro
10985,unknownMacro
10992,cstyleCast
11018,syntaxError
11028,syntaxError
11049,constParameterPointer
11082,constVariablePointer
11101,variableScope
11114,badBitmaskCheck
11144,unreadVariable
11188,cstyleCast
11232,cstyleCast
11240,variableScope
11281,syntaxError
11316,syntaxError
11321,syntaxError
11345,syntaxError
11348,syntaxError
11349,syntaxError
11351,syntaxError
11360,syntaxError
11363,syntaxError
11364,syntaxError
11369,syntaxError
11385,syntaxError
11389,syntaxError
11391,syntaxError
11393,syntaxError
11409,syntaxError
11414,syntaxError
11421,syntaxError
11424,syntaxError
11427,syntaxError
11438,syntaxError
11441,syntaxError
11442,syntaxError
11463,syntaxError
11473,syntaxError
11476,syntaxError
11479,syntaxError
11490,syntaxError
11493,syntaxError
11589,syntaxError
11607,syntaxError
11610,syntaxError
11634,syntaxError
11637,syntaxError
11653,syntaxError
11675,syntaxError
11678,syntaxError
11687,syntaxError
11702,syntaxError
11704,syntaxError
11735,syntaxError
11737,syntaxError
11741,syntaxError
11761,syntaxError
11762,syntaxError
11782,syntaxError
11785,syntaxError
11789,syntaxError
11795,syntaxError
11805,syntaxError
11807,syntaxError
11811,syntaxError
11872,constVariablePointer;redundantInitialization
11918,constStatement
12031,variableScope
12033,constParameterPointer
12047,constParameterPointer
12094,constParameterPointer
12275,syntaxError
12280,syntaxError
12283,syntaxError
12284,syntaxError
12306,syntaxError
12332,unknownMacro
12333,unknownMacro
12334,unknownMacro
12345,unknownMacro
12366,cstyleCast
12378,cstyleCast
12406,unknownMacro
12410,unknownMacro
12419,unknownMacro
12432,cstyleCast;uninitvar;variableScope
12438,cstyleCast
12439,cstyleCast
12444,constVariablePointer;cstyleCast
12445,cstyleCast
12461,syntaxError
12477,cstyleCast;unreadVariable
12496,syntaxError
12497,syntaxError
12518,syntaxError
12527,syntaxError
12531,syntaxError
12544,syntaxError
12632,syntaxError
12640,syntaxError
12644,syntaxError
12646,syntaxError
12650,syntaxError
12655,syntaxError
12671,syntaxError
12695,cstyleCast
12702,variableScope
12715,cstyleCast
12728,cstyleCast
12763,syntaxError
12773,constParameterPointer
12798,constParameterPointer
12822,cstyleCast
12830,cstyleCast
12835,cstyleCast
12917,constParameterPointer
12942,shadowVariable
12943,syntaxError
12949,syntaxError
12952,syntaxError
12966,syntaxError
12969,syntaxError
12973,syntaxError
12992,syntaxError
13010,syntaxError
13015,syntaxError
13021,syntaxError
13037,syntaxError
13038,syntaxError
13052,syntaxError
13087,syntaxError
13090,syntaxError
13108,constParameterPointer
13114,constVariablePointer
13152,syntaxError
13153,syntaxError
13158,syntaxError
13159,syntaxError
13167,syntaxError
13173,syntaxError
13177,syntaxError
13186,syntaxError
13226,syntaxError
13245,syntaxError
13259,syntaxError
13279,syntaxError
13284,syntaxError
13292,syntaxError
13303,syntaxError
13327,syntaxError
13329,syntaxError
13354,syntaxError
13362,syntaxError
13518,syntaxError
13626,cstyleCast;dangerousTypeCast
13630,variableScope
13641,cstyleCast
13644,cstyleCast
13652,variableScope
13675,syntaxError
13736,cstyleCast
13783,clarifyCalculation;cstyleCast
13795,cstyleCast;variableScope
13810,cstyleCast
13855,uninitvar
13870,syntaxError
13881,syntaxError
13887,syntaxError
13896,syntaxError
13930,syntaxError
13965,syntaxError
13972,syntaxError
13978,syntaxError
13983,syntaxError
13986,syntaxError
13988,syntaxError
14036,syntaxError
14060,cstyleCast
14062,syntaxError
14084,syntaxError
14096,syntaxError
14104,syntaxError
14105,syntaxError
14116,syntaxError
14125,syntaxError
14128,constParameterPointer
14144,constVariablePointer;dangerousTypeCast
14157,dangerousTypeCast
14158,dangerousTypeCast
14182,syntaxError
14184,constParameterPointer
14198,unknownMacro
14214,unknownMacro
14215,unknownMacro
14224,unknownMacro
14225,unknownMacro
14233,nullPointer
14242,cstyleCast
14260,cstyleCast
14266,unknownMacro
14281,unknownMacro
14284,syntaxError
14317,variableScope
14326,syntaxError
14341,constVariablePointer
14357,constParameterPointer
14373,variableScope
14382,syntaxError
14391,syntaxError
14397,syntaxError
14424,syntaxError
14427,syntaxError
14510,constVariablePointer;cstyleCast
14533,cstyleCast
14560,constVariablePointer
14561,cstyleCast
14587,syntaxError
14591,syntaxError
14596,syntaxError
14618,variableScope
14661,constVariablePointer
14672,cstyleCast
14753,unknownMacro
14761,unknownMacro
14772,cstyleCast
14774,cstyleCast
14775,variableScope
14784,syntaxError
14785,syntaxError
14798,syntaxError
14804,syntaxError
14806,syntaxError
14808,syntaxError
14810,syntaxError
14828,syntaxError
14832,syntaxError
14879,unknownMacro
14900,constParameterPointer;cstyleCast
14910,cstyleCast;dangerousTypeCast
14934,syntaxError
14946,syntaxError
14958,syntaxError
14968,syntaxError
14987,syntaxError
14990,syntaxError
15001,syntaxError
15006,syntaxError
15008,syntaxError
15011,syntaxError
15044,unknownMacro
15045,unknownMacro
15055,unknownMacro
15103,unknownMacro
15108,unknownMacro
15128,unknownMacro
15168,unknownMacro
15207,unknownMacro
15229,cstyleCast;shadowVariable;variableScope
15238,cstyleCast
15241,cstyleCast
15247,unknownMacro
15249,unknownMacro
15251,unknownMacro
15255,unknownMacro
15273,unknownMacro
15276,unknownMacro
15316,unknownMacro
15354,unknownMacro
15399,syntaxError
15401,syntaxError
15407,syntaxError
15433,syntaxError
15468,syntaxError
15477,syntaxError
15484,syntaxError
15493,syntaxError
15495,syntaxError
15498,syntaxError
15526,syntaxError
15548,syntaxError
15550,syntaxError
15556,syntaxError
15560,syntaxError
15574,syntaxError
15575,syntaxError
15605,syntaxError
15623,constParameterPointer
15631,unknownMacro
15657,cstyleCast
15667,cstyleCast
15686,cstyleCast
15709,constVariablePointer
15728,variableScope
15733,arithOperationsOnVoidPointer;cstyleCast
15743,cstyleCast
15792,cstyleCast
15796,cstyleCast
15809,cstyleCast;dangerousTypeCast
15810,cstyleCast
15953,cstyleCast;duplicateExpression
15967,syntaxError
15978,syntaxError
15979,syntaxError
15983,syntaxError
15991,syntaxError
15998,constParameterPointer
16061,cstyleCast
16095,syntaxError
16122,cstyleCast
16172,nullPointerOutOfMemory
16176,nullPointerOutOfMemory;variableScope
16179,nullPointerOutOfMemory
16181,syntaxError
16264,cstyleCast
16363,syntaxError
16370,syntaxError
16377,syntaxError
16456,syntaxError
16473,syntaxError
16484,syntaxError
16488,syntaxError
16489,syntaxError
16494,syntaxError
16497,syntaxError
16500,syntaxError
16510,syntaxError
16559,cstyleCast
16583,cstyleCast
16650,cstyleCast
16706,syntaxError
16711,syntaxError
16752,syntaxError
16759,constParameterPointer
16794,constParameterPointer
16799,cstyleCast;dangerousTypeCast
16804,constParameterPointer;variableScope
16864,knownConditionTrueFalse
16922,cstyleCast
16930,cstyleCast
16931,cstyleCast
17222,syntaxError
17258,syntaxError
17259,syntaxError
17262,syntaxError
17266,syntaxError
17298,syntaxError
17315,syntaxError
17317,syntaxError
17326,syntaxError
17349,syntaxError
17352,syntaxError
17358,syntaxError
17362,syntaxError
17378,syntaxError
17379,syntaxError
17414,syntaxError
17418,syntaxError
17424,syntaxError
17425,syntaxError
17427,syntaxError
17461,syntaxError
17465,syntaxError
17469,syntaxError
17470,syntaxError
17471,syntaxError
17478,syntaxError
17479,syntaxError
17487,syntaxError
17514,syntaxError
17536,syntaxError
17560,syntaxError
17562,syntaxError
17578,syntaxError
17581,syntaxError
17603,syntaxError
17609,syntaxError
17615,syntaxError
17619,syntaxError
17661,syntaxError
17683,syntaxError
17692,syntaxError
17696,syntaxError
17703,syntaxError
17723,syntaxError
17724,syntaxError
17728,syntaxError
17738,syntaxError
17758,syntaxError
17763,cstyleCast
17764,syntaxError
17775,syntaxError
17783,syntaxError
17787,syntaxError
17788,syntaxError
17799,variableScope
17831,syntaxError
17838,syntaxError
17865,clarifyCalculation
17895,dangerousTypeCast
17941,syntaxError
17956,syntaxError
17961,syntaxError
17962,syntaxError
17967,syntaxError
17968,syntaxError
17974,syntaxError
17978,syntaxError
17981,syntaxError
17984,syntaxError
18007,syntaxError
18009,syntaxError
18011,syntaxError
18012,syntaxError
18056,syntaxError
18062,syntaxError
18065,syntaxError
18079,syntaxError
18115,syntaxError
18119,syntaxError
18153,syntaxError
18164,syntaxError
18170,syntaxError
18190,dangerousTypeCast;variableScope
18252,cstyleCast
18325,syntaxError
18328,syntaxError
18336,syntaxError
18340,syntaxError
18342,syntaxError
18343,syntaxError
18374,syntaxError
18392,syntaxError
18405,syntaxError
18415,constParameterPointer
18425,constParameterPointer
18427,variableScope
18436,knownConditionTrueFalse
18454,constVariablePointer;variableScope
18466,syntaxError
18477,cstyleCast
18481,syntaxError
18486,constVariablePointer
18502,syntaxError
18596,knownConditionTrueFalse
18608,variableScope
18612,dangerousTypeCast
18627,dangerousTypeCast
18636,cstyleCast;dangerousTypeCast
18836,constVariablePointer
18860,cstyleCast
18863,unknownMacro
18865,cstyleCast
18883,variableScope
18890,cstyleCast
18925,constVariablePointer;cstyleCast
18932,cstyleCast
18968,cstyleCast;dangerousTypeCast
19064,constVariablePointer
19093,dangerousTypeCast
19129,constVariablePointer
19167,dangerousTypeCast;redundantInitialization
19241,syntaxError
19279,constVariablePointer
19283,constParameterPointer
19285,dangerousTypeCast
19296,constVariablePointer
19311,constParameterPointer
19346,syntaxError
19368,unknownMacro
19376,unknownMacro
19445,variableScope
19454,syntaxError
19457,arithOperationsOnVoidPointer;constParameterPointer;cstyleCast
19464,unknownMacro
19471,constParameterPointer
19497,syntaxError
19531,cstyleCast
19532,cstyleCast
19547,constParameterPointer
19569,constParameterPointer
19579,variableScope
19605,cstyleCast
19613,constParameterPointer
19648,cstyleCast
19656,constVariablePointer
19774,constVariablePointer
19793,syntaxError
19858,unreadVariable
20009,leakReturnValNotUsed
20078,syntaxError
20089,syntaxError
20090,syntaxError
20177,constParameterPointer
20180,constParameterPointer
20186,constParameterPointer
20214,syntaxError
20516,variableScope
20520,constParameterPointer;unreadVariable
20600,constParameterPointer
20621,cstyleCast
20622,constVariablePointer
20625,cstyleCast
20666,constVariablePointer
20738,constParameterPointer
20805,arithOperationsOnVoidPointer
20848,constParameterPointer
20894,arithOperationsOnVoidPointer;variableScope
20929,syntaxError
20935,unknownMacro
20941,syntaxError
20980,constParameterPointer
20989,constParameterPointer
20998,constParameterPointer
21015,syntaxError
21039,constParameterPointer
21056,unknownMacro
21058,knownConditionTrueFalse
21065,syntaxError
21130,unknownMacro
21193,leakReturnValNotUsed
21218,cstyleCast
21244,constParameterPointer
21304,leakReturnValNotUsed
21310,constParameterPointer
21327,constVariablePointer
21359,constParameterPointer
21467,cstyleCast
21471,cstyleCast
21475,syntaxError
21481,syntaxError
21494,syntaxError
21507,syntaxError
21525,leakReturnValNotUsed
21557,constVariablePointer;cstyleCast
21582,syntaxError
21694,constParameterPointer
21706,syntaxError
21833,syntaxError
21851,cstyleCast
21863,constParameterPointer
21865,constParameterPointer
21928,syntaxError
21932,syntaxError
21963,syntaxError
21980,syntaxError
21990,syntaxError
21991,syntaxError
22001,syntaxError
22005,syntaxError
22009,syntaxError
22010,syntaxError
22038,syntaxError
22042,syntaxError
22064,syntaxError
22071,syntaxError
22105,syntaxError
22159,knownConditionTrueFalse
22200,constParameterPointer;constVariablePointer
22201,constParameterPointer;dangerousTypeCast
22202,constParameterPointer;constVariablePointer
22205,variableScope
22220,constParameterPointer
22239,cstyleCast
22388,constParameterPointer
22411,unknownMacro
22429,constParameterPointer
22649,constParameterPointer
22660,syntaxError
22663,syntaxError
22688,constParameterPointer
22723,dangerousTypeCast
22750,variableScope
22757,cstyleCast
22893,syntaxError
22920,syntaxError
22936,syntaxError
22937,leakReturnValNotUsed
22945,syntaxError
22953,syntaxError
22966,leakReturnValNotUsed
22975,unusedVariable
22980,unusedVariable
22983,unusedVariable
22986,dangerousTypeCast;legacyUninitvar;variableScope
22988,constParameterPointer;unusedVariable
22993,unusedVariable
22995,unusedVariable
23013,dangerousTypeCast;uninitvar;unreadVariable
23014,unusedVariable
23027,constParameterPointer;unusedVariable
23037,constVariablePointer;cstyleCast;dangerousTypeCast;uninitvar
23065,unusedVariable
23070,unusedVariable
23155,syntaxError
23199,variableScope
23228,constVariablePointer
23276,dangerousTypeCast
23328,syntaxError
23358,syntaxError
23370,unreadVariable
23519,syntaxError
23520,syntaxError
23529,cstyleCast;dangerousTypeCast
23581,variableScope
23593,constParameterPointer
23597,cstyleCast
23620,syntaxError
23621,syntaxError
23638,syntaxError
23646,syntaxError
23662,syntaxError
23773,constVariablePointer;cstyleCast
23919,cstyleCast;variableScope
23948,constParameterPointer;dangerousTypeCast
23957,constParameterPointer
23962,constParameterPointer
23979,unreadVariable;variableScope
24001,constParameterPointer
24014,variableScope
24046,cstyleCast;dangerousTypeCast
24074,variableScope
24079,cstyleCast;unreadVariable
24131,constVariablePointer;cstyleCast;variableScope
24139,syntaxError
24151,syntaxError
24182,syntaxError
24239,syntaxError
24255,syntaxError
24276,cstyleCast;variableScope
24315,knownConditionTrueFalse
24425,cstyleCast
24426,constParameterPointer
24434,constParameterPointer
24463,constParameterPointer
24483,syntaxError
24489,syntaxError
24494,syntaxError
24497,syntaxError
24500,syntaxError
24505,syntaxError
24507,syntaxError
24508,syntaxError
24509,syntaxError
24511,syntaxError
24532,variableScope
24571,constParameterPointer
24646,constVariablePointer;variableScope
24651,syntaxError
24715,syntaxError
24716,syntaxError
24727,syntaxError
24728,syntaxError
24751,constVariablePointer;variableScope
24778,constParameterPointer
24803,constParameterPointer
24834,constParameterPointer
24865,unknownMacro
24877,arithOperationsOnVoidPointer
24909,unknownMacro
24957,syntaxError
24967,cstyleCast;dangerousTypeCast
24981,cstyleCast;dangerousTypeCast;variableScope
25015,syntaxError
25033,uninitMemberVarNoCtor
25061,dangerousTypeCast
25071,constVariablePointer
25113,cstyleCast
25131,dangerousTypeCast
25158,constParameterPointer
25216,dangerousTypeCast
25218,constVariablePointer
25233,constParameterPointer
25240,syntaxError
25246,syntaxError
25280,syntaxError
25290,syntaxError
25299,syntaxError
25356,syntaxError
25378,syntaxError
25492,constParameterPointer
25542,constParameterPointer
25548,cstyleCast
25595,constParameterPointer
25603,syntaxError
25627,constParameterPointer
25633,constParameterPointer
25647,cstyleCast;dangerousTypeCast;shadowArgument
25721,cstyleCast
25740,cstyleCast
25762,syntaxError
25771,syntaxError
25787,variableScope
25922,syntaxError
25932,syntaxError
25939,constParameterPointer;variableScope
25957,syntaxError
25990,syntaxError
25995,syntaxError
26010,syntaxError
26017,syntaxError
26127,unknownMacro
26215,syntaxError
26241,syntaxError
26261,syntaxError
26265,syntaxError
26323,unknownMacro
26353,constParameterPointer
26376,syntaxError
26409,variableScope
26425,constParameterPointer;cstyleCast;redundantInitialization
26473,identicalConditionAfterEarlyExit
26503,cstyleCast;variableScope
26527,cstyleCast
26537,constParameterPointer
26560,constParameterPointer;constVariablePointer
26608,constVariablePointer
26619,constVariablePointer;cstyleCast;dangerousTypeCast
26642,syntaxError
26717,variableScope
26841,variableScope
26857,constParameterPointer;cstyleCast
26867,constParameterPointer
26953,unreadVariable;variableScope
26959,cstyleCast
26978,cstyleCast
26990,cstyleCast
27013,constParameterPointer
27022,cstyleCast;memleak
27043,syntaxError
27050,syntaxError
27071,syntaxError
27091,syntaxError
27093,syntaxError
27112,cstyleCast
27137,syntaxError
27180,cstyleCast
27237,syntaxError
27242,syntaxError
27308,constVariablePointer;variableScope
27317,unreadVariable
27386,syntaxError
27408,syntaxError
27412,syntaxError
27424,syntaxError
27442,constParameterPointer;constVariablePointer
27486,unusedLabel
27489,constVariablePointer;cstyleCast
27583,syntaxError
27591,syntaxError
27608,constParameterPointer
27619,shadowVariable;variableScope
27639,constVariable;redundantAssignment
27668,arithOperationsOnVoidPointer
27692,syntaxError
27697,dangerousTypeCast
27785,cstyleCast
27817,cstyleCast
27820,dangerousTypeCast
27826,cstyleCast
27830,cstyleCast
27834,constVariablePointer
27840,constParameterPointer
27882,constVariablePointer
27935,dangerousTypeCast
27943,constParameterPointer
28026,constParameterPointer
28050,constParameter;dangerousTypeCast;negativeIndex
28189,dangerousTypeCast;invalidPointerCast
28225,redundantAssignment
28238,variableScope
28275,syntaxError
28306,constParameterPointer
28341,constVariablePointer;cstyleCast;unreadVariable;variableScope
28360,syntaxError
28400,variableScope
28403,constVariablePointer
28406,cstyleCast
28407,variableScope
28418,cstyleCast
28441,dangerousTypeCast
28447,cstyleCast
28464,cstyleCast
28508,constParameterPointer
28519,constParameterPointer
28536,dangerousTypeCast
28557,constParameterPointer
28654,constParameterPointer
28695,constParameterPointer;cstyleCast
28697,constParameterPointer;cstyleCast
28712,constParameterPointer
28757,constParameterPointer;cstyleCast
28774,knownConditionTrueFalse
28855,identicalConditionAfterEarlyExit
28864,constParameterPointer
28886,constParameterPointer
28918,cstyleCast
28923,cstyleCast
28950,constParameterPointer
29056,constParameterPointer;variableScope
29125,redundantInitialization
29127,arithOperationsOnVoidPointer
29248,syntaxError
29313,constParameterPointer
29322,constParameterPointer
29345,constVariablePointer;cstyleCast
29364,arithOperationsOnVoidPointer;constParameterPointer;cstyleCast;uninitvar
29387,cstyleCast
29397,constParameterPointer;variableScope
29428,dangerousTypeCast
29469,constVariablePointer;cstyleCast
29474,cstyleCast;variableScope
29516,dangerousTypeCast
29535,syntaxError
29604,dangerousTypeCast
29612,dangerousTypeCast
29617,dangerousTypeCast
29627,constVariablePointer;dangerousTypeCast
29642,constVariablePointer;cstyleCast
29690,constParameterPointer
29701,cstyleCast;unreadVariable;uselessAssignmentArg
29706,cstyleCast
29738,clarifyCalculation
29800,syntaxError
29809,syntaxError
29814,syntaxError
29820,syntaxError
29834,syntaxError
29841,syntaxError
29852,syntaxError
29856,syntaxError
29911,constVariablePointer;cstyleCast;redundantInitialization
29919,constVariablePointer
29951,constVariablePointer;cstyleCast
29952,constVariablePointer
29969,constVariablePointer;cstyleCast
29974,variableScope
30002,syntaxError
30010,unknownMacro
30013,cstyleCast
30019,constParameterPointer
30021,cstyleCast
30022,syntaxError
30023,syntaxError
30065,knownConditionTrueFalse;redundantInitialization
30098,syntaxError
30110,syntaxError
30182,constParameterPointer
30191,syntaxError
30201,syntaxError
30203,constParameterPointer
30235,syntaxError
30241,syntaxError
30249,syntaxError
30300,syntaxError
30337,constParameterPointer
30397,syntaxError
30461,constParameterPointer;cstyleCast
30501,constVariablePointer;cstyleCast;dangerousTypeCast
30520,constParameterPointer
30538,constParameterPointer;dangerousTypeCast
30578,constVariablePointer
30602,constParameterPointer;dangerousTypeCast;knownConditionTrueFalse;variableScope
30624,constParameterPointer
30628,constParameterPointer;cstyleCast
30636,constParameterPointer
30642,unreadVariable
30651,constParameterPointer
30653,constParameterPointer
30654,constParameterPointer;constVariablePointer
30686,cstyleCast
30728,constParameterPointer
30738,dangerousTypeCast
30739,constParameterPointer;dangerousTypeCast
30756,constParameterPointer
30773,syntaxError
30798,constParameterPointer
30840,constParameterPointer
30903,constParameterPointer
30905,constParameterPointer
30985,unknownMacro
31008,constVariablePointer
31032,variableScope
31120,constParameterPointer
31126,syntaxError
31149,cstyleCast
31165,syntaxError
31175,syntaxError
31191,constParameterPointer
31194,clarifyCalculation
31255,constParameterPointer
31282,cstyleCast
31317,constParameterPointer
31380,constParameterPointer;cstyleCast
31394,dangerousTypeCast
31422,cstyleCast
31427,constParameterPointer
31447,dangerousTypeCast
31464,syntaxError
31475,variableScope
31514,unknownMacro
31528,syntaxError
31530,syntaxError
31535,syntaxError
31557,syntaxError
31573,cstyleCast
31594,cstyleCast
31600,cstyleCast;dangerousTypeCast
31695,cstyleCast
31704,cstyleCast
31790,syntaxError
31876,cstyleCast;dangerousTypeCast
31903,variableScope
31915,syntaxError
31916,syntaxError
31922,unknownMacro
31934,syntaxError
31938,syntaxError
31942,unknownMacro
32009,syntaxError
32032,syntaxError
32041,constParameterPointer
32051,syntaxError
32052,constParameterPointer
32091,constVariablePointer
32210,constVariablePointer;knownConditionTrueFalse;redundantAssignment
32246,constParameterPointer;dangerousTypeCast
32250,syntaxError
32271,constVariablePointer;cstyleCast;dangerousTypeCast
32273,dangerousTypeCast
32300,arithOperationsOnVoidPointer;cstyleCast;dangerousTypeCast
32312,constParameterPointer
32330,constParameterPointer
32391,constVariablePointer
32484,constParameterPointer
32502,variableScope
32524,dangerousTypeCast
32561,dangerousTypeCast
32634,variableScope
32752,constParameterPointer
32827,dangerousTypeCast
32960,arithOperationsOnVoidPointer;constVariablePointer
32992,variableScope
33038,knownConditionTrueFalse
33055,dangerousTypeCast
33056,variableScope
33069,unknownMacro
33087,constParameterPointer
33120,syntaxError
33129,constParameterPointer
33142,constParameterPointer
33144,cstyleCast
33204,syntaxError
33212,syntaxError
33278,cstyleCast
33303,leakReturnValNotUsed
33380,syntaxError
33424,constParameterPointer
33472,constParameterPointer;variableScope
33520,constParameterPointer
33584,unknownMacro
33602,syntaxError
33624,syntaxError
33631,syntaxError
33660,syntaxError
33670,syntaxError
33675,syntaxError
33688,syntaxError
33727,constParameterPointer
33736,cstyleCast
33762,dangerousTypeCast
33781,constParameterPointer
33803,constParameterPointer
33817,constParameterPointer
33824,cstyleCast
33849,syntaxError
33857,syntaxError
33860,syntaxError
33866,syntaxError
33870,syntaxError
33874,syntaxError
33890,syntaxError
33892,syntaxError
33904,syntaxError
33908,syntaxError
33913,syntaxError
33926,syntaxError
33931,syntaxError
33951,syntaxError
34015,cstyleCast;variableScope
34025,constVariablePointer
34042,cstyleCast
34043,cstyleCast
34050,syntaxError
34090,cstyleCast;dangerousTypeCast
34114,constParameterPointer;dangerousTypeCast
34132,constParameterPointer;cstyleCast
34136,constParameterPointer;cstyleCast;dangerousTypeCast
34162,dangerousTypeCast
34178,syntaxError
34180,syntaxError
34185,syntaxError
34226,syntaxError
34232,constParameterPointer
34305,constParameterPointer
34333,constParameterPointer;cstyleCast
34372,duplicateAssignExpression;variableScope
34383,cstyleCast
34386,unreadVariable;variableScope
34415,cstyleCast
34432,arithOperationsOnVoidPointer;constVariable;cstyleCast;knownConditionTrueFalse
34555,constParameterPointer;redundantInitialization
34592,syntaxError
34593,syntaxError
34594,syntaxError
34596,syntaxError
34608,constParameterPointer;cstyleCast
34612,dangerousTypeCast
34623,arithOperationsOnVoidPointer;cstyleCast
34637,constParameterPointer
34741,variableScope
34824,variableScope
34878,syntaxError
34885,syntaxError
34921,knownConditionTrueFalse
34927,syntaxError
34988,arithOperationsOnVoidPointer;constVariablePointer;cstyleCast
34999,arithOperationsOnVoidPointer;constVariablePointer;uselessAssignmentPtrArg
35022,constVariablePointer;cstyleCast;variableScope
35034,arithOperationsOnVoidPointer;constVariablePointer;cstyleCast;dangerousTypeCast
35036,constVariablePointer
35037,dangerousTypeCast
35043,variableScope
35129,constParameterPointer
35154,syntaxError
35259,constVariablePointer
35291,variableScope
35292,variableScope
35319,cstyleCast;dangerousTypeCast
35399,syntaxError
35403,cstyleCast
35421,cstyleCast
35437,syntaxError
35453,cstyleCast
35464,syntaxError
35467,cstyleCast
35478,syntaxError
35479,syntaxError
35485,syntaxError
35487,syntaxError
35491,variableScope
35524,bitwiseOnBoolean
35565,cstyleCast
35613,constParameterPointer
35642,syntaxError
35652,syntaxError
35654,syntaxError
35663,syntaxError
35673,syntaxError
35684,constVariablePointer;cstyleCast
35697,cstyleCast;redundantAssignment
35722,cstyleCast
35780,cstyleCast
35804,unknownMacro
35826,cstyleCast
35829,cstyleCast;dangerousTypeCast
35881,cstyleCast
35882,arithOperationsOnVoidPointer;constVariablePointer;cstyleCast
35923,constParameterPointer;cstyleCast
35959,syntaxError
35972,syntaxError
35977,syntaxError
35981,syntaxError
35986,syntaxError
35990,syntaxError
35998,syntaxError
36000,syntaxError
36004,syntaxError
36023,arithOperationsOnVoidPointer
36033,syntaxError
36045,cstyleCast
36049,cstyleCast;unreadVariable;variableScope
36095,syntaxError
36097,syntaxError
36114,constParameterPointer;dangerousTypeCast;variableScope
36139,syntaxError
36141,syntaxError
36148,syntaxError
36315,syntaxError
36323,syntaxError
36325,syntaxError
36418,constParameterPointer
36424,constVariablePointer;cstyleCast
36433,constVariablePointer;cstyleCast
36438,syntaxError
36451,constParameterPointer;variableScope
36494,constParameterPointer
36502,constParameterPointer
36505,syntaxError
36523,variableScope
36531,constParameterPointer
36532,constParameterPointer
36534,constParameterPointer
36591,constVariablePointer
36598,constVariablePointer
36619,unknownMacro
36621,cstyleCast;dangerousTypeCast
36670,leakReturnValNotUsed
36710,syntaxError
36721,syntaxError
36727,syntaxError
36737,syntaxError
36739,syntaxError
36742,syntaxError
36745,syntaxError
36752,syntaxError
36777,syntaxError
36796,syntaxError
36797,syntaxError
36810,constParameterPointer
36817,variableScope
36844,constParameterPointer;nullPointer
36900,syntaxError
36914,syntaxError
36952,syntaxError
36956,syntaxError
36961,syntaxError
36970,syntaxError
37030,unknownMacro
37163,cstyleCast
37199,cstyleCast;dangerousTypeCast
37252,constVariablePointer
37326,constParameterPointer;cstyleCast
37330,cstyleCast
37343,cstyleCast;dangerousTypeCast
37349,cstyleCast
37373,cstyleCast
37383,variableScope
37496,cstyleCast
37555,constParameterPointer
37616,cstyleCast
37617,cstyleCast
37717,unknownMacro
37722,dangerousTypeCast;variableScope
37748,variableScope
37786,constParameterPointer
37804,constParameterPointer
37810,constVariablePointer
37914,constParameterPointer
37987,syntaxError
38013,clarifyCondition;nullPointer
38014,clarifyCondition;nullPointer
38016,clarifyCondition;constVariablePointer
38028,constParameterPointer
38061,unknownMacro
38072,redundantInitialization
38085,dangerousTypeCast
38087,dangerousTypeCast
38091,dangerousTypeCast
38106,constParameterPointer
38150,redundantAssignment
38156,syntaxError
38175,syntaxError
38197,cstyleCast
38213,syntaxError
38214,syntaxError
38220,constParameterPointer
38237,internalAstError
38360,cstyleCast
38399,constVariablePointer
38411,constParameterPointer;cstyleCast
38421,constParameterPointer;cstyleCast
38441,cstyleCast
38468,arithOperationsOnVoidPointer
38488,constParameterPointer;cstyleCast
38503,cstyleCast
38525,cstyleCast;dangerousTypeCast
38549,dangerousTypeCast
38610,leakReturnValNotUsed
38617,cstyleCast
38639,syntaxError
38700,variableScope
38736,syntaxError
38753,syntaxError
38760,syntaxError
38761,syntaxError
38770,syntaxError
38776,syntaxError
38778,syntaxError
38798,syntaxError
38801,syntaxError
38825,syntaxError
38834,syntaxError
38858,syntaxError
38867,syntaxError
38880,syntaxError
38886,syntaxError
38902,syntaxError
38911,syntaxError
38936,syntaxError
38963,syntaxError
38976,syntaxError
39010,syntaxError
39020,syntaxError
39048,syntaxError
39050,syntaxError
39064,syntaxError
39098,syntaxError
39107,syntaxError
39121,syntaxError
39130,syntaxError
39175,syntaxError
39187,syntaxError
39192,syntaxError
39229,unknownMacro
39252,constVariablePointer
39261,constVariablePointer
39325,constVariablePointer
39352,constParameterPointer
39472,variableScope
39478,constVariablePointer;cstyleCast
39496,constParameterPointer
39502,syntaxError
39514,syntaxError
39519,syntaxError
39523,syntaxError
39528,syntaxError
39543,syntaxError
39545,syntaxError
39589,shadowVariable
39621,constParameterPointer;knownConditionTrueFalse
39636,cstyleCast
39642,constParameterPointer
39669,constParameterPointer
39686,syntaxError
39753,cstyleCast
39813,syntaxError
39835,constParameterPointer
39880,unknownMacro
39884,uselessAssignmentArg;uselessAssignmentPtrArg
39940,constParameterPointer
39954,syntaxError
39969,syntaxError
40009,syntaxError
40012,syntaxError
40014,syntaxError
40018,syntaxError
40021,syntaxError
40023,syntaxError
40054,syntaxError
40083,constVariablePointer;cstyleCast
40091,variableScope
40115,constParameterPointer
40129,allocaCalled
40149,constParameterPointer
40225,autoVariables;cstyleCast;dangerousTypeCast
40241,cstyleCast
40252,constParameterPointer
40255,syntaxError
40260,syntaxError
40262,syntaxError
40264,syntaxError
40292,constParameterPointer;cstyleCast
40296,cstyleCast
40317,constVariablePointer
40322,constVariablePointer
40333,constParameterPointer
40356,constParameterPointer
40374,nullPointer
40377,constParameterPointer;dangerousTypeCast
40401,constParameterPointer
40464,constParameterPointer;cstyleCast
40473,variableScope
40522,syntaxError
40525,constVariablePointer
40540,arithOperationsOnVoidPointer;constParameterPointer
40544,constParameterPointer
40600,constParameterPointer
40602,constParameterPointer
40615,cstyleCast
40635,constParameterPointer
40722,constParameterPointer;dangerousTypeCast
40744,constParameterPointer
40766,redundantInitialization
40787,constParameterPointer
40791,constParameterPointer
40801,syntaxError
40804,constVariablePointer
40807,constParameterPointer;constVariablePointer;cstyleCast
40849,syntaxError
40852,syntaxError
40856,syntaxError
40867,constVariablePointer;cstyleCast
40868,constVariablePointer;cstyleCast
40893,dangerousTypeCast
40911,dangerousTypeCast
40977,cstyleCast
40979,constParameterPointer
40998,dangerousTypeCast
41012,cstyleCast
41023,cstyleCast;unreachableCode
41024,cstyleCast
41047,knownConditionTrueFalse;variableScope
41049,variableScope
41182,dangerousTypeCast
41205,syntaxError
41244,syntaxError
41284,unknownMacro
41285,constVariablePointer
41311,invalidPrintfArgType_sint
41322,badBitmaskCheck;constVariablePointer;dangerousTypeCast;duplicateExpression;variableScope
41337,redundantAssignment
41341,arithOperationsOnVoidPointer
41354,cstyleCast
41370,constParameterPointer;cstyleCast
41396,constParameterPointer
41412,cstyleCast
41414,constParameterPointer
41422,cstyleCast
41466,constParameterPointer
41469,constParameterPointer;constVariablePointer;cstyleCast
41499,constParameterPointer;redundantAssignment
41519,variableScope
41532,redundantInitialization
41556,cstyleCast
41589,constParameterPointer
41593,constParameterPointer
41599,constParameterPointer;redundantAssignment
41601,constParameterPointer
41678,constParameterPointer;variableScope
41709,leakReturnValNotUsed
41713,unreadVariable;variableScope
41776,cstyleCast
41808,syntaxError
42056,constParameterPointer
42083,syntaxError
42093,syntaxError
42096,syntaxError
42116,syntaxError
42122,syntaxError
42139,syntaxError
42150,syntaxError
42155,syntaxError
42181,cstyleCast
42186,cstyleCast
42187,cstyleCast
42221,constParameterPointer
42231,cstyleCast
42264,syntaxError
42275,syntaxError
42277,syntaxError
42301,syntaxError
42309,syntaxError
42379,syntaxError
42403,unknownMacro
42404,cstyleCast;variableScope
42407,syntaxError
42418,unknownMacro
42499,syntaxError
42501,syntaxError
42525,syntaxError
42549,constVariablePointer;cstyleCast
42557,syntaxError
42666,constParameterPointer
42718,cstyleCast
42721,cstyleCast
42843,constParameterPointer
42857,cstyleCast
42860,cstyleCast
42867,constVariablePointer;redundantAssignment
42893,allocaCalled
42899,unknownMacro
42909,variableScope
42940,constVariablePointer;cstyleCast
42976,constParameterPointer
42977,variableScope
43008,variableScope
43052,constVariablePointer
43068,constParameterPointer
43097,constVariablePointer
43127,constParameterPointer
43138,constVariablePointer
43152,cstyleCast;dangerousTypeCast
43167,dangerousTypeCast
43184,constParameterPointer
43186,shadowVariable;variableScope
43205,constParameterPointer
43209,constParameterPointer
43264,constParameterPointer
43277,knownConditionTrueFalse
43317,cstyleCast;nullPointerOutOfMemory
43318,constParameterPointer
43330,shiftTooManyBitsSigned;unusedVariable;variableScope
43337,cstyleCast;nullPointerArithmeticOutOfMemory;nullPointerOutOfMemory
43338,integerOverflowCond
43345,unassignedVariable;uninitvar;variableScope
43383,shadowVariable
43393,syntaxError
43416,variableScope
43417,constParameterPointer
43492,syntaxError
43507,variableScope
43545,constVariablePointer;cstyleCast
43559,constVariablePointer;cstyleCast
43606,unknownMacro
43608,unknownMacro
43610,unknownMacro
43636,cstyleCast
43770,syntaxError
43772,syntaxError
43778,syntaxError
43781,syntaxError
43791,syntaxError
43793,syntaxError
43800,syntaxError
43816,syntaxError
43818,syntaxError
43822,syntaxError
43839,syntaxError
43870,syntaxError
43878,syntaxError
43884,syntaxError
43891,syntaxError
43897,syntaxError
43909,syntaxError
43910,syntaxError
43915,syntaxError
43936,syntaxError
43965,constParameterPointer
43980,syntaxError
43983,syntaxError
44005,syntaxError
44016,syntaxError
44020,syntaxError
44022,syntaxError
44033,syntaxError
44055,syntaxError
44056,syntaxError
44070,unknownMacro
44085,syntaxError
44118,syntaxError
44123,syntaxError
44148,syntaxError
44171,variableScope
44242,unreadVariable
44277,constParameterPointer
44294,arithOperationsOnVoidPointer;cstyleCast;unreadVariable
44352,cstyleCast
44357,cstyleCast
44383,cstyleCast
44439,cstyleCast;unsignedLessThanZero
44504,cstyleCast;variableScope
44559,constParameterPointer
44650,variableScope
44652,constParameterPointer
44661,constVariablePointer;variableScope
44793,constVariablePointer;unusedVariable;variableScope
44836,variableScope
44911,syntaxError
44928,syntaxError
44939,syntaxError
44941,syntaxError
44943,syntaxError
44954,syntaxError
44974,syntaxError
44995,unknownMacro
45049,cstyleCast
45085,constParameterPointer
45108,unknownMacro
45121,constParameterPointer
45123,constParameterPointer
45141,constParameterPointer
45148,constParameterPointer
45153,cstyleCast
45158,constParameterPointer
45159,constParameterPointer
45176,constVariablePointer;cstyleCast
45184,variableScope
45186,constVariablePointer;cstyleCast;unreadVariable
45202,cstyleCast
45220,syntaxError
45229,syntaxError
45233,syntaxError
45235,syntaxError
45262,cstyleCast
45267,variableScope
45279,syntaxError
45327,variableScope
45370,syntaxError
45424,redundantInitialization
45425,syntaxError
45430,syntaxError
45517,cstyleCast
45535,constParameterPointer;constVariablePointer;cstyleCast
45539,constParameterPointer;cstyleCast
45575,identicalConditionAfterEarlyExit
45637,constParameterPointer;cstyleCast
45694,cstyleCast
45727,variableScope
45769,constParameterPointer
45781,constParameterPointer
45810,cstyleCast;dangerousTypeCast
45812,dangerousTypeCast
45823,variableScope
45859,cstyleCast
45906,dangerousTypeCast
45931,cstyleCast
45958,syntaxError
45961,syntaxError
45965,syntaxError
45971,syntaxError
45974,syntaxError
45985,syntaxError
45998,syntaxError
46007,syntaxError
46027,syntaxError
46034,syntaxError
46039,syntaxError
46043,syntaxError
46044,syntaxError
46047,syntaxError
46049,syntaxError
46054,syntaxError
46057,syntaxError
46094,dangerousTypeCast
46179,constParameterPointer
46257,syntaxError
46298,syntaxError
46303,unreadVariable;variableScope
46338,variableScope
46339,constParameterPointer
46351,variableScope
46352,constParameterPointer
46387,unreadVariable
46388,constParameterPointer
46402,arithOperationsOnVoidPointer
46433,syntaxError
46440,syntaxError
46443,syntaxError
46451,syntaxError
46457,syntaxError
46465,syntaxError
46476,syntaxError
46538,constParameterPointer
46545,constParameterPointer;constVariablePointer;variableScope
46566,constParameterPointer
46594,arithOperationsOnVoidPointer;variableScope
46601,constVariablePointer
46627,dangerousTypeCast
46652,cstyleCast
46711,constVariablePointer
46723,cstyleCast
46728,dangerousTypeCast
46731,cstyleCast
46744,cstyleCast
46745,cstyleCast
46764,cstyleCast
46798,constVariablePointer
46943,dangerousTypeCast
47103,dangerousTypeCast
47179,dangerousTypeCast
47198,dangerousTypeCast
47253,dangerousTypeCast
47355,dangerousTypeCast
47373,syntaxError
47378,syntaxError
47384,constVariablePointer;dangerousTypeCast
47390,cstyleCast;dangerousTypeCast
47447,constVariablePointer
47452,dangerousTypeCast
47459,cstyleCast;variableScope
47469,cstyleCast
47484,cstyleCast;dangerousTypeCast
47541,dangerousTypeCast
47576,syntaxError
47599,syntaxError
47621,constParameterPointer
47622,syntaxError
47678,constVariablePointer;cstyleCast
47722,syntaxError
47750,dangerousTypeCast
47752,constParameterPointer
47812,cstyleCast
47847,dangerousTypeCast
47875,syntaxError
47934,constParameterPointer
47976,constParameterPointer
48003,syntaxError
48006,syntaxError
48031,shiftTooManyBitsSigned
48075,cstyleCast
48117,constVariablePointer
48190,syntaxError
48195,syntaxError
48201,syntaxError
48217,syntaxError
48227,syntaxError
48229,syntaxError
48239,clarifyCalculation;constParameterPointer;variableScope
48260,syntaxError
48270,redundantAssignment
48284,syntaxError
48295,syntaxError
48301,syntaxError
48305,syntaxError
48311,syntaxError
48317,unknownMacro
48320,syntaxError
48326,syntaxError
48345,cstyleCast
48350,unknownMacro
48373,constParameterPointer;cstyleCast
48390,unreadVariable;variableScope
48398,constParameterPointer;unreadVariable;unusedVariable
48404,syntaxError
48419,syntaxError
48426,syntaxError
48438,syntaxError
48441,redundantInitialization
48444,cstyleCast
48498,autoVariables
48516,constVariablePointer;variableScope
48546,constParameterPointer
48548,constVariablePointer;variableScope
48624,cstyleCast
48636,internalAstError
48663,internalAstError
48717,constVariablePointer;variableScope
48820,constParameterPointer
48901,unknownMacro
48947,constParameterPointer
48948,constVariablePointer;cstyleCast
48962,cstyleCast;dangerousTypeCast
48976,cstyleCast
48979,arithOperationsOnVoidPointer;cstyleCast
48980,cstyleCast
48996,redundantAssignment
49057,dangerousTypeCast
49080,cstyleCast
49099,syntaxError
49125,constParameterPointer
49134,syntaxError
49157,cstyleCast
49165,variableScope
49176,constParameterPointer;dangerousTypeCast
49198,cstyleCast
49203,constParameterPointer
49226,constParameterPointer
49262,constVariablePointer;cstyleCast
49290,cstyleCast
49309,cstyleCast;dangerousTypeCast
49410,variableScope
49418,variableScope
49463,syntaxError
49464,cstyleCast
49549,constParameterPointer
49600,constParameterPointer
49602,constParameterPointer
49673,constVariablePointer
49690,constVariablePointer
49699,constParameterPointer
49724,unknownMacro
49742,variableScope
49758,variableScope
49776,cstyleCast
49777,cstyleCast;variableScope
49781,constParameterPointer
49785,cstyleCast
49789,cstyleCast;variableScope
49858,unknownMacro
49866,dangerousTypeCast
49873,unknownMacro
49887,badBitmaskCheck
49890,cstyleCast
49893,cstyleCast;knownConditionTrueFalse
49912,unknownMacro
49928,cstyleCast
49931,unknownMacro
49945,syntaxError
49957,cstyleCast
49962,unknownMacro
49963,cstyleCast
50006,syntaxError
50015,syntaxError
50028,syntaxError
50037,syntaxError
50053,constVariablePointer
50057,constVariablePointer
50066,constVariablePointer
50126,cstyleCast
50143,unknownMacro
50213,cstyleCast
50284,cstyleCast
50286,unknownMacro
50287,dangerousTypeCast
50288,variableScope
50290,variableScope
50295,constParameterPointer
50298,cstyleCast
50324,syntaxError
50367,syntaxError
50377,syntaxError
50388,syntaxError
50389,syntaxError
50390,syntaxError
50400,cstyleCast;nullPointerArithmeticRedundantCheck
50460,constVariablePointer
50480,constParameterPointer
50486,autoVariables;cstyleCast
50520,constParameterPointer
50534,unknownMacro
50556,cstyleCast
50573,constParameterPointer
50612,cstyleCast
50642,cstyleCast
50673,cstyleCast
50753,redundantAssignment
50765,cstyleCast
50785,syntaxError
50789,syntaxError
50799,syntaxError
50805,syntaxError
50820,syntaxError
50822,syntaxError
50837,syntaxError
50851,syntaxError
50866,syntaxError
50875,syntaxError
50881,syntaxError
50901,syntaxError
50957,constParameterPointer
50986,variableScope
50988,cstyleCast
51098,constVariablePointer
51130,constParameterPointer
51137,cstyleCast
51207,syntaxError
51250,unknownMacro
51257,unknownMacro
51267,unknownMacro
51271,unknownMacro
51273,unknownMacro
51293,unknownMacro
51302,cstyleCast
51314,cstyleCast;variableScope
51322,unknownMacro
51406,cstyleCast;knownConditionTrueFalse
51408,variableScope
51411,cstyleCast
51457,cstyleCast
51460,redundantAssignment
51470,cstyleCast
51695,syntaxError
51713,syntaxError
51716,syntaxError
51728,syntaxError
51731,syntaxError
51737,syntaxError
51748,syntaxError
51759,syntaxError
51762,syntaxError
51776,syntaxError
51777,syntaxError
51820,syntaxError
51847,syntaxError
51848,syntaxError
51857,syntaxError
51860,syntaxError
51880,syntaxError
51903,syntaxError
51916,syntaxError
51921,syntaxError
51927,syntaxError
51946,syntaxError
51952,syntaxError
51953,syntaxError
51959,syntaxError
51963,syntaxError
51973,syntaxError
51991,syntaxError
51995,syntaxError
52001,syntaxError
52010,syntaxError
52015,syntaxError
52023,syntaxError
52025,syntaxError
52030,syntaxError
52044,syntaxError
52061,constParameterPointer
52159,unknownMacro
52163,unknownMacro
52180,unknownMacro
52181,unknownMacro
52214,unknownMacro
52224,clarifyCondition;dangerousTypeCast
52231,syntaxError
52238,dangerousTypeCast
52271,syntaxError
52276,arithOperationsOnVoidPointer;cstyleCast
52305,syntaxError
52333,syntaxError
52348,syntaxError
52349,syntaxError
52352,syntaxError
52367,syntaxError
52429,constParameterPointer
52604,syntaxError
52609,syntaxError
52625,syntaxError
52628,syntaxError
52629,syntaxError
52631,unknownMacro
52634,syntaxError
52644,syntaxError
52648,syntaxError
52685,variableScope
52739,constParameterPointer
52740,constParameterPointer
52741,constParameterPointer;cstyleCast
52820,constVariablePointer
52871,cstyleCast
52912,constParameterPointer;variableScope
52916,constParameterPointer
52938,cstyleCast
52942,cstyleCast
53215,cstyleCast
53242,cstyleCast
53312,variableScope
53320,cstyleCast
53340,cstyleCast
53364,syntaxError
53374,syntaxError
53377,syntaxError
53385,syntaxError
53402,syntaxError
53403,syntaxError
53404,syntaxError
53430,syntaxError
53448,constParameterPointer
53451,syntaxError
53456,syntaxError
53459,syntaxError
53462,syntaxError
53468,syntaxError
53475,syntaxError
53476,syntaxError
53478,syntaxError
53481,syntaxError
53491,syntaxError
53496,syntaxError
53504,syntaxError
53510,syntaxError
53518,syntaxError
53533,syntaxError
53550,syntaxError
53565,syntaxError
53578,syntaxError
53626,cstyleCast
53648,cstyleCast
53662,constVariablePointer;cstyleCast;dangerousTypeCast
53676,cstyleCast
53687,cstyleCast;dangerousTypeCast
53688,syntaxError
53723,constVariablePointer
53750,constVariablePointer
53754,constVariablePointer
53756,constVariablePointer
53831,constParameterPointer
53832,constParameterPointer
53834,syntaxError
53850,constParameterPointer
53852,syntaxError
53868,cstyleCast
53871,syntaxError
53873,constParameterPointer
53880,syntaxError
53884,constParameterPointer
53906,syntaxError
53908,constParameterPointer
53914,variableScope
53937,constVariablePointer
53940,constParameterPointer
53945,constParameterPointer
53948,constParameterPointer
54026,constParameterPointer
54065,constParameterPointer
54088,constVariablePointer
54093,redundantInitialization
54172,constParameterPointer
54180,constParameterPointer
54182,dangerousTypeCast
54267,constParameterPointer
54292,constVariablePointer
54370,syntaxError
54382,constVariablePointer;cstyleCast;unreadVariable
54390,cstyleCast
54429,constVariablePointer;unreadVariable
54504,constParameterPointer;variableScope
54545,clarifyCalculation
54550,cstyleCast
54671,variableScope
54672,constParameterPointer
54707,constVariablePointer
54731,constVariablePointer;cstyleCast
54928,constParameterPointer
55066,variableScope
55228,constVariablePointer
55353,variableScope
55487,variableScope
55499,syntaxError
55567,syntaxError
55579,syntaxError
55621,constParameterPointer
55638,constVariablePointer
55697,syntaxError
55711,syntaxError
55718,syntaxError
55730,syntaxError
55777,syntaxError
55925,constVariablePointer;variableScope
55962,variableScope
55968,constParameterPointer;constVariablePointer
55981,syntaxError
55982,syntaxError
56004,variableScope
56071,syntaxError
56089,syntaxError
56169,constParameterPointer
56177,constParameterPointer;dangerousTypeCast
56192,syntaxError
56197,syntaxError
56225,syntaxError
56261,variableScope
56289,cstyleCast
56293,unknownMacro
56341,syntaxError
56344,syntaxError
56366,redundantCondition;variableScope
56420,syntaxError
56434,syntaxError
56453,unknownMacro
56486,dangerousTypeCast
56521,syntaxError
56528,syntaxError
56557,cstyleCast
56595,variableScope
56686,variableScope
56697,constParameterPointer
56715,shadowVariable
56797,constParameterPointer
56899,cstyleCast
56967,constVariablePointer
56975,constVariablePointer
56981,constVariablePointer;shadowArgument
57011,constVariablePointer
57088,unreadVariable
57152,syntaxError
57298,syntaxError
57356,constParameterPointer
57375,constParameterPointer
57444,syntaxError
57449,syntaxError
57518,arithOperationsOnVoidPointer;constVariablePointer;cstyleCast
57540,constParameterPointer;constVariablePointer
57650,syntaxError
57656,syntaxError
57686,cstyleCast
57700,constParameterPointer
57708,constVariablePointer
57742,arithOperationsOnVoidPointer
57759,constParameterPointer
57760,variableScope
57788,cstyleCast
57838,cstyleCast
57866,cstyleCast
57945,cstyleCast
58027,syntaxError
58034,constParameterPointer
58069,constParameterPointer
58084,cstyleCast
58088,constParameterPointer
58112,syntaxError
58131,syntaxError
58212,variableScope
58236,constVariablePointer;variableScope
58260,constVariablePointer
58376,cstyleCast
58377,cstyleCast;unreadVariable
58378,cstyleCast;shadowArgument
58393,cstyleCast
58400,constVariablePointer
58419,cstyleCast
58432,constVariablePointer
58441,syntaxError
58448,syntaxError
58452,syntaxError
58456,syntaxError
58460,syntaxError
58463,syntaxError
58471,syntaxError
58479,syntaxError
58481,syntaxError
58490,syntaxError
58554,constVariablePointer;cstyleCast;dangerousTypeCast;redundantAssignment;unreadVariable
58562,cstyleCast
58570,cstyleCast
58617,cstyleCast
58633,cstyleCast
58662,constVariable
58693,constParameterPointer
58710,cstyleCast
58719,constVariablePointer
58725,constParameterPointer
58816,constParameterPointer
58861,syntaxError
58863,unknownMacro
58864,syntaxError
58912,constParameterPointer
58915,arithOperationsOnVoidPointer;cstyleCast
58925,constParameterPointer;constVariablePointer;dangerousTypeCast
58934,dangerousTypeCast
58946,arithOperationsOnVoidPointer;cstyleCast
58960,constParameterPointer
58982,syntaxError
58991,cstyleCast
59034,constParameterPointer
59041,syntaxError
59076,syntaxError
59079,syntaxError
59204,syntaxError
59205,constVariablePointer
59223,syntaxError
59226,syntaxError
59227,syntaxError
59233,syntaxError
59234,syntaxError
59241,syntaxError
59242,syntaxError
59298,constParameterPointer
59394,syntaxError
59413,syntaxError
59418,syntaxError
59426,syntaxError
59445,syntaxError
59450,syntaxError
59462,syntaxError
59472,syntaxError
59475,syntaxError
59483,syntaxError
59487,syntaxError
59490,syntaxError
59495,syntaxError
59521,syntaxError
59526,syntaxError
59528,syntaxError
59536,syntaxError
59589,syntaxError
59597,syntaxError
59599,syntaxError
59602,syntaxError
59616,syntaxError
59619,syntaxError
59641,syntaxError
59643,syntaxError
59655,syntaxError
59671,constVariablePointer
59712,nullPointerArithmeticRedundantCheck
59817,constParameterPointer
59825,unknownMacro
59834,variableScope
59841,syntaxError
59889,cstyleCast
59902,cstyleCast
59904,cstyleCast
59909,constParameterPointer
59912,cstyleCast
59916,cstyleCast
59919,variableScope
59924,syntaxError
59927,unknownMacro
59950,constParameterPointer
59957,constVariablePointer
59976,variableScope
59980,constParameterPointer;variableScope
60014,cstyleCast;variableScope
60016,unreadVariable;variableScope
60021,cstyleCast
60033,constVariablePointer;dangerousTypeCast;duplicateBreak
60083,unknownMacro
60086,unknownMacro
60089,constParameterPointer
60097,unknownMacro
60108,constParameterPointer;constVariablePointer;shadowVariable
60125,nullPointer
60134,constParameterPointer
60161,variableScope
60188,cstyleCast
60250,dangerousTypeCast
60260,syntaxError
60339,syntaxError
60355,syntaxError
60376,syntaxError
60383,syntaxError
60403,variableScope
60405,cstyleCast
60408,constParameterPointer
60417,constParameterPointer
60433,constParameterPointer;constVariablePointer;cstyleCast
60459,arrayIndexThenCheck;constVariablePointer
60463,cstyleCast
60475,nullPointer;redundantAssignment
60501,constParameterPointer
60554,arithOperationsOnVoidPointer
60564,cstyleCast;redundantAssignment;unreadVariable;variableScope
60629,constParameterPointer
60667,arithOperationsOnVoidPointer;dangerousTypeCast
60668,constVariablePointer;cstyleCast
60679,cstyleCast
60683,dangerousTypeCast
60688,constVariablePointer;cstyleCast
60734,syntaxError
60735,syntaxError
60744,syntaxError
60745,syntaxError
60750,syntaxError
60752,cstyleCast
60758,syntaxError
60766,syntaxError
60815,redundantCondition
60831,syntaxError
60848,syntaxError
60868,syntaxError
60889,syntaxError
60891,syntaxError
60893,syntaxError
60900,syntaxError
60901,syntaxError
60909,syntaxError
60910,syntaxError
60920,syntaxError
60927,syntaxError
60929,syntaxError
60936,syntaxError
60937,syntaxError
60945,syntaxError
60970,syntaxError
60973,syntaxError
60975,syntaxError
60981,syntaxError
60993,syntaxError
61013,syntaxError
61029,syntaxError
61033,syntaxError
61034,syntaxError
61041,syntaxError
61057,syntaxError
61060,syntaxError
61062,syntaxError
61068,syntaxError
61071,syntaxError
61089,syntaxError
61101,syntaxError
61104,syntaxError
61121,syntaxError
61125,syntaxError
61136,syntaxError
61139,unknownMacro
61163,syntaxError
61202,syntaxError
61211,syntaxError
61212,syntaxError
61237,cstyleCast
61250,variableScope
61259,syntaxError
61302,redundantAssignment
61323,constVariable
61342,constParameterPointer
61343,constVariablePointer
61358,variableScope
61401,unknownMacro
61402,constParameterPointer
61404,constParameterPointer;variableScope
61425,unknownMacro
61477,cstyleCast
61497,unreadVariable
61522,cstyleCast
61530,cstyleCast;dangerousTypeCast;unreadVariable
61531,cstyleCast;unreadVariable;variableScope
61577,constVariablePointer;cstyleCast
61606,variableScope
61624,constParameterPointer
61647,syntaxError
61683,cstyleCast
61720,syntaxError
61750,dangerousTypeCast
61774,constParameterPointer
61782,constParameterPointer
61895,cstyleCast
61923,constParameterPointer
61994,syntaxError
61997,syntaxError
62006,syntaxError
62027,syntaxError
62075,cstyleCast
62086,constParameterPointer;unreadVariable
62107,cstyleCast
62122,syntaxError
62169,memleak
62188,variableScope
62194,constVariable
62212,cstyleCast;variableScope
62226,syntaxError
62244,syntaxError
62245,syntaxError
62267,syntaxError
62272,syntaxError
62273,syntaxError
62274,syntaxError
62282,syntaxError
62289,syntaxError
62292,syntaxError
62294,syntaxError
62321,syntaxError
62327,syntaxError
62332,syntaxError
62356,syntaxError
62361,syntaxError
62369,syntaxError
62371,syntaxError
62377,syntaxError
62378,syntaxError
62383,syntaxError
62396,syntaxError
62400,syntaxError
62419,syntaxError
62428,syntaxError
62430,syntaxError
62434,syntaxError
62438,syntaxError
62446,syntaxError
62449,syntaxError
62455,syntaxError
62480,syntaxError
62491,syntaxError
62514,syntaxError
62519,syntaxError
62522,syntaxError
62549,syntaxError
62553,syntaxError
62562,syntaxError
62566,syntaxError
62584,syntaxError
62597,syntaxError
62623,syntaxError
62643,syntaxError
62649,syntaxError
62656,syntaxError
62671,cstyleCast;variableScope
62679,cstyleCast;unreadVariable
62682,cstyleCast;unreadVariable
62686,cstyleCast;redundantAssignment;shadowVariable;unreadVariable;variableScope
62746,cstyleCast
62752,cstyleCast;unusedLabel
62760,constParameterPointer
62781,cstyleCast
62783,cstyleCast;dangerousTypeCast
62788,unknownMacro
62793,constVariablePointer;cstyleCast;dangerousTypeCast;redundantAssignment;shadowVariable;unreadVariable;variableScope
62895,cstyleCast
62960,variableScope
63026,constVariablePointer
63121,constParameterPointer
63158,variableScope
63180,shiftTooManyBitsSigned;variableScope
63232,variableScope
63297,cstyleCast
63327,syntaxError
63341,syntaxError
63344,syntaxError
63348,syntaxError
63356,syntaxError
63396,constParameterPointer
63459,constParameterPointer
63477,constVariablePointer
63551,syntaxError
63561,syntaxError
63582,syntaxError
63597,syntaxError
63599,syntaxError
63728,syntaxError
63775,cstyleCast
63812,syntaxError
63824,syntaxError
63830,syntaxError
63832,syntaxError
63836,syntaxError
63895,cstyleCast
63905,identicalConditionAfterEarlyExit
63917,constParameterPointer
63941,constParameterPointer
63970,constParameterPointer
64078,constVariablePointer
64089,variableScope
64100,constParameterPointer
64106,constParameterPointer
64138,invalidScanfArgType_int
64145,unreadVariable
64162,syntaxError
64168,syntaxError
64179,unknownMacro
64191,unknownMacro
64198,unknownMacro
64212,unknownMacro
64225,cstyleCast
64237,internalAstError
64240,constParameterPointer
64290,constParameterPointer;constVariablePointer;unreadVariable
64352,cstyleCast
64353,unknownMacro
64378,cstyleCast;redundantInitialization
64380,constVariablePointer;unreadVariable;variableScope
64386,cstyleCast;dangerousTypeCast
64420,syntaxError
64424,syntaxError
64435,syntaxError
64448,syntaxError
64456,syntaxError
64466,constParameterPointer
64551,cstyleCast
64571,constParameterPointer;cstyleCast;variableScope
64572,variableScope
64602,syntaxError
64612,syntaxError
64615,syntaxError
64637,constVariablePointer;cstyleCast
64648,constParameterPointer;constVariablePointer;variableScope
64651,syntaxError
64666,syntaxError
64669,syntaxError
64675,syntaxError
64678,syntaxError
64683,syntaxError
64687,syntaxError
64698,syntaxError
64708,syntaxError
64718,syntaxError
64731,clarifyCalculation
64738,cstyleCast;dangerousTypeCast
64743,cstyleCast
64751,cstyleCast
64826,constParameterPointer;cstyleCast
64834,cstyleCast;variableScope
64843,constParameterPointer
64860,unknownMacro
64893,variableScope
64963,unknownMacro
64964,unknownMacro
64983,unknownMacro
65010,unknownMacro
65039,constVariablePointer
65054,constParameterPointer
65082,cstyleCast
65086,cstyleCast;variableScope
65090,cstyleCast;knownConditionTrueFalse
65095,constVariablePointer;identicalInnerCondition
65105,variableScope
65106,variableScope
65111,variableScope
65130,variableScope
65145,dangerousTypeCast
65156,dangerousTypeCast
65167,dangerousTypeCast
65227,syntaxError
65230,syntaxError
65240,syntaxError
65258,syntaxError
65272,syntaxError
65295,syntaxError
65298,syntaxError
65311,constVariablePointer
65318,syntaxError
65329,syntaxError
65349,constParameterPointer
65353,constParameterPointer
65368,syntaxError
65379,constParameterPointer
65397,constParameterPointer
65400,syntaxError
65418,syntaxError
65429,constParameterPointer
65442,syntaxError
65451,syntaxError
65464,syntaxError
65469,syntaxError
65478,syntaxError
65488,syntaxError
65532,cstyleCast
65534,syntaxError
65546,syntaxError
65570,syntaxError
65572,constParameterPointer
65578,constParameterPointer
65579,syntaxError
65593,syntaxError
65598,syntaxError
65615,unknownMacro
65631,constVariablePointer
65654,syntaxError
65657,syntaxError
65659,syntaxError
65663,syntaxError
65678,syntaxError
65683,syntaxError
65708,syntaxError
65733,syntaxError
65753,syntaxError
65797,syntaxError
65813,syntaxError
65817,syntaxError
65819,syntaxError
65839,syntaxError
65842,cstyleCast;dangerousTypeCast
65856,syntaxError
65858,syntaxError
65864,syntaxError
65880,syntaxError
65892,syntaxError
65893,syntaxError
65949,syntaxError
65955,syntaxError
65959,constVariablePointer;cstyleCast;unreadVariable
65963,syntaxError
65968,constParameterPointer
65999,syntaxError
66018,variableScope
66027,cstyleCast
66035,constParameterPointer;variableScope
66036,cstyleCast
66045,cstyleCast;dangerousTypeCast;variableScope
66061,cstyleCast
66063,constParameterPointer
66064,constParameterPointer
66068,cstyleCast;dangerousTypeCast
66110,variableScope
66114,dangerousTypeCast
66140,constParameterPointer
66217,syntaxError
66218,variableScope
66237,syntaxError
66258,syntaxError
66261,syntaxError
66270,unknownMacro
66274,unknownMacro
66283,unknownMacro
66285,unknownMacro
66293,unknownMacro
66298,unknownMacro
66301,constParameterPointer
66309,cstyleCast
66318,cstyleCast
66410,clarifyCalculation
66432,constParameterPointer
66434,syntaxError
66438,syntaxError
66442,constParameterPointer
66499,variableScope
66545,cstyleCast
66563,cstyleCast
66651,constVariablePointer;dangerousTypeCast
66702,variableScope
66790,unknownMacro
66811,unknownMacro
66817,unknownMacro
66847,syntaxError
66881,unreachableCode
66885,constParameterPointer
66888,constParameterPointer
66893,cstyleCast
66929,cstyleCast;variableScope
67000,cstyleCast
67021,dangerousTypeCast
67042,constParameterPointer
67063,cstyleCast
67112,syntaxError
67124,syntaxError
67131,syntaxError
67192,syntaxError
67221,syntaxError
67225,syntaxError
67239,syntaxError
67294,constParameterPointer
67456,syntaxError
67472,cstyleCast
67476,dangerousTypeCast
67477,constParameterPointer;cstyleCast
67491,variableScope
67530,constVariablePointer;cstyleCast
67532,constParameterPointer
67538,constVariablePointer
67549,constParameterPointer;variableScope
67566,unknownMacro
67605,cstyleCast
67630,cstyleCast
67648,constVariablePointer
67707,syntaxError
67765,constParameterPointer
67770,cstyleCast
67771,cstyleCast
67811,cstyleCast
67838,syntaxError
67839,syntaxError
67856,syntaxError
67872,syntaxError
67876,syntaxError
67883,cstyleCast
67909,variableScope
67910,cstyleCast
67973,constVariablePointer
67983,syntaxError
67987,syntaxError
68007,constParameterPointer;constVariablePointer;cstyleCast;unreadVariable
68008,variableScope
68017,cstyleCast;dangerousTypeCast;unreadVariable;variableScope
68023,unreadVariable;variableScope
68049,dangerousTypeCast
68080,constParameterPointer
68094,memleakOnRealloc
68097,constVariablePointer;cstyleCast
68104,constParameterPointer
68145,dangerousTypeCast
68171,dangerousTypeCast
68183,syntaxError
68221,constVariablePointer
68240,syntaxError
68290,constVariablePointer
68293,constVariablePointer
68313,unknownMacro
68328,constParameterPointer
68332,syntaxError
68340,unknownMacro
68342,constVariablePointer
68371,syntaxError
68436,arithOperationsOnVoidPointer;constVariablePointer
68437,constVariablePointer;dangerousTypeCast
68461,constParameterPointer
68467,syntaxError
68496,syntaxError
68519,syntaxError
68533,syntaxError
68536,unknownMacro
68557,unknownMacro
68561,syntaxError
68567,syntaxError
68589,constVariablePointer
68621,syntaxError
68640,syntaxError
68660,syntaxError
68675,syntaxError
68681,syntaxError
68687,syntaxError
68688,syntaxError
68690,syntaxError
68737,unknownMacro
68769,variableScope
68849,variableScope
68857,constParameterPointer
68875,constVariablePointer
68877,constParameterPointer;cstyleCast;variableScope
68946,syntaxError
69040,unreadVariable
69043,cstyleCast;variableScope
69050,cstyleCast;dangerousTypeCast;unreadVariable;variableScope
69087,cstyleCast
69158,constVariablePointer
69183,constParameterPointer
69185,constParameterPointer;constVariablePointer;variableScope
69196,constVariablePointer
69202,missingReturn
69228,syntaxError
69246,syntaxError
69248,syntaxError
69288,arrayIndexThenCheck;cstyleCast
69361,constVariablePointer
69392,syntaxError
69419,syntaxError
69420,syntaxError
69424,dangerousTypeCast
69426,syntaxError
69437,dangerousTypeCast
69451,syntaxError
69463,constParameterPointer
69469,constParameterPointer
69509,unsignedLessThanZero
69532,constParameterPointer;unsignedLessThanZero
69545,unreadVariable
69584,syntaxError
69619,syntaxError
69627,syntaxError
69640,syntaxError
69645,syntaxError
69649,syntaxError
69650,syntaxError
69656,syntaxError
69661,syntaxError
69686,syntaxError
69697,syntaxError
69736,syntaxError
69768,syntaxError
69770,syntaxError
69787,syntaxError
69806,syntaxError
69815,syntaxError
69817,syntaxError
69833,syntaxError
69836,syntaxError
69841,syntaxError
69853,syntaxError
69859,syntaxError
69875,syntaxError
69892,syntaxError
69894,syntaxError
69903,syntaxError
69923,variableScope
70014,cstyleCast
70036,duplicateExpression
70096,cstyleCast;unreadVariable
70101,constVariablePointer
70129,syntaxError
70143,syntaxError
70145,syntaxError
70148,syntaxError
70178,cstyleCast
70226,syntaxError
70234,syntaxError
70254,syntaxError
70255,syntaxError
70306,syntaxError
70316,syntaxError
70323,syntaxError
70336,syntaxError
70389,variableScope
70402,variableScope
70429,constParameterPointer;unreadVariable
70497,cstyleCast
70504,constVariablePointer;cstyleCast;unreadVariable
70509,constParameterPointer;cstyleCast
70527,constVariable;unreadVariable;variableScope
70546,unreadVariable;variableScope
70552,cstyleCast
70558,cstyleCast;dangerousTypeCast
70559,constVariablePointer
70580,syntaxError
70584,syntaxError
70594,syntaxError
70612,syntaxError
70621,syntaxError
70622,syntaxError
70626,syntaxError
70655,syntaxError
70681,syntaxError
70734,syntaxError
70737,syntaxError
70766,syntaxError
70856,variableScope
70893,constParameterPointer;variableScope
70896,constParameterPointer;constVariablePointer
70913,syntaxError
70921,unknownMacro
70926,variableScope
70936,unreachableCode
70938,constVariablePointer;cstyleCast
70945,cstyleCast
70955,cstyleCast
70981,cstyleCast;unreachableCode
70999,cstyleCast;unreachableCode
71000,cstyleCast;unreachableCode
71013,cstyleCast;unreachableCode
71038,cstyleCast
71040,cstyleCast;unreachableCode
71081,cstyleCast
71092,cstyleCast
71093,cstyleCast
71155,cstyleCast
71157,cstyleCast
71189,constParameterPointer
71200,cstyleCast
71256,cstyleCast;redundantAssignment
71263,constParameterPointer
71312,constParameterPointer
71323,dangerousTypeCast
71338,cstyleCast;unreadVariable;variableScope
71363,dangerousTypeCast
71368,dangerousTypeCast
71372,cstyleCast
71378,constParameterPointer;variableScope
71388,cstyleCast
71392,cstyleCast;dangerousTypeCast;nullPointerRedundantCheck
71402,unknownMacro
71427,cstyleCast
71435,cstyleCast
71518,cstyleCast
71527,cstyleCast;variableScope
71533,cstyleCast
71572,cstyleCast;variableScope
71578,cstyleCast
71581,cstyleCast;unreadVariable;variableScope
71613,cstyleCast
71646,duplicateExpression;variableScope
71652,cstyleCast;unreadVariable
71659,cstyleCast;unreadVariable
71668,cstyleCast
71698,cstyleCast;unreadVariable
71720,cstyleCast;dangerousTypeCast
71733,cstyleCast
71735,cstyleCast
71740,cstyleCast;dangerousTypeCast;variableScope
71741,cstyleCast;dangerousTypeCast
71744,cstyleCast;variableScope
71758,cstyleCast
71769,cstyleCast
71774,variableScope
71797,cstyleCast;knownConditionTrueFalse
71798,cstyleCast
71803,cstyleCast
71808,unreadVariable
71816,cstyleCast
71817,unreadVariable
71852,redundantAssignment;unreadVariable
71885,variableScope
71886,variableScope
71903,cstyleCast
71914,cstyleCast;unknownMacro
71928,cstyleCast
71940,cstyleCast
71965,cstyleCast;dangerousTypeCast
71990,cstyleCast
72016,cstyleCast;unreadVariable;variableScope
72049,cstyleCast
72088,syntaxError
72095,syntaxError
72100,syntaxError
72116,syntaxError
72117,syntaxError
72146,syntaxError
72148,syntaxError
72175,syntaxError
72182,syntaxError
72189,syntaxError
72191,syntaxError
72193,syntaxError
72220,syntaxError
72227,syntaxError
72284,syntaxError
72294,syntaxError
72311,syntaxError
72321,syntaxError
72325,syntaxError
72335,syntaxError
72339,syntaxError
72340,syntaxError
72341,syntaxError
72343,syntaxError
72347,syntaxError
72356,syntaxError
72357,syntaxError
72371,unknownMacro
72386,unknownMacro
72419,unknownMacro
72437,unknownMacro
72455,cstyleCast;unreadVariable;variableScope
72469,cstyleCast
72502,cstyleCast
72532,syntaxError
72555,syntaxError
72596,syntaxError
72597,variableScope
72619,syntaxError
72660,cstyleCast;unreadVariable;variableScope
72665,cstyleCast
72736,constVariablePointer
72766,constVariablePointer;variableScope
72793,variableScope
72818,constParameterPointer
72841,constParameterPointer;unreadVariable;uselessAssignmentPtrArg
72890,constParameterPointer
72979,syntaxError
72980,syntaxError
72981,syntaxError
73001,variableScope
73009,variableScope
73027,cstyleCast
73029,unknownMacro
73034,unknownMacro
73045,unknownMacro
73052,unknownMacro
73060,unknownMacro
73067,unknownMacro
73083,unknownMacro
73099,unknownMacro
73107,unreadVariable
73110,shadowVariable;unreadVariable
73113,cstyleCast
73137,constParameterPointer
73144,syntaxError
73147,syntaxError
73154,syntaxError
73161,syntaxError
73167,syntaxError
73219,constVariablePointer
73223,constVariablePointer
73243,unknownMacro
73268,arithOperationsOnVoidPointer;constVariablePointer;cstyleCast
73271,constVariablePointer
73343,dangerousTypeCast
73365,constParameterPointer
73371,syntaxError
73383,constParameterPointer
73384,constParameterPointer
73392,cstyleCast
73393,cstyleCast;knownConditionTrueFalse;variableScope
73403,cstyleCast
73405,syntaxError
73414,syntaxError
73420,syntaxError
73421,syntaxError
73470,cstyleCast
73471,cstyleCast
73472,cstyleCast
73478,cstyleCast
73484,constParameterPointer;cstyleCast
73489,cstyleCast
73508,cstyleCast
73526,cstyleCast;variableScope
73532,cstyleCast;variableScope
73537,cstyleCast;shadowVariable;unreadVariable
73545,constVariable;cstyleCast;shadowVariable;variableScope
73550,cstyleCast
73572,cstyleCast
73576,cstyleCast;variableScope
73594,clarifyCalculation;unreadVariable;variableScope
73598,cstyleCast;unreadVariable;variableScope
73613,cstyleCast
73616,cstyleCast
73621,cstyleCast
73635,constParameterPointer;cstyleCast
73637,cstyleCast
73648,cstyleCast
73659,cstyleCast
73664,cstyleCast
73698,constVariablePointer;cstyleCast
73708,cstyleCast;variableScope
73719,unknownMacro
73731,variableScope
73732,redundantInitialization;unreadVariable
73741,cstyleCast
73751,syntaxError
73752,syntaxError
73779,cstyleCast;nullPointerOutOfMemory
73783,constParameter
73792,constVariablePointer;cstyleCast;redundantAssignment;shadowVariable;variableScope
73814,cstyleCast;variableScope
73830,knownConditionTrueFalse;unassignedVariable
73844,constVariablePointer
73861,constVariablePointer;dangerousTypeCast
73890,variableScope
73950,syntaxError
73952,syntaxError
73962,syntaxError
73983,syntaxError
73988,syntaxError
74050,cstyleCast;redundantAssignment;shadowVariable;unreadVariable;variableScope
74060,syntaxError
74063,syntaxError
74064,syntaxError
74117,cstyleCast;variableScope
74131,syntaxError
74135,syntaxError
74156,syntaxError
74159,syntaxError
74162,syntaxError
74187,syntaxError
74192,syntaxError
74198,syntaxError
74206,syntaxError
74219,syntaxError
74230,syntaxError
74233,syntaxError
74297,arithOperationsOnVoidPointer
74317,cstyleCast;variableScope
74327,syntaxError
74345,invalidPrintfArgType_uint
74354,syntaxError
74358,syntaxError
74423,constParameterPointer
74443,syntaxError
74460,variableScope
74572,constVariablePointer
74581,constParameterPointer
74756,syntaxError
74785,syntaxError
74790,variableScope
74802,constVariablePointer
74833,knownConditionTrueFalse;variableScope
74862,constParameterPointer;constVariablePointer
74867,variableScope
74888,variableScope
74906,syntaxError
74908,syntaxError
74948,syntaxError
74960,cstyleCast;variableScope
74963,cstyleCast
74964,nullPointerRedundantCheck
74994,syntaxError
75006,syntaxError
75053,syntaxError
75064,syntaxError
75078,syntaxError
75122,syntaxError
75139,syntaxError
75164,cstyleCast
75192,constVariablePointer
75264,shadowVariable
75282,cstyleCast
75319,variableScope
75342,syntaxError
75345,constParameterPointer;constVariablePointer
75347,unknownMacro
75368,cstyleCast
75389,constVariablePointer;variableScope
75395,badBitmaskCheck
75428,badBitmaskCheck;constParameterPointer
75432,shiftNegativeLHS;unreadVariable;variableScope
75480,syntaxError
75481,syntaxError
75482,syntaxError
75539,constVariablePointer
75619,constVariablePointer;cstyleCast;variableScope
75629,constVariablePointer;cstyleCast
75630,constVariablePointer;cstyleCast
75631,constVariablePointer;cstyleCast;variableScope
75633,constParameterPointer;cstyleCast
75655,cstyleCast;dangerousTypeCast;nullPointerArithmeticOutOfMemory;nullPointerOutOfMemory;variableScope
75659,constVariablePointer;cstyleCast
75663,syntaxError
75665,syntaxError
75679,syntaxError
75716,syntaxError
75717,syntaxError
75788,constVariablePointer
75827,syntaxError
75828,syntaxError
75831,syntaxError
75842,syntaxError
75843,syntaxError
75858,syntaxError
75875,syntaxError
75893,syntaxError
75902,syntaxError
75908,syntaxError
75915,syntaxError
75919,syntaxError
75928,syntaxError
75929,syntaxError
75943,syntaxError
75950,syntaxError
75952,syntaxError
75958,syntaxError
75959,syntaxError
75970,syntaxError
75971,syntaxError
75976,syntaxError
75979,syntaxError
75981,syntaxError
75984,syntaxError
75985,syntaxError
75992,syntaxError
76017,syntaxError
76019,syntaxError
76026,syntaxError
76035,syntaxError
76063,syntaxError
76117,syntaxError
76122,syntaxError
76147,syntaxError
76185,syntaxError
76217,dangerousTypeCast
76290,constVariablePointer
76300,cstyleCast
76314,syntaxError
76322,syntaxError
76324,syntaxError
76325,syntaxError
76328,cstyleCast
76371,constParameterPointer
76399,constVariablePointer
76543,syntaxError
76549,syntaxError
76603,constVariablePointer
76623,constVariablePointer
76698,cstyleCast
76731,syntaxError
76751,syntaxError
76756,syntaxError
76773,syntaxError
76779,syntaxError
76797,syntaxError
76800,syntaxError
76803,syntaxError
76829,syntaxError
76837,syntaxError
76866,syntaxError
76878,syntaxError
76880,syntaxError
76883,syntaxError
76890,syntaxError
76905,syntaxError
76908,syntaxError
76920,syntaxError
76939,syntaxError
76947,syntaxError
76960,syntaxError
76965,syntaxError
76981,syntaxError
76998,syntaxError
77001,syntaxError
77007,syntaxError
77011,syntaxError
77024,syntaxError
77025,syntaxError
77027,syntaxError
77032,syntaxError
77038,syntaxError
77039,syntaxError
77051,syntaxError
77072,syntaxError
77074,syntaxError
77090,syntaxError
77094,syntaxError
77098,syntaxError
77229,syntaxError
77235,syntaxError
77243,syntaxError
77265,syntaxError
77278,syntaxError
77284,syntaxError
77299,syntaxError
77300,syntaxError
77302,syntaxError
77303,syntaxError
77338,syntaxError
77349,syntaxError
77356,syntaxError
77357,syntaxError
77358,syntaxError
77361,syntaxError
77373,syntaxError
77375,syntaxError
77376,syntaxError
77378,syntaxError
77380,syntaxError
77399,syntaxError
77401,syntaxError
77430,syntaxError
77440,syntaxError
77448,syntaxError
77457,syntaxError
77463,syntaxError
77466,syntaxError
77505,syntaxError
77515,syntaxError
77519,syntaxError
77524,syntaxError
77531,syntaxError
77534,syntaxError
77558,syntaxError
77585,syntaxError
77612,syntaxError
77615,syntaxError
77628,syntaxError
77650,syntaxError
77657,syntaxError
77671,syntaxError
77695,syntaxError
77707,syntaxError
77709,syntaxError
77711,syntaxError
77713,syntaxError
77723,syntaxError
77730,syntaxError
77732,syntaxError
77735,syntaxError
77753,constParameterPointer
77794,constParameterPointer;cstyleCast
77798,cstyleCast
77827,syntaxError
77833,syntaxError
77845,syntaxError
77852,syntaxError
77874,syntaxError
77878,syntaxError
77879,syntaxError
77880,syntaxError
77881,syntaxError
77897,syntaxError
77902,syntaxError
77906,syntaxError
77919,syntaxError
77928,syntaxError
77938,syntaxError
77939,syntaxError
77955,cstyleCast
77964,cstyleCast
77967,variableScope
77970,variableScope
77974,variableScope
77993,unknownMacro
78028,constVariablePointer
78065,cstyleCast
78068,cstyleCast
78126,syntaxError
78134,unknownMacro
78186,syntaxError
78196,unknownMacro
78197,syntaxError
78209,syntaxError
78215,syntaxError
78222,syntaxError
78225,cstyleCast
78265,unknownMacro
78272,syntaxError
78309,syntaxError
78325,syntaxError
78371,syntaxError
78375,syntaxError
78376,syntaxError
78378,syntaxError
78392,syntaxError
78438,unknownMacro
78442,syntaxError
78454,syntaxError
78466,syntaxError
78476,syntaxError
78487,syntaxError
78531,syntaxError
78557,unknownMacro
78570,unknownMacro
78573,unknownMacro
78585,syntaxError
78592,syntaxError
78604,syntaxError
78615,unknownMacro
78625,syntaxError
78629,duplicateBranch;variableScope
78641,unknownMacro
78647,syntaxError
78650,syntaxError
78665,unknownMacro
78686,cstyleCast
78733,invalidPrintfArgType_sint;variableScope
78766,autoVariables
78798,syntaxError
78809,constParameterPointer
78811,constParameterPointer
78816,dangerousTypeCast
78888,variableScope
78900,syntaxError
78918,syntaxError
78922,syntaxError
78923,syntaxError
78924,syntaxError
78936,syntaxError
78946,syntaxError
78956,syntaxError
78962,syntaxError
78964,syntaxError
78998,syntaxError
79007,syntaxError
79029,syntaxError
79099,syntaxError
79108,syntaxError
79110,syntaxError
79118,syntaxError
79156,cstyleCast
79167,syntaxError
79174,constParameterPointer
79196,cstyleCast
79212,cstyleCast;dangerousTypeCast
79258,cstyleCast
79260,cstyleCast
79267,cstyleCast
79349,cstyleCast
79358,constVariablePointer;variableScope
79362,constVariablePointer
79397,variableScope
79461,constParameterPointer
79478,cstyleCast
79479,cstyleCast
79492,constParameterPointer
79517,cstyleCast
79540,constParameterPointer
79617,constParameterPointer
79622,constParameterPointer
79625,constVariablePointer;cstyleCast
79657,unknownMacro
79696,cstyleCast
79712,unknownMacro
79736,syntaxError
79737,syntaxError
79742,syntaxError
79750,syntaxError
79753,syntaxError
79800,constParameterPointer;unreadVariable;variableScope
79803,cstyleCast;variableScope
79865,variableScope
79880,variableScope
79910,syntaxError
79915,syntaxError
79952,syntaxError
79965,syntaxError
79974,syntaxError
80064,dangerousTypeCast
80080,cstyleCast;dangerousTypeCast
80095,cstyleCast;dangerousTypeCast;variableScope
80100,cstyleCast;dangerousTypeCast
80101,cstyleCast;dangerousTypeCast
80123,cstyleCast;dangerousTypeCast
80145,cstyleCast
80152,dangerousTypeCast
80164,dangerousTypeCast
80173,dangerousTypeCast
80182,dangerousTypeCast
80185,cstyleCast;dangerousTypeCast
80203,dangerousTypeCast
80275,cstyleCast;dangerousTypeCast
80278,dangerousTypeCast
80284,dangerousTypeCast
80295,dangerousTypeCast
80299,dangerousTypeCast
80304,dangerousTypeCast
80329,dangerousTypeCast
80335,dangerousTypeCast
80360,dangerousTypeCast
80366,dangerousTypeCast
80374,dangerousTypeCast
80403,dangerousTypeCast
80412,dangerousTypeCast
80438,cstyleCast;dangerousTypeCast
80452,dangerousTypeCast
80453,dangerousTypeCast
80510,cstyleCast;dangerousTypeCast
80512,dangerousTypeCast
80539,dangerousTypeCast
80573,dangerousTypeCast
80585,dangerousTypeCast
80601,dangerousTypeCast
80615,cstyleCast;dangerousTypeCast;variableScope
80616,dangerousTypeCast
80647,cstyleCast;dangerousTypeCast
80648,dangerousTypeCast
80656,cstyleCast;dangerousTypeCast
80680,unknownMacro
80691,constVariablePointer;dangerousTypeCast
80698,unknownMacro
80701,constVariablePointer;dangerousTypeCast
80702,dangerousTypeCast
80723,unknownMacro
80762,constVariablePointer;dangerousTypeCast
80789,dangerousTypeCast
80802,unknownMacro
80806,unknownMacro
80815,constVariablePointer;dangerousTypeCast
80817,constVariablePointer;dangerousTypeCast
80823,constVariablePointer;dangerousTypeCast
80829,constVariablePointer;dangerousTypeCast
80858,constVariablePointer;dangerousTypeCast
80861,dangerousTypeCast
80862,constVariablePointer;cstyleCast;dangerousTypeCast;variableScope
80863,dangerousTypeCast
80868,unknownMacro
80870,unknownMacro
80882,dangerousTypeCast
80883,constVariablePointer;dangerousTypeCast
80886,unknownMacro
80901,constVariablePointer;dangerousTypeCast
81004,cstyleCast;dangerousTypeCast
81025,cstyleCast;variableScope
81028,cstyleCast
81058,syntaxError
81265,constVariablePointer
81272,constParameterPointer
81314,syntaxError
81318,syntaxError
81349,constParameterPointer;variableScope
81353,constParameterPointer
81356,syntaxError
81385,constVariablePointer
81409,constParameterPointer
81417,syntaxError
81493,syntaxError
81585,constParameterPointer
81633,syntaxError
81643,syntaxError
81644,syntaxError
81671,syntaxError
81674,syntaxError
81684,syntaxError
81723,variableScope
81778,constVariablePointer
81788,constParameterPointer
81792,cstyleCast
81798,cstyleCast;redundantAssignment
81826,cstyleCast
81831,duplicateCondition
81847,cstyleCast
81864,cstyleCast
81893,knownConditionTrueFalse
81956,constVariable;variableScope
81957,variableScope
81960,cstyleCast
82013,cstyleCast
82016,cstyleCast;nullPointer
82038,syntaxError
82043,syntaxError
82056,syntaxError
82069,syntaxError
82082,syntaxError
82087,syntaxError
82088,syntaxError
82090,syntaxError
82095,syntaxError
82131,syntaxError
82132,syntaxError
82143,syntaxError
82178,syntaxError
82179,syntaxError
82183,syntaxError
82203,syntaxError
82205,syntaxError
82207,syntaxError
82235,dangerousTypeCast
82236,dangerousTypeCast
82240,variableScope
82270,cstyleCast
82277,syntaxError
82318,syntaxError
82342,syntaxError
82344,syntaxError
82417,dangerousTypeCast
82650,syntaxError
82668,constParameterPointer
82677,constParameterPointer
82758,unknownMacro
82773,constParameterPointer
82786,constParameterPointer
82805,constVariablePointer;nullPointer
82823,unknownMacro
82831,unknownMacro
82872,asctimeCalled;constVariablePointer;cstyleCast;unusedStructMember
82886,constStatement;cstyleCast
82887,unknownMacro
82941,variableScope
82949,unknownMacro
82951,unknownMacro
83121,syntaxError
83129,syntaxError
83135,syntaxError
83143,syntaxError
83144,syntaxError
83173,syntaxError
83183,syntaxError
83191,syntaxError
83192,syntaxError
83197,syntaxError
83209,cstyleCast
83361,cstyleCast
83373,unassignedVariable;uninitvar;unreachableCode;unreadVariable
83376,constParameterPointer
83384,syntaxError
83392,syntaxError
83397,syntaxError
83412,syntaxError
83414,syntaxError
83420,syntaxError
83434,syntaxError
83436,syntaxError
83462,syntaxError
83464,syntaxError
83465,syntaxError
83468,syntaxError
83496,syntaxError
83501,cstyleCast
83521,unknownMacro
83558,cstyleCast
83602,constParameterPointer
83630,cstyleCast;dangerousTypeCast
83695,variableScope
83740,unknownMacro
83780,cstyleCast;variableScope
83782,constVariablePointer;cstyleCast
83830,syntaxError
83840,constParameterPointer
83884,syntaxError
83889,syntaxError
83902,syntaxError
83916,syntaxError
83920,syntaxError
83923,leakReturnValNotUsed
83974,variableScope
83992,dangerousTypeCast
83994,dangerousTypeCast
84017,cstyleCast
84025,constVariablePointer;cstyleCast
84036,dangerousTypeCast
84044,dangerousTypeCast
84046,cstyleCast
84051,cstyleCast
84064,cstyleCast
84146,cstyleCast
84152,syntaxError
84171,syntaxError
84198,syntaxError
84204,syntaxError
84221,syntaxError
84238,syntaxError
84266,syntaxError
84319,unreadVariable
84322,constParameterPointer
84378,syntaxError
84385,syntaxError
84389,syntaxError
84390,syntaxError
84401,syntaxError
84403,syntaxError
84426,syntaxError
84457,syntaxError
84460,syntaxError
84461,syntaxError
84471,syntaxError
84478,syntaxError
84490,syntaxError
84494,syntaxError
84496,syntaxError
84517,syntaxError
84518,syntaxError
84522,syntaxError
84524,syntaxError
84528,syntaxError
84541,syntaxError
84544,syntaxError
84579,syntaxError
84580,syntaxError
84589,syntaxError
84600,syntaxError
84613,syntaxError
84627,syntaxError
84646,syntaxError
84649,syntaxError
84650,syntaxError
84675,syntaxError
84678,syntaxError
84696,constParameterPointer
84700,variableScope
84724,syntaxError
84725,syntaxError
84734,syntaxError
84808,constParameterPointer
84848,cstyleCast
84865,syntaxError
84881,dangerousTypeCast
84891,syntaxError
84895,syntaxError
84906,syntaxError
84915,syntaxError
84920,syntaxError
84940,syntaxError
84944,syntaxError
84946,syntaxError
84960,dangerousTypeCast
84963,syntaxError
84993,syntaxError
84996,unknownMacro
85001,redundantAssignment
85006,unknownMacro
85047,constParameterPointer;constVariablePointer
85088,syntaxError
85153,constParameterPointer
85214,syntaxError
85247,constVariablePointer
85310,syntaxError
85312,syntaxError
85319,syntaxError
85321,syntaxError
85429,constVariablePointer;cstyleCast
85487,constParameterPointer
85522,variableScope
85527,cstyleCast
85541,cstyleCast
85547,cstyleCast
85551,cstyleCast
85552,constParameterPointer;cstyleCast
85612,cstyleCast
85626,constParameterPointer
85640,cstyleCast
85686,variableScope
85690,variableScope
85712,constParameterPointer;constVariablePointer
85739,cstyleCast
85762,cstyleCast
85781,unknownMacro
85806,variableScope
85862,variableScope
85946,constParameterPointer
86055,constParameterPointer
86232,constParameterPointer
86254,cstyleCast
86268,unknownMacro
86294,unknownMacro
86317,variableScope
86326,constVariablePointer;variableScope
86341,constParameterPointer
86375,constParameterPointer
86381,constVariablePointer
86460,constParameterPointer
86495,syntaxError
86502,syntaxError
86522,dangerousTypeCast
86526,unassignedVariable;uninitvar
86543,variableScope
86594,syntaxError
86620,constParameterPointer
86621,constParameterPointer
86627,constParameterPointer
86710,variableScope
86760,syntaxError
86780,unknownMacro
86790,syntaxError
86791,syntaxError
86813,syntaxError
86822,cstyleCast
86830,cstyleCast
86883,cstyleCast
86884,cstyleCast
86898,dangerousTypeCast
86902,cstyleCast
86941,constParameter
86952,unknownMacro
86984,nullPointer
87060,nullPointerRedundantCheck
87063,unknownMacro
87064,cstyleCast
87076,unknownMacro
87082,unknownMacro
87086,unknownMacro
87091,unknownMacro
87095,unknownMacro
87097,unknownMacro
87104,unknownMacro
87106,unknownMacro
87111,unknownMacro
87131,unknownMacro
87146,unknownMacro
87188,redundantAssignment
87236,syntaxError
87241,syntaxError
87242,syntaxError
87250,syntaxError
87258,cstyleCast
87288,variableScope
87345,unknownMacro
87346,syntaxError
87366,syntaxError
87376,syntaxError
87399,knownConditionTrueFalse
87429,cstyleCast;variableScope
87477,unsignedLessThanZero;variableScope
87482,cstyleCast
87634,constParameterPointer
87635,multiCondition
87659,constParameterPointer
87680,cstyleCast
87803,cstyleCast;variableScope
87816,syntaxError
87844,syntaxError
87853,syntaxError
87856,syntaxError
87857,syntaxError
87860,syntaxError
87879,syntaxError
87894,constParameterPointer
87900,cstyleCast
87970,constParameterPointer
87974,constParameterPointer;constVariablePointer
88062,dangerousTypeCast
88083,syntaxError
88086,syntaxError
88115,syntaxError
88135,syntaxError
88140,syntaxError
88143,cstyleCast;dangerousTypeCast
88145,dangerousTypeCast
88187,syntaxError
88193,syntaxError
88195,syntaxError
88197,syntaxError
88226,syntaxError
88237,syntaxError
88239,syntaxError
88241,syntaxError
88257,syntaxError
88261,syntaxError
88265,syntaxError
88296,syntaxError
88302,syntaxError
88334,syntaxError
88349,syntaxError
88362,constParameterPointer
88391,knownConditionTrueFalse
88396,constParameterPointer;shadowFunction;unreadVariable
88422,syntaxError
88425,syntaxError
88434,constParameterPointer;unreadVariable;variableScope
88459,constVariablePointer;cstyleCast
88461,cstyleCast
88477,unreadVariable;variableScope
88505,cstyleCast
88508,redundantAssignment
88551,cstyleCast
88559,cstyleCast
88587,constVariablePointer;redundantCondition
88590,redundantAssignment
88612,syntaxError
88669,constParameterPointer
88710,constParameterPointer
88720,knownConditionTrueFalse
88776,arithOperationsOnVoidPointer;cstyleCast;shadowVariable
88778,arithOperationsOnVoidPointer;cstyleCast
88789,constParameterPointer;terminateStrncpy
88805,constVariablePointer;dangerousTypeCast
88826,constParameterPointer
88832,cstyleCast;unreadVariable
88860,unreadVariable
88876,variableScope
88883,cstyleCast;unreadVariable
88929,cstyleCast
88954,unreadVariable
88966,redundantAssignment;unreadVariable
88974,cstyleCast;knownConditionTrueFalse;nullPointer
88991,constVariablePointer
89027,cstyleCast;unreadVariable
89038,cstyleCast;redundantAssignment;unreadVariable
89054,duplicateBranch
89091,constVariablePointer;dangerousTypeCast
89106,syntaxError
89108,syntaxError
89119,syntaxError
89138,syntaxError
89139,syntaxError
89172,syntaxError
89183,syntaxError
89187,syntaxError
89210,syntaxError
89215,syntaxError
89222,syntaxError
89238,syntaxError
89242,syntaxError
89251,syntaxError
89256,cstyleCast
89267,cstyleCast
89276,cstyleCast;dangerousTypeCast;redundantAssignment;unreadVariable;variableScope
89285,cstyleCast
89319,cstyleCast
89352,constVariablePointer
89375,nullPointerOutOfMemory
89389,constVariablePointer
89398,arithOperationsOnVoidPointer;constVariablePointer
89440,cstyleCast
89481,syntaxError
89494,syntaxError
89506,syntaxError
89511,syntaxError
89524,syntaxError
89537,syntaxError
89548,cstyleCast
89552,cstyleCast
89566,syntaxError
89570,syntaxError
89602,syntaxError
89626,syntaxError
89630,syntaxError
89672,constParameterPointer
89705,cstyleCast
89774,syntaxError
89780,syntaxError
89785,syntaxError
89787,syntaxError
89789,syntaxError
89795,cstyleCast
89798,uselessAssignmentPtrArg
89807,dangerousTypeCast
89823,cstyleCast
89829,arithOperationsOnVoidPointer;cstyleCast;unreadVariable;uselessAssignmentPtrArg
89841,syntaxError
89845,syntaxError
89847,syntaxError
89857,syntaxError
89870,syntaxError
89882,syntaxError
89883,syntaxError
89893,constVariablePointer
89902,syntaxError
89916,syntaxError
89941,syntaxError
89949,syntaxError
89964,syntaxError
90042,clarifyCondition;cstyleCast
90044,clarifyCondition;cstyleCast
90054,bitwiseOnBoolean
90099,cstyleCast
90201,constVariablePointer
90212,constParameterPointer
90300,syntaxError
90310,syntaxError
90333,syntaxError
90352,syntaxError
90373,syntaxError
90374,syntaxError
90375,syntaxError
90400,cstyleCast;variableScope
90427,variableScope
90493,variableScope
90507,variableScope
90554,syntaxError
90590,cstyleCast
90601,cstyleCast
90623,cstyleCast;unreadVariable
90637,syntaxError
90638,syntaxError
90643,syntaxError
90698,constParameterPointer
90777,variableScope
90778,constParameterPointer;constVariablePointer;cstyleCast;variableScope
90854,syntaxError
90895,cstyleCast;unreadVariable
90928,cstyleCast
90962,knownConditionTrueFalse
90989,knownConditionTrueFalse;unreadVariable;variableScope
91051,variableScope
91061,shadowVariable;unusedVariable
91122,variableScope
91124,constParameterPointer
91160,variableScope
91172,variableScope
91173,knownConditionTrueFalse;variableScope
91203,knownConditionTrueFalse
91214,syntaxError
91218,syntaxError
91244,dangerousTypeCast
91252,constVariablePointer;dangerousTypeCast
91254,cstyleCast
91278,unknownMacro
91321,dangerousTypeCast;variableScope
91328,syntaxError
91341,cstyleCast
91348,cstyleCast;variableScope
91360,constParameterPointer
91361,variableScope
91371,cstyleCast;dangerousTypeCast;unreadVariable;variableScope
91606,constParameterPointer;cstyleCast
91633,syntaxError
91638,cstyleCast
91672,cstyleCast
91676,constParameterPointer
91707,variableScope
91713,syntaxError
91724,unknownMacro
91748,constParameterPointer;constVariablePointer;cstyleCast;variableScope
91792,dangerousTypeCast
91798,dangerousTypeCast
91826,cstyleCast
91832,constParameterPointer;cstyleCast;variableScope
91838,unreadVariable
91862,dangerousTypeCast
91911,cstyleCast
91916,syntaxError
91931,constParameterPointer
91987,syntaxError
92164,constParameterPointer;redundantAssignment
92214,cstyleCast
92247,syntaxError
92251,syntaxError
92259,syntaxError
92261,syntaxError
92264,syntaxError
92273,syntaxError
92302,syntaxError
92304,syntaxError
92316,syntaxError
92318,syntaxError
92319,syntaxError
92333,syntaxError
92335,syntaxError
92338,syntaxError
92342,syntaxError
92343,syntaxError
92370,syntaxError
92372,syntaxError
92422,cstyleCast
92430,redundantInitialization
92433,variableScope
92455,constParameterPointer
92514,legacyUninitvar
92521,syntaxError
92523,syntaxError
92524,syntaxError
92543,syntaxError
92549,constParameterPointer
92570,constParameterPointer
92575,syntaxError
92600,constParameterPointer
92602,constParameterPointer
92605,shadowFunction
92607,constParameterPointer
92618,constParameterPointer
92680,syntaxError
92713,variableScope
92750,syntaxError
92778,syntaxError
92780,syntaxError
92810,constVariablePointer
92827,constParameterPointer;variableScope
92835,constParameterPointer;cstyleCast;dangerousTypeCast;redundantAssignment
92838,constVariablePointer;cstyleCast;shadowVariable
92851,cstyleCast
92861,cstyleCast;dangerousTypeCast
92867,cstyleCast;dangerousTypeCast
92894,cstyleCast;nullPointerOutOfMemory
92898,syntaxError
92903,syntaxError
92908,syntaxError
92911,syntaxError
92913,syntaxError
92915,unknownMacro
92922,syntaxError
92924,syntaxError
92927,syntaxError
92929,syntaxError
92930,syntaxError
92941,unknownMacro
92946,syntaxError
92960,syntaxError
92961,syntaxError
92964,syntaxError
92981,syntaxError
93047,syntaxError
93072,syntaxError
93074,syntaxError
93079,syntaxError
93101,syntaxError
93115,syntaxError
93124,constParameterPointer
93146,syntaxError
93147,syntaxError
93191,syntaxError
93198,syntaxError
93206,syntaxError
93212,unknownMacro
93218,unknownMacro
93219,syntaxError
93230,syntaxError
93244,syntaxError
93249,syntaxError
93251,syntaxError
93253,syntaxError
93254,cstyleCast
93271,constParameterPointer
93340,shadowVariable;variableScope
93414,constParameterPointer
93489,redundantContinue
93504,cstyleCast
93507,syntaxError
93519,cstyleCast
93523,cstyleCast
93543,constParameterPointer
93556,constParameterPointer
93559,cstyleCast
93563,variableScope
93587,syntaxError
93602,syntaxError
93604,syntaxError
93610,syntaxError
93612,syntaxError
93638,syntaxError
93642,syntaxError
93656,constParameterPointer
93663,constVariablePointer
93679,knownConditionTrueFalse
93700,unreadVariable
93723,cstyleCast
93729,constParameterPointer
93752,syntaxError
93754,syntaxError
93773,syntaxError
93776,syntaxError
93779,syntaxError
93783,syntaxError
93789,syntaxError
93790,syntaxError
93794,syntaxError
93809,syntaxError
93826,syntaxError
93835,syntaxError
93843,syntaxError
93846,syntaxError
93854,syntaxError
93860,syntaxError
93865,syntaxError
93866,syntaxError
93893,syntaxError
93919,syntaxError
93954,syntaxError
93961,syntaxError
93966,syntaxError
93972,syntaxError
93974,syntaxError
93981,unknownMacro
93999,unknownMacro
94012,uninitvar
94107,cstyleCast;nullPointerRedundantCheck
94151,cstyleCast
94198,syntaxError
94209,redundantInitialization
94216,unreachableCode;unreadVariable
94235,cstyleCast
94289,cstyleCast
94295,missingReturn
94354,constParameterPointer
94440,syntaxError
94493,cstyleCast
94504,cstyleCast
94528,constParameterPointer
94533,dangerousTypeCast;shadowVariable
94558,syntaxError
94617,dangerousTypeCast
94696,constVariablePointer;cstyleCast
94717,syntaxError
94728,clarifyCalculation
94744,cstyleCast
94753,cstyleCast;unreadVariable
94767,constVariablePointer;cstyleCast;variableScope
94818,cstyleCast
94833,cstyleCast
94859,variableScope
94874,cstyleCast
94897,constParameterPointer
94944,variableScope
94989,syntaxError
94993,syntaxError
95011,syntaxError
95020,syntaxError
95024,syntaxError
95042,syntaxError
95059,duplicateBranch;oppositeInnerCondition;shadowVariable;unsignedLessThanZero;variableScope
95061,duplicateExpression;variableScope
95092,syntaxError
95131,unknownMacro
95144,variableScope
95161,variableScope
95170,unknownMacro
95185,redundantAssignment
95193,constVariablePointer;cstyleCast
95206,dangerousTypeCast
95225,cstyleCast
95269,intToPointerCast
95271,cstyleCast
95283,unknownMacro
95291,syntaxError
95293,syntaxError
95295,syntaxError
95314,unknownMacro
95327,syntaxError
95329,syntaxError
95393,constVariablePointer;cstyleCast;variableScope
95394,cstyleCast;variableScope
95395,unknownMacro
95405,constVariablePointer;cstyleCast;unreadVariable
95490,cstyleCast;dangerousTypeCast;unreadVariable
95530,variableScope
95591,cstyleCast
95609,asctimeCalled;constVariablePointer
95613,constVariablePointer
95642,variableScope
95686,shadowVariable
95802,dangerousTypeCast;variableScope
95888,constVariablePointer
95913,variableScope
95959,unknownMacro
95969,variableScope
95971,constParameterPointer
95977,cstyleCast
96006,constParameterPointer
96025,variableScope
96115,cstyleCast;unreadVariable;variableScope
96142,dangerousTypeCast
96148,unknownMacro
96199,constParameter;cstyleCast
96220,constParameter;cstyleCast
96246,syntaxError
96295,syntaxError
96343,syntaxError
96348,cstyleCast
96350,cstyleCast
96381,dangerousTypeCast
96386,invalidPrintfArgType_uint
96407,cstyleCast;ignoredReturnValue
96411,constVariablePointer
96420,syntaxError
96425,syntaxError
96444,syntaxError
96484,cstyleCast
96526,constVariablePointer;cstyleCast
96529,constVariablePointer;cstyleCast
96587,duplicateCondition
96598,unknownMacro
96600,unknownMacro
96610,unknownMacro
96613,cstyleCast
96617,unknownMacro
96622,cstyleCast;invalidFunctionArg;unreadVariable;variableScope
96624,cstyleCast;unreadVariable
96631,cstyleCast
96705,cstyleCast
96706,cstyleCast;redundantPointerOp
96708,redundantAssignment;variableScope
96724,cstyleCast;unreadVariable
96731,cstyleCast;shadowVariable;unreadVariable
96741,cstyleCast
96745,cstyleCast;unreadVariable
96749,cstyleCast
96750,cstyleCast;knownConditionTrueFalse;shadowVariable;variableScope
96755,syntaxError
96763,syntaxError
96766,syntaxError
96788,unknownMacro
96860,constParameterPointer
96863,syntaxError
96897,arithOperationsOnVoidPointer
96923,constParameterPointer
96952,variableScope
96995,cstyleCast;dangerousTypeCast
97026,constParameterPointer
97071,constVariablePointer;cstyleCast
97435,syntaxError
97442,syntaxError
97562,syntaxError
97571,syntaxError
97572,syntaxError
97578,syntaxError
97585,syntaxError
97589,syntaxError
97616,syntaxError
97622,syntaxError
97641,syntaxError
97642,syntaxError
97660,syntaxError
97674,syntaxError
97704,syntaxError
97713,syntaxError
97722,syntaxError
97759,syntaxError
97761,syntaxError
97768,syntaxError
97858,shadowVariable;useStlAlgorithm
97965,unknownMacro
98472,unreadVariable
99159,redundantAssignment
99176,syntaxError
99476,constParameterPointer
100312,passedByValue
100313,passedByValue
100385,unknownMacro
100666,syntaxError
100684,syntaxError
100686,syntaxError
100699,syntaxError
100710,syntaxError
100714,syntaxError
100734,syntaxError
100739,syntaxError
100744,syntaxError
100746,syntaxError
100749,syntaxError
100762,syntaxError
100953,unknownMacro
101918,syntaxError
102015,syntaxError
102035,syntaxError
102743,syntaxError
102910,knownConditionTrueFalse
103417,syntaxError
103569,unreadVariable
103590,syntaxError
104627,useStlAlgorithm
104785,unusedVariable
104872,clarifyCalculation
104976,syntaxError
104978,syntaxError
104984,syntaxError
105259,syntaxError
105439,constVariablePointer
106273,unsignedLessThanZero
106450,syntaxError
106473,syntaxError
106497,syntaxError
106498,syntaxError
107478,constParameterPointer
107497,knownConditionTrueFalse
108205,syntaxError
108263,redundantCondition
109324,clarifyCondition
109926,syntaxError
110323,unknownMacro
110956,variableScope
111299,syntaxError
111337,syntaxError
112292,unknownMacro
112433,syntaxError
112623,syntaxError
112647,syntaxError
112706,syntaxError
112801,syntaxError
113017,unknownMacro
113407,syntaxError
113667,syntaxError
113690,syntaxError
113788,syntaxError
113957,syntaxError
114055,unreadVariable
114124,syntaxError
114153,passedByValue
114317,syntaxError
114321,syntaxError
114785,syntaxError
114797,syntaxError
114804,syntaxError
114837,syntaxError
114880,unusedVariable
115011,redundantAssignment
115132,syntaxError
115469,variableScope
115672,syntaxError
115904,constParameterPointer
115945,cstyleCast
115955,syntaxError
115971,cstyleCast
116379,syntaxError
116393,shadowVariable
116640,unknownMacro
117126,syntaxError
117304,syntaxError
117305,syntaxError
117315,syntaxError
117320,syntaxError
117333,syntaxError
117336,syntaxError
117401,syntaxError
118064,shadowVariable
118075,shadowVariable
118294,syntaxError
118387,syntaxError
118425,constVariablePointer
118569,nullPointer
118793,syntaxError
119084,constParameterPointer
119098,constParameterPointer
119405,syntaxError
119582,constParameterPointer;constParameterReference
120051,syntaxError
121066,shadowVariable
121740,unknownMacro
121891,syntaxError
122212,knownConditionTrueFalse
122841,syntaxError
122997,unknownMacro
123319,constVariablePointer
123531,variableScope
123610,syntaxError
123793,constParameterReference
123958,shadowVariable;unreachableCode
124002,syntaxError
124727,shadowVariable
124982,unreadVariable
125129,useStlAlgorithm
125563,unknownMacro
125664,unknownMacro
126072,syntaxError
126073,syntaxError
126363,knownConditionTrueFalse
126608,postfixOperator
126962,unknownMacro
127041,syntaxError
127135,shadowVariable
127496,constParameterPointer;constVariablePointer
127507,cstyleCast
127873,constVariable
128045,constParameterPointer
128051,constParameterPointer
128376,syntaxError
128621,syntaxError
128642,passedByValue
128936,invalidPointerCast
129845,nullPointerRedundantCheck
129871,unusedVariable
130088,constParameterPointer
130090,constParameterPointer
130378,syntaxError
132656,uselessCallsSubstr
132686,syntaxError
133090,shadowVariable
134017,unreachableCode
134028,syntaxError
134396,knownConditionTrueFalse
134924,syntaxError
135119,syntaxError
135120,syntaxError
135487,syntaxError
135813,syntaxError
135842,constVariablePointer
135969,shadowVariable;syntaxError
136184,syntaxError
136191,constParameterPointer
136258,oppositeInnerCondition
136568,syntaxError
138398,syntaxError
138488,syntaxError
138517,syntaxError
138757,syntaxError
138820,syntaxError
138902,redundantIfRemove
138947,syntaxError
139236,syntaxError
139796,syntaxError
140089,cstyleCast
140100,cstyleCast
140110,cstyleCast
140112,cstyleCast
140140,cstyleCast
140434,useStlAlgorithm
140585,syntaxError
140689,useStlAlgorithm
141647,constVariableReference
142741,cstyleCast
142754,cstyleCast
142763,cstyleCast
142870,cstyleCast
142899,cstyleCast
142915,cstyleCast
142951,cstyleCast
142959,cstyleCast
142970,cstyleCast
142971,cstyleCast
142972,cstyleCast
143157,variableScope
143729,syntaxError
143925,syntaxError
143935,unknownMacro
143946,syntaxError
143957,syntaxError
143966,syntaxError
143981,syntaxError
144013,syntaxError
144014,syntaxError
144018,syntaxError
144020,syntaxError
144027,syntaxError
144029,syntaxError
144042,syntaxError
144052,syntaxError
144073,syntaxError
144080,syntaxError
144090,syntaxError
144093,syntaxError
144107,syntaxError
144108,syntaxError
144125,syntaxError
144127,syntaxError
144145,syntaxError
144152,syntaxError
144153,syntaxError
144413,syntaxError
144767,constParameterPointer
145115,syntaxError
145285,syntaxError
145766,cstyleCast
145886,constParameterPointer
145985,syntaxError
145999,syntaxError
146264,syntaxError
148488,syntaxError
148602,syntaxError
148637,constParameterPointer
148709,shadowVariable
148937,constParameterPointer;cstyleCast;dangerousTypeCast
148968,cstyleCast
149003,constVariablePointer
149008,cstyleCast
149021,variableScope
149022,cstyleCast
149030,constParameterPointer
149033,cstyleCast
149059,constParameterPointer
149061,constParameterPointer;constVariablePointer
149094,cstyleCast;unreadVariable
149128,constParameterPointer
149129,constParameterPointer
149153,constVariablePointer
149534,redundantAssignment
149716,syntaxError
150130,syntaxError
150232,constVariablePointer
150243,constParameterPointer;shadowArgument
150358,syntaxError
150388,syntaxError
150589,syntaxError
150698,constParameterPointer
150754,useStlAlgorithm
150985,syntaxError
151927,cstyleCast
152235,syntaxError
152379,syntaxError
152572,uninitMemberVarNoCtor
152988,unreadVariable
154394,constVariablePointer
154528,useStlAlgorithm
154908,syntaxError
155342,syntaxError
155347,syntaxError
155390,syntaxError
155399,syntaxError
155424,syntaxError
155455,duplicateBreak
155860,syntaxError
155891,useStlAlgorithm
155947,syntaxError
156311,syntaxError
156603,syntaxError
156716,syntaxError
157823,syntaxError
158435,syntaxError
158567,useStlAlgorithm
158673,shadowVariable
158774,constVariablePointer
158877,syntaxError
159075,syntaxError
159339,shadowVariable
159468,redundantAssignInSwitch
159606,variableScope
160257,syntaxError
160354,syntaxError
160476,syntaxError
160517,syntaxError
160536,syntaxError
160621,syntaxError
160628,syntaxError
160633,syntaxError
160747,syntaxError
160834,syntaxError
161030,variableScope
161049,syntaxError
161126,useStlAlgorithm
161631,invalidPrintfArgType_sint
161946,noConstructor
162012,useStlAlgorithm
162082,constVariableReference
162155,syntaxError
162555,constParameterPointer
162642,unknownMacro
162910,useStlAlgorithm
163171,syntaxError
163447,syntaxError
163568,syntaxError
163569,syntaxError
163574,syntaxError
163580,syntaxError
163591,syntaxError
163606,syntaxError
163614,syntaxError
163618,syntaxError
163667,unknownMacro
163672,syntaxError
163686,unknownMacro
164018,syntaxError
164272,syntaxError
164449,cstyleCast
164489,cstyleCast;dangerousTypeCast;variableScope
164498,variableScope
164510,constParameterPointer
164521,dangerousTypeCast
164541,cstyleCast;unreadVariable
164551,constVariablePointer
164567,constVariablePointer
164576,constVariablePointer;dangerousTypeCast
165136,syntaxError
165430,syntaxError
165672,shadowVariable
165721,syntaxError
166160,unreadVariable;variableScope
166430,useStlAlgorithm
166485,syntaxError
166499,syntaxError
166515,syntaxError
166522,syntaxError
166721,syntaxError
166787,syntaxError
166789,syntaxError
166851,syntaxError
167165,cstyleCast
167186,cstyleCast
167191,cstyleCast
167368,syntaxError
168228,syntaxError
168551,cstyleCast
168559,constParameterPointer
168676,uninitMemberVarNoCtor
169084,useStlAlgorithm
169171,syntaxError
169405,syntaxError
169498,syntaxError
169533,unknownMacro
169746,syntaxError
169780,syntaxError
169795,syntaxError
169798,syntaxError
169805,syntaxError
169811,syntaxError
169814,syntaxError
169815,syntaxError
169832,syntaxError
169855,syntaxError
169856,syntaxError
169857,syntaxError
169860,syntaxError
169878,syntaxError
169890,syntaxError
169911,syntaxError
169912,syntaxError
169917,syntaxError
169923,syntaxError
169926,syntaxError
169971,syntaxError
169977,syntaxError
170012,syntaxError
170017,syntaxError
170028,syntaxError
170031,syntaxError
170042,syntaxError
170048,syntaxError
170061,syntaxError
170089,syntaxError
170223,useStlAlgorithm
170374,cstyleCast
170379,cstyleCast
170492,cstyleCast
170547,cstyleCast
170549,constParameterPointer
170551,constVariablePointer;cstyleCast;unusedVariable
170576,cstyleCast
170620,constParameterPointer
170623,unusedVariable
170652,constVariablePointer;cstyleCast
170668,cstyleCast
170692,variableScope
170805,constParameterPointer
170831,cstyleCast
170905,variableScope
170943,cstyleCast
170944,cstyleCast
170945,cstyleCast
171044,constVariablePointer
171113,dangerousTypeCast
171194,cstyleCast
171247,cstyleCast
171283,cstyleCast
171354,shadowVariable
171442,dangerousTypeCast
171443,cstyleCast;dangerousTypeCast
171480,cstyleCast;redundantAssignment
171485,cstyleCast
171496,cstyleCast
171507,cstyleCast
171533,cstyleCast
171595,variableScope
171600,variableScope
171617,shadowArgument
171659,dangerousTypeCast
171694,cstyleCast
171803,constVariablePointer;dangerousTypeCast
171808,constParameterPointer
171818,variableScope
171851,constVariablePointer;variableScope
171899,variableScope
171900,variableScope
171911,cstyleCast
171913,variableScope
171943,cstyleCast;dangerousTypeCast
171987,unknownMacro
171988,constVariablePointer
172014,cstyleCast;unusedVariable
172067,cstyleCast
172196,dangerousTypeCast
172234,cstyleCast
172255,cstyleCast
172272,cstyleCast
172310,dangerousTypeCast
172335,cstyleCast
172489,variableScope
172542,redundantAssignment
172601,cstyleCast;dangerousTypeCast
172631,cstyleCast
172738,dangerousTypeCast
172766,variableScope
172774,cstyleCast
172788,cstyleCast
172892,constParameterPointer
172895,constParameterPointer
172897,constParameterPointer
172958,constParameterPointer
172971,unknownMacro
172972,constVariablePointer;cstyleCast;unreadVariable;variableScope
172973,cstyleCast;unreadVariable
172980,cstyleCast;unreadVariable;variableScope
172982,cstyleCast;unreadVariable;variableScope
172998,syntaxError
173005,syntaxError
173007,syntaxError
173013,syntaxError
173016,syntaxError
173026,syntaxError
173029,syntaxError
173049,syntaxError
173058,syntaxError
173132,syntaxError
173133,syntaxError
173139,syntaxError
173142,syntaxError
173150,syntaxError
173157,syntaxError
173161,syntaxError
173175,syntaxError
173183,syntaxError
173184,syntaxError
173212,syntaxError
173215,syntaxError
173229,syntaxError
173241,syntaxError
173262,variableScope
173276,constParameter
173296,syntaxError
173306,syntaxError
173312,syntaxError
173313,syntaxError
173314,syntaxError
173315,syntaxError
173324,syntaxError
173326,syntaxError
173329,syntaxError
173339,syntaxError
173401,cstyleCast;dangerousTypeCast;unreadVariable
173414,cstyleCast;unreadVariable
173459,cstyleCast;knownConditionTrueFalse
173483,cstyleCast
173496,variableScope
173512,cstyleCast
173521,constParameterPointer;constVariablePointer
173522,cstyleCast
173542,constParameterPointer;cstyleCast
173737,constVariablePointer
173756,dangerousTypeCast
173823,unusedVariable
173825,redundantInitialization
173834,cstyleCast
174046,constParameterPointer
174060,constParameterPointer
174061,cstyleCast
174402,cstyleCast
174522,syntaxError
174524,syntaxError
174549,variableScope
174627,cstyleCast
174630,cstyleCast
174675,constParameterPointer
174678,constVariablePointer
174686,constVariablePointer;redundantInitialization
174734,cstyleCast
174816,redundantAssignment;unusedVariable
174957,cstyleCast
175018,constParameterPointer;cstyleCast
175019,constParameterPointer
175036,redundantInitialization;unreadVariable;variableScope
175043,cstyleCast
175159,cstyleCast
175245,syntaxError
175263,syntaxError
175278,syntaxError
175289,syntaxError
175303,constParameterPointer
175398,constParameterPointer;cstyleCast
175418,constVariablePointer;dangerousTypeCast
175449,variableScope
175452,variableScope
175456,dangerousTypeCast
175480,dangerousTypeCast
175481,constVariablePointer;dangerousTypeCast
175489,constVariablePointer
175513,constVariablePointer
175522,redundantContinue;uninitvar
175537,cstyleCast
175596,cstyleCast
175608,cstyleCast
175628,va_end_missing
175636,cstyleCast
175730,constVariablePointer;variableScope
175825,constParameterPointer
175839,cstyleCast
175840,cstyleCast;variableScope
175841,variableScope
175857,passedByValue
175934,constParameterPointer
175936,dangerousTypeCast
175951,cstyleCast
175956,constParameterPointer
175977,dangerousTypeCast
175986,dangerousTypeCast
175991,dangerousTypeCast
176009,constParameterPointer;variableScope
176011,variableScope
176037,variableScope
176069,constVariablePointer;cstyleCast;dangerousTypeCast
176087,constParameterPointer;cstyleCast;dangerousTypeCast
176112,cstyleCast
176152,constParameterPointer
176232,constVariablePointer
176233,constParameterPointer
176417,dangerousTypeCast
176421,passedByValue
176438,constVariablePointer;cstyleCast
176458,constParameterReference
176475,constVariablePointer;cstyleCast;shadowVariable
176482,cstyleCast
176504,constVariablePointer;shadowVariable
176509,syntaxError
176510,syntaxError
176511,syntaxError
176520,syntaxError
176525,syntaxError
176544,syntaxError
176565,syntaxError
176573,syntaxError
176584,syntaxError
176586,syntaxError
176598,syntaxError
176601,syntaxError
176604,syntaxError
176605,syntaxError
176619,syntaxError
176620,syntaxError
176627,syntaxError
176638,syntaxError
176640,syntaxError
176645,syntaxError
176673,syntaxError
176678,syntaxError
176681,syntaxError
176698,syntaxError
176813,identicalInnerCondition
176829,useStlAlgorithm
176844,dangerousTypeCast
176850,constParameterPointer
176857,dangerousTypeCast
176861,cstyleCast
176876,dangerousTypeCast
177084,cstyleCast
177103,cstyleCast
177131,cstyleCast;unreadVariable
177144,cstyleCast
177214,cstyleCast;redundantAssignment;shadowVariable;unreadVariable
177497,invalidPrintfArgType_sint
177708,dangerousTypeCast
177745,syntaxError
177751,syntaxError
177752,syntaxError
177812,cstyleCast;dangerousTypeCast
177815,syntaxError
177881,constParameterPointer;constVariablePointer;missingReturn;nullPointerRedundantCheck;uninitvar;unreadVariable;unusedVariable;variableScope
177906,shadowVariable;variableScope
177924,syntaxError
177926,syntaxError
177971,syntaxError
177987,syntaxError
177996,syntaxError
178011,syntaxError
178021,syntaxError
178026,syntaxError
178033,syntaxError
178042,syntaxError
178043,syntaxError
178054,syntaxError
178060,syntaxError
178070,syntaxError
178086,syntaxError
178090,syntaxError
178092,syntaxError
178094,syntaxError
178096,syntaxError
178100,cstyleCast
178109,syntaxError
178123,cstyleCast;shadowArgument;shadowVariable;uninitMemberVarNoCtor;unusedStructMember;unusedVariable
178127,unreadVariable
178149,unknownMacro
178153,cstyleCast;uninitvar;variableScope
178168,cstyleCast;variableScope
178169,syntaxError
178176,syntaxError
178177,syntaxError
178183,syntaxError
178184,syntaxError
178201,syntaxError
178206,unknownMacro
178218,constParameterPointer;cstyleCast
178252,syntaxError
178257,syntaxError
178263,syntaxError
178282,syntaxError
178293,syntaxError
178301,syntaxError
178313,syntaxError
178356,unusedVariable
178360,syntaxError
178361,syntaxError
178364,unknownMacro
178396,unknownMacro
178401,syntaxError
178422,constVariablePointer;missingReturn;unreadVariable;unusedVariable
178424,syntaxError
178429,constVariablePointer;legacyUninitvar;missingReturn;nullPointer;unreadVariable;unusedVariable
178441,dangerousTypeCast
178455,syntaxError
178458,dangerousTypeCast
178472,syntaxError
178473,syntaxError
178500,constVariablePointer
178504,constParameterPointer;constVariablePointer;missingReturn;unreadVariable;unusedVariable
178505,syntaxError
178511,syntaxError
178521,cstyleCast
178525,syntaxError
178540,unreachableCode
178602,syntaxError
178608,syntaxError
178612,syntaxError
178616,syntaxError
178620,syntaxError
178625,variableScope
178650,cstyleCast
178653,cstyleCast
178656,unknownMacro
178690,constVariable
178748,cstyleCast
178755,constParameterPointer;cstyleCast
178769,syntaxError
178818,syntaxError
178827,cstyleCast
178828,syntaxError
178872,cstyleCast
178880,constParameterPointer;unreadVariable
178914,constVariablePointer
178917,syntaxError
178922,constParameterPointer
178937,syntaxError
178959,cstyleCast
179011,constVariablePointer
179061,constParameterPointer
179101,dangerousTypeCast
179136,cstyleCast;dangerousTypeCast
179160,syntaxError
179176,variableScope
179199,syntaxError
179226,syntaxError
179245,cstyleCast
179273,cstyleCast
179294,constVariablePointer
179299,syntaxError
179306,syntaxError
179323,syntaxError
179355,constParameterPointer;constVariablePointer;dangerousTypeCast
179356,constParameterPointer
179359,cstyleCast
179415,constParameterPointer
179421,unknownMacro
179443,syntaxError
179453,constVariablePointer
179457,syntaxError
179482,syntaxError
179536,unknownMacro
179542,constParameterPointer
179588,syntaxError
179597,unknownMacro
179598,unknownMacro
179607,arithOperationsOnVoidPointer;cstyleCast
179611,syntaxError
179612,cstyleCast
179618,syntaxError
179622,unusedLabel
179624,syntaxError
179636,syntaxError
179639,dangerousTypeCast
179643,dangerousTypeCast;knownConditionTrueFalse;nullPointerRedundantCheck
179651,constVariablePointer;cstyleCast;legacyUninitvar;unassignedVariable;uninitvar;unreadVariable;unusedLabel
179656,constParameterPointer
179679,cstyleCast;unreadVariable
179737,knownConditionTrueFalse
179745,syntaxError
179758,syntaxError
179779,syntaxError
179787,syntaxError
179788,syntaxError
179789,dangerousTypeCast
179798,cstyleCast;dangerousTypeCast
179803,unknownMacro
179817,syntaxError
179820,syntaxError
179845,syntaxError
179853,syntaxError
179881,constVariablePointer;cstyleCast
179906,syntaxError
179912,syntaxError
179913,internalAstError
179963,cstyleCast;unreadVariable
179987,syntaxError
179995,syntaxError
180033,syntaxError
180046,syntaxError
180059,unknownMacro
180065,redundantInitialization
180071,constParameterPointer;cstyleCast
180074,syntaxError
180079,syntaxError
180098,constParameterPointer
180102,unknownMacro
180111,unknownMacro
180121,cstyleCast;variableScope
180123,unknownMacro
180126,unknownMacro
180149,syntaxError
180175,syntaxError
180177,cstyleCast
180208,unknownMacro
180217,unknownMacro
180218,unknownMacro
180220,unknownMacro
180225,unknownMacro
180229,unknownMacro
180231,unknownMacro
180240,unknownMacro
180255,unknownMacro
180289,unknownMacro
180297,variableScope
180301,knownConditionTrueFalse;variableScope
180305,syntaxError
180309,syntaxError
180320,syntaxError
180329,syntaxError
180331,syntaxError
180338,cstyleCast;dangerousTypeCast
180353,redundantAssignment
180394,cstyleCast
180399,cstyleCast
180432,variableScope
180508,syntaxError
180514,cstyleCast;dangerousTypeCast;unreadVariable
180542,syntaxError
180545,dangerousTypeCast
180609,dangerousTypeCast
180636,syntaxError
180642,cstyleCast
180646,internalAstError
180662,syntaxError
180664,cstyleCast
180668,cstyleCast
180688,syntaxError
180695,syntaxError
180696,syntaxError
180701,syntaxError
180707,constParameterPointer;unsignedLessThanZero
180730,syntaxError
180752,cstyleCast
180764,constParameter;unreachableCode
180772,cstyleCast
180776,constParameterPointer
180780,dangerousTypeCast
180791,constParameterPointer;cstyleCast
180806,syntaxError
180825,constVariablePointer
180830,syntaxError
180850,syntaxError
180854,constParameterPointer
180885,syntaxError
180886,syntaxError
180887,syntaxError
180907,constVariablePointer
180915,unusedLabel
180939,syntaxError
180969,syntaxError
180983,cstyleCast
181001,syntaxError
181013,syntaxError
181024,syntaxError
181028,syntaxError
181031,syntaxError
181045,syntaxError
181051,syntaxError
181054,syntaxError
181061,syntaxError
181062,syntaxError
181067,syntaxError
181070,syntaxError
181077,syntaxError
181082,syntaxError
181092,syntaxError
181107,syntaxError
181114,syntaxError
181125,syntaxError
181132,syntaxError
181151,cstyleCast;unreadVariable
181163,constVariablePointer
181170,variableScope
181172,unknownMacro
181198,syntaxError
181205,cstyleCast;unreadVariable
181213,syntaxError
181224,syntaxError
181255,syntaxError
181263,dangerousTypeCast
181267,shadowArgument
181268,cstyleCast;variableScope
181299,dangerousTypeCast
181304,syntaxError
181332,constParameterPointer
181337,cstyleCast
181345,syntaxError
181346,syntaxError
181412,syntaxError
181419,knownConditionTrueFalse;unsignedLessThanZero
181421,cstyleCast
181433,syntaxError
181474,syntaxError
181475,syntaxError
181482,syntaxError
181499,syntaxError
181508,nullPointer
181518,knownConditionTrueFalse
181528,syntaxError
181537,constParameterPointer
181555,syntaxError
181581,syntaxError
181587,syntaxError
181610,syntaxError
181622,syntaxError
181640,syntaxError
181656,constVariablePointer;cstyleCast;unreadVariable
181701,dangerousTypeCast
181773,cstyleCast;unreadVariable;variableScope
181774,constParameterPointer;cstyleCast
181777,constVariablePointer;variableScope
181793,cstyleCast;unreadVariable
181799,redundantAssignment;unreadVariable
181821,syntaxError
181824,syntaxError
181876,variableScope
181928,constParameterPointer
181941,cstyleCast
181942,cstyleCast
181950,syntaxError
181952,syntaxError
181957,syntaxError
181992,unknownMacro
182001,cstyleCast;redundantAssignment
182006,dangerousTypeCast
182012,cstyleCast
182025,variableScope
182060,cstyleCast
182073,variableScope
182074,variableScope
182086,syntaxError
182099,constVariablePointer;variableScope
182102,syntaxError
182115,unreadVariable;variableScope
182117,constVariablePointer;cstyleCast;redundantInitialization;shadowVariable
182131,constParameterPointer;cstyleCast
182148,unknownMacro
182180,cstyleCast
182197,syntaxError
182217,cstyleCast
182290,cstyleCast;shadowVariable;unusedLabelConfiguration
182292,constVariablePointer;cstyleCast
182301,variableScope
182310,leakReturnValNotUsed
182346,syntaxError
182380,syntaxError
182397,unknownMacro
182398,unknownMacro
182402,constVariablePointer;duplicateBreak
182407,constParameterPointer
182421,constParameterPointer;constVariablePointer;cstyleCast;uninitvar;variableScope
182428,syntaxError
182435,constParameterPointer
182438,constVariablePointer;uninitvar;unreachableCode;unreadVariable
182458,cstyleCast
182481,cstyleCast
182486,nullPointerOutOfMemory
182495,syntaxError
182500,syntaxError
182517,syntaxError
182538,unknownMacro
182568,cstyleCast
182594,constParameterPointer
182627,variableScope
182645,cstyleCast
182649,dangerousTypeCast
182652,cstyleCast
182662,syntaxError
182709,syntaxError
182718,constVariablePointer;cstyleCast;nullPointerOutOfMemory
182732,syntaxError
182736,multiCondition;nullPointer;variableScope
182747,constVariablePointer;dangerousTypeCast;variableScope
182770,cstyleCast;variableScope
182771,cstyleCast
182783,syntaxError
182792,cstyleCast
182818,syntaxError
182822,syntaxError
182838,syntaxError
182847,syntaxError
182905,unreadVariable
182911,syntaxError
182912,syntaxError
182922,constParameterPointer;constVariablePointer;cstyleCast;nullPointerOutOfMemory;variableScope
182923,constParameterPointer;constVariablePointer;cstyleCast;nullPointerOutOfMemory;variableScope
182940,constVariablePointer
182977,syntaxError
182979,syntaxError
182980,syntaxError
183009,syntaxError
183018,syntaxError
183024,syntaxError
183051,cstyleCast
183054,syntaxError
183063,cstyleCast
183072,constVariablePointer;dangerousTypeCast
183089,constVariablePointer;cstyleCast
183116,unknownMacro
183131,cstyleCast;unreadVariable
183133,cstyleCast;knownConditionTrueFalse;shadowVariable;uninitMemberVarNoCtor;unreadVariable
183157,syntaxError
183158,cstyleCast
183160,syntaxError
183165,syntaxError
183179,uselessAssignmentPtrArg
183194,syntaxError
183199,syntaxError
183202,syntaxError
183206,syntaxError
183238,syntaxError
183242,cstyleCast;unusedVariable
183275,cstyleCast;unreadVariable;variableScope
183301,syntaxError
183363,redundantInitialization
183369,cstyleCast;redundantPointerOp;unreadVariable;variableScope
183371,cstyleCast
183385,cstyleCast
183386,cstyleCast
183419,clarifyCalculation
183429,syntaxError
183634,syntaxError
183705,syntaxError
183712,syntaxError
183715,syntaxError
183747,syntaxError
183907,syntaxError
184365,shadowVariable
184482,syntaxError
184497,unknownMacro
184668,syntaxError
184753,syntaxError
184772,unknownMacro
184839,shadowVariable
184962,syntaxError
184965,syntaxError
184972,syntaxError
184981,syntaxError
184989,syntaxError
185114,syntaxError
185159,nullPointerRedundantCheck
185205,redundantInitialization;unreachableCode;unreadVariable
185352,useStlAlgorithm
185546,unknownMacro
186055,redundantContinue
186152,syntaxError
186157,syntaxError
186408,unreachableCode
186537,uninitMemberVarNoCtor;useStlAlgorithm
186923,syntaxError
186924,syntaxError
187015,syntaxError
187060,useStlAlgorithm
187220,constVariablePointer
187224,constVariablePointer;cstyleCast
187311,syntaxError
187312,syntaxError
187347,unknownMacro
187417,cstyleCast
187419,cstyleCast
187422,cstyleCast
187517,dangerousTypeCast
187525,cstyleCast;nullPointerRedundantCheck;unreadVariable
187541,cstyleCast
187563,constVariablePointer;cstyleCast;knownConditionTrueFalse;shadowVariable;variableScope
187564,constVariablePointer;cstyleCast
187583,syntaxError
187608,syntaxError
187616,syntaxError
187625,constParameterPointer
187631,syntaxError
187647,syntaxError
187648,syntaxError
187651,syntaxError
187667,syntaxError
187670,syntaxError
187683,syntaxError
187711,constParameterPointer
187712,syntaxError
187723,syntaxError
187725,syntaxError
187726,syntaxError
187747,syntaxError
187754,syntaxError
187782,cstyleCast;redundantAssignment
187810,cstyleCast
187820,cstyleCast;unreadVariable;variableScope
187878,shadowVariable
187901,cstyleCast;dangerousTypeCast;multiCondition
187929,variableScope
187936,constVariablePointer;cstyleCast;dangerousTypeCast
187947,unknownMacro
187948,variableScope
187957,unknownMacro
187977,constVariablePointer;cstyleCast;unreadVariable;variableScope
188006,constVariablePointer;cstyleCast
188027,constVariablePointer
188067,variableScope
188079,syntaxError
188108,cstyleCast
188128,constVariablePointer;cstyleCast;shadowVariable;variableScope
188136,syntaxError
188155,cstyleCast
188172,constParameterPointer
188203,cstyleCast;unusedVariable
188212,cstyleCast
188214,cstyleCast
188228,constVariablePointer;cstyleCast
188240,cstyleCast
188245,cstyleCast
188517,va_end_missing
