unique_id,n_hits,any_hit,has_error_level
73752,0,False,False
54196,0,False,False
169124,0,False,False
109551,0,False,False
78906,0,False,False
169746,2,True,False
145939,0,False,False
154252,0,False,False
38512,0,False,False
96336,0,False,False
123788,0,False,False
185961,0,False,False
158921,0,False,False
28508,0,False,False
83192,0,False,False
111482,0,False,False
35780,0,False,False
137451,0,False,False
145716,0,False,False
113535,0,False,False
163328,0,False,False
10336,0,False,False
99329,0,False,False
120922,0,False,False
146584,0,False,False
164683,0,False,False
146404,0,False,False
25240,0,False,False
157744,0,False,False
122434,0,False,False
111495,0,False,False
63007,0,False,False
104976,0,False,False
157963,0,False,False
119849,0,False,False
154658,0,False,False
150349,0,False,False
81848,0,False,False
27200,0,False,False
84129,0,False,False
58019,0,False,False
88033,0,False,False
64809,0,False,False
6158,1,True,False
127755,0,False,False
73161,0,False,False
1981,0,False,False
45141,0,False,False
4741,0,False,False
1591,0,False,False
147185,0,False,False
86705,0,False,False
46166,0,False,False
28360,0,False,False
85178,0,False,False
107759,0,False,False
75324,0,False,False
74494,0,False,False
126819,0,False,False
61734,0,False,False
41293,0,False,False
9175,0,False,False
43891,0,False,False
121151,0,False,False
177532,1,True,False
18009,3,True,True
178042,8,True,False
106273,0,False,False
83077,0,False,False
163614,0,False,False
49957,0,False,False
176065,0,False,False
119177,0,False,False
94694,0,False,False
62371,0,False,False
71547,0,False,False
159936,0,False,False
135596,0,False,False
126303,0,False,False
45165,2,True,False
15796,0,False,False
72037,0,False,False
45159,0,False,False
147939,0,False,False
152033,0,False,False
13686,0,False,False
30596,0,False,False
30653,1,True,False
105762,0,False,False
89422,0,False,False
98687,0,False,False
42350,0,False,False
131791,0,False,False
123470,0,False,False
99991,0,False,False
104283,0,False,False
147147,0,False,False
141449,0,False,False
200,2,True,False
183429,0,False,False
8052,0,False,False
149182,0,False,False
61530,0,False,False
179598,0,False,False
98708,0,False,False
145106,0,False,False
19217,0,False,False
131840,0,False,False
183848,0,False,False
95501,0,False,False
55021,0,False,False
90832,0,False,False
17978,0,False,False
175094,0,False,False
11427,0,False,False
65295,0,False,False
139445,0,False,False
27479,0,False,False
117440,0,False,False
161491,0,False,False
180915,0,False,False
120384,0,False,False
168086,0,False,False
152976,0,False,False
40966,0,False,False
7613,0,False,False
169485,0,False,False
109569,0,False,False
20660,0,False,False
180750,0,False,False
178176,0,False,False
64602,0,False,False
139028,0,False,False
113319,0,False,False
112086,0,False,False
73383,0,False,False
2202,1,True,False
14533,0,False,False
45276,0,False,False
37947,0,False,False
53653,0,False,False
55846,0,False,False
182834,2,True,False
111307,0,False,False
106665,0,False,False
104242,0,False,False
60145,0,False,False
160408,0,False,False
88590,8,True,False
119789,0,False,False
75959,0,False,False
44056,0,False,False
120749,0,False,False
182307,1,True,False
659,0,False,False
56595,0,False,False
73576,0,False,False
70527,0,False,False
121399,0,False,False
31221,0,False,False
58741,0,False,False
33056,0,False,False
109600,0,False,False
40686,0,False,False
86822,0,False,False
40262,1,True,False
4744,0,False,False
185247,0,False,False
37728,0,False,False
129654,0,False,False
26781,0,False,False
135548,0,False,False
22411,0,False,False
180229,0,False,False
140502,0,False,False
128681,0,False,False
75374,0,False,False
73421,0,False,False
153647,0,False,False
115909,0,False,False
118430,0,False,False
183705,0,False,False
49163,0,False,False
99014,1,True,True
113275,0,False,False
152898,0,False,False
95273,0,False,False
134499,0,False,False
154714,0,False,False
119189,0,False,False
24356,0,False,False
182073,0,False,False
140576,0,False,False
126463,0,False,False
4448,0,False,False
123870,0,False,False
37391,0,False,False
17931,0,False,False
135862,0,False,False
175730,0,False,False
89893,5,True,False
118299,0,False,False
100539,0,False,False
178003,0,False,False
107453,0,False,False
99613,0,False,False
187683,0,False,False
140604,0,False,False
114652,0,False,False
114081,0,False,False
32960,1,True,False
7432,0,False,False
8992,0,False,False
106498,0,False,False
37781,0,False,False
35972,0,False,False
180175,1,True,False
43416,0,False,False
45971,8,True,True
88988,0,False,False
55537,0,False,False
135943,0,False,False
65532,0,False,False
83264,0,False,False
165978,0,False,False
165514,0,False,False
74349,0,False,False
78065,0,False,False
21842,0,False,False
99412,0,False,False
36445,0,False,False
18722,0,False,False
101718,0,False,False
181611,1,True,False
132728,0,False,False
166462,0,False,False
4611,0,False,False
143479,0,False,False
18627,1,True,False
145921,0,False,False
88491,0,False,False
59330,0,False,False
10657,0,False,False
84460,0,False,False
164039,0,False,False
5181,0,False,False
531,0,False,False
104629,0,False,False
175840,0,False,False
66218,0,False,False
186706,0,False,False
52955,0,False,False
101040,0,False,False
174214,0,False,False
68409,0,False,False
16711,1,True,False
154079,0,False,False
57950,0,False,False
96894,0,False,False
24094,0,False,False
170017,0,False,False
82131,0,False,False
62383,0,False,False
39278,0,False,False
136775,0,False,False
176139,0,False,False
53804,0,False,False
96986,0,False,False
512,0,False,False
131430,0,False,False
167385,0,False,False
25922,0,False,False
65451,0,False,False
53491,0,False,False
89251,0,False,False
116324,0,False,False
65685,0,False,False
91240,1,True,False
182573,0,False,False
46973,1,True,False
48717,0,False,False
44605,0,False,False
100024,0,False,False
158346,0,False,False
33890,0,False,False
16042,0,False,False
133572,0,False,False
183180,0,False,False
29911,1,True,False
169532,0,False,False
126646,0,False,False
184660,0,False,False
52810,0,False,False
13702,0,False,False
128746,0,False,False
165764,0,False,False
129137,0,False,False
114177,0,False,False
149059,0,False,False
141087,0,False,False
45998,0,False,False
38197,0,False,False
28214,0,False,False
67391,0,False,False
84944,0,False,False
125789,0,False,False
160548,0,False,False
183146,0,False,False
74785,0,False,False
117712,0,False,False
127500,0,False,False
188373,0,False,False
48478,0,False,False
140499,0,False,False
65631,0,False,False
103792,0,False,False
113537,0,False,False
30628,0,False,False
5878,0,False,False
35999,0,False,False
55502,0,False,False
106931,0,False,False
57282,0,False,False
14427,0,False,False
62094,0,False,False
104952,0,False,False
129659,0,False,False
116576,0,False,False
170481,0,False,False
23037,0,False,False
4972,0,False,False
41810,0,False,False
66545,0,False,False
94753,1,True,False
162012,0,False,False
11923,0,False,False
47405,0,False,False
13489,0,False,False
109715,0,False,False
3043,0,False,False
80870,9,True,False
83465,2,True,False
116616,0,False,False
107423,0,False,False
18712,0,False,False
57627,0,False,False
18216,0,False,False
72089,0,False,False
105007,0,False,False
103718,0,False,False
184962,0,False,False
108048,0,False,False
186311,0,False,False
113615,0,False,False
38673,0,False,False
164882,0,False,False
63341,0,False,False
128774,0,False,False
79205,0,False,False
32325,0,False,False
11115,0,False,False
143793,0,False,False
62801,0,False,False
165175,0,False,False
32226,0,False,False
171423,0,False,False
58574,0,False,False
182086,2,True,True
106855,0,False,False
141165,0,False,False
98870,1,True,False
14326,0,False,False
157766,0,False,False
37372,0,False,False
65010,0,False,False
65082,0,False,False
113855,0,False,False
172522,0,False,False
183893,0,False,False
65379,0,False,False
77713,0,False,False
7006,0,False,False
90717,0,False,False
72633,0,False,False
170551,0,False,False
168608,0,False,False
17723,0,False,False
86085,0,False,False
81356,0,False,False
31265,0,False,False
180246,0,False,False
80974,0,False,False
158217,0,False,False
4153,6,True,False
111664,0,False,False
1709,0,False,False
123940,0,False,False
15743,0,False,False
179721,0,False,False
17692,0,False,False
24121,0,False,False
145145,0,False,False
164555,0,False,False
108285,0,False,False
134936,0,False,False
128720,0,False,False
107141,0,False,False
164867,0,False,False
24685,0,False,False
18596,0,False,False
183593,0,False,False
87482,0,False,False
82318,0,False,False
25181,0,False,False
124048,0,False,False
139098,0,False,False
7100,0,False,False
27935,0,False,False
161034,0,False,False
18241,0,False,False
53565,0,False,False
176374,0,False,False
131829,0,False,False
133681,0,False,False
113734,0,False,False
44425,0,False,False
130378,0,False,False
32752,0,False,False
17266,0,False,False
20712,0,False,False
3643,0,False,False
160148,0,False,False
65318,0,False,False
154531,0,False,False
112099,0,False,False
93259,0,False,False
142763,0,False,False
3033,0,False,False
168200,0,False,False
59472,0,False,False
109250,0,False,False
66462,0,False,False
185352,0,False,False
85839,0,False,False
82941,0,False,False
141787,0,False,False
2436,0,False,False
160517,0,False,False
132140,0,False,False
180301,0,False,False
151066,0,False,False
77939,0,False,False
11544,0,False,False
76147,0,False,False
68007,0,False,False
19643,0,False,False
22239,0,False,False
32300,0,False,False
185538,0,False,False
24532,0,False,False
4540,0,False,False
38094,0,False,False
180532,0,False,False
53985,0,False,False
163228,0,False,False
107670,0,False,False
84494,0,False,False
63250,0,False,False
175601,0,False,False
104416,0,False,False
94876,0,False,False
105215,0,False,False
112015,0,False,False
41708,0,False,False
110459,0,False,False
133340,0,False,False
91017,1,True,False
79659,1,True,False
12627,0,False,False
80802,5,True,False
53187,0,False,False
170738,0,False,False
173512,0,False,False
154407,0,False,False
105000,0,False,False
22742,0,False,False
174257,0,False,False
70064,2,True,True
75539,0,False,False
46745,0,False,False
27477,0,False,False
11911,0,False,False
111435,0,False,False
114292,0,False,False
27335,0,False,False
65194,0,False,False
49487,0,False,False
171496,0,False,False
66076,0,False,False
178263,0,False,False
128832,0,False,False
137095,0,False,False
92927,0,False,False
135471,0,False,False
89172,0,False,False
127503,0,False,False
24119,0,False,False
17418,0,False,False
154528,0,False,False
159726,0,False,False
54053,0,False,False
38373,1,True,False
164473,0,False,False
58448,2,True,False
109821,0,False,False
86341,0,False,False
94049,0,False,False
130093,0,False,False
90300,1,True,False
112478,0,False,False
35282,0,False,False
105985,0,False,False
22983,0,False,False
160652,0,False,False
30984,0,False,False
67221,4,True,False
64383,0,False,False
135659,0,False,False
65488,2,True,False
66917,0,False,False
137125,0,False,False
50126,0,False,False
70913,0,False,False
11509,0,False,False
106912,0,False,False
64378,0,False,False
103543,0,False,False
179306,0,False,False
128018,0,False,False
79648,0,False,False
107778,0,False,False
162646,0,False,False
41354,0,False,False
989,0,False,False
158061,0,False,False
151292,0,False,False
56116,0,False,False
16752,3,True,False
161627,1,True,False
21085,0,False,False
71823,0,False,False
8528,0,False,False
24653,0,False,False
148777,0,False,False
113995,0,False,False
90448,0,False,False
169171,0,False,False
77879,0,False,False
63410,0,False,False
105277,0,False,False
38525,0,False,False
14247,0,False,False
180707,1,True,False
71744,1,True,False
170279,0,False,False
145514,0,False,False
162425,0,False,False
52628,0,False,False
46133,0,False,False
12572,1,True,False
133313,0,False,False
83089,3,True,False
79274,0,False,False
33874,0,False,False
60108,2,True,False
90084,0,False,False
110316,0,False,False
26959,0,False,False
47780,0,False,False
121527,0,False,False
49322,0,False,False
3702,0,False,False
28536,0,False,False
44820,0,False,False
78244,0,False,False
68681,0,False,False
139644,0,False,False
141373,0,False,False
169021,0,False,False
108975,0,False,False
172054,0,False,False
34078,0,False,False
171615,0,False,False
46400,0,False,False
97424,0,False,False
47812,0,False,False
45186,2,True,False
74451,0,False,False
66847,0,False,False
20570,0,False,False
165642,0,False,False
128190,0,False,False
173682,0,False,False
53345,0,False,False
19914,1,True,False
120745,0,False,False
73371,0,False,False
44290,0,False,False
178422,0,False,False
151285,0,False,False
43818,2,True,False
123070,0,False,False
68368,0,False,False
136934,0,False,False
134012,0,False,False
179643,0,False,False
5783,0,False,False
185602,0,False,False
53533,0,False,False
106779,0,False,False
36619,3,True,False
81299,0,False,False
24574,0,False,False
1786,3,True,False
117204,0,False,False
133119,0,False,False
118469,0,False,False
120702,0,False,False
148275,0,False,False
188453,0,False,False
128515,0,False,False
175036,0,False,False
33003,0,False,False
167004,0,False,False
37488,0,False,False
21042,0,False,False
152317,0,False,False
53348,0,False,False
135830,0,False,False
144970,0,False,False
76965,0,False,False
156,0,False,False
64179,0,False,False
58317,0,False,False
2738,0,False,False
111453,0,False,False
61404,0,False,False
185343,0,False,False
138041,0,False,False
84649,0,False,False
8954,0,False,False
27024,0,False,False
35170,0,False,False
21700,0,False,False
59305,0,False,False
141062,0,False,False
132045,0,False,False
112000,0,False,False
1917,0,False,False
49625,0,False,False
42615,0,False,False
72340,0,False,False
77711,0,False,False
36160,0,False,False
69875,0,False,False
3347,0,False,False
113520,0,False,False
77243,0,False,False
175596,1,True,False
115770,0,False,False
164924,0,False,False
129410,0,False,False
84385,0,False,False
9651,0,False,False
57728,0,False,False
77709,0,False,False
134844,0,False,False
12683,0,False,False
135312,0,False,False
50993,0,False,False
154027,0,False,False
171602,0,False,False
32227,0,False,False
63126,0,False,False
160358,0,False,False
119161,0,False,False
15756,0,False,False
117547,0,False,False
8009,0,False,False
161984,0,False,False
1852,0,False,False
180240,0,False,False
21193,0,False,False
101086,0,False,False
163183,0,False,False
172067,0,False,False
150696,0,False,False
122899,0,False,False
183072,0,False,False
53015,0,False,False
89119,0,False,False
135138,0,False,False
59426,0,False,False
24483,0,False,False
150758,0,False,False
48373,15,True,False
148335,0,False,False
107353,0,False,False
66061,0,False,False
87586,0,False,False
145601,0,False,False
122582,0,False,False
126292,0,False,False
32391,0,False,False
177056,0,False,False
143847,0,False,False
1944,0,False,False
157034,0,False,False
60050,0,False,False
96860,0,False,False
155990,0,False,False
46652,0,False,False
3439,0,False,False
160904,0,False,False
171900,0,False,False
121469,0,False,False
13965,1,True,False
43822,0,False,False
88991,0,False,False
141510,0,False,False
110529,0,False,False
144606,0,False,False
175632,0,False,False
141695,0,False,False
155861,0,False,False
185846,0,False,False
143472,0,False,False
139538,0,False,False
143471,0,False,False
98539,0,False,False
120916,0,False,False
33472,0,False,False
26159,0,False,False
177671,0,False,False
91778,1,True,False
81420,0,False,False
56519,0,False,False
59536,0,False,False
16179,3,True,True
142679,0,False,False
129631,0,False,False
96942,0,False,False
126503,0,False,False
101769,0,False,False
103457,0,False,False
178021,0,False,False
84461,1,True,False
121336,0,False,False
2519,0,False,False
167378,0,False,False
83203,0,False,False
130626,0,False,False
107928,0,False,False
93723,0,False,False
185354,0,False,False
11510,0,False,False
39683,0,False,False
8537,0,False,False
187723,2,True,False
167959,0,False,False
54110,0,False,False
183662,0,False,False
100513,0,False,False
97435,0,False,False
29627,0,False,False
44790,0,False,False
111446,0,False,False
91172,1,True,False
123723,2,True,False
143114,0,False,False
136177,0,False,False
107961,0,False,False
69419,0,False,False
27369,0,False,False
141634,0,False,False
69248,0,False,False
40507,0,False,False
55676,0,False,False
44182,0,False,False
35882,0,False,False
38778,0,False,False
46007,3,True,False
98224,0,False,False
118584,0,False,False
87002,0,False,False
97926,0,False,False
123265,0,False,False
66410,0,False,False
10279,0,False,False
91916,0,False,False
17974,0,False,False
46653,1,True,False
145236,0,False,False
141139,0,False,False
83356,1,True,False
171250,0,False,False
119260,0,False,False
55718,1,True,False
48961,0,False,False
107578,0,False,False
94032,0,False,False
135090,0,False,False
45679,0,False,False
15709,0,False,False
6524,0,False,False
55952,0,False,False
119761,0,False,False
129530,0,False,False
75971,0,False,False
57518,0,False,False
60287,2,True,False
37101,0,False,False
63297,0,False,False
154509,0,False,False
18863,0,False,False
176272,0,False,False
159541,0,False,False
17895,0,False,False
45262,0,False,False
74627,0,False,False
97220,0,False,False
25081,0,False,False
110959,0,False,False
128027,0,False,False
181799,1,True,False
138938,0,False,False
33675,0,False,False
153263,0,False,False
48190,0,False,False
30654,0,False,False
36892,0,False,False
88892,0,False,False
71378,0,False,False
132475,0,False,False
148941,0,False,False
28712,0,False,False
47779,0,False,False
92770,0,False,False
103776,0,False,False
17738,1,True,False
126511,0,False,False
166243,0,False,False
36408,0,False,False
184316,0,False,False
63390,0,False,False
13362,0,False,False
104109,0,False,False
67538,0,False,False
140600,0,False,False
184222,0,False,False
165942,0,False,False
63418,8,True,False
177190,0,False,False
171593,0,False,False
38233,0,False,False
46440,0,False,False
22071,0,False,False
136450,0,False,False
41519,0,False,False
58789,0,False,False
17728,0,False,False
127505,0,False,False
5612,0,False,False
137283,0,False,False
62044,0,False,False
145229,0,False,False
3632,0,False,False
87399,25,True,False
100578,0,False,False
31645,0,False,False
102577,0,False,False
69640,0,False,False
56112,0,False,False
179963,0,False,False
110846,0,False,False
139392,0,False,False
85552,0,False,False
60993,0,False,False
22314,0,False,False
21439,1,True,False
38760,0,False,False
44411,0,False,False
59671,1,True,False
58315,0,False,False
175452,0,False,False
62446,0,False,False
150293,0,False,False
46039,0,False,False
139041,0,False,False
23892,0,False,False
60528,0,False,False
133773,0,False,False
117427,0,False,False
99276,0,False,False
116669,0,False,False
104207,0,False,False
92106,0,False,False
3737,0,False,False
2118,0,False,False
67750,0,False,False
52305,0,False,False
177144,0,False,False
119327,0,False,False
122425,0,False,False
23981,0,False,False
26010,0,False,False
184688,0,False,False
172820,0,False,False
27672,0,False,False
118320,0,False,False
27300,0,False,False
143665,0,False,False
35684,0,False,False
182770,7,True,False
62048,0,False,False
21025,0,False,False
20129,0,False,False
94289,0,False,False
84297,0,False,False
51713,0,False,False
178826,0,False,False
152841,0,False,False
140209,0,False,False
186397,0,False,False
82207,0,False,False
131605,0,False,False
122474,0,False,False
34637,0,False,False
25740,0,False,False
4324,0,False,False
47954,0,False,False
118569,0,False,False
160481,0,False,False
94216,40,True,False
181773,2,True,False
182421,1,True,False
55646,0,False,False
70546,0,False,False
100684,0,False,False
40021,0,False,False
169012,0,False,False
184581,0,False,False
37811,0,False,False
106180,0,False,False
121794,0,False,False
184074,0,False,False
34035,0,False,False
115590,0,False,False
116457,0,False,False
28748,0,False,False
101787,0,False,False
92678,0,False,False
24894,3,True,False
141942,0,False,False
34517,0,False,False
91361,0,False,False
48596,0,False,False
2034,5,True,False
28695,0,False,False
52474,0,False,False
181518,0,False,False
96079,3,True,False
186157,0,False,False
139461,0,False,False
146697,0,False,False
38260,0,False,False
134891,0,False,False
115132,0,False,False
601,0,False,False
44652,0,False,False
178094,0,False,False
35292,0,False,False
139571,0,False,False
126289,0,False,False
35722,0,False,False
36852,0,False,False
23370,0,False,False
139894,0,False,False
156822,0,False,False
95420,0,False,False
82043,0,False,False
170475,0,False,False
147513,0,False,False
149966,0,False,False
154837,0,False,False
59102,0,False,False
129090,0,False,False
73304,0,False,False
137896,0,False,False
120439,0,False,False
147370,0,False,False
130590,0,False,False
164632,0,False,False
57444,0,False,False
148589,0,False,False
74422,0,False,False
174957,2,True,False
132676,0,False,False
15273,0,False,False
149792,0,False,False
172883,0,False,False
69967,0,False,False
79429,0,False,False
4909,0,False,False
182012,0,False,False
99916,0,False,False
105586,0,False,False
74021,0,False,False
26773,0,False,False
78028,0,False,False
102327,0,False,False
4426,0,False,False
178638,0,False,False
159866,0,False,False
161493,0,False,False
13711,0,False,False
92433,0,False,False
27729,0,False,False
111383,0,False,False
104167,0,False,False
74581,0,False,False
61832,0,False,False
150957,0,False,False
136699,0,False,False
179624,0,False,False
43431,0,False,False
2820,0,False,False
133775,0,False,False
9631,0,False,False
128219,0,False,False
88720,3,True,False
187285,0,False,False
122608,0,False,False
44772,0,False,False
31248,0,False,False
123076,0,False,False
115154,0,False,False
154607,0,False,False
35491,0,False,False
78454,0,False,False
129365,0,False,False
184339,0,False,False
153001,1,True,False
33380,0,False,False
138210,0,False,False
44618,7,True,True
166664,0,False,False
136658,0,False,False
35804,0,False,False
98390,0,False,False
148140,0,False,False
41643,1,True,False
57298,0,False,False
136664,0,False,False
141436,0,False,False
33913,0,False,False
13844,0,False,False
163096,0,False,False
32939,0,False,False
21365,0,False,False
11101,0,False,False
178360,0,False,False
37098,0,False,False
30110,4,True,False
106053,0,False,False
64326,0,False,False
186273,0,False,False
175639,0,False,False
162302,0,False,False
141302,0,False,False
57708,2,True,False
103739,0,False,False
74406,0,False,False
48601,0,False,False
114189,0,False,False
26654,0,False,False
23875,1,True,True
110328,0,False,False
67343,0,False,False
138133,0,False,False
142149,0,False,False
158286,0,False,False
61839,0,False,False
94378,1,True,False
161402,0,False,False
27412,0,False,False
96965,0,False,False
113331,0,False,False
168634,0,False,False
14806,0,False,False
180791,2,True,False
137766,0,False,False
76289,1,True,False
83511,0,False,False
54697,1,True,False
59528,0,False,False
58811,0,False,False
2543,1,True,False
84848,0,False,False
165795,0,False,False
39175,0,False,False
170592,0,False,False
166028,0,False,False
161121,0,False,False
56284,0,False,False
24646,0,False,False
75597,1,True,False
180394,0,False,False
146426,0,False,False
60668,0,False,False
92333,0,False,False
132658,0,False,False
1438,0,False,False
122614,0,False,False
59445,0,False,False
1537,0,False,False
12850,0,False,False
10356,0,False,False
29,2,True,False
176779,0,False,False
47167,0,False,False
84960,0,False,False
106871,0,False,False
4195,0,False,False
140907,0,False,False
77025,0,False,False
93696,0,False,False
20708,0,False,False
139202,0,False,False
75981,0,False,False
35467,0,False,False
7838,0,False,False
2901,0,False,False
137116,0,False,False
53918,0,False,False
87095,0,False,False
56293,4,True,False
66854,0,False,False
111961,0,False,False
21310,0,False,False
123391,0,False,False
175841,0,False,False
50213,1,True,False
186521,0,False,False
154975,0,False,False
136442,0,False,False
153749,0,False,False
164006,0,False,False
89640,0,False,False
22494,0,False,False
22388,0,False,False
40333,0,False,False
63688,0,False,False
15183,0,False,False
131094,0,False,False
163005,0,False,False
148678,0,False,False
112706,0,False,False
43778,0,False,False
116868,0,False,False
97024,0,False,False
125077,0,False,False
70306,0,False,False
185297,0,False,False
38087,0,False,False
71200,0,False,False
73540,0,False,False
176640,0,False,False
182407,0,False,False
159074,0,False,False
61787,0,False,False
160771,0,False,False
142499,0,False,False
157060,0,False,False
115247,0,False,False
179294,0,False,False
53867,0,False,False
171762,4,True,False
183913,0,False,False
57330,0,False,False
29269,0,False,False
78557,1,True,False
140713,0,False,False
147763,0,False,False
50697,0,False,False
44022,0,False,False
38237,0,False,False
111801,0,False,False
159051,0,False,False
102738,0,False,False
78844,0,False,False
186923,1,True,False
129760,0,False,False
105025,0,False,False
21691,0,False,False
77794,1,True,False
6766,0,False,False
34921,0,False,False
111764,0,False,False
149116,0,False,False
169172,0,False,False
142535,0,False,False
1501,0,False,False
75908,0,False,False
145894,0,False,False
141357,0,False,False
99237,0,False,False
82831,0,False,False
13988,0,False,False
172075,0,False,False
117118,0,False,False
90047,0,False,False
97285,0,False,False
94558,0,False,False
112405,0,False,False
151338,0,False,False
48305,0,False,False
53750,0,False,False
145336,0,False,False
107986,0,False,False
131259,0,False,False
128375,0,False,False
97026,0,False,False
34832,0,False,False
150872,0,False,False
28787,0,False,False
86952,0,False,False
175159,2,True,False
103901,0,False,False
185107,1,True,False
37043,0,False,False
117689,0,False,False
24932,0,False,False
38721,0,False,False
91047,0,False,False
93230,8,True,False
108806,0,False,False
148407,0,False,False
88705,0,False,False
125496,0,False,False
26527,1,True,False
167555,0,False,False
116358,0,False,False
112933,0,False,False
55154,7,True,False
174422,0,False,False
102210,0,False,False
125129,0,False,False
43800,0,False,False
137537,0,False,False
149631,0,False,False
68210,0,False,False
187929,0,False,False
184234,0,False,False
131275,0,False,False
24651,0,False,False
65353,0,False,False
77735,0,False,False
52530,0,False,False
123029,0,False,False
67761,0,False,False
15526,0,False,False
7383,0,False,False
168451,0,False,False
142741,0,False,False
161647,0,False,False
18392,0,False,False
42049,0,False,False
21359,0,False,False
15767,0,False,False
83143,0,False,False
159343,0,False,False
174630,0,False,False
185031,0,False,False
165022,0,False,False
11090,0,False,False
83289,0,False,False
164044,0,False,False
183750,0,False,False
107964,0,False,False
156557,0,False,False
188422,0,False,False
60600,0,False,False
60945,0,False,False
82409,0,False,False
43484,0,False,False
6693,0,False,False
81028,0,False,False
17461,0,False,False
98645,0,False,False
148591,0,False,False
129662,0,False,False
142056,0,False,False
112361,0,False,False
175711,0,False,False
30738,0,False,False
162928,0,False,False
66684,0,False,False
84378,0,False,False
106929,0,False,False
48901,0,False,False
99847,0,False,False
158309,0,False,False
86543,0,False,False
146264,0,False,False
3740,0,False,False
166892,0,False,False
33038,0,False,False
167875,0,False,False
54417,0,False,False
71340,0,False,False
33762,0,False,False
113649,0,False,False
46580,1,True,False
82677,0,False,False
21036,0,False,False
4830,0,False,False
47373,0,False,False
179221,0,False,False
80278,0,False,False
7673,0,False,False
173241,0,False,False
8163,0,False,False
49742,0,False,False
28829,0,False,False
80282,0,False,False
88876,2,True,False
163961,0,False,False
548,0,False,False
43610,1,True,False
103708,0,False,False
151209,0,False,False
149255,0,False,False
124056,0,False,False
110391,0,False,False
104251,0,False,False
116949,0,False,False
154773,0,False,False
49364,0,False,False
93198,0,False,False
85129,0,False,False
84811,0,False,False
66888,0,False,False
15574,0,False,False
115339,0,False,False
165160,0,False,False
43317,0,False,False
181419,0,False,False
166106,0,False,False
125398,0,False,False
76122,0,False,False
86395,0,False,False
184006,0,False,False
106589,0,False,False
33333,0,False,False
98857,0,False,False
132223,0,False,False
84957,0,False,False
61425,0,False,False
182397,0,False,False
176620,0,False,False
49474,0,False,False
5552,0,False,False
170309,0,False,False
187288,0,False,False
170204,0,False,False
55434,0,False,False
167791,0,False,False
4260,0,False,False
61451,0,False,False
112316,0,False,False
154718,0,False,False
72088,0,False,False
49464,0,False,False
145027,0,False,False
53430,0,False,False
187874,0,False,False
8450,0,False,False
97315,0,False,False
95632,0,False,False
50557,0,False,False
108387,0,False,False
101398,0,False,False
188265,0,False,False
187820,0,False,False
4676,3,True,False
39408,0,False,False
35652,0,False,False
58236,0,False,False
19687,0,False,False
2155,0,False,False
169345,0,False,False
124263,0,False,False
131925,0,False,False
185237,0,False,False
125475,0,False,False
40436,0,False,False
5960,0,False,False
117492,0,False,False
181024,0,False,False
135793,0,False,False
130905,0,False,False
56521,0,False,False
180218,0,False,False
131081,0,False,False
131234,0,False,False
135558,0,False,False
170805,0,False,False
29387,0,False,False
169025,0,False,False
176198,0,False,False
126827,0,False,False
27561,0,False,False
102983,0,False,False
102229,0,False,False
17013,0,False,False
125834,0,False,False
88835,0,False,False
110743,0,False,False
80626,0,False,False
164093,0,False,False
106775,0,False,False
134924,0,False,False
54026,0,False,False
131509,0,False,False
47483,0,False,False
82088,0,False,False
127140,0,False,False
38421,0,False,False
105741,0,False,False
122488,0,False,False
22988,0,False,False
79965,0,False,False
84678,0,False,False
22524,0,False,False
53597,0,False,False
40911,0,False,False
127351,0,False,False
12444,2,True,False
46451,0,False,False
101561,0,False,False
23946,0,False,False
85541,0,False,False
147889,0,False,False
56289,0,False,False
19726,0,False,False
119026,0,False,False
2413,1,True,False
38078,0,False,False
134049,0,False,False
418,0,False,False
125664,0,False,False
9078,0,False,False
55878,0,False,False
2266,0,False,False
55014,0,False,False
160000,0,False,False
135494,0,False,False
160363,0,False,False
10371,0,False,False
174180,0,False,False
139567,0,False,False
97448,0,False,False
150829,0,False,False
19279,0,False,False
162549,0,False,False
36894,0,False,False
157763,0,False,False
86985,0,False,False
12671,0,False,False
186170,0,False,False
96589,0,False,False
123736,0,False,False
147401,0,False,False
47075,0,False,False
41369,0,False,False
176021,0,False,False
79520,0,False,False
144868,0,False,False
59418,0,False,False
16206,4,True,True
122271,0,False,False
112270,0,False,False
105235,0,False,False
133506,0,False,False
87203,0,False,False
174330,0,False,False
183301,6,True,True
149217,0,False,False
66270,0,False,False
65959,3,True,False
113071,0,False,False
53687,1,True,False
59233,0,False,False
3968,0,False,False
170323,0,False,False
4175,0,False,False
42080,0,False,False
29521,0,False,False
136129,0,False,False
112366,0,False,False
119661,0,False,False
26667,0,False,False
164690,0,False,False
146450,0,False,False
114903,0,False,False
80585,0,False,False
186611,0,False,False
96991,0,False,False
100781,0,False,False
98038,0,False,False
8388,0,False,False
121139,0,False,False
61323,0,False,False
76603,1,True,False
111633,0,False,False
147665,0,False,False
113754,0,False,False
64813,1,True,False
58242,0,False,False
167998,0,False,False
28464,2,True,True
7271,0,False,False
13630,0,False,False
133924,0,False,False
145744,0,False,False
126689,0,False,False
139345,0,False,False
162692,0,False,False
71042,0,False,False
46705,0,False,False
2417,0,False,False
183639,0,False,False
101217,0,False,False
100460,0,False,False
123534,0,False,False
145753,0,False,False
63970,0,False,False
29359,0,False,False
18236,0,False,False
184780,0,False,False
138532,0,False,False
68946,0,False,False
148942,0,False,False
8157,0,False,False
86459,0,False,False
162790,0,False,False
101196,0,False,False
174738,0,False,False
36574,0,False,False
125822,0,False,False
32009,0,False,False
38422,1,True,False
48270,26,True,False
57551,0,False,False
153431,0,False,False
54394,0,False,False
178441,0,False,False
75561,0,False,False
62273,2,True,False
68408,0,False,False
71836,0,False,False
113938,0,False,False
13226,0,False,False
57177,0,False,False
79587,2,True,False
114321,0,False,False
506,0,False,False
126551,0,False,False
82257,0,False,False
47095,0,False,False
48636,0,False,False
50095,0,False,False
10922,0,False,False
67919,0,False,False
110729,0,False,False
158486,0,False,False
1800,4,True,False
17783,0,False,False
40517,0,False,False
105532,0,False,False
171143,0,False,False
75724,3,True,False
29127,1,True,False
126139,0,False,False
155553,0,False,False
128325,0,False,False
170699,0,False,False
132396,0,False,False
173142,0,False,False
26717,0,False,False
32484,0,False,False
54288,0,False,False
96076,1,True,False
61256,0,False,False
94721,0,False,False
7298,0,False,False
101215,0,False,False
72967,0,False,False
1621,0,False,False
4022,0,False,False
29685,0,False,False
84478,0,False,False
53475,0,False,False
20136,0,False,False
112694,0,False,False
84528,0,False,False
156789,0,False,False
95509,0,False,False
142781,0,False,False
164656,0,False,False
64269,0,False,False
154040,1,True,False
20154,0,False,False
105021,0,False,False
188033,0,False,False
147582,0,False,False
121969,0,False,False
42093,0,False,False
53940,0,False,False
35037,0,False,False
19967,0,False,False
108726,1,True,False
65659,0,False,False
173646,0,False,False
5470,0,False,False
144755,0,False,False
116332,0,False,False
77284,0,False,False
172234,0,False,False
93481,0,False,False
146622,0,False,False
27870,0,False,False
33337,0,False,False
71285,0,False,False
12410,0,False,False
65842,2,True,False
30955,0,False,False
128491,0,False,False
36881,0,False,False
18540,0,False,False
41917,0,False,False
85123,0,False,False
171157,0,False,False
180338,1,True,False
40615,0,False,False
96811,0,False,False
181267,0,False,False
46696,0,False,False
85625,0,False,False
167123,0,False,False
22496,0,False,False
127596,0,False,False
163354,0,False,False
113036,0,False,False
88505,0,False,False
42930,0,False,False
160803,0,False,False
28683,0,False,False
63830,7,True,False
142812,0,False,False
10564,0,False,False
13173,0,False,False
5681,0,False,False
100749,2,True,False
101598,0,False,False
15249,2,True,False
170576,0,False,False
98472,0,False,False
174060,0,False,False
54647,0,False,False
184855,0,False,False
158065,0,False,False
26166,0,False,False
42685,0,False,False
751,0,False,False
103019,0,False,False
113403,0,False,False
170397,0,False,False
177025,0,False,False
107881,0,False,False
22276,0,False,False
108943,0,False,False
88086,0,False,False
39913,0,False,False
78051,1,True,False
153944,0,False,False
28875,0,False,False
132732,0,False,False
139566,0,False,False
77011,0,False,False
62788,0,False,False
152988,0,False,False
92692,0,False,False
143925,0,False,False
122305,0,False,False
25694,0,False,False
139886,0,False,False
158551,0,False,False
123235,0,False,False
184296,0,False,False
116216,0,False,False
84522,0,False,False
123761,2,True,False
185814,0,False,False
68436,1,True,False
98346,0,False,False
47635,0,False,False
77399,0,False,False
81072,0,False,False
69044,0,False,False
9047,1,True,False
108562,0,False,False
94696,3,True,False
3257,0,False,False
87331,0,False,False
28735,0,False,False
92400,0,False,False
138665,0,False,False
47290,1,True,False
45564,0,False,False
50765,3,True,False
177084,0,False,False
59809,0,False,False
164010,0,False,False
12695,3,True,False
119847,0,False,False
131069,0,False,False
157152,0,False,False
19891,0,False,False
40057,0,False,False
56690,0,False,False
152557,0,False,False
50290,2,True,False
170384,0,False,False
102919,0,False,False
78328,0,False,False
103562,0,False,False
22929,2,True,False
115409,0,False,False
42501,0,False,False
93729,1,True,False
9097,0,False,False
157026,0,False,False
36079,0,False,False
87739,0,False,False
128905,0,False,False
67856,0,False,False
79056,0,False,False
79007,0,False,False
117305,0,False,False
156696,0,False,False
111798,0,False,False
9414,0,False,False
4739,0,False,False
42869,0,False,False
91914,0,False,False
184199,0,False,False
126138,0,False,False
68079,0,False,False
22659,0,False,False
158951,0,False,False
121098,0,False,False
151380,0,False,False
90842,0,False,False
17478,0,False,False
160007,0,False,False
133760,0,False,False
63263,0,False,False
77376,0,False,False
13303,0,False,False
131185,0,False,False
25332,0,False,False
21130,0,False,False
87736,0,False,False
24494,0,False,False
122413,0,False,False
161322,0,False,False
13279,0,False,False
166789,0,False,False
16759,0,False,False
106830,0,False,False
25465,0,False,False
176100,0,False,False
128956,0,False,False
109867,0,False,False
13525,0,False,False
134566,0,False,False
179853,0,False,False
160194,0,False,False
126243,0,False,False
149863,0,False,False
142225,0,False,False
53374,0,False,False
21794,0,False,False
88923,0,False,False
57163,0,False,False
138367,0,False,False
16248,0,False,False
187034,0,False,False
183603,0,False,False
148559,0,False,False
4584,0,False,False
178828,0,False,False
174220,0,False,False
95512,0,False,False
96382,1,True,False
49412,0,False,False
46931,0,False,False
10585,0,False,False
156372,0,False,False
56071,0,False,False
67533,0,False,False
97983,0,False,False
165834,0,False,False
38468,1,True,False
150368,0,False,False
140594,0,False,False
11144,0,False,False
185934,0,False,False
181163,1,True,True
174566,0,False,False
13869,0,False,False
170623,0,False,False
93333,2,True,False
96923,0,False,False
53832,0,False,False
36049,0,False,False
133567,0,False,False
112225,0,False,False
43608,0,False,False
57928,0,False,False
31175,0,False,False
127978,0,False,False
152550,0,False,False
181474,0,False,False
26691,0,False,False
88575,1,True,False
70171,0,False,False
52912,0,False,False
188540,0,False,False
55985,0,False,False
131071,0,False,False
140256,0,False,False
159007,0,False,False
182792,0,False,False
7918,0,False,False
24554,0,False,False
104376,0,False,False
93445,0,False,False
166493,0,False,False
14391,3,True,False
64145,0,False,False
108456,0,False,False
86454,0,False,False
58786,0,False,False
181224,0,False,False
62746,0,False,False
82900,0,False,False
130438,0,False,False
170486,0,False,False
29800,0,False,False
119717,0,False,False
134953,0,False,False
107608,0,False,False
89077,0,False,False
28191,0,False,False
147104,0,False,False
57959,0,False,False
60058,0,False,False
112968,0,False,False
88062,0,False,False
23576,0,False,False
183371,0,False,False
19129,0,False,False
39119,0,False,False
92343,0,False,False
98715,0,False,False
1855,0,False,False
110430,0,False,False
84319,0,False,False
181545,3,True,False
129592,0,False,False
81413,0,False,False
183362,0,False,False
45121,0,False,False
44194,0,False,False
85487,0,False,False
172403,0,False,False
153852,0,False,False
185635,0,False,False
55397,0,False,False
159724,0,False,False
79349,0,False,False
36287,0,False,False
157554,0,False,False
54267,0,False,False
181777,0,False,False
2020,0,False,False
8132,0,False,False
174027,0,False,False
103076,0,False,False
122550,0,False,False
148918,0,False,False
178424,1,True,False
185039,0,False,False
136349,0,False,False
45229,0,False,False
63907,0,False,False
30905,0,False,False
112403,0,False,False
182538,0,False,False
113101,0,False,False
109141,0,False,False
60653,0,False,False
118119,0,False,False
90750,0,False,False
188413,0,False,False
150168,0,False,False
11653,0,False,False
58653,0,False,False
63750,0,False,False
94081,0,False,False
92779,0,False,False
10338,0,False,False
110827,0,False,False
408,0,False,False
165962,0,False,False
162053,0,False,False
85047,0,False,False
169683,0,False,False
187795,0,False,False
90233,0,False,False
111235,0,False,False
133352,0,False,False
83830,0,False,False
76322,0,False,False
175278,0,False,False
116060,0,False,False
70150,0,False,False
49472,0,False,False
157838,0,False,False
117800,0,False,False
99759,0,False,False
154564,0,False,False
68737,1,True,False
90955,0,False,False
75893,0,False,False
81723,0,False,False
179718,0,False,False
55929,0,False,False
151856,0,False,False
183820,0,False,False
15804,0,False,False
162098,0,False,False
133925,0,False,False
102784,0,False,False
52625,0,False,False
158990,0,False,False
157025,0,False,False
142044,0,False,False
65400,0,False,False
97768,0,False,False
151187,0,False,False
129393,0,False,False
45631,0,False,False
150995,0,False,False
165819,0,False,False
27324,2,True,False
47447,0,False,False
33824,0,False,False
53448,1,True,False
19272,0,False,False
182500,5,True,True
78272,0,False,False
160451,0,False,False
61782,0,False,False
154260,0,False,False
16684,0,False,False
150525,0,False,False
107481,0,False,False
45719,0,False,False
4500,0,False,False
107951,0,False,False
55326,1,True,False
173326,0,False,False
162829,0,False,False
47037,0,False,False
115361,0,False,False
84328,0,False,False
149377,0,False,False
29913,0,False,False
82577,0,False,False
159825,0,False,False
101796,0,False,False
41435,5,True,False
48683,0,False,False
137098,0,False,False
174524,0,False,False
18115,0,False,False
64743,0,False,False
50168,0,False,False
84238,2,True,False
33554,0,False,False
118236,0,False,False
154908,0,False,False
176284,0,False,False
46520,0,False,False
73343,0,False,False
282,0,False,False
168352,0,False,False
179803,1,True,False
123071,0,False,False
39632,0,False,False
178780,0,False,False
91777,0,False,False
179262,0,False,False
175409,0,False,False
182290,2,True,False
153996,0,False,False
80929,0,False,False
93610,0,False,False
101031,0,False,False
119587,0,False,False
126034,0,False,False
142902,0,False,False
717,1,True,False
73751,0,False,False
87960,0,False,False
111562,0,False,False
178100,0,False,False
87939,0,False,False
143397,0,False,False
144364,0,False,False
105181,0,False,False
139507,0,False,False
108584,0,False,False
148726,0,False,False
82478,0,False,False
144829,0,False,False
137084,0,False,False
6978,0,False,False
93147,0,False,False
57466,0,False,False
168955,0,False,False
177239,0,False,False
21416,0,False,False
164107,0,False,False
169555,0,False,False
105020,0,False,False
27308,0,False,False
126962,0,False,False
46627,0,False,False
170797,0,False,False
121763,0,False,False
112097,0,False,False
60889,0,False,False
152778,0,False,False
60868,0,False,False
66702,0,False,False
112303,0,False,False
118582,0,False,False
129021,0,False,False
149262,0,False,False
153956,0,False,False
40544,0,False,False
6867,0,False,False
12084,0,False,False
48705,0,False,False
83412,0,False,False
33781,0,False,False
92713,0,False,False
24684,0,False,False
93663,0,False,False
16673,0,False,False
22970,0,False,False
130495,0,False,False
60665,0,False,False
133720,0,False,False
179542,0,False,False
44149,0,False,False
144824,0,False,False
115142,0,False,False
59069,0,False,False
82205,0,False,False
85153,0,False,False
109731,0,False,False
182416,2,True,False
163844,0,False,False
170493,0,False,False
154800,0,False,False
58662,1,True,False
50560,0,False,False
4723,0,False,False
32238,0,False,False
107547,0,False,False
111322,0,False,False
77074,0,False,False
37604,0,False,False
88396,4,True,False
155347,0,False,False
9185,0,False,False
19681,1,True,False
61227,3,True,False
46594,0,False,False
143110,0,False,False
52938,0,False,False
41081,0,False,False
148152,0,False,False
187060,0,False,False
115258,0,False,False
153772,0,False,False
117172,0,False,False
116769,0,False,False
92422,2,True,True
20851,0,False,False
154614,0,False,False
95177,0,False,False
152070,0,False,False
6536,0,False,False
131402,0,False,False
169032,0,False,False
155880,0,False,False
176737,0,False,False
93794,0,False,False
23189,0,False,False
139229,0,False,False
7255,1,True,False
140677,0,False,False
118816,0,False,False
115808,0,False,False
113822,0,False,False
107093,0,False,False
68240,1,True,False
114715,0,False,False
5779,0,False,False
33173,0,False,False
157878,0,False,False
164272,0,False,False
84401,0,False,False
80329,0,False,False
127479,0,False,False
103067,0,False,False
31259,0,False,False
164783,0,False,False
15316,0,False,False
122638,0,False,False
93543,0,False,False
173606,0,False,False
9349,0,False,False
40009,0,False,False
136814,0,False,False
93846,0,False,False
92465,0,False,False
33013,0,False,False
14198,0,False,False
83462,0,False,False
187271,0,False,False
67828,0,False,False
148936,0,False,False
174549,0,False,False
36823,0,False,False
170306,0,False,False
143582,0,False,False
60891,0,False,False
59902,0,False,False
107574,0,False,False
41337,0,False,False
135275,0,False,False
98521,0,False,False
154666,0,False,False
117333,0,False,False
148506,0,False,False
132595,0,False,False
154320,0,False,False
104001,0,False,False
7080,0,False,False
52276,0,False,False
55855,0,False,False
69131,0,False,False
142970,0,False,False
143182,0,False,False
130739,0,False,False
146799,0,False,False
155599,0,False,False
4840,0,False,False
53906,0,False,False
118779,0,False,False
134789,0,False,False
178988,0,False,False
176762,0,False,False
177094,0,False,False
104006,0,False,False
84036,0,False,False
114368,0,False,False
90817,0,False,False
83183,0,False,False
128472,0,False,False
168676,0,False,False
98465,0,False,False
13623,0,False,False
172766,0,False,False
15246,0,False,False
64537,0,False,False
144478,0,False,False
923,1,True,False
48980,0,False,False
40856,2,True,False
4819,0,False,False
52901,0,False,False
149057,0,False,False
176895,0,False,False
1531,0,False,False
152343,0,False,False
149937,0,False,False
45716,0,False,False
49500,0,False,False
187577,0,False,False
21746,0,False,False
45100,0,False,False
182412,0,False,False
75928,0,False,False
113399,0,False,False
132516,0,False,False
96496,0,False,False
3125,0,False,False
42977,0,False,False
104430,0,False,False
38314,0,False,False
51594,0,False,False
149456,0,False,False
98783,0,False,False
45841,0,False,False
36777,0,False,False
73659,0,False,False
155036,0,False,False
10125,0,False,False
136343,0,False,False
40868,0,False,False
51903,0,False,False
130419,0,False,False
106009,0,False,False
157793,0,False,False
184569,0,False,False
72116,0,False,False
120993,0,False,False
87762,0,False,False
652,0,False,False
136507,0,False,False
186875,0,False,False
94989,0,False,False
47309,0,False,False
158579,0,False,False
145324,0,False,False
138072,0,False,False
154012,0,False,False
125162,0,False,False
137485,0,False,False
151011,0,False,False
87236,0,False,False
105077,0,False,False
143021,0,False,False
112760,0,False,False
76920,0,False,False
29571,0,False,False
176901,0,False,False
79450,0,False,False
143213,0,False,False
146952,0,False,False
128578,0,False,False
90201,0,False,False
91270,0,False,False
158548,0,False,False
185907,0,False,False
135240,0,False,False
123399,0,False,False
183369,3,True,False
20327,0,False,False
2806,0,False,False
95590,0,False,False
74297,1,True,False
87086,0,False,False
153633,0,False,False
16122,0,False,False
69817,0,False,False
34999,0,False,False
150759,0,False,False
115913,0,False,False
74552,0,False,False
16338,0,False,False
52372,0,False,False
102781,0,False,False
116853,0,False,False
139045,0,False,False
82240,0,False,False
113151,0,False,False
53785,0,False,False
142924,0,False,False
61062,0,False,False
99510,0,False,False
185778,0,False,False
64631,0,False,False
72793,5,True,False
170228,0,False,False
163806,0,False,False
141702,0,False,False
518,0,False,False
50276,0,False,False
69128,0,False,False
20371,0,False,False
9707,0,False,False
123458,0,False,False
109429,0,False,False
187918,0,False,False
81834,0,False,False
149837,0,False,False
115824,0,False,False
103252,0,False,False
10769,0,False,False
34505,0,False,False
166980,0,False,False
87644,0,False,False
99975,0,False,False
61139,0,False,False
25088,0,False,False
77090,0,False,False
168321,0,False,False
45929,1,True,True
144500,0,False,False
182771,0,False,False
33433,0,False,False
16484,0,False,False
183206,3,True,False
131607,0,False,False
57820,0,False,False
35328,0,False,False
107314,0,False,False
5221,2,True,False
107596,0,False,False
75976,0,False,False
135323,0,False,False
49073,0,False,False
42974,0,False,False
149480,0,False,False
9949,0,False,False
58567,0,False,False
17984,0,False,False
10742,0,False,False
114804,0,False,False
147393,0,False,False
49226,0,False,False
107428,0,False,False
163211,0,False,False
111206,0,False,False
49044,0,False,False
35919,0,False,False
117154,0,False,False
65106,0,False,False
114731,0,False,False
154622,0,False,False
177812,3,True,False
71758,0,False,False
17615,0,False,False
122345,0,False,False
187880,0,False,False
128912,0,False,False
106145,0,False,False
92816,0,False,False
2353,0,False,False
128143,0,False,False
69228,0,False,False
81737,0,False,False
46854,0,False,False
132184,0,False,False
148263,0,False,False
12943,0,False,False
103622,0,False,False
187625,0,False,False
28903,0,False,False
140361,0,False,False
49858,0,False,False
71599,0,False,False
61253,1,True,False
139071,0,False,False
60014,0,False,False
36887,0,False,False
40571,0,False,False
70921,0,False,False
39969,0,False,False
53935,0,False,False
48914,0,False,False
137180,0,False,False
166569,0,False,False
175245,1,True,False
145285,0,False,False
55530,0,False,False
156642,0,False,False
77628,0,False,False
115559,0,False,False
145616,0,False,False
187096,0,False,False
50881,0,False,False
63396,0,False,False
43781,0,False,False
29453,0,False,False
17216,0,False,False
166718,0,False,False
187473,0,False,False
41380,0,False,False
41165,0,False,False
178401,4,True,False
163986,0,False,False
74387,0,False,False
6295,0,False,False
8098,0,False,False
81588,0,False,False
55160,0,False,False
11363,0,False,False
77942,1,True,False
77650,0,False,False
25876,0,False,False
63180,0,False,False
93656,0,False,False
175489,0,False,False
46256,0,False,False
58376,0,False,False
96378,0,False,False
170294,0,False,False
26879,0,False,False
16583,0,False,False
66337,0,False,False
139617,0,False,False
91911,0,False,False
2920,0,False,False
100762,0,False,False
141319,0,False,False
104264,0,False,False
164323,0,False,False
157725,0,False,False
84426,0,False,False
15382,0,False,False
101842,0,False,False
93570,0,False,False
36315,0,False,False
111493,0,False,False
57788,0,False,False
124416,0,False,False
138564,0,False,False
182977,0,False,False
22865,0,False,False
19871,0,False,False
132533,0,False,False
6182,1,True,False
106804,0,False,False
149656,0,False,False
54415,0,False,False
155527,0,False,False
149359,0,False,False
38072,0,False,False
162642,0,False,False
21013,0,False,False
17425,0,False,False
89537,0,False,False
181205,1,True,False
113584,0,False,False
174522,2,True,False
163359,0,False,False
45931,0,False,False
178620,0,False,False
92835,11,True,False
158863,0,False,False
168515,0,False,False
123542,0,False,False
122980,0,False,False
10441,0,False,False
167075,0,False,False
141148,0,False,False
175095,0,False,False
124972,0,False,False
62245,0,False,False
25275,0,False,False
183419,1,True,True
184497,0,False,False
150726,0,False,False
130412,0,False,False
107042,0,False,False
133351,0,False,False
37578,0,False,False
79416,0,False,False
25939,0,False,False
43330,0,False,False
122263,0,False,False
156716,0,False,False
41499,0,False,False
106926,0,False,False
123563,0,False,False
92810,3,True,False
72801,0,False,False
78853,0,False,False
174732,0,False,False
100392,0,False,False
144670,0,False,False
71857,0,False,False
40744,0,False,False
95558,0,False,False
26505,0,False,False
103865,0,False,False
153057,0,False,False
106792,0,False,False
52202,0,False,False
69935,1,True,False
146878,0,False,False
89061,0,False,False
2815,0,False,False
186239,1,True,False
83236,0,False,False
112209,0,False,False
48828,0,False,False
183634,7,True,False
60260,0,False,False
50480,0,False,False
89964,0,False,False
22975,1,True,True
105690,0,False,False
148497,0,False,False
118065,0,False,False
77202,0,False,False
97616,0,False,False
159193,0,False,False
120393,0,False,False
110628,0,False,False
164185,0,False,False
124544,0,False,False
118208,0,False,False
129374,0,False,False
113106,0,False,False
172773,0,False,False
170899,0,False,False
147442,0,False,False
62519,0,False,False
911,0,False,False
176341,0,False,False
139087,0,False,False
46545,0,False,False
153766,3,True,True
51445,0,False,False
144725,0,False,False
66217,0,False,False
47554,0,False,False
182180,0,False,False
188371,0,False,False
116211,0,False,False
169244,0,False,False
152319,0,False,False
145312,0,False,False
9457,0,False,False
148647,0,False,False
166160,0,False,False
34950,0,False,False
130086,0,False,False
44277,0,False,False
135217,0,False,False
134823,0,False,False
182435,0,False,False
121371,0,False,False
40657,0,False,False
135754,0,False,False
176421,0,False,False
35425,0,False,False
130143,0,False,False
66441,0,False,False
177027,0,False,False
39303,0,False,False
168343,0,False,False
60590,0,False,False
171443,0,False,False
65864,0,False,False
182074,0,False,False
89791,0,False,False
102545,0,False,False
42203,0,False,False
40193,0,False,False
78641,2,True,False
77993,0,False,False
5175,0,False,False
164005,0,False,False
122059,0,False,False
36045,0,False,False
150519,0,False,False
144286,0,False,False
186788,0,False,False
51378,0,False,False
158090,0,False,False
130034,0,False,False
7791,0,False,False
115046,0,False,False
129888,0,False,False
34132,0,False,False
71430,0,False,False
165711,0,False,False
57606,0,False,False
45902,0,False,False
117048,0,False,False
85640,0,False,False
168337,0,False,False
148541,0,False,False
95802,7,True,True
181793,10,True,False
181311,0,False,False
174217,0,False,False
95131,3,True,False
137149,0,False,False
136538,0,False,False
137272,0,False,False
26257,0,False,False
48031,0,False,False
169912,0,False,False
68467,0,False,False
106812,0,False,False
20941,0,False,False
136568,0,False,False
108580,0,False,False
49673,1,True,False
26831,1,True,False
103753,0,False,False
60021,0,False,False
137873,0,False,False
138525,0,False,False
80656,0,False,False
50400,0,False,False
142807,0,False,False
124346,0,False,False
39589,0,False,False
166045,0,False,False
69196,1,True,False
42026,0,False,False
67491,3,True,True
187311,0,False,False
36282,0,False,False
140229,0,False,False
25487,0,False,False
65654,0,False,False
92273,0,False,False
17258,0,False,False
86313,0,False,False
153246,0,False,False
149354,0,False,False
184312,0,False,False
187936,0,False,False
121208,0,False,False
124567,0,False,False
87515,0,False,False
118161,0,False,False
159194,0,False,False
40332,0,False,False
73532,0,False,False
17201,0,False,False
148849,0,False,False
176861,0,False,False
19808,0,False,False
59273,1,True,False
114647,0,False,False
5264,0,False,False
5996,0,False,False
182950,1,True,False
140881,0,False,False
9054,0,False,False
37246,0,False,False
51460,0,False,False
68496,3,True,False
147563,0,False,False
153704,0,False,False
17469,2,True,False
107153,0,False,False
133902,0,False,False
34173,0,False,False
100295,0,False,False
147274,0,False,False
35930,0,False,False
95913,1,True,False
84132,0,False,False
46433,0,False,False
3789,6,True,False
47467,0,False,False
65558,0,False,False
45906,3,True,False
61342,0,False,False
30530,0,False,False
35098,0,False,False
17852,0,False,False
128145,0,False,False
126628,0,False,False
91862,0,False,False
122116,0,False,False
7869,0,False,False
156392,0,False,False
132782,0,False,False
83121,0,False,False
162756,0,False,False
93866,0,False,False
98911,0,False,False
168848,0,False,False
20308,0,False,False
17315,0,False,False
69426,0,False,False
159327,0,False,False
75377,0,False,False
7822,0,False,False
131876,0,False,False
148390,0,False,False
79365,0,False,False
105361,0,False,False
1056,0,False,False
113987,0,False,False
2487,0,False,False
168445,0,False,False
18608,0,False,False
171595,0,False,False
158487,0,False,False
46174,0,False,False
71515,0,False,False
159088,0,False,False
162173,0,False,False
77110,0,False,False
179053,0,False,False
42221,0,False,False
168794,0,False,False
186438,0,False,False
87901,0,False,False
5429,0,False,False
62449,0,False,False
28674,0,False,False
131102,0,False,False
119366,0,False,False
105896,0,False,False
105342,0,False,False
131636,0,False,False
166124,0,False,False
62781,0,False,False
13795,0,False,False
129341,0,False,False
178455,12,True,False
54531,0,False,False
53257,0,False,False
171485,0,False,False
85947,0,False,False
76191,0,False,False
19236,0,False,False
154013,0,False,False
54682,0,False,False
81303,0,False,False
70400,0,False,False
178096,0,False,False
133690,0,False,False
157563,0,False,False
18634,0,False,False
112256,0,False,False
40529,0,False,False
108900,0,False,False
122659,0,False,False
51561,0,False,False
157069,0,False,False
80452,0,False,False
87620,0,False,False
82735,0,False,False
7891,0,False,False
63310,0,False,False
50685,0,False,False
66761,0,False,False
61121,1,True,False
184255,0,False,False
157130,0,False,False
24779,0,False,False
64651,0,False,False
125798,0,False,False
89798,0,False,False
44681,3,True,True
32665,0,False,False
23273,0,False,False
135780,0,False,False
88587,1,True,False
38566,0,False,False
7500,0,False,False
71652,0,False,False
154182,0,False,False
125905,0,False,False
105485,0,False,False
186476,0,False,False
66560,0,False,False
3902,0,False,False
76238,0,False,False
137581,0,False,False
151927,0,False,False
128752,0,False,False
119951,1,True,False
159468,0,False,False
30098,0,False,False
154469,0,False,False
60455,0,False,False
46723,0,False,False
24537,0,False,False
14804,0,False,False
95971,0,False,False
104904,0,False,False
60269,0,False,False
144125,0,False,False
60766,0,False,False
164408,0,False,False
179638,2,True,False
175193,0,False,False
88933,0,False,False
148477,0,False,False
177019,0,False,False
67146,0,False,False
142577,0,False,False
36970,1,True,False
46798,1,True,False
165008,0,False,False
100095,0,False,False
139387,0,False,False
102452,0,False,False
52363,0,False,False
104206,0,False,False
184742,0,False,False
96750,2,True,False
102603,0,False,False
101297,0,False,False
167431,0,False,False
134604,0,False,False
50284,4,True,False
76204,0,False,False
119808,0,False,False
72220,0,False,False
179651,0,False,False
110302,0,False,False
993,0,False,False
17095,0,False,False
168838,0,False,False
167308,0,False,False
94848,0,False,False
123506,0,False,False
90764,0,False,False
143684,0,False,False
119857,0,False,False
138385,0,False,False
186050,0,False,False
123871,0,False,False
62146,1,True,False
182662,0,False,False
115627,0,False,False
80420,0,False,False
29052,0,False,False
441,0,False,False
42413,0,False,False
33584,0,False,False
9338,0,False,False
110770,0,False,False
128585,0,False,False
50362,0,False,False
22936,0,False,False
32404,0,False,False
99689,0,False,False
18205,1,True,False
110491,0,False,False
3963,0,False,False
62282,0,False,False
142513,0,False,False
3262,0,False,False
4293,0,False,False
172982,0,False,False
86621,0,False,False
85247,0,False,False
149426,0,False,False
136908,0,False,False
153925,0,False,False
56474,0,False,False
6912,2,True,False
112020,0,False,False
130371,0,False,False
127566,0,False,False
12132,1,True,False
150603,0,False,False
33711,0,False,False
102563,0,False,False
87811,0,False,False
20755,0,False,False
158445,0,False,False
152789,0,False,False
18925,0,False,False
58400,0,False,False
15057,0,False,False
136922,0,False,False
183024,0,False,False
145503,0,False,False
176813,0,False,False
133600,0,False,False
87250,0,False,False
98343,0,False,False
146942,0,False,False
104423,0,False,False
91061,5,True,False
73420,0,False,False
72555,0,False,False
163954,0,False,False
165409,0,False,False
74583,0,False,False
127036,0,False,False
75587,0,False,False
11114,2,True,False
112590,0,False,False
89734,0,False,False
29585,0,False,False
21106,0,False,False
141239,0,False,False
134439,0,False,False
67433,0,False,False
51411,0,False,False
74117,2,True,False
100734,0,False,False
144018,1,True,False
130550,0,False,False
122719,0,False,False
129688,0,False,False
48746,0,False,False
157108,0,False,False
176917,0,False,False
89108,0,False,False
168559,0,False,False
121731,0,False,False
67567,0,False,False
94209,0,False,False
76202,0,False,False
56270,0,False,False
66502,0,False,False
173049,0,False,False
52349,0,False,False
128164,0,False,False
171851,0,False,False
115053,0,False,False
183539,0,False,False
147362,0,False,False
185848,0,False,False
152022,0,False,False
172485,0,False,False
126115,0,False,False
129171,0,False,False
51355,0,False,False
64571,0,False,False
85260,0,False,False
131484,0,False,False
148136,0,False,False
164521,0,False,False
52815,0,False,False
166983,0,False,False
6096,0,False,False
29372,0,False,False
24727,0,False,False
55015,0,False,False
121973,0,False,False
15699,0,False,False
53945,0,False,False
13740,0,False,False
180788,0,False,False
12138,0,False,False
29917,0,False,False
18750,0,False,False
45184,0,False,False
65098,0,False,False
62289,13,True,False
138332,0,False,False
85547,0,False,False
34225,0,False,False
81073,0,False,False
83559,0,False,False
29218,0,False,False
77615,0,False,False
111880,0,False,False
16683,0,False,False
100744,0,False,False
80095,0,False,False
102137,0,False,False
137153,0,False,False
87959,0,False,False
50972,0,False,False
62212,1,True,False
7375,0,False,False
123979,0,False,False
80886,1,True,False
114726,0,False,False
121011,0,False,False
164760,0,False,False
158404,0,False,False
82013,0,False,False
22638,0,False,False
90245,1,True,False
74964,0,False,False
2277,0,False,False
138316,0,False,False
1634,3,True,True
62480,0,False,False
22661,0,False,False
73813,0,False,False
103917,0,False,False
12371,0,False,False
180149,0,False,False
171911,0,False,False
65464,0,False,False
186152,0,False,False
73137,0,False,False
127224,0,False,False
174966,0,False,False
25798,0,False,False
12378,0,False,False
154848,0,False,False
147777,0,False,False
107220,0,False,False
185655,0,False,False
143048,0,False,False
155224,0,False,False
181947,1,True,False
89689,0,False,False
157184,0,False,False
41373,0,False,False
20287,0,False,False
50444,0,False,False
55567,0,False,False
118294,0,False,False
84266,0,False,False
13544,0,False,False
149932,0,False,False
138001,0,False,False
96476,0,False,False
161553,0,False,False
5285,0,False,False
5517,0,False,False
78629,0,False,False
120980,0,False,False
40893,0,False,False
19629,0,False,False
40201,0,False,False
101014,0,False,False
68463,3,True,False
96745,0,False,False
74756,0,False,False
105861,0,False,False
156066,0,False,False
161199,0,False,False
87104,0,False,False
172971,0,False,False
168707,0,False,False
86679,0,False,False
147891,0,False,False
11244,0,False,False
3343,0,False,False
77146,0,False,False
23288,0,False,False
44661,9,True,True
42186,0,False,False
46057,0,False,False
46207,0,False,False
69697,0,False,False
128593,0,False,False
23554,0,False,False
52180,0,False,False
175857,0,False,False
56938,0,False,False
177104,0,False,False
151660,0,False,False
89222,0,False,False
52429,1,True,False
43770,0,False,False
134665,1,True,False
92259,2,True,False
98191,0,False,False
122841,0,False,False
148602,0,False,False
41356,0,False,False
41039,0,False,False
82183,0,False,False
24803,0,False,False
84496,0,False,False
139648,0,False,False
141381,0,False,False
116640,0,False,False
167914,0,False,False
180830,0,False,False
17865,0,False,False
91658,0,False,False
27166,0,False,False
84490,4,True,False
86081,0,False,False
96386,1,True,False
80366,0,False,False
161213,0,False,False
138558,0,False,False
60526,0,False,False
53794,0,False,False
172972,3,True,True
97996,0,False,False
118740,0,False,False
154743,0,False,False
5655,0,False,False
65603,0,False,False
1908,0,False,False
65039,0,False,False
19059,0,False,False
53914,0,False,False
31951,0,False,False
68342,0,False,False
106005,0,False,False
70402,9,True,True
167246,0,False,False
184775,0,False,False
149950,0,False,False
76981,0,False,False
13354,0,False,False
105199,0,False,False
136191,0,False,False
106246,0,False,False
112860,0,False,False
75631,0,False,False
99488,0,False,False
71826,0,False,False
39220,0,False,False
11931,0,False,False
164602,0,False,False
67902,1,True,False
183537,0,False,False
178206,0,False,False
13037,6,True,False
43502,0,False,False
91931,0,False,False
2969,1,True,False
87857,0,False,False
126790,0,False,False
41047,0,False,False
177497,1,True,False
14832,0,False,False
29183,0,False,False
185693,0,False,False
42247,0,False,False
181521,0,False,False
60031,0,False,False
21058,0,False,False
145698,0,False,False
49985,0,False,False
9005,0,False,False
177136,0,False,False
184001,0,False,False
50287,3,True,False
53113,0,False,False
71741,0,False,False
165253,0,False,False
39930,0,False,False
30538,3,True,False
155968,0,False,False
113947,0,False,False
107665,0,False,False
46744,0,False,False
125436,0,False,False
5457,0,False,False
186044,0,False,False
118526,0,False,False
115263,0,False,False
136705,0,False,False
6386,0,False,False
181608,0,False,False
82432,0,False,False
135324,0,False,False
156005,0,False,False
142507,0,False,False
141732,0,False,False
43559,1,True,False
89823,0,False,False
147678,0,False,False
73708,0,False,False
163847,0,False,False
122729,0,False,False
147833,0,False,False
66438,6,True,False
178169,2,True,True
131305,0,False,False
174776,0,False,False
59602,2,True,False
21065,0,False,False
185834,0,False,False
136674,0,False,False
75970,0,False,False
29522,0,False,False
183242,3,True,False
115011,0,False,False
7742,0,False,False
25891,0,False,False
112322,0,False,False
155672,0,False,False
23491,0,False,False
110361,0,False,False
168926,0,False,False
152244,0,False,False
102998,0,False,False
157714,0,False,False
78151,0,False,False
73484,0,False,False
19938,0,False,False
64834,0,False,False
141978,0,False,False
77098,0,False,False
169592,0,False,False
13652,0,False,False
72747,0,False,False
46728,0,False,False
38598,0,False,False
2882,0,False,False
141597,0,False,False
60936,0,False,False
1249,0,False,False
7081,0,False,False
178394,0,False,False
112754,0,False,False
66434,0,False,False
135557,0,False,False
82728,0,False,False
85891,0,False,False
150608,0,False,False
7567,0,False,False
66885,0,False,False
118793,0,False,False
5754,0,False,False
68893,0,False,False
5835,0,False,False
85806,0,False,False
88868,0,False,False
125349,0,False,False
135630,0,False,False
107269,0,False,False
109766,0,False,False
41322,1,True,False
104740,0,False,False
137346,0,False,False
107642,0,False,False
70766,1,True,True
162129,0,False,False
97071,0,False,False
152762,0,False,False
100478,0,False,False
137400,0,False,False
94171,1,True,True
168961,0,False,False
169039,0,False,False
13587,0,False,False
179299,0,False,False
123290,0,False,False
116598,0,False,False
162946,0,False,False
60188,0,False,False
173460,0,False,False
95496,0,False,False
10409,0,False,False
16310,0,False,False
57960,0,False,False
48654,0,False,False
146102,0,False,False
47162,0,False,False
34958,0,False,False
10429,0,False,False
3131,0,False,False
131388,0,False,False
52091,0,False,False
80621,0,False,False
22521,0,False,False
29642,0,False,False
23919,0,False,False
106177,0,False,False
4834,0,False,False
171362,0,False,False
174935,0,False,False
42277,0,False,False
101910,0,False,False
74156,0,False,False
134328,0,False,False
154396,0,False,False
149245,0,False,False
115307,0,False,False
14848,0,False,False
169289,0,False,False
34467,0,False,False
89091,0,False,False
147926,0,False,False
117615,0,False,False
16377,0,False,False
24239,0,False,False
120909,0,False,False
22779,0,False,False
44146,0,False,False
20291,0,False,False
139169,0,False,False
143403,0,False,False
92509,0,False,False
41580,0,False,False
114387,0,False,False
10959,0,False,False
130491,0,False,False
8282,0,False,False
42407,1,True,False
144938,0,False,False
80615,0,False,False
114748,0,False,False
10011,0,False,False
162138,0,False,False
4780,0,False,False
49176,0,False,False
77278,0,False,False
120946,0,False,False
142967,0,False,False
137421,0,False,False
168876,0,False,False
3149,0,False,False
69040,0,False,False
98235,0,False,False
175904,0,False,False
14242,0,False,False
141426,0,False,False
8740,0,False,False
4267,0,False,False
58460,0,False,False
155963,0,False,False
169676,0,False,False
182898,0,False,False
188027,0,False,False
18939,0,False,False
139325,0,False,False
179453,0,False,False
137285,0,False,False
122069,0,False,False
161206,0,False,False
13625,0,False,False
92338,0,False,False
160572,0,False,False
158279,0,False,False
169155,0,False,False
188156,0,False,False
58991,0,False,False
168210,0,False,False
148147,0,False,False
131777,0,False,False
78883,2,True,False
789,0,False,False
96148,0,False,False
40525,0,False,False
155641,0,False,False
84650,0,False,False
65968,0,False,False
34185,0,False,False
27103,0,False,False
169163,0,False,False
74587,0,False,False
142287,0,False,False
58982,2,True,False
136058,0,False,False
180701,0,False,False
108158,0,False,False
173718,0,False,False
92827,3,True,False
67472,0,False,False
59619,7,True,False
175951,1,True,False
60584,1,True,False
152908,0,False,False
181774,0,False,False
28134,0,False,False
125071,0,False,False
53215,0,False,False
121650,0,False,False
102532,0,False,False
93779,0,False,False
19615,0,False,False
144946,0,False,False
156431,0,False,False
103662,0,False,False
124681,0,False,False
119883,0,False,False
58069,0,False,False
63026,0,False,False
101934,0,False,False
78615,0,False,False
173058,0,False,False
299,0,False,False
104072,0,False,False
147150,0,False,False
168433,0,False,False
125415,0,False,False
97858,0,False,False
136826,0,False,False
173446,0,False,False
7848,0,False,False
46106,0,False,False
57505,0,False,False
55691,0,False,False
114325,0,False,False
166709,0,False,False
145598,0,False,False
26886,1,True,False
81189,0,False,False
111822,0,False,False
135159,0,False,False
140943,0,False,False
11872,0,False,False
133201,0,False,False
33086,1,True,True
89458,0,False,False
68371,0,False,False
152951,0,False,False
179892,4,True,True
169294,0,False,False
25787,0,False,False
40639,0,False,False
25061,2,True,False
115797,0,False,False
5447,0,False,False
49489,0,False,False
75788,1,True,False
107822,0,False,False
122520,0,False,False
98795,0,False,False
140044,0,False,False
135043,0,False,False
16931,0,False,False
76510,0,False,False
24184,0,False,False
146075,0,False,False
160910,0,False,False
67500,0,False,False
94127,0,False,False
129114,0,False,False
123236,0,False,False
143817,0,False,False
161229,0,False,False
91832,1,True,False
185049,0,False,False
120970,0,False,False
11607,0,False,False
171510,0,False,False
21883,0,False,False
24388,0,False,False
98451,0,False,False
51820,0,False,False
76803,0,False,False
77039,0,False,False
170967,0,False,False
143946,0,False,False
79707,0,False,False
4319,0,False,False
164018,0,False,False
15605,0,False,False
161970,0,False,False
36057,0,False,False
168212,0,False,False
20484,0,False,False
29905,0,False,False
35532,1,True,False
21108,0,False,False
132762,0,False,False
68640,0,False,False
70509,0,False,False
134335,0,False,False
154233,0,False,False
37540,0,False,False
138378,0,False,False
49750,0,False,False
142693,0,False,False
175390,0,False,False
155597,0,False,False
170426,0,False,False
16864,0,False,False
4281,0,False,False
121861,0,False,False
84261,0,False,False
124696,0,False,False
20666,0,False,False
67605,0,False,False
4730,0,False,False
40347,0,False,False
112014,0,False,False
10875,0,False,False
95884,0,False,False
77001,0,False,False
186621,0,False,False
142084,0,False,False
39898,0,False,False
137964,0,False,False
104810,0,False,False
96359,0,False,False
122254,0,False,False
142870,0,False,False
19569,0,False,False
151205,0,False,False
173907,0,False,False
149980,0,False,False
114449,0,False,False
144337,0,False,False
156049,0,False,False
69619,2,True,False
32438,0,False,False
152947,0,False,False
184592,0,False,False
164978,0,False,False
62643,0,False,False
49523,0,False,False
116054,0,False,False
175513,1,True,False
117010,0,False,False
42892,0,False,False
118199,0,False,False
100533,0,False,False
78378,3,True,True
33747,0,False,False
16133,0,False,False
139213,0,False,False
73009,0,False,False
169890,0,False,False
31900,0,False,False
96613,0,False,False
116814,0,False,False
11493,0,False,False
123128,0,False,False
147163,0,False,False
61703,0,False,False
96433,0,False,False
110034,0,False,False
36844,0,False,False
63232,0,False,False
102944,0,False,False
27413,0,False,False
19145,0,False,False
53859,0,False,False
110469,0,False,False
115882,0,False,False
140585,0,False,False
98791,0,False,False
134778,0,False,False
66390,0,False,False
112474,0,False,False
23459,0,False,False
95609,4,True,False
152200,0,False,False
39130,1,True,False
84390,0,False,False
33287,0,False,False
70621,1,True,False
89795,0,False,False
954,0,False,False
181304,0,False,False
162208,0,False,False
59241,0,False,False
46675,3,True,False
25193,0,False,False
2070,0,False,False
116886,0,False,False
18872,0,False,False
44123,1,True,False
99428,0,False,False
166524,0,False,False
170831,0,False,False
28905,0,False,False
139170,0,False,False
26721,0,False,False
17696,0,False,False
134090,0,False,False
96622,0,False,False
168637,0,False,False
8684,2,True,False
173727,0,False,False
104956,0,False,False
17831,0,False,False
115889,0,False,False
116442,0,False,False
142104,0,False,False
137171,0,False,False
2932,0,False,False
155602,0,False,False
165820,0,False,False
56498,0,False,False
31535,1,True,False
97311,0,False,False
143639,0,False,False
93482,0,False,False
160133,0,False,False
72800,0,False,False
154389,0,False,False
86164,0,False,False
74734,0,False,False
57454,0,False,False
7467,0,False,False
134700,0,False,False
177996,8,True,False
93251,0,False,False
132656,0,False,False
176698,0,False,False
183199,0,False,False
19167,0,False,False
145968,0,False,False
116333,0,False,False
56265,0,False,False
116804,0,False,False
125686,0,False,False
759,0,False,False
155107,0,False,False
83173,0,False,False
70255,0,False,False
67797,0,False,False
132400,0,False,False
76890,0,False,False
30739,1,True,False
76593,1,True,False
115599,0,False,False
123174,0,False,False
11473,0,False,False
164995,0,False,False
81822,0,False,False
44072,0,False,False
15788,0,False,False
25379,0,False,False
60376,0,False,False
127535,0,False,False
105740,0,False,False
184754,0,False,False
121854,0,False,False
24630,0,False,False
163114,0,False,False
39954,0,False,False
173414,1,True,False
6468,0,False,False
145661,0,False,False
117661,0,False,False
87184,0,False,False
53060,0,False,False
172776,0,False,False
9916,0,False,False
165197,0,False,False
134362,0,False,False
124301,0,False,False
135247,0,False,False
154764,0,False,False
74599,0,False,False
19987,0,False,False
59526,0,False,False
77150,0,False,False
17578,0,False,False
138357,0,False,False
22688,0,False,False
186112,0,False,False
10523,0,False,False
71518,0,False,False
74050,1,True,False
136518,0,False,False
9894,0,False,False
157478,0,False,False
170582,0,False,False
30729,0,False,False
50641,0,False,False
42940,0,False,False
76241,0,False,False
91798,0,False,False
123495,0,False,False
160951,0,False,False
26659,0,False,False
160571,0,False,False
81557,0,False,False
53850,0,False,False
21363,0,False,False
107763,0,False,False
133982,0,False,False
25378,0,False,False
188441,0,False,False
114595,0,False,False
47730,0,False,False
116412,0,False,False
125695,0,False,False
82087,0,False,False
188107,2,True,False
24833,0,False,False
129905,0,False,False
38148,0,False,False
150501,0,False,False
13454,0,False,False
66274,0,False,False
51250,0,False,False
21282,0,False,False
169902,0,False,False
75053,0,False,False
34927,0,False,False
131726,0,False,False
118848,0,False,False
40677,0,False,False
185980,0,False,False
77038,0,False,False
108213,0,False,False
40540,0,False,False
49928,0,False,False
9110,0,False,False
82056,0,False,False
150149,0,False,False
82997,0,False,False
114850,0,False,False
144527,0,False,False
48897,0,False,False
107915,0,False,False
92533,0,False,False
76668,1,True,False
65062,0,False,False
15686,1,True,False
124097,0,False,False
118884,0,False,False
174264,0,False,False
157788,0,False,False
101262,0,False,False
170461,0,False,False
56420,1,True,False
40054,13,True,True
155285,0,False,False
53242,0,False,False
95624,0,False,False
23860,0,False,False
97516,0,False,False
164146,0,False,False
111416,0,False,False
72016,0,False,False
130090,0,False,False
89829,5,True,False
157872,0,False,False
118934,0,False,False
182911,0,False,False
32052,1,True,False
58784,0,False,False
121592,0,False,False
128470,0,False,False
29583,0,False,False
99305,0,False,False
119963,0,False,False
85612,0,False,False
3365,0,False,False
81265,0,False,False
152772,0,False,False
103829,0,False,False
87993,0,False,False
129858,0,False,False
131599,0,False,False
175228,0,False,False
176681,0,False,False
24139,0,False,False
56992,0,False,False
115670,0,False,False
32811,0,False,False
27619,0,False,False
164091,0,False,False
149424,0,False,False
57766,0,False,False
68675,0,False,False
169465,0,False,False
104454,0,False,False
167719,0,False,False
90554,0,False,False
116273,0,False,False
45537,0,False,False
49549,0,False,False
36952,0,False,False
53219,0,False,False
83553,0,False,False
165463,0,False,False
73471,0,False,False
171943,0,False,False
22734,0,False,False
128438,0,False,False
152047,0,False,False
84123,0,False,False
31111,0,False,False
57413,0,False,False
44318,0,False,False
160682,0,False,False
111532,0,False,False
129750,0,False,False
3048,0,False,False
185860,0,False,False
157133,0,False,False
133843,0,False,False
85526,0,False,False
70896,0,False,False
124480,0,False,False
165596,0,False,False
95195,0,False,False
57595,0,False,False
158774,0,False,False
124982,0,False,False
75717,0,False,False
78351,0,False,False
43459,0,False,False
154762,0,False,False
88265,0,False,False
184310,0,False,False
141876,0,False,False
102200,0,False,False
66237,0,False,False
125867,0,False,False
114317,0,False,False
129907,0,False,False
14105,0,False,False
160747,0,False,False
161729,0,False,False
4956,0,False,False
54550,4,True,False
61920,0,False,False
1885,0,False,False
156123,0,False,False
34963,0,False,False
58427,0,False,False
23306,0,False,False
87242,0,False,False
30636,1,True,False
69451,0,False,False
96610,0,False,False
10719,0,False,False
158171,0,False,False
38657,2,True,False
40264,0,False,False
30727,0,False,False
5102,2,True,False
48699,0,False,False
98599,0,False,False
167633,0,False,False
15241,7,True,False
167542,0,False,False
24618,0,False,False
151232,0,False,False
1088,0,False,False
121112,0,False,False
44213,0,False,False
2047,0,False,False
109994,0,False,False
166441,0,False,False
5983,0,False,False
31589,0,False,False
145579,0,False,False
162732,0,False,False
76549,0,False,False
70336,0,False,False
18860,0,False,False
182922,10,True,False
138964,0,False,False
86143,0,False,False
41341,0,False,False
64150,2,True,False
54925,0,False,False
178134,0,False,False
31941,0,False,False
74302,0,False,False
135915,0,False,False
178690,2,True,False
117080,0,False,False
15375,0,False,False
111821,0,False,False
90895,4,True,False
130636,0,False,False
129565,0,False,False
46414,0,False,False
32085,2,True,False
157275,0,False,False
5874,0,False,False
161800,0,False,False
40722,0,False,False
88974,0,False,False
96766,0,False,False
77373,0,False,False
180939,0,False,False
161117,0,False,False
35090,0,False,False
164052,0,False,False
51129,0,False,False
101088,0,False,False
15433,0,False,False
29516,0,False,False
157398,0,False,False
88641,0,False,False
38257,1,True,False
25031,0,False,False
148369,0,False,False
46351,0,False,False
119054,0,False,False
251,0,False,False
8347,0,False,False
127847,0,False,False
148410,0,False,False
89402,0,False,False
18374,0,False,False
39528,0,False,False
124891,0,False,False
94149,1,True,False
170261,0,False,False
140238,0,False,False
24039,0,False,False
112714,0,False,False
65576,0,False,False
42937,0,False,False
98202,0,False,False
49912,0,False,False
30369,0,False,False
135181,0,False,False
186650,2,True,False
1762,0,False,False
165808,0,False,False
78964,0,False,False
11966,1,True,False
16126,3,True,True
105370,0,False,False
29951,0,False,False
80647,0,False,False
118815,0,False,False
157723,0,False,False
25916,0,False,False
170569,0,False,False
105834,0,False,False
107281,0,False,False
113820,1,True,False
171430,0,False,False
93604,0,False,False
151442,0,False,False
60745,0,False,False
163447,0,False,False
20671,0,False,False
30249,0,False,False
63898,0,False,False
120495,0,False,False
96685,0,False,False
16914,0,False,False
33926,0,False,False
23447,0,False,False
145272,0,False,False
60683,0,False,False
106255,0,False,False
156311,0,False,False
98043,0,False,False
60405,0,False,False
98622,0,False,False
143894,0,False,False
97578,0,False,False
166200,0,False,False
84996,0,False,False
59226,1,True,False
32733,0,False,False
1182,0,False,False
127359,0,False,False
70389,0,False,False
3203,0,False,False
107029,0,False,False
42210,0,False,False
74888,0,False,False
49165,0,False,False
115811,0,False,False
142232,0,False,False
125954,0,False,False
25228,0,False,False
91792,0,False,False
42584,0,False,False
48419,0,False,False
82384,0,False,False
60199,0,False,False
137220,0,False,False
116797,0,False,False
142804,0,False,False
101241,0,False,False
88031,0,False,False
127409,0,False,False
50377,0,False,False
182923,10,True,False
87097,0,False,False
117213,0,False,False
103749,0,False,False
52605,0,False,False
46179,0,False,False
89464,0,False,False
2953,0,False,False
63317,1,True,False
20823,0,False,False
24489,0,False,False
188553,0,False,False
1586,0,False,False
76257,0,False,False
158052,0,False,False
98846,0,False,False
94276,0,False,False
12973,1,True,False
30013,0,False,False
130106,0,False,False
47825,0,False,False
118136,0,False,False
45331,0,False,False
1323,0,False,False
30061,0,False,False
116501,0,False,False
164356,0,False,False
81195,0,False,False
28142,0,False,False
10739,0,False,False
61136,0,False,False
151420,0,False,False
69344,1,True,False
64946,0,False,False
144352,0,False,False
64139,2,True,False
155763,0,False,False
113887,0,False,False
50143,0,False,False
22663,0,False,False
83299,0,False,False
20321,0,False,False
148347,0,False,False
22009,0,False,False
12406,0,False,False
73083,0,False,False
137753,0,False,False
181897,0,False,False
21833,0,False,False
117037,0,False,False
85400,0,False,False
183385,0,False,False
173496,0,False,False
18817,0,False,False
118730,0,False,False
105177,0,False,False
35570,0,False,False
120301,0,False,False
102833,0,False,False
125220,0,False,False
34708,0,False,False
163754,0,False,False
110694,0,False,False
141648,0,False,False
132902,0,False,False
39280,1,True,False
11737,0,False,False
169459,0,False,False
12798,0,False,False
130688,0,False,False
2105,0,False,False
147984,0,False,False
64751,0,False,False
72284,0,False,False
14125,0,False,False
148937,1,True,False
97296,0,False,False
38886,0,False,False
84354,0,False,False
73572,0,False,False
6156,0,False,False
50866,0,False,False
28622,0,False,False
30958,0,False,False
176565,2,True,False
136966,0,False,False
8031,0,False,False
10374,0,False,False
81601,0,False,False
174171,0,False,False
186502,0,False,False
46161,0,False,False
1143,0,False,False
73830,0,False,False
55205,0,False,False
7292,0,False,False
137217,0,False,False
152379,0,False,False
40602,0,False,False
112466,0,False,False
48398,11,True,False
101434,0,False,False
102349,0,False,False
26020,0,False,False
152732,0,False,False
46298,0,False,False
159891,0,False,False
161232,0,False,False
164609,0,False,False
164722,0,False,False
100506,0,False,False
162707,0,False,False
143215,0,False,False
161183,0,False,False
133953,0,False,False
73983,0,False,False
18340,0,False,False
6979,0,False,False
147400,0,False,False
82848,3,True,False
85001,2,True,True
134185,0,False,False
113477,0,False,False
14591,0,False,False
96411,1,True,False
134485,0,False,False
169620,0,False,False
25654,0,False,False
97442,0,False,False
177465,0,False,False
15255,0,False,False
79294,0,False,False
87663,0,False,False
157437,0,False,False
181455,0,False,False
79803,0,False,False
149660,0,False,False
36406,0,False,False
9879,0,False,False
66389,0,False,False
185627,0,False,False
131546,0,False,False
52604,0,False,False
80099,0,False,False
10944,0,False,False
116695,0,False,False
30170,0,False,False
183238,0,False,False
29260,0,False,False
32,5,True,False
75654,1,True,False
182001,16,True,False
27270,0,False,False
4711,0,False,False
69185,0,False,False
35137,0,False,False
108772,0,False,False
98917,0,False,False
56972,0,False,False
2478,0,False,False
7778,0,False,False
67144,0,False,False
43695,0,False,False
100595,0,False,False
135271,0,False,False
43679,0,False,False
73787,0,False,False
131740,0,False,False
160313,0,False,False
18153,0,False,False
83747,0,False,False
167776,0,False,False
168201,0,False,False
20516,1,True,False
122997,0,False,False
163171,0,False,False
118548,0,False,False
140336,0,False,False
50990,0,False,False
169174,0,False,False
170651,0,False,False
83392,0,False,False
157869,0,False,False
118195,0,False,False
28398,0,False,False
67192,0,False,False
91201,0,False,False
5551,0,False,False
42860,0,False,False
173737,0,False,False
136807,0,False,False
21472,0,False,False
73365,0,False,False
107598,0,False,False
26619,0,False,False
150323,0,False,False
16930,1,True,False
105328,0,False,False
80176,0,False,False
174654,0,False,False
75292,0,False,False
28923,0,False,False
4290,0,False,False
125113,0,False,False
94897,0,False,False
52534,0,False,False
180824,0,False,False
169269,0,False,False
31008,1,True,False
1201,0,False,False
126372,0,False,False
67063,0,False,False
174650,0,False,False
2744,0,False,False
96897,0,False,False
129208,0,False,False
48546,0,False,False
183902,0,False,False
9011,0,False,False
188370,0,False,False
172980,3,True,True
103678,0,False,False
138180,0,False,False
53468,0,False,False
178060,0,False,False
175710,0,False,False
34556,0,False,False
174249,0,False,False
15631,0,False,False
67839,0,False,False
111175,0,False,False
25485,0,False,False
85809,0,False,False
166453,0,False,False
62455,0,False,False
185160,0,False,False
24276,0,False,False
22105,0,False,False
128094,0,False,False
71040,0,False,False
122181,0,False,False
154335,0,False,False
119803,0,False,False
153927,0,False,False
112028,0,False,False
136082,0,False,False
52159,0,False,False
104136,0,False,False
179817,0,False,False
160650,0,False,False
114536,0,False,False
114583,0,False,False
133878,0,False,False
118928,0,False,False
130756,0,False,False
122217,0,False,False
141397,0,False,False
23529,0,False,False
44939,0,False,False
17176,0,False,False
45958,0,False,False
56197,0,False,False
184517,0,False,False
66663,0,False,False
115651,0,False,False
143022,0,False,False
21850,0,False,False
6367,0,False,False
108065,0,False,False
88957,0,False,False
182718,1,True,False
72684,0,False,False
140089,0,False,False
74505,0,False,False
38114,0,False,False
166211,0,False,False
144754,0,False,False
144367,0,False,False
141208,0,False,False
45111,1,True,False
69340,0,False,False
60929,0,False,False
166895,0,False,False
177103,1,True,False
179356,3,True,False
13087,0,False,False
154973,0,False,False
148130,0,False,False
17021,0,False,False
33498,0,False,False
133755,0,False,False
79110,0,False,False
74450,0,False,False
96343,0,False,False
118172,0,False,False
118765,0,False,False
134150,0,False,False
354,0,False,False
139520,0,False,False
65145,0,False,False
177456,0,False,False
112737,0,False,False
147753,0,False,False
172220,0,False,False
87492,0,False,False
57810,0,False,False
109506,0,False,False
143292,0,False,False
151154,0,False,False
77265,0,False,False
144624,0,False,False
162726,0,False,False
186036,0,False,False
152999,0,False,False
64853,0,False,False
91214,0,False,False
62679,0,False,False
185512,0,False,False
96964,0,False,False
141986,0,False,False
147691,0,False,False
112707,0,False,False
108744,0,False,False
83602,0,False,False
19031,1,True,False
116506,0,False,False
84518,0,False,False
88167,0,False,False
44204,0,False,False
86317,0,False,False
25966,0,False,False
1829,0,False,False
55958,0,False,False
50673,1,True,False
32827,0,False,False
156665,0,False,False
1100,0,False,False
148583,0,False,False
156652,0,False,False
184668,0,False,False
24364,0,False,False
53092,0,False,False
68093,0,False,False
32659,0,False,False
111265,0,False,False
53510,0,False,False
136951,0,False,False
47103,0,False,False
140310,0,False,False
108496,0,False,False
53476,0,False,False
810,0,False,False
38503,0,False,False
116883,0,False,False
109926,0,False,False
133382,0,False,False
179867,0,False,False
123531,0,False,False
65657,0,False,False
125637,0,False,False
59227,0,False,False
176741,0,False,False
48375,2,True,False
27527,0,False,False
142951,0,False,False
52352,0,False,False
39545,0,False,False
28189,0,False,False
28844,0,False,False
5413,0,False,False
186537,0,False,False
115488,0,False,False
22788,0,False,False
118636,0,False,False
103761,0,False,False
145550,0,False,False
43495,0,False,False
119298,0,False,False
161769,0,False,False
10320,0,False,False
53496,0,False,False
105423,0,False,False
70965,0,False,False
6476,0,False,False
138561,0,False,False
164914,0,False,False
155650,0,False,False
149405,0,False,False
100300,0,False,False
43606,0,False,False
73792,62,True,False
174737,0,False,False
177713,0,False,False
56732,0,False,False
58057,0,False,False
4982,0,False,False
70945,0,False,False
28778,0,False,False
169470,0,False,False
63832,0,False,False
123358,0,False,False
19263,0,False,False
154513,0,False,False
81144,0,False,False
112905,0,False,False
28018,0,False,False
167024,0,False,False
99423,0,False,False
112274,0,False,False
8864,0,False,False
161479,0,False,False
29203,0,False,False
38278,0,False,False
62895,0,False,False
166813,0,False,False
151650,0,False,False
83541,0,False,False
110526,0,False,False
125927,0,False,False
26783,0,False,False
11561,0,False,False
122649,0,False,False
115477,0,False,False
11393,0,False,False
10659,0,False,False
18931,0,False,False
155302,0,False,False
48959,0,False,False
91666,0,False,False
41182,0,False,False
57999,0,False,False
88883,0,False,False
9764,0,False,False
133374,0,False,False
144027,0,False,False
143914,0,False,False
124058,0,False,False
5204,0,False,False
74906,0,False,False
136708,0,False,False
151915,0,False,False
169923,0,False,False
102926,0,False,False
140240,0,False,False
68089,0,False,False
75385,0,False,False
155811,0,False,False
104929,0,False,False
19100,0,False,False
100194,0,False,False
101388,0,False,False
88800,0,False,False
46506,1,True,False
137541,0,False,False
121920,0,False,False
29078,0,False,False
17222,0,False,False
148687,0,False,False
121387,0,False,False
157141,0,False,False
4743,0,False,False
171249,0,False,False
131323,0,False,False
91072,0,False,False
28163,0,False,False
170316,0,False,False
98109,0,False,False
135561,0,False,False
81915,0,False,False
77235,0,False,False
71253,0,False,False
53662,0,False,False
129643,0,False,False
114525,0,False,False
6626,0,False,False
66318,0,False,False
140318,0,False,False
134785,0,False,False
20071,2,True,False
38880,0,False,False
151729,0,False,False
89941,0,False,False
62491,0,False,False
114157,0,False,False
9735,1,True,False
63824,0,False,False
86152,0,False,False
22933,0,False,False
148612,0,False,False
168121,0,False,False
85359,0,False,False
30203,0,False,False
147562,0,False,False
60461,0,False,False
81275,0,False,False
148086,0,False,False
27157,0,False,False
155258,0,False,False
171312,0,False,False
141756,0,False,False
23356,0,False,False
31129,0,False,False
186623,0,False,False
182131,0,False,False
137253,0,False,False
7484,0,False,False
155381,0,False,False
22194,0,False,False
58779,0,False,False
152741,0,False,False
140207,0,False,False
7460,0,False,False
138981,0,False,False
69686,0,False,False
165329,0,False,False
117045,0,False,False
133324,0,False,False
104769,0,False,False
29820,0,False,False
90397,0,False,False
171987,0,False,False
143642,0,False,False
31007,0,False,False
69950,0,False,False
181360,0,False,False
151954,0,False,False
82797,0,False,False
126001,0,False,False
102865,0,False,False
110009,0,False,False
136184,0,False,False
109634,0,False,False
176761,0,False,False
151918,0,False,False
179355,0,False,False
144553,0,False,False
113939,0,False,False
44153,0,False,False
112985,0,False,False
42471,0,False,False
147594,0,False,False
94518,0,False,False
108045,0,False,False
132942,0,False,False
158836,0,False,False
158011,0,False,False
22993,0,False,False
92520,0,False,False
116993,0,False,False
174331,0,False,False
116947,0,False,False
142194,0,False,False
165365,0,False,False
157009,0,False,False
95269,0,False,False
113407,0,False,False
158800,0,False,False
157789,0,False,False
170042,0,False,False
17788,0,False,False
96540,0,False,False
44671,0,False,False
34015,0,False,False
72005,0,False,False
186543,0,False,False
105282,0,False,False
41049,0,False,False
10492,1,True,False
49099,1,True,False
30972,1,True,False
42963,0,False,False
138641,0,False,False
169878,0,False,False
119477,0,False,False
59904,0,False,False
99600,0,False,False
111468,0,False,False
129503,0,False,False
88788,0,False,False
83052,0,False,False
159091,0,False,False
83782,0,False,False
42056,0,False,False
47918,0,False,False
43097,0,False,False
180776,0,False,False
145695,0,False,False
56177,0,False,False
54180,0,False,False
94573,0,False,False
58456,15,True,True
117864,0,False,False
136844,0,False,False
79069,0,False,False
132792,0,False,False
138779,0,False,False
35642,0,False,False
54707,0,False,False
171786,0,False,False
119740,0,False,False
142574,0,False,False
173161,0,False,False
29322,0,False,False
174351,0,False,False
116363,0,False,False
110379,0,False,False
82335,0,False,False
1070,0,False,False
75432,0,False,False
31528,0,False,False
103338,0,False,False
181125,0,False,False
152750,0,False,False
71182,0,False,False
58112,0,False,False
157767,0,False,False
88302,0,False,False
32712,0,False,False
116693,0,False,False
3695,0,False,False
133185,0,False,False
186466,0,False,False
29852,0,False,False
34623,0,False,False
165738,0,False,False
108789,0,False,False
113099,0,False,False
28384,0,False,False
1447,0,False,False
21217,0,False,False
66132,0,False,False
178937,0,False,False
152196,0,False,False
161631,6,True,False
160308,0,False,False
169221,0,False,False
139433,0,False,False
120128,0,False,False
26276,0,False,False
134179,0,False,False
164368,0,False,False
1557,0,False,False
175303,0,False,False
179913,3,True,False
38333,0,False,False
21914,0,False,False
166120,0,False,False
178123,1,True,False
16209,4,True,True
169070,0,False,False
31126,0,False,False
79616,0,False,False
172173,0,False,False
150531,0,False,False
7951,0,False,False
59357,0,False,False
14958,0,False,False
183475,0,False,False
117708,0,False,False
10965,0,False,False
178396,3,True,False
136361,0,False,False
185219,0,False,False
4607,0,False,False
39064,0,False,False
68751,0,False,False
10752,0,False,False
88828,0,False,False
15354,0,False,False
153623,0,False,False
160100,0,False,False
171359,1,True,False
8241,0,False,False
99231,0,False,False
172815,0,False,False
92838,6,True,False
95791,5,True,True
142971,0,False,False
178043,0,False,False
151234,0,False,False
58792,0,False,False
87060,0,False,False
169860,0,False,False
39426,0,False,False
154636,0,False,False
68293,0,False,False
87672,1,True,False
167503,0,False,False
110174,0,False,False
113540,0,False,False
104869,0,False,False
121342,0,False,False
29474,0,False,False
97332,0,False,False
78570,1,True,False
115774,0,False,False
97446,0,False,False
29345,0,False,False
60016,0,False,False
126744,0,False,False
80862,7,True,False
151102,0,False,False
156597,0,False,False
57711,0,False,False
30557,0,False,False
119753,0,False,False
31032,0,False,False
161442,0,False,False
170688,0,False,False
22230,0,False,False
60308,0,False,False
129314,0,False,False
24509,0,False,False
84696,0,False,False
38352,0,False,False
160598,0,False,False
47897,0,False,False
40506,0,False,False
144398,0,False,False
109726,0,False,False
84724,0,False,False
125661,0,False,False
34988,1,True,False
114692,0,False,False
174091,0,False,False
47724,0,False,False
56494,0,False,False
98166,0,False,False
81409,0,False,False
75950,0,False,False
57650,1,True,False
1909,0,False,False
42962,0,False,False
102776,0,False,False
69768,0,False,False
152742,0,False,False
17683,0,False,False
37794,0,False,False
25356,0,False,False
58534,0,False,False
181537,0,False,False
97015,0,False,False
71157,3,True,False
165372,0,False,False
4212,0,False,False
46387,0,False,False
29500,0,False,False
110805,0,False,False
119309,0,False,False
11687,0,False,False
182006,0,False,False
114880,0,False,False
154953,0,False,False
114026,0,False,False
23940,2,True,False
129075,0,False,False
121681,0,False,False
103195,0,False,False
125375,0,False,False
88376,0,False,False
70504,0,False,False
102461,0,False,False
90830,0,False,False
87536,0,False,False
118791,0,False,False
109642,0,False,False
16095,0,False,False
144014,0,False,False
106355,0,False,False
145999,0,False,False
146650,0,False,False
28937,0,False,False
61629,0,False,False
134320,0,False,False
39834,0,False,False
39708,0,False,False
27180,0,False,False
177881,0,False,False
184981,0,False,False
69923,0,False,False
170630,0,False,False
46243,0,False,False
61730,0,False,False
139551,0,False,False
169006,0,False,False
126976,0,False,False
150136,0,False,False
47429,0,False,False
68127,0,False,False
125121,0,False,False
167651,0,False,False
129716,0,False,False
38239,0,False,False
20173,0,False,False
123631,0,False,False
73719,2,True,False
179017,0,False,False
155833,0,False,False
134059,0,False,False
152106,0,False,False
183158,1,True,False
76300,0,False,False
95586,3,True,True
141304,0,False,False
171113,0,False,False
41713,0,False,False
61593,0,False,False
17465,0,False,False
11918,0,False,False
116085,0,False,False
12599,0,False,False
4715,0,False,False
120419,0,False,False
164081,0,False,False
129093,0,False,False
95394,0,False,False
156179,0,False,False
108940,0,False,False
184489,0,False,False
98919,0,False,False
115057,0,False,False
151828,0,False,False
22010,0,False,False
117986,1,True,False
159121,0,False,False
42909,0,False,False
100714,0,False,False
29942,0,False,False
32260,0,False,False
186849,0,False,False
87618,0,False,False
106466,0,False,False
15251,0,False,False
115722,0,False,False
20748,0,False,False
11345,0,False,False
105292,0,False,False
66140,0,False,False
28665,0,False,False
46674,0,False,False
146216,0,False,False
33107,0,False,False
181555,0,False,False
103015,0,False,False
166009,0,False,False
132667,0,False,False
174022,0,False,False
56344,0,False,False
163351,0,False,False
178827,0,False,False
60970,0,False,False
139651,0,False,False
77515,0,False,False
24572,0,False,False
180438,0,False,False
64240,0,False,False
87680,0,False,False
16182,0,False,False
69011,0,False,False
103953,0,False,False
45514,0,False,False
170468,0,False,False
105338,0,False,False
149094,0,False,False
33814,0,False,False
186713,0,False,False
78729,2,True,False
42241,0,False,False
126719,0,False,False
43337,7,True,True
170869,0,False,False
83678,1,True,False
23489,0,False,False
153783,0,False,False
32051,0,False,False
30136,0,False,False
128498,0,False,False
40322,0,False,False
23107,0,False,False
154534,0,False,False
78946,0,False,False
39940,0,False,False
51953,0,False,False
14753,0,False,False
88826,0,False,False
47104,0,False,False
71231,0,False,False
146421,0,False,False
38911,0,False,False
153096,0,False,False
112601,0,False,False
3656,3,True,False
95482,5,True,False
170380,0,False,False
32586,0,False,False
140942,0,False,False
70373,0,False,False
147275,0,False,False
177035,0,False,False
175449,0,False,False
12215,0,False,False
92903,2,True,False
7987,0,False,False
1652,0,False,False
20711,0,False,False
135734,0,False,False
72469,0,False,False
136000,0,False,False
168267,0,False,False
165606,0,False,False
62050,0,False,False
5043,0,False,False
128083,0,False,False
178911,0,False,False
146246,0,False,False
25400,0,False,False
38399,0,False,False
51526,0,False,False
1110,0,False,False
12729,0,False,False
81058,0,False,False
169971,0,False,False
110978,0,False,False
111351,0,False,False
129832,0,False,False
58378,3,True,False
127368,0,False,False
137064,0,False,False
126079,0,False,False
163873,0,False,False
67811,0,False,False
168407,0,False,False
140137,0,False,False
24425,0,False,False
87970,1,True,False
169126,0,False,False
133911,0,False,False
165048,0,False,False
58946,0,False,False
121411,0,False,False
66432,0,False,False
61997,0,False,False
166712,0,False,False
128171,0,False,False
40083,0,False,False
154734,0,False,False
63943,0,False,False
93642,0,False,False
122685,0,False,False
21471,1,True,False
38549,0,False,False
168037,0,False,False
62434,0,False,False
56758,0,False,False
174002,0,False,False
174219,0,False,False
184365,0,False,False
139307,0,False,False
121284,0,False,False
121934,0,False,False
128621,0,False,False
58749,0,False,False
65316,0,False,False
72789,1,True,False
181386,0,False,False
46718,0,False,False
80152,0,False,False
56208,0,False,False
17764,0,False,False
21281,0,False,False
55228,1,True,False
89267,0,False,False
53088,0,False,False
94317,0,False,False
164673,0,False,False
148766,0,False,False
106179,0,False,False
126434,0,False,False
37504,0,False,False
38330,0,False,False
163580,3,True,True
54814,0,False,False
65690,0,False,False
35319,3,True,False
94730,0,False,False
171070,0,False,False
98925,0,False,False
53145,0,False,False
1651,0,False,False
149440,0,False,False
15339,0,False,False
71803,0,False,False
155719,0,False,False
175813,4,True,False
144506,0,False,False
156286,0,False,False
58084,0,False,False
20694,0,False,False
180764,0,False,False
18065,0,False,False
125157,0,False,False
6053,0,False,False
844,0,False,False
122699,0,False,False
97254,0,False,False
39325,1,True,False
5219,0,False,False
173013,1,True,False
112687,0,False,False
105040,0,False,False
113057,0,False,False
7525,0,False,False
103657,0,False,False
1863,0,False,False
45029,0,False,False
62188,1,True,False
48624,0,False,False
104579,0,False,False
131437,0,False,False
41150,0,False,False
186812,0,False,False
64833,0,False,False
125707,0,False,False
181876,0,False,False
38016,0,False,False
4401,0,False,False
137680,0,False,False
112374,0,False,False
57011,0,False,False
111900,0,False,False
42309,3,True,True
77695,0,False,False
118523,0,False,False
76019,0,False,False
20675,0,False,False
184336,0,False,False
182102,0,False,False
45783,0,False,False
30223,0,False,False
120121,0,False,False
86035,0,False,False
98175,0,False,False
164037,0,False,False
114151,0,False,False
5373,0,False,False
18537,0,False,False
94494,0,False,False
43483,0,False,False
53451,0,False,False
22980,0,False,False
19918,0,False,False
125117,0,False,False
87091,0,False,False
39282,0,False,False
23138,0,False,False
142762,0,False,False
173751,4,True,False
158949,0,False,False
6231,0,False,False
79517,4,True,False
103115,0,False,False
66397,0,False,False
81047,0,False,False
31991,0,False,False
40097,0,False,False
87282,0,False,False
155695,0,False,False
84471,0,False,False
125014,0,False,False
147936,0,False,False
61606,1,True,False
171803,2,True,False
8622,1,True,False
170564,0,False,False
69736,0,False,False
28165,0,False,False
162364,0,False,False
15979,2,True,False
90643,0,False,False
163133,0,False,False
37211,0,False,False
608,0,False,False
32336,0,False,False
28971,0,False,False
95860,0,False,False
165012,0,False,False
38220,0,False,False
63095,0,False,False
16411,0,False,False
13983,0,False,False
185056,0,False,False
100547,0,False,False
123606,0,False,False
21172,0,False,False
141026,0,False,False
46849,0,False,False
92620,0,False,False
100047,0,False,False
24014,0,False,False
117159,0,False,False
67719,0,False,False
22893,0,False,False
142772,0,False,False
40451,0,False,False
161913,0,False,False
87064,0,False,False
100183,0,False,False
4563,1,True,False
149073,0,False,False
73550,0,False,False
67634,0,False,False
65797,0,False,False
50147,0,False,False
91321,3,True,False
37494,0,False,False
11351,0,False,False
94672,0,False,False
10617,0,False,False
93536,0,False,False
173229,0,False,False
114964,0,False,False
138956,0,False,False
162252,0,False,False
21248,0,False,False
110239,0,False,False
134178,0,False,False
117762,0,False,False
56304,0,False,False
43666,0,False,False
14249,0,False,False
171507,0,False,False
99177,0,False,False
57449,0,False,False
113794,0,False,False
90400,0,False,False
133200,0,False,False
48995,0,False,False
97572,0,False,False
57209,0,False,False
34372,0,False,False
187947,0,False,False
115198,0,False,False
124588,0,False,False
51153,0,False,False
104296,0,False,False
59034,0,False,False
166781,0,False,False
96368,0,False,False
140434,0,False,False
178959,0,False,False
18815,0,False,False
167783,0,False,False
187859,0,False,False
144549,0,False,False
128642,0,False,False
8905,0,False,False
50732,0,False,False
187711,0,False,False
162650,0,False,False
1721,0,False,False
867,0,False,False
21582,0,False,False
62960,0,False,False
179999,1,True,False
145673,0,False,False
179597,0,False,False
44408,0,False,False
111467,0,False,False
154238,0,False,False
62244,1,True,False
68017,0,False,False
12193,0,False,False
8543,1,True,False
67912,0,False,False
46338,0,False,False
71769,0,False,False
178748,1,True,False
137972,0,False,False
116573,0,False,False
165828,0,False,False
70559,0,False,False
114154,0,False,False
8413,0,False,False
96855,0,False,False
64615,0,False,False
137600,0,False,False
176438,0,False,False
29291,0,False,False
133560,0,False,False
106,1,True,False
72311,0,False,False
49338,0,False,False
27568,0,False,False
45901,0,False,False
89092,0,False,False
41593,0,False,False
110909,0,False,False
124225,0,False,False
40791,0,False,False
93776,0,False,False
32078,0,False,False
53273,1,True,False
132180,0,False,False
164123,0,False,False
48404,5,True,False
5870,0,False,False
104511,0,False,False
76751,0,False,False
167727,0,False,False
152572,0,False,False
48867,0,False,False
101918,0,False,False
149560,0,False,False
90464,0,False,False
187014,0,False,False
83889,0,False,False
20225,0,False,False
108779,0,False,False
37651,0,False,False
28026,0,False,False
176525,0,False,False
173329,0,False,False
150746,0,False,False
48976,0,False,False
83564,1,True,False
66045,0,False,False
99470,0,False,False
34928,0,False,False
123321,0,False,False
122598,0,False,False
124068,0,False,False
35602,0,False,False
97430,0,False,False
186275,0,False,False
44352,0,False,False
3314,0,False,False
25158,0,False,False
29397,0,False,False
164158,0,False,False
68971,0,False,False
162480,0,False,False
66388,0,False,False
134028,0,False,False
26093,0,False,False
24778,0,False,False
88135,0,False,False
10141,0,False,False
95664,0,False,False
88422,1,True,False
65025,2,True,False
104026,0,False,False
80753,1,True,False
103763,0,False,False
150912,0,False,False
150849,0,False,False
6934,0,False,False
8621,0,False,False
89419,0,False,False
143039,0,False,False
3908,0,False,False
95541,0,False,False
31361,0,False,False
64065,0,False,False
40600,0,False,False
8957,0,False,False
114695,0,False,False
71013,0,False,False
26591,0,False,False
143261,0,False,False
5044,0,False,False
181255,1,True,False
127210,1,True,False
22678,0,False,False
127384,0,False,False
132526,0,False,False
13972,1,True,False
38020,0,False,False
129849,0,False,False
171776,0,False,False
131254,0,False,False
77356,0,False,False
35359,1,True,True
157779,0,False,False
96741,0,False,False
86272,0,False,False
153663,0,False,False
158707,0,False,False
156858,0,False,False
5395,0,False,False
33483,0,False,False
27153,0,False,False
126444,0,False,False
8153,0,False,False
64826,0,False,False
182838,8,True,False
107809,0,False,False
177458,0,False,False
20602,1,True,False
51207,0,False,False
107075,0,False,False
115727,0,False,False
117645,0,False,False
111437,0,False,False
187295,0,False,False
46601,1,True,False
180309,2,True,False
67549,0,False,False
10628,0,False,False
61967,0,False,False
168415,0,False,False
172109,0,False,False
106530,0,False,False
138631,0,False,False
79708,0,False,False
156891,0,False,False
47576,1,True,False
73826,2,True,False
36681,0,False,False
51927,0,False,False
96587,0,False,False
126436,0,False,False
121524,0,False,False
24613,0,False,False
133895,0,False,False
152700,0,False,False
92302,0,False,False
138849,0,False,False
35626,0,False,False
134600,0,False,False
86040,0,False,False
40464,3,True,False
181114,0,False,False
165120,0,False,False
138187,0,False,False
60176,0,False,False
64380,0,False,False
144455,0,False,False
14158,0,False,False
107202,0,False,False
62720,0,False,False
57929,0,False,False
145396,2,True,False
73478,0,False,False
31920,0,False,False
140173,0,False,False
91396,0,False,False
20838,0,False,False
68621,0,False,False
56321,0,False,False
8480,0,False,False
49418,0,False,False
6283,0,False,False
9628,0,False,False
104853,0,False,False
66651,0,False,False
121710,0,False,False
41885,0,False,False
82030,0,False,False
6463,1,True,False
168024,0,False,False
162163,0,False,False
170772,0,False,False
69853,1,True,False
34405,0,False,False
122866,0,False,False
6787,0,False,False
49372,0,False,False
128011,0,False,False
109142,0,False,False
123823,0,False,False
88323,0,False,False
164967,0,False,False
128680,0,False,False
181508,3,True,False
44650,0,False,False
99214,0,False,False
155664,0,False,False
151371,0,False,False
148856,0,False,False
177108,0,False,False
97915,0,False,False
161668,0,False,False
173878,0,False,False
41637,0,False,False
180733,0,False,False
174283,0,False,False
170905,0,False,False
52631,0,False,False
91143,0,False,False
92098,0,False,False
53481,0,False,False
110049,0,False,False
125219,0,False,False
74327,0,False,False
94354,0,False,False
135972,0,False,False
157038,0,False,False
79870,0,False,False
76265,0,False,False
17262,0,False,False
82213,0,False,False
23016,0,False,False
109195,0,False,False
23520,0,False,False
119264,0,False,False
34050,0,False,False
168454,0,False,False
19518,0,False,False
22279,0,False,False
103343,0,False,False
32059,0,False,False
4895,0,False,False
106405,0,False,False
177159,0,False,False
5029,0,False,False
146287,0,False,False
53908,0,False,False
49057,0,False,False
39010,0,False,False
96505,0,False,False
147102,0,False,False
113864,0,False,False
74198,0,False,False
117197,0,False,False
173543,0,False,False
51273,0,False,False
20980,0,False,False
127853,0,False,False
8475,0,False,False
42418,0,False,False
163996,0,False,False
162593,0,False,False
147191,0,False,False
55066,5,True,False
87063,0,False,False
185005,0,False,False
150130,0,False,False
74162,0,False,False
54380,0,False,False
147461,0,False,False
30338,0,False,False
124256,0,False,False
64708,0,False,False
133095,0,False,False
153609,0,False,False
90459,0,False,False
145378,0,False,False
26757,0,False,False
171247,0,False,False
110242,0,False,False
144499,0,False,False
66321,0,False,False
162731,0,False,False
34592,0,False,False
36487,0,False,False
17962,1,True,False
94854,0,False,False
6935,0,False,False
61497,0,False,False
145766,0,False,False
119184,1,True,False
122722,0,False,False
3736,0,False,False
107060,0,False,False
63286,0,False,False
47621,0,False,False
74695,0,False,False
86502,1,True,False
82291,0,False,False
125293,0,False,False
181928,0,False,False
120576,0,False,False
4697,0,False,False
3358,0,False,False
111796,0,False,False
6017,0,False,False
172744,0,False,False
173639,0,False,False
113479,0,False,False
40685,0,False,False
134727,0,False,False
158985,0,False,False
81956,15,True,False
124758,0,False,False
114350,0,False,False
41401,0,False,False
44312,0,False,False
47051,0,False,False
95086,0,False,False
131497,0,False,False
146414,0,False,False
7391,0,False,False
112439,0,False,False
26141,0,False,False
115393,0,False,False
84070,0,False,False
185966,0,False,False
82571,0,False,False
164441,1,True,False
12306,0,False,False
139766,0,False,False
10167,0,False,False
124557,0,False,False
127161,0,False,False
119262,0,False,False
151240,0,False,False
60134,0,False,False
102122,0,False,False
7546,0,False,False
187397,0,False,False
8361,0,False,False
14373,0,False,False
155005,0,False,False
67872,0,False,False
50109,0,False,False
28478,0,False,False
144029,0,False,False
175697,0,False,False
117575,0,False,False
104320,0,False,False
86526,4,True,False
21056,0,False,False
83994,0,False,False
5443,0,False,False
172410,0,False,False
26376,0,False,False
68073,0,False,False
74299,2,True,False
120640,0,False,False
90690,0,False,False
134228,0,False,False
136836,0,False,False
14284,0,False,False
3072,0,False,False
77358,0,False,False
27583,0,False,False
84171,0,False,False
155001,0,False,False
58570,0,False,False
146940,0,False,False
102496,0,False,False
10774,0,False,False
45235,0,False,False
12830,1,True,False
23851,0,False,False
82095,0,False,False
179594,0,False,False
72584,0,False,False
43646,0,False,False
7334,0,False,False
56341,0,False,False
57071,0,False,False
80335,0,False,False
122642,0,False,False
29084,0,False,False
10076,0,False,False
185645,0,False,False
143966,0,False,False
26693,0,False,False
3910,0,False,False
180668,0,False,False
181922,0,False,False
95185,4,True,False
148203,0,False,False
171142,0,False,False
9376,0,False,False
128929,0,False,False
15810,0,False,False
11082,0,False,False
107602,0,False,False
108761,0,False,False
123731,0,False,False
28050,0,False,False
37914,0,False,False
85593,0,False,False
78962,0,False,False
164947,0,False,False
126898,0,False,False
33931,0,False,False
136648,0,False,False
123250,0,False,False
57686,0,False,False
116515,0,False,False
107492,0,False,False
112791,0,False,False
98907,0,False,False
36569,0,False,False
127416,0,False,False
17871,0,False,False
3769,0,False,False
171051,0,False,False
152634,0,False,False
88477,0,False,False
151246,0,False,False
142289,0,False,False
15073,0,False,False
146065,0,False,False
88679,0,False,False
19666,0,False,False
109066,0,False,False
121333,0,False,False
164977,0,False,False
186588,0,False,False
174342,0,False,False
4130,0,False,False
86866,0,False,False
92041,0,False,False
162474,0,False,False
65418,0,False,False
5832,0,False,False
113105,0,False,False
10221,0,False,False
161144,0,False,False
47471,0,False,False
72347,0,False,False
165531,0,False,False
167861,0,False,False
7827,0,False,False
70955,0,False,False
149167,0,False,False
11704,0,False,False
15819,0,False,False
18012,0,False,False
94600,0,False,False
170813,0,False,False
158281,0,False,False
1297,0,False,False
24545,0,False,False
36000,0,False,False
132616,0,False,False
110446,0,False,False
130088,0,False,False
50957,0,False,False
140649,0,False,False
131588,0,False,False
114313,0,False,False
47928,0,False,False
168716,0,False,False
139259,0,False,False
82454,0,False,False
37366,0,False,False
51314,0,False,False
111042,0,False,False
166617,0,False,False
109241,0,False,False
180079,0,False,False
172093,0,False,False
73472,0,False,False
79974,0,False,False
138594,0,False,False
169815,0,False,False
171594,0,False,False
103149,0,False,False
169250,0,False,False
52023,0,False,False
83735,0,False,False
185187,0,False,False
45476,0,False,False
17560,0,False,False
153025,0,False,False
78487,0,False,False
80762,1,True,False
150180,0,False,False
64637,2,True,False
107388,0,False,False
115551,0,False,False
16614,0,False,False
110690,0,False,False
171100,0,False,False
59889,1,True,False
116767,0,False,False
142899,0,False,False
76600,0,False,False
184035,0,False,False
178818,0,False,False
111363,0,False,False
161126,0,False,False
162833,0,False,False
171635,0,False,False
113634,0,False,False
135617,0,False,False
6296,0,False,False
34878,0,False,False
104978,0,False,False
9431,1,True,False
52898,0,False,False
162274,0,False,False
112774,0,False,False
127281,0,False,False
95613,0,False,False
169718,0,False,False
77967,0,False,False
90814,0,False,False
100334,0,False,False
182217,2,True,False
106484,0,False,False
89276,0,False,False
94684,0,False,False
157400,0,False,False
114185,0,False,False
91364,0,False,False
113344,0,False,False
65230,0,False,False
166280,0,False,False
184916,0,False,False
100518,0,False,False
141694,0,False,False
173522,0,False,False
67973,2,True,False
82794,0,False,False
75943,1,True,False
87729,0,False,False
143813,0,False,False
186203,0,False,False
113258,0,False,False
58115,0,False,False
32091,0,False,False
5140,0,False,False
86627,0,False,False
142546,0,False,False
10237,0,False,False
67183,0,False,False
60175,0,False,False
21375,0,False,False
173651,0,False,False
10145,0,False,False
9635,2,True,False
152652,0,False,False
115306,0,False,False
59950,0,False,False
148406,0,False,False
100497,0,False,False
136987,0,False,False
156079,0,False,False
62139,0,False,False
103661,0,False,False
185794,0,False,False
41422,0,False,False
43076,0,False,False
27830,0,False,False
121088,0,False,False
84613,0,False,False
174131,0,False,False
135927,0,False,False
59298,0,False,False
47082,0,False,False
159813,0,False,False
8101,0,False,False
171848,1,True,False
186614,0,False,False
73480,0,False,False
42851,0,False,False
2554,1,True,False
166787,0,False,False
112060,0,False,False
135971,0,False,False
1234,0,False,False
184772,0,False,False
60705,0,False,False
7930,0,False,False
30695,0,False,False
23558,0,False,False
42627,0,False,False
141761,0,False,False
132876,0,False,False
128449,0,False,False
117991,0,False,False
59223,0,False,False
111262,0,False,False
42867,0,False,False
34226,0,False,False
119492,0,False,False
159808,0,False,False
25397,0,False,False
81778,1,True,False
175068,0,False,False
73743,0,False,False
66258,0,False,False
14987,0,False,False
45684,0,False,False
175537,0,False,False
5827,1,True,False
140072,0,False,False
139721,0,False,False
52629,0,False,False
177183,0,False,False
6091,0,False,False
9987,0,False,False
77881,0,False,False
96785,0,False,False
40473,1,True,False
24362,0,False,False
89706,0,False,False
20805,2,True,True
117058,0,False,False
169795,0,False,False
16134,0,False,False
94872,0,False,False
127228,0,False,False
28774,0,False,False
48006,0,False,False
43025,0,False,False
19296,0,False,False
134089,0,False,False
99502,0,False,False
36737,0,False,False
124492,0,False,False
144319,0,False,False
122522,0,False,False
15814,0,False,False
48320,0,False,False
16922,0,False,False
106865,0,False,False
2745,0,False,False
148069,0,False,False
127963,0,False,False
89271,0,False,False
42083,0,False,False
33353,0,False,False
123192,0,False,False
52015,0,False,False
61647,0,False,False
83807,0,False,False
126971,0,False,False
144551,0,False,False
79358,1,True,False
59041,0,False,False
130382,0,False,False
170632,0,False,False
147744,0,False,False
153904,0,False,False
138720,0,False,False
76646,0,False,False
96115,0,False,False
45974,0,False,False
130822,0,False,False
174675,0,False,False
124727,0,False,False
158555,0,False,False
177432,0,False,False
3261,0,False,False
145886,0,False,False
127732,0,False,False
108579,0,False,False
181213,0,False,False
70549,0,False,False
31475,0,False,False
87429,0,False,False
149386,0,False,False
89902,0,False,False
45812,0,False,False
16494,0,False,False
9390,0,False,False
156006,0,False,False
27668,1,True,False
51240,0,False,False
140846,0,False,False
160005,0,False,False
43897,0,False,False
161757,0,False,False
2290,1,True,False
112189,0,False,False
36418,0,False,False
140551,0,False,False
99486,0,False,False
51716,0,False,False
157161,0,False,False
163416,0,False,False
31514,0,False,False
7016,0,False,False
30798,0,False,False
35893,1,True,False
186631,0,False,False
92911,0,False,False
102120,0,False,False
162221,0,False,False
110653,0,False,False
179789,0,False,False
71250,0,False,False
176069,0,False,False
176732,0,False,False
85463,0,False,False
54796,0,False,False
125251,0,False,False
61683,0,False,False
87844,0,False,False
107540,0,False,False
114838,0,False,False
158019,0,False,False
104466,0,False,False
18663,0,False,False
110251,1,True,False
57838,0,False,False
39543,0,False,False
184259,0,False,False
3014,0,False,False
71914,0,False,False
141848,1,True,False
141395,0,False,False
159190,0,False,False
180046,35,True,False
66324,0,False,False
90427,0,False,False
137895,0,False,False
99826,0,False,False
6882,1,True,False
176844,0,False,False
24873,0,False,False
132201,0,False,False
70655,0,False,False
148680,0,False,False
100686,0,False,False
45985,0,False,False
130591,0,False,False
50901,0,False,False
7045,0,False,False
143551,0,False,False
812,0,False,False
130635,0,False,False
120366,0,False,False
137585,0,False,False
50517,0,False,False
162596,0,False,False
172058,0,False,False
48606,0,False,False
63534,0,False,False
58204,0,False,False
32103,0,False,False
2029,0,False,False
163549,0,False,False
146050,0,False,False
102169,0,False,False
38736,2,True,False
72841,0,False,False
132100,0,False,False
91839,0,False,False
78592,0,False,False
52871,0,False,False
135939,0,False,False
13810,0,False,False
106450,0,False,False
129067,0,False,False
43614,0,False,False
129731,0,False,False
53698,0,False,False
6496,0,False,False
28886,0,False,False
148669,0,False,False
95271,1,True,False
60394,0,False,False
105589,0,False,False
67743,0,False,False
29612,0,False,False
4302,2,True,True
2207,0,False,False
6227,0,False,False
99158,0,False,False
34161,0,False,False
14011,0,False,False
168701,0,False,False
15229,2,True,False
84327,0,False,False
89566,0,False,False
162462,0,False,False
61923,1,True,False
38346,0,False,False
157578,0,False,False
80914,0,False,False
110984,0,False,False
123103,0,False,False
108565,0,False,False
157533,0,False,False
171988,0,False,False
151991,0,False,False
126596,0,False,False
53937,1,True,False
83345,0,False,False
131186,0,False,False
165723,0,False,False
90850,0,False,False
151570,0,False,False
131757,0,False,False
116567,0,False,False
143395,0,False,False
183165,0,False,False
37936,0,False,False
163915,0,False,False
20334,0,False,False
188155,0,False,False
9183,0,False,False
177598,0,False,False
75663,0,False,False
42397,1,True,False
40091,0,False,False
144741,0,False,False
19416,0,False,False
42085,0,False,False
41176,0,False,False
59909,0,False,False
142847,0,False,False
94012,0,False,False
76947,0,False,False
1581,0,False,False
94596,0,False,False
107494,0,False,False
175522,0,False,False
21327,0,False,False
178866,0,False,False
25542,0,False,False
164798,0,False,False
13393,0,False,False
158444,0,False,False
113968,0,False,False
163927,0,False,False
15817,0,False,False
28725,0,False,False
64666,0,False,False
5483,0,False,False
46352,0,False,False
94859,0,False,False
118768,0,False,False
123018,0,False,False
160460,0,False,False
61033,0,False,False
26990,0,False,False
122901,0,False,False
29969,0,False,False
98232,0,False,False
115701,0,False,False
91208,1,True,False
138703,0,False,False
39187,0,False,False
140955,0,False,False
42514,2,True,False
45732,4,True,False
169798,0,False,False
127146,0,False,False
159226,0,False,False
136924,0,False,False
74318,0,False,False
176388,0,False,False
112468,0,False,False
168605,0,False,False
169452,0,False,False
42122,0,False,False
106796,0,False,False
68078,0,False,False
21835,0,False,False
92372,0,False,False
126193,0,False,False
139515,0,False,False
25627,0,False,False
156421,0,False,False
120756,0,False,False
38626,0,False,False
122457,0,False,False
168122,0,False,False
187488,0,False,False
89139,1,True,False
179774,0,False,False
165455,0,False,False
126728,0,False,False
108218,0,False,False
90337,0,False,False
77897,0,False,False
75420,0,False,False
166908,0,False,False
49230,0,False,False
91257,0,False,False
151649,0,False,False
185457,0,False,False
21337,0,False,False
121606,0,False,False
140359,0,False,False
126072,0,False,False
24940,0,False,False
61202,0,False,False
97213,0,False,False
46111,0,False,False
78647,0,False,False
177976,0,False,False
152925,0,False,False
124161,0,False,False
116277,0,False,False
10802,0,False,False
20180,0,False,False
80532,0,False,False
71698,0,False,False
93708,0,False,False
48770,2,True,False
5673,0,False,False
74423,0,False,False
33459,0,False,False
173667,2,True,False
12711,0,False,False
58934,0,False,False
37373,0,False,False
114045,0,False,False
175141,0,False,False
154327,1,True,False
113554,0,False,False
87052,0,False,False
9683,0,False,False
153145,0,False,False
144153,1,True,False
14834,0,False,False
130553,0,False,False
183093,0,False,False
149956,0,False,False
128484,0,False,False
71388,1,True,False
112285,0,False,False
36454,0,False,False
30426,0,False,False
187766,1,True,False
84198,0,False,False
141813,0,False,False
129708,0,False,False
41258,0,False,False
63731,0,False,False
15006,0,False,False
170889,0,False,False
184735,0,False,False
118458,0,False,False
113152,0,False,False
46402,0,False,False
64032,0,False,False
120526,0,False,False
2844,0,False,False
58386,0,False,False
168609,0,False,False
24909,0,False,False
166595,0,False,False
53852,0,False,False
91281,0,False,False
154086,0,False,False
122907,0,False,False
71427,1,True,False
3894,0,False,False
93773,0,False,False
183089,0,False,False
68429,0,False,False
6968,0,False,False
167006,0,False,False
81644,1,True,True
131091,0,False,False
93254,1,True,False
52615,0,False,False
183051,0,False,False
73890,0,False,False
150573,0,False,False
125020,0,False,False
106410,0,False,False
128701,0,False,False
84152,0,False,False
110022,0,False,False
73950,0,False,False
23849,0,False,False
62356,0,False,False
64698,0,False,False
10985,0,False,False
160131,0,False,False
95584,0,False,False
49309,0,False,False
12622,0,False,False
66932,0,False,False
165638,0,False,False
60486,0,False,False
70366,0,False,False
13497,0,False,False
75655,2,True,False
114874,0,False,False
94602,0,False,False
143478,0,False,False
87860,0,False,False
38028,0,False,False
76117,0,False,False
63327,0,False,False
67000,76,True,False
142133,0,False,False
26425,0,False,False
182806,0,False,False
165430,0,False,False
29988,0,False,False
46272,1,True,False
126711,0,False,False
172676,0,False,False
140857,0,False,False
132011,0,False,False
82773,0,False,False
17298,0,False,False
51137,2,True,False
37722,1,True,False
37498,0,False,False
109841,0,False,False
47688,0,False,False
50414,0,False,False
83420,0,False,False
23027,0,False,False
70433,0,False,False
64836,0,False,False
149008,0,False,False
80983,0,False,False
106590,0,False,False
125902,0,False,False
96026,0,False,False
179122,0,False,False
103126,0,False,False
159149,0,False,False
155709,0,False,False
143563,0,False,False
122463,0,False,False
152309,0,False,False
68094,2,True,True
130821,0,False,False
5653,0,False,False
96631,0,False,False
103376,0,False,False
79712,5,True,False
108612,1,True,False
170329,0,False,False
67735,0,False,False
161905,0,False,False
79834,0,False,False
161772,0,False,False
91313,1,True,False
174892,0,False,False
105555,0,False,False
40998,2,True,False
151550,0,False,False
181077,0,False,False
166146,0,False,False
138117,0,False,False
64669,0,False,False
143585,0,False,False
154695,0,False,False
24569,0,False,False
33055,0,False,False
23886,0,False,False
155703,0,False,False
160316,0,False,False
127374,0,False,False
168423,0,False,False
47599,0,False,False
112467,0,False,False
134006,0,False,False
113063,0,False,False
80304,0,False,False
150316,0,False,False
88241,0,False,False
103059,0,False,False
169814,0,False,False
70999,0,False,False
122441,0,False,False
102537,0,False,False
137464,0,False,False
163242,0,False,False
156368,0,False,False
20090,0,False,False
166162,0,False,False
151646,0,False,False
165727,0,False,False
133659,0,False,False
43383,0,False,False
55509,0,False,False
11240,0,False,False
12923,0,False,False
159779,0,False,False
22966,0,False,False
91309,0,False,False
141874,0,False,False
81824,0,False,False
179239,1,True,False
104609,0,False,False
165881,0,False,False
47424,0,False,False
68008,0,False,False
160258,0,False,False
188398,0,False,False
185933,0,False,False
47847,1,True,False
50066,0,False,False
176586,0,False,False
116969,0,False,False
116668,0,False,False
80275,0,False,False
61013,0,False,False
181645,0,False,False
123025,0,False,False
183160,1,True,False
134562,0,False,False
145293,0,False,False
41052,1,True,False
164731,0,False,False
164892,0,False,False
14510,1,True,False
109127,0,False,False
78625,0,False,False
23335,0,False,False
136855,0,False,False
53222,0,False,False
100780,0,False,False
122763,0,False,False
89602,1,True,False
50311,0,False,False
3562,0,False,False
77657,0,False,False
55925,0,False,False
186881,0,False,False
182328,0,False,False
41260,0,False,False
111212,0,False,False
109170,0,False,False
60752,0,False,False
155150,0,False,False
18585,0,False,False
55677,0,False,False
176601,0,False,False
115257,0,False,False
170374,0,False,False
34042,0,False,False
105472,0,False,False
183800,0,False,False
46259,0,False,False
148440,0,False,False
184681,0,False,False
126202,0,False,False
937,1,True,False
126970,0,False,False
57987,0,False,False
165993,0,False,False
9387,2,True,False
77349,0,False,False
143061,0,False,False
633,1,True,False
28492,0,False,False
141445,0,False,False
153051,0,False,False
162264,0,False,False
50573,0,False,False
21321,0,False,False
67930,0,False,False
70681,0,False,False
146494,0,False,False
9496,0,False,False
62531,7,True,False
157692,0,False,False
55335,0,False,False
22903,0,False,False
162516,0,False,False
138860,0,False,False
74283,0,False,False
93826,0,False,False
140940,0,False,False
22001,0,False,False
17427,0,False,False
70856,0,False,False
55070,1,True,False
73403,0,False,False
83249,0,False,False
21872,0,False,False
138109,0,False,False
53404,4,True,False
46920,0,False,False
73393,0,False,False
110386,0,False,False
162949,0,False,False
56517,0,False,False
94647,0,False,False
103994,0,False,False
12949,0,False,False
101579,0,False,False
87896,0,False,False
86556,0,False,False
43839,0,False,False
34191,0,False,False
170944,0,False,False
10669,0,False,False
152967,0,False,False
120486,0,False,False
87748,0,False,False
105136,0,False,False
21132,0,False,False
151343,0,False,False
167165,0,False,False
76430,0,False,False
39725,0,False,False
10053,0,False,False
32921,0,False,False
7505,0,False,False
36323,0,False,False
140112,0,False,False
160515,0,False,False
46777,0,False,False
34463,0,False,False
63176,0,False,False
101199,0,False,False
103929,0,False,False
139549,0,False,False
38156,0,False,False
109832,0,False,False
126782,0,False,False
130778,0,False,False
159368,0,False,False
176820,0,False,False
34157,0,False,False
23593,0,False,False
48905,0,False,False
79553,1,True,False
87634,0,False,False
140029,0,False,False
40995,0,False,False
110032,0,False,False
7029,0,False,False
25603,0,False,False
21706,0,False,False
84675,0,False,False
179705,2,True,True
64168,0,False,False
53880,0,False,False
186953,0,False,False
69661,0,False,False
37750,0,False,False
36212,0,False,False
129707,0,False,False
64198,0,False,False
170012,0,False,False
118995,0,False,False
173324,0,False,False
181352,0,False,False
72175,0,False,False
177604,0,False,False
11985,0,False,False
61994,0,False,False
93414,2,True,True
41366,0,False,False
92199,0,False,False
66451,0,False,False
181412,0,False,False
24880,0,False,False
135743,0,False,False
16009,0,False,False
154067,0,False,False
21216,0,False,False
163006,0,False,False
46996,0,False,False
167740,0,False,False
180297,0,False,False
63495,0,False,False
139031,0,False,False
106688,0,False,False
88778,0,False,False
55818,1,True,False
68313,0,False,False
114678,0,False,False
140722,0,False,False
116754,0,False,False
143300,0,False,False
70101,0,False,False
176725,0,False,False
85862,0,False,False
144215,0,False,False
62226,0,False,False
22950,0,False,False
43680,0,False,False
135760,0,False,False
56821,0,False,False
71500,0,False,False
159168,0,False,False
73223,4,True,False
61687,0,False,False
103366,0,False,False
31073,0,False,False
157708,0,False,False
168542,0,False,False
49701,0,False,False
171628,0,False,False
168106,0,False,False
845,0,False,False
86634,0,False,False
181821,0,False,False
127456,0,False,False
87106,0,False,False
39472,1,True,False
30516,0,False,False
91097,0,False,False
117445,0,False,False
57848,0,False,False
149096,0,False,False
125459,0,False,False
153605,0,False,False
79108,2,True,False
1357,0,False,False
179245,0,False,False
27489,1,True,False
146052,0,False,False
181499,0,False,False
81757,0,False,False
121155,0,False,False
29974,0,False,False
73384,0,False,False
14372,0,False,False
20954,0,False,False
27194,0,False,False
164122,0,False,False
82545,0,False,False
181337,0,False,False
160197,0,False,False
29342,0,False,False
100618,0,False,False
117996,0,False,False
89630,0,False,False
55481,0,False,False
90080,0,False,False
110340,0,False,False
111601,0,False,False
97264,0,False,False
5021,0,False,False
22064,1,True,False
152370,0,False,False
169388,0,False,False
44276,0,False,False
110648,0,False,False
58832,0,False,False
104961,0,False,False
161694,0,False,False
161739,0,False,False
120618,0,False,False
176270,0,False,False
156647,0,False,False
22870,0,False,False
109992,0,False,False
70156,0,False,False
169318,0,False,False
4570,0,False,False
99555,0,False,False
129173,0,False,False
50875,0,False,False
25440,0,False,False
140634,0,False,False
1407,0,False,False
10846,0,False,False
75629,0,False,False
22806,0,False,False
164567,0,False,False
114580,0,False,False
76444,0,False,False
60981,0,False,False
87013,0,False,False
118663,0,False,False
10509,0,False,False
91425,0,False,False
149061,0,False,False
27903,0,False,False
175484,0,False,False
169583,0,False,False
125361,0,False,False
21889,0,False,False
82082,0,False,False
162628,0,False,False
106921,0,False,False
108969,0,False,False
83397,0,False,False
37316,0,False,False
173834,0,False,False
82036,0,False,False
138452,0,False,False
151013,0,False,False
4557,0,False,False
60403,0,False,False
182588,0,False,False
157204,0,False,False
138830,0,False,False
187647,0,False,False
36424,0,False,False
4602,0,False,False
123656,0,False,False
41155,0,False,False
100621,0,False,False
85914,0,False,False
144645,0,False,False
115975,0,False,False
65105,0,False,False
96025,1,True,False
80012,0,False,False
79128,0,False,False
63620,0,False,False
18477,8,True,True
150939,0,False,False
92304,0,False,False
167011,0,False,False
145795,0,False,False
96167,0,False,False
104138,0,False,False
163225,0,False,False
15930,0,False,False
4288,0,False,False
175129,0,False,False
152482,0,False,False
65557,0,False,False
6970,0,False,False
119437,0,False,False
163442,0,False,False
66633,0,False,False
15858,0,False,False
18486,0,False,False
174141,0,False,False
174988,0,False,False
148371,0,False,False
100089,0,False,False
3592,4,True,False
92218,0,False,False
48535,1,True,False
26326,0,False,False
151897,0,False,False
21347,0,False,False
181421,2,True,False
27435,0,False,False
150388,0,False,False
18193,0,False,False
29254,0,False,False
6547,0,False,False
54877,0,False,False
137863,0,False,False
76829,0,False,False
152315,0,False,False
137606,0,False,False
145434,0,False,False
122987,0,False,False
41748,0,False,False
157642,0,False,False
104231,0,False,False
66421,0,False,False
88349,0,False,False
106677,0,False,False
89027,2,True,False
150902,0,False,False
134039,0,False,False
8625,1,True,False
182783,0,False,False
16951,0,False,False
159284,0,False,False
133196,0,False,False
112945,0,False,False
156441,0,False,False
11927,0,False,False
65477,0,False,False
178504,0,False,False
176011,0,False,False
4861,0,False,False
7491,0,False,False
149493,0,False,False
132571,0,False,False
150027,0,False,False
87659,0,False,False
80944,0,False,False
47012,0,False,False
125009,0,False,False
108721,0,False,False
157449,0,False,False
121956,0,False,False
182577,2,True,False
10826,0,False,False
33870,0,False,False
132151,0,False,False
106438,0,False,False
121073,0,False,False
61408,0,False,False
1726,0,False,False
151508,0,False,False
98781,0,False,False
92068,0,False,False
65272,0,False,False
83200,0,False,False
76267,0,False,False
160834,0,False,False
73268,2,True,False
132269,0,False,False
66925,1,True,False
57502,0,False,False
10460,0,False,False
24041,0,False,False
86400,0,False,False
112745,0,False,False
130417,0,False,False
11905,0,False,False
140898,0,False,False
82740,0,False,False
182115,4,True,False
181001,1,True,False
86941,0,False,False
156857,1,True,False
91116,0,False,False
101604,0,False,False
104590,0,False,False
134736,0,False,False
140926,0,False,False
93523,0,False,False
2100,0,False,False
25477,0,False,False
167812,0,False,False
2400,0,False,False
107947,0,False,False
123594,0,False,False
10896,0,False,False
145948,0,False,False
89319,0,False,False
79355,0,False,False
147435,0,False,False
107618,0,False,False
126878,0,False,False
72191,0,False,False
117284,0,False,False
103857,0,False,False
46313,0,False,False
129280,0,False,False
32223,0,False,False
123903,0,False,False
24038,0,False,False
33688,4,True,False
100427,0,False,False
186903,2,True,False
144771,0,False,False
58119,0,False,False
85467,0,False,False
57360,0,False,False
88362,0,False,False
160431,0,False,False
175481,0,False,False
81176,0,False,False
21694,0,False,False
18769,0,False,False
46902,0,False,False
53518,0,False,False
61259,2,True,False
125976,0,False,False
5162,0,False,False
102489,0,False,False
71817,2,True,False
168481,0,False,False
127414,0,False,False
14618,0,False,False
23808,0,False,False
133522,0,False,False
117304,0,False,False
11221,0,False,False
94359,0,False,False
168981,0,False,False
25464,0,False,False
183745,0,False,False
17869,1,True,False
82016,0,False,False
15778,0,False,False
144690,0,False,False
44148,0,False,False
61343,2,True,False
156172,0,False,False
67179,0,False,False
170692,0,False,False
149518,0,False,False
22611,0,False,False
148256,0,False,False
172281,0,False,False
23646,1,True,False
84204,0,False,False
124829,0,False,False
123847,0,False,False
129015,0,False,False
115056,0,False,False
35826,0,False,False
127162,0,False,False
34555,0,False,False
126456,0,False,False
25276,0,False,False
68461,0,False,False
46388,0,False,False
153841,0,False,False
125817,1,True,False
66427,0,False,False
51545,0,False,False
106098,0,False,False
107262,0,False,False
186714,0,False,False
159173,0,False,False
181618,0,False,False
60250,0,False,False
113690,0,False,False
170492,0,False,False
59450,0,False,False
74135,0,False,False
108880,0,False,False
106471,0,False,False
6439,0,False,False
171442,0,False,False
109368,0,False,False
125740,0,False,False
80601,0,False,False
124184,0,False,False
141085,0,False,False
26381,0,False,False
47056,0,False,False
20208,0,False,False
35044,0,False,False
28491,0,False,False
152817,0,False,False
16344,0,False,False
101648,0,False,False
132968,0,False,False
53873,0,False,False
167565,0,False,False
122876,0,False,False
22592,0,False,False
179820,0,False,False
85161,0,False,False
92898,1,True,True
184008,0,False,False
87684,0,False,False
111803,0,False,False
187788,0,False,False
143753,0,False,False
74790,0,False,False
115781,0,False,False
57656,0,False,False
120341,0,False,False
120340,0,False,False
42499,0,False,False
172351,0,False,False
179612,0,False,False
162414,0,False,False
92430,0,False,False
28537,2,True,False
161579,0,False,False
42232,0,False,False
81281,0,False,False
121609,0,False,False
85443,0,False,False
66063,0,False,False
18497,0,False,False
99192,0,False,False
119286,0,False,False
62033,0,False,False
25995,0,False,False
149387,0,False,False
154062,0,False,False
135909,0,False,False
65111,0,False,False
159290,0,False,False
57566,0,False,False
29939,0,False,False
85363,0,False,False
45563,0,False,False
92521,0,False,False
39261,0,False,False
135798,0,False,False
14845,0,False,False
25131,0,False,False
115631,0,False,False
139236,0,False,False
148053,0,False,False
112701,0,False,False
68688,0,False,False
89038,1,True,False
93539,0,False,False
47976,0,False,False
144532,0,False,False
63344,0,False,False
135027,0,False,False
119785,0,False,False
67522,0,False,False
68750,0,False,False
19419,0,False,False
168031,0,False,False
169613,0,False,False
160014,0,False,False
73741,0,False,False
128855,0,False,False
130066,0,False,False
118429,0,False,False
138297,0,False,False
181443,0,False,False
123452,0,False,False
36030,0,False,False
180688,0,False,False
132310,0,False,False
83985,0,False,False
119159,0,False,False
126804,0,False,False
174990,0,False,False
75164,8,True,False
112433,0,False,False
185383,0,False,False
38150,0,False,False
126366,0,False,False
87879,0,False,False
270,0,False,False
20431,0,False,False
96490,3,True,False
84025,0,False,False
110599,0,False,False
146280,0,False,False
108821,0,False,False
172255,1,True,False
29648,0,False,False
174186,0,False,False
30926,0,False,False
78236,1,True,False
146819,0,False,False
130668,0,False,False
5007,0,False,False
94533,0,False,False
84024,0,False,False
124675,0,False,False
177556,0,False,False
54068,0,False,False
59320,0,False,False
185610,0,False,False
114217,0,False,False
214,0,False,False
14900,0,False,False
148247,0,False,False
139406,0,False,False
97622,0,False,False
37717,0,False,False
127050,0,False,False
132570,0,False,False
44085,2,True,False
97903,0,False,False
1826,0,False,False
137755,0,False,False
3918,0,False,False
14785,0,False,False
23013,0,False,False
169805,0,False,False
78998,0,False,False
84348,0,False,False
111668,0,False,False
61212,0,False,False
50295,0,False,False
166522,0,False,False
116404,0,False,False
123603,0,False,False
181346,0,False,False
162708,0,False,False
1475,0,False,False
137256,0,False,False
158408,0,False,False
151673,0,False,False
51078,0,False,False
136848,0,False,False
151557,0,False,False
182060,0,False,False
166119,0,False,False
165065,0,False,False
188136,0,False,False
27071,0,False,False
148501,0,False,False
120544,0,False,False
87669,0,False,False
89106,0,False,False
171480,0,False,False
159238,0,False,False
160271,0,False,False
98585,1,True,False
128702,0,False,False
159254,0,False,False
70234,0,False,False
96705,1,True,False
117007,0,False,False
105574,0,False,False
34767,0,False,False
111676,0,False,False
95530,0,False,False
63768,0,False,False
93972,0,False,False
170416,0,False,False
20014,0,False,False
46698,0,False,False
39391,0,False,False
44559,6,True,True
155731,0,False,False
109869,0,False,False
136104,0,False,False
117126,0,False,False
150232,0,False,False
67477,0,False,False
5892,0,False,False
163107,0,False,False
188245,0,False,False
164551,0,False,False
109313,0,False,False
107071,0,False,False
93404,0,False,False
175475,0,False,False
174268,0,False,False
166481,0,False,False
160939,0,False,False
133944,0,False,False
141985,0,False,False
97759,0,False,False
67970,0,False,False
3681,0,False,False
109404,0,False,False
2401,0,False,False
103081,0,False,False
62361,0,False,False
39941,0,False,False
109675,0,False,False
161421,0,False,False
69545,0,False,False
34593,0,False,False
103859,0,False,False
95773,2,True,False
131110,0,False,False
18800,0,False,False
92178,0,False,False
38552,0,False,False
164686,0,False,False
131051,0,False,False
47072,0,False,False
13542,0,False,False
97871,0,False,False
184733,0,False,False
184195,0,False,False
107379,0,False,False
153579,0,False,False
1373,0,False,False
25290,0,False,False
150947,0,False,False
105101,0,False,False
89789,2,True,False
49893,0,False,False
91672,0,False,False
142094,0,False,False
67630,0,False,False
187948,0,False,False
151637,0,False,False
103242,0,False,False
158688,0,False,False
113176,0,False,False
75347,5,True,False
112296,0,False,False
179898,6,True,False
35453,0,False,False
60697,0,False,False
43318,0,False,False
115712,0,False,False
136541,0,False,False
140765,0,False,False
114564,0,False,False
14828,0,False,False
1439,0,False,False
183576,0,False,False
57190,0,False,False
55863,0,False,False
43550,0,False,False
71720,0,False,False
68301,0,False,False
147179,0,False,False
54093,0,False,False
90638,0,False,False
103494,0,False,False
173855,0,False,False
169639,0,False,False
123437,0,False,False
74230,1,True,False
100739,0,False,False
153516,0,False,False
78275,0,False,False
152726,0,False,False
93556,0,False,False
21246,0,False,False
44860,0,False,False
19855,0,False,False
93966,0,False,False
150545,0,False,False
1366,1,True,False
127903,0,False,False
25479,1,True,False
182905,0,False,False
158703,0,False,False
182119,2,True,False
162084,0,False,False
169498,0,False,False
166773,0,False,False
103637,0,False,False
130882,0,False,False
79742,0,False,False
67464,0,False,False
127207,0,False,False
86247,0,False,False
120572,0,False,False
20894,0,False,False
51406,0,False,False
7111,0,False,False
105409,0,False,False
82277,0,False,False
15826,0,False,False
109599,0,False,False
26071,0,False,False
58216,0,False,False
46094,0,False,False
161438,0,False,False
12888,0,False,False
119581,0,False,False
70780,1,True,False
53462,0,False,False
13930,0,False,False
149807,0,False,False
73843,0,False,False
43476,0,False,False
154668,0,False,False
48350,0,False,False
145490,0,False,False
19471,4,True,True
113826,0,False,False
54065,0,False,False
115880,0,False,False
777,0,False,False
17536,0,False,False
82179,0,False,False
82426,0,False,False
114465,0,False,False
170194,0,False,False
22658,0,False,False
182747,1,True,False
5580,0,False,False
48003,0,False,False
24046,3,True,False
12190,0,False,False
182136,0,False,False
4619,0,False,False
65856,0,False,False
164842,0,False,False
146704,0,False,False
28631,0,False,False
41146,0,False,False
146255,0,False,False
32271,2,True,False
19311,0,False,False
164650,0,False,False
43909,0,False,False
105823,1,True,False
18342,0,False,False
113277,0,False,False
7284,0,False,False
165460,0,False,False
25904,0,False,False
124751,0,False,False
172525,0,False,False
2652,0,False,False
172484,0,False,False
90590,0,False,False
184827,0,False,False
79750,0,False,False
146774,0,False,False
70145,0,False,False
109274,0,False,False
29064,0,False,False
180907,0,False,False
125729,0,False,False
115308,0,False,False
133316,0,False,False
80140,0,False,False
38776,0,False,False
82803,0,False,False
109831,0,False,False
124941,0,False,False
144145,6,True,True
90044,0,False,False
136101,0,False,False
126283,0,False,False
43417,0,False,False
97674,10,True,False
56899,1,True,False
13245,0,False,False
18437,0,False,False
100999,0,False,False
129254,0,False,False
61250,1,True,False
159339,0,False,False
58710,0,False,False
26953,0,False,False
6795,1,True,False
60161,0,False,False
65517,0,False,False
132730,0,False,False
52740,0,False,False
120207,0,False,False
6132,0,False,False
128343,0,False,False
5751,0,False,False
118738,0,False,False
99861,0,False,False
2513,0,False,False
105548,0,False,False
93612,0,False,False
76026,0,False,False
49626,0,False,False
67042,0,False,False
90778,0,False,False
75188,3,True,False
126538,0,False,False
176510,1,True,False
188079,0,False,False
106254,0,False,False
174744,0,False,False
28727,0,False,False
132242,0,False,False
65349,0,False,False
171086,0,False,False
175459,0,False,False
64225,0,False,False
55237,0,False,False
137917,0,False,False
42976,0,False,False
187631,1,True,False
41370,0,False,False
81792,0,False,False
163061,1,True,False
71808,0,False,False
110503,0,False,False
125429,0,False,False
147575,0,False,False
72339,0,False,False
39694,0,False,False
126306,0,False,False
41599,0,False,False
83778,0,False,False
14341,7,True,False
151866,0,False,False
75665,4,True,True
14224,0,False,False
71205,0,False,False
14810,0,False,False
110389,0,False,False
153865,0,False,False
137374,0,False,False
14587,0,False,False
135087,0,False,False
15991,0,False,False
136948,0,False,False
75759,0,False,False
112044,0,False,False
126840,0,False,False
122630,0,False,False
164258,0,False,False
106340,0,False,False
71053,0,False,False
120365,0,False,False
97527,1,True,False
29814,0,False,False
106473,0,False,False
160937,0,False,False
147699,0,False,False
6353,0,False,False
166165,0,False,False
90458,0,False,False
147137,0,False,False
145480,0,False,False
77027,0,False,False
186678,0,False,False
97857,0,False,False
112554,0,False,False
161233,0,False,False
115677,0,False,False
28048,0,False,False
51048,0,False,False
168237,0,False,False
149063,0,False,False
172377,0,False,False
164576,0,False,False
170943,0,False,False
118109,0,False,False
45781,0,False,False
77302,0,False,False
90437,2,True,False
181170,0,False,False
185222,0,False,False
140841,0,False,False
56528,0,False,False
1363,0,False,False
148614,0,False,False
105976,0,False,False
43277,2,True,True
167577,0,False,False
119350,0,False,False
95161,2,True,False
149161,0,False,False
95863,0,False,False
36114,1,True,False
47273,0,False,False
163227,0,False,False
95024,0,False,False
140795,0,False,False
48227,0,False,False
133548,0,False,False
60005,0,False,False
89289,2,True,False
41740,1,True,False
156125,0,False,False
135807,0,False,False
186323,0,False,False
36798,1,True,False
111837,0,False,False
102070,0,False,False
145501,0,False,False
89383,1,True,False
128024,0,False,False
153883,0,False,False
180305,0,False,False
128682,0,False,False
90623,1,True,False
71135,0,False,False
104757,0,False,False
138350,0,False,False
35326,0,False,False
94767,5,True,False
9999,3,True,True
23955,1,True,False
104395,0,False,False
48962,0,False,False
22559,1,True,False
118842,0,False,False
131202,0,False,False
65027,0,False,False
54370,0,False,False
158982,0,False,False
86632,0,False,False
20438,0,False,False
146296,0,False,False
112318,0,False,False
171822,0,False,False
98238,0,False,False
44803,0,False,False
132579,0,False,False
130776,0,False,False
145164,0,False,False
171105,0,False,False
43000,0,False,False
180399,1,True,False
83558,0,False,False
162737,0,False,False
47556,0,False,False
6689,0,False,False
48441,0,False,False
59817,0,False,False
142296,0,False,False
146343,0,False,False
11281,0,False,False
130022,0,False,False
47076,0,False,False
23215,0,False,False
81091,0,False,False
120917,0,False,False
137151,0,False,False
122939,0,False,False
43138,1,True,False
60750,0,False,False
58997,0,False,False
130206,0,False,False
36956,8,True,True
113272,0,False,False
45305,0,False,False
28225,2,True,False
59361,0,False,False
119618,0,False,False
49410,2,True,False
15498,0,False,False
149348,0,False,False
41733,0,False,False
75006,0,False,False
90218,0,False,False
152116,0,False,False
181582,0,False,False
140391,0,False,False
85048,0,False,False
33966,0,False,False
170180,0,False,False
73396,0,False,False
89055,0,False,False
26608,0,False,False
119098,1,True,False
89054,0,False,False
153703,0,False,False
3705,0,False,False
16061,0,False,False
76017,0,False,False
147857,0,False,False
93146,0,False,False
27421,0,False,False
13108,0,False,False
185,0,False,False
186251,0,False,False
30065,0,False,False
9107,0,False,False
39192,0,False,False
106242,0,False,False
106093,0,False,False
172272,1,True,False
94264,2,True,False
133053,0,False,False
185491,0,False,False
7142,0,False,False
41285,0,False,False
51991,0,False,False
129042,0,False,False
145878,0,False,False
187775,13,True,True
91713,0,False,False
67399,0,False,False
130890,0,False,False
49962,0,False,False
4564,3,True,False
121855,0,False,False
33144,0,False,False
14711,0,False,False
52561,1,True,False
74948,0,False,False
49242,3,True,False
110168,0,False,False
112629,0,False,False
30316,0,False,False
121535,0,False,False
112858,0,False,False
138334,0,False,False
156531,0,False,False
17603,0,False,False
167920,0,False,False
147116,0,False,False
73167,2,True,False
81385,0,False,False
92579,0,False,False
73852,0,False,False
184482,0,False,False
113883,0,False,False
91203,0,False,False
73045,0,False,False
174469,0,False,False
80396,0,False,False
173825,0,False,False
186278,0,False,False
83734,0,False,False
130023,0,False,False
123692,0,False,False
184124,0,False,False
173276,15,True,False
34446,0,False,False
166013,0,False,False
53478,0,False,False
47416,0,False,False
72148,0,False,False
87651,0,False,False
30021,0,False,False
35399,0,False,False
64448,0,False,False
32816,0,False,False
122377,0,False,False
41690,0,False,False
111826,0,False,False
106798,0,False,False
165136,0,False,False
142572,0,False,False
20846,1,True,False
109934,0,False,False
63175,0,False,False
143446,0,False,False
141736,0,False,False
119181,0,False,False
103245,0,False,False
76507,0,False,False
121754,0,False,False
80680,3,True,False
112766,0,False,False
173750,0,False,False
28447,0,False,False
145291,0,False,False
43655,0,False,False
119393,0,False,False
83384,0,False,False
162086,0,False,False
108729,0,False,False
7779,2,True,False
2058,0,False,False
21156,0,False,False
86813,0,False,False
118594,0,False,False
13090,0,False,False
155505,0,False,False
74443,0,False,False
166566,0,False,False
51576,0,False,False
85281,0,False,False
57068,0,False,False
151769,0,False,False
71338,0,False,False
84081,0,False,False
10412,0,False,False
57776,0,False,False
65086,0,False,False
25233,0,False,False
159602,0,False,False
19118,0,False,False
148799,0,False,False
8263,0,False,False
152085,0,False,False
139670,0,False,False
8725,0,False,False
14397,1,True,True
113591,0,False,False
168493,0,False,False
39048,0,False,False
22096,0,False,False
93074,0,False,False
150556,0,False,False
143570,0,False,False
11610,0,False,False
93366,1,True,False
160633,0,False,False
96624,1,True,False
179745,0,False,False
70153,0,False,False
44580,0,False,False
146778,0,False,False
143421,0,False,False
101245,0,False,False
28919,0,False,False
100746,0,False,False
118532,0,False,False
15978,3,True,False
61896,9,True,False
137513,0,False,False
148935,0,False,False
180217,1,True,False
4476,0,False,False
42718,0,False,False
29739,0,False,False
154024,0,False,False
13186,0,False,False
105915,0,False,False
14225,0,False,False
146114,0,False,False
23979,0,False,False
119063,0,False,False
106777,0,False,False
66101,0,False,False
58538,0,False,False
162585,0,False,False
25071,0,False,False
62428,0,False,False
63551,0,False,False
30022,0,False,False
155410,0,False,False
101231,0,False,False
55420,0,False,False
34688,0,False,False
179630,0,False,False
126125,0,False,False
182517,0,False,False
108861,0,False,False
136851,0,False,False
53887,0,False,False
150698,0,False,False
2286,0,False,False
7245,0,False,False
95959,0,False,False
172738,0,False,False
67823,2,True,False
92114,0,False,False
126670,0,False,False
100657,0,False,False
133807,0,False,False
83884,0,False,False
151917,0,False,False
91768,0,False,False
109090,0,False,False
92099,0,False,False
18780,0,False,False
48631,0,False,False
122932,0,False,False
46257,0,False,False
63836,4,True,False
147132,0,False,False
123256,0,False,False
154285,0,False,False
44055,0,False,False
95799,0,False,False
146944,0,False,False
63775,4,True,False
168746,0,False,False
39412,0,False,False
134348,0,False,False
6576,0,False,False
95446,1,True,False
58654,0,False,False
153322,0,False,False
13896,0,False,False
23235,0,False,False
74063,0,False,False
34123,0,False,False
156130,0,False,False
148901,0,False,False
105313,0,False,False
117430,0,False,False
61041,0,False,False
75285,0,False,False
138063,0,False,False
41694,0,False,False
18481,1,True,False
188484,0,False,False
4103,0,False,False
51293,0,False,False
38013,0,False,False
138475,0,False,False
100910,0,False,False
45965,5,True,False
152852,0,False,False
107463,0,False,False
165896,0,False,False
71000,0,False,False
114991,0,False,False
48548,0,False,False
41024,0,False,False
125072,0,False,False
49079,0,False,False
90114,0,False,False
29884,0,False,False
114784,0,False,False
52808,0,False,False
3558,0,False,False
109661,0,False,False
73067,0,False,False
103424,0,False,False
187517,0,False,False
160924,0,False,False
80759,1,True,False
33486,0,False,False
82786,0,False,False
258,0,False,False
74879,1,True,False
82949,0,False,False
170668,0,False,False
186297,0,False,False
39514,0,False,False
170282,0,False,False
150358,0,False,False
10255,0,False,False
119259,0,False,False
86884,0,False,False
94246,0,False,False
27785,0,False,False
30201,0,False,False
158716,0,False,False
126330,0,False,False
94944,0,False,False
93047,0,False,False
160273,0,False,False
66959,0,False,False
184812,0,False,False
6039,0,False,False
173898,0,False,False
61543,0,False,False
98507,0,False,False
112283,0,False,False
54875,0,False,False
24151,1,True,False
168273,0,False,False
91571,0,False,False
180542,0,False,False
69787,0,False,False
91606,0,False,False
91122,0,False,False
111559,0,False,False
71363,0,False,False
110860,0,False,False
62430,0,False,False
61257,0,False,False
31256,0,False,False
184649,0,False,False
155835,0,False,False
42403,3,True,False
95657,0,False,False
45220,1,True,False
70435,0,False,False
67445,0,False,False
38761,0,False,False
23199,0,False,False
60909,0,False,False
52979,0,False,False
14260,0,False,False
177987,0,False,False
131408,0,False,False
23481,0,False,False
165486,0,False,False
180736,0,False,False
95762,0,False,False
154550,0,False,False
26837,0,False,False
131123,0,False,False
89762,4,True,False
170299,0,False,False
40635,0,False,False
181293,0,False,False
127884,0,False,False
68877,0,False,False
17379,0,False,False
105013,0,False,False
75952,0,False,False
90374,0,False,False
154587,0,False,False
1221,0,False,False
126980,0,False,False
52348,0,False,False
174679,0,False,False
56973,0,False,False
160663,0,False,False
181013,0,False,False
124002,0,False,False
126002,0,False,False
127209,0,False,False
122975,0,False,False
96708,1,True,False
125001,0,False,False
188444,0,False,False
143662,0,False,False
9958,0,False,False
96180,0,False,False
65578,1,True,False
94151,0,False,False
178201,5,True,False
118750,0,False,False
105541,0,False,False
148888,0,False,False
174260,0,False,False
156759,0,False,False
127410,0,False,False
42631,0,False,False
147134,0,False,False
49463,0,False,False
127917,0,False,False
11782,0,False,False
56261,0,False,False
125391,0,False,False
113667,0,False,False
158631,0,False,False
43664,0,False,False
56366,3,True,False
113852,0,False,False
182346,0,False,False
57435,0,False,False
162693,0,False,False
76324,0,False,False
140293,0,False,False
136085,0,False,False
93489,3,True,False
185591,0,False,False
1376,0,False,False
94273,0,False,False
111682,0,False,False
136476,0,False,False
161484,0,False,False
139133,0,False,False
131175,0,False,False
109328,0,False,False
16804,3,True,False
26165,0,False,False
139540,0,False,False
177297,0,False,False
163973,0,False,False
15650,0,False,False
26127,0,False,False
145140,0,False,False
85522,0,False,False
69216,0,False,False
150681,0,False,False
121717,0,False,False
82419,0,False,False
50288,0,False,False
54553,0,False,False
107135,0,False,False
110230,0,False,False
96128,0,False,False
154045,0,False,False
179995,0,False,False
170310,0,False,False
122727,0,False,False
119979,0,False,False
87457,0,False,False
75428,0,False,False
183194,0,False,False
14036,0,False,False
75582,0,False,False
162016,0,False,False
174912,0,False,False
76702,1,True,True
63906,0,False,False
101293,0,False,False
76661,1,True,True
125272,0,False,False
91285,0,False,False
58481,0,False,False
140342,0,False,False
60893,0,False,False
29669,0,False,False
11463,0,False,False
148458,0,False,False
47314,0,False,False
47355,0,False,False
129443,0,False,False
134715,0,False,False
56697,0,False,False
83468,0,False,False
112054,0,False,False
165162,0,False,False
68145,0,False,False
186259,0,False,False
18425,6,True,True
115749,0,False,False
176216,0,False,False
38976,0,False,False
94907,0,False,False
128975,0,False,False
115580,0,False,False
95513,0,False,False
126185,0,False,False
75268,0,False,False
134126,0,False,False
2361,0,False,False
110620,0,False,False
168922,0,False,False
75619,0,False,False
142496,0,False,False
179854,0,False,False
180208,0,False,False
66783,0,False,False
81643,0,False,False
172707,0,False,False
44392,0,False,False
68567,1,True,False
6461,1,True,False
167220,0,False,False
145108,0,False,False
36148,0,False,False
2495,0,False,False
163064,2,True,False
114337,0,False,False
133906,0,False,False
128215,0,False,False
2967,0,False,False
128602,0,False,False
127861,0,False,False
115904,0,False,False
1291,0,False,False
158370,0,False,False
71130,0,False,False
115114,0,False,False
186246,0,False,False
147266,0,False,False
33468,0,False,False
91388,0,False,False
27834,0,False,False
93587,0,False,False
157223,0,False,False
98630,0,False,False
33602,0,False,False
79479,0,False,False
72437,0,False,False
167877,0,False,False
31297,0,False,False
162878,0,False,False
27242,0,False,False
10319,0,False,False
80180,0,False,False
123793,0,False,False
57866,0,False,False
41317,0,False,False
89847,9,True,True
107826,0,False,False
45846,0,False,False
164156,0,False,False
133985,0,False,False
79356,0,False,False
5362,0,False,False
129063,0,False,False
156905,0,False,False
186893,0,False,False
167414,0,False,False
47175,0,False,False
60927,0,False,False
94915,0,False,False
35334,0,False,False
16559,0,False,False
98744,0,False,False
91218,0,False,False
32548,0,False,False
70129,0,False,False
47926,0,False,False
136829,0,False,False
118871,0,False,False
165146,0,False,False
178282,0,False,False
39309,0,False,False
38267,0,False,False
28552,0,False,False
68761,0,False,False
88145,1,True,False
86606,0,False,False
55777,0,False,False
139927,0,False,False
16366,0,False,False
5889,4,True,False
119556,0,False,False
135949,0,False,False
130293,0,False,False
153643,0,False,False
138609,0,False,False
170231,0,False,False
187563,1,True,False
128038,0,False,False
41681,0,False,False
132892,0,False,False
65999,0,False,False
157823,0,False,False
52739,0,False,False
65892,0,False,False
57687,0,False,False
19255,0,False,False
118702,0,False,False
162763,0,False,False
43816,0,False,False
108637,0,False,False
177397,0,False,False
97240,0,False,False
183766,0,False,False
25956,0,False,False
72419,0,False,False
25215,0,False,False
166366,0,False,False
17763,0,False,False
39368,0,False,False
4104,0,False,False
12921,0,False,False
46882,0,False,False
96110,1,True,False
58903,0,False,False
70626,0,False,False
130918,0,False,False
132389,0,False,False
92851,0,False,False
112396,0,False,False
42666,0,False,False
91124,0,False,False
11476,0,False,False
108739,0,False,False
157270,0,False,False
176604,0,False,False
134724,0,False,False
176627,0,False,False
175289,0,False,False
20521,0,False,False
90698,0,False,False
113247,0,False,False
72343,0,False,False
163562,0,False,False
16208,3,True,True
57109,0,False,False
118565,0,False,False
22860,0,False,False
42503,0,False,False
107803,0,False,False
70622,0,False,False
49602,0,False,False
32102,0,False,False
177012,0,False,False
62961,0,False,False
119326,0,False,False
145122,0,False,False
59812,0,False,False
109229,0,False,False
180456,0,False,False
6316,0,False,False
107651,0,False,False
6650,0,False,False
112347,0,False,False
149844,0,False,False
69288,0,False,False
157597,0,False,False
17008,0,False,False
157775,0,False,False
128059,0,False,False
2807,1,True,False
90789,0,False,False
42721,0,False,False
18336,0,False,False
29313,0,False,False
98933,0,False,False
166556,0,False,False
32502,1,True,False
97876,0,False,False
689,0,False,False
185326,0,False,False
81856,0,False,False
149847,0,False,False
168146,0,False,False
157691,0,False,False
66811,0,False,False
180098,0,False,False
88619,1,True,False
45202,4,True,False
72818,0,False,False
147971,0,False,False
31369,0,False,False
123854,0,False,False
162281,0,False,False
36438,0,False,False
100401,0,False,False
182079,0,False,False
60901,0,False,False
48819,0,False,False
161676,0,False,False
33278,0,False,False
123554,0,False,False
67548,0,False,False
135767,0,False,False
8224,0,False,False
142959,0,False,False
84920,0,False,False
6757,0,False,False
48229,3,True,False
87810,0,False,False
91912,0,False,False
39835,0,False,False
10728,0,False,False
6258,0,False,False
94252,4,True,False
167947,0,False,False
92605,0,False,False
84824,0,False,False
141710,0,False,False
16181,1,True,False
51302,0,False,False
86214,0,False,False
121315,0,False,False
174429,0,False,False
34874,0,False,False
9730,0,False,False
15967,2,True,False
97369,0,False,False
186055,0,False,False
69649,0,False,False
158026,0,False,False
125138,0,False,False
158673,0,False,False
150610,0,False,False
10591,0,False,False
172096,0,False,False
128837,0,False,False
74417,0,False,False
74859,0,False,False
114857,0,False,False
125122,0,False,False
80616,0,False,False
150524,1,True,True
96129,0,False,False
71312,0,False,False
36900,0,False,False
20111,0,False,False
131212,0,False,False
126040,0,False,False
91948,0,False,False
155921,0,False,False
74159,0,False,False
14607,0,False,False
111485,0,False,False
133789,0,False,False
159886,0,False,False
30913,0,False,False
80284,1,True,False
93919,0,False,False
134883,0,False,False
131464,0,False,False
161321,0,False,False
38595,0,False,False
92680,0,False,False
159030,0,False,False
26817,0,False,False
138683,0,False,False
37255,0,False,False
2316,0,False,False
141718,0,False,False
137482,0,False,False
117219,0,False,False
153453,0,False,False
121335,0,False,False
161494,0,False,False
155324,0,False,False
80510,0,False,False
187036,0,False,False
4194,0,False,False
34748,0,False,False
54646,0,False,False
32634,0,False,False
31077,1,True,False
27826,0,False,False
120782,0,False,False
86428,0,False,False
76325,0,False,False
93893,0,False,False
39624,0,False,False
134543,0,False,False
100509,0,False,False
156329,0,False,False
178964,0,False,False
177396,0,False,False
101519,0,False,False
21180,0,False,False
77723,0,False,False
68831,0,False,False
127115,0,False,False
57608,1,True,False
78222,0,False,False
77810,0,False,False
181992,0,False,False
72660,1,True,False
115405,0,False,False
157820,0,False,False
157039,0,False,False
98393,0,False,False
35745,0,False,False
116114,0,False,False
137302,0,False,False
148823,0,False,False
126183,0,False,False
11011,0,False,False
136084,0,False,False
113292,0,False,False
160169,0,False,False
66309,0,False,False
119099,0,False,False
54064,0,False,False
84646,0,False,False
9934,0,False,False
50612,0,False,False
148238,0,False,False
20242,0,False,False
52073,0,False,False
152388,0,False,False
37590,0,False,False
12835,0,False,False
24508,1,True,False
103232,0,False,False
126902,0,False,False
125959,0,False,False
37652,0,False,False
91934,0,False,False
17303,2,True,False
87076,0,False,False
102385,0,False,False
19547,0,False,False
98324,0,False,False
104595,0,False,False
70936,0,False,False
39267,0,False,False
104266,0,False,False
97487,0,False,False
128214,0,False,False
175827,0,False,False
2739,0,False,False
57900,0,False,False
92575,0,False,False
184738,0,False,False
182380,0,False,False
161330,0,False,False
21494,0,False,False
33520,0,False,False
72294,1,True,False
34478,0,False,False
65955,0,False,False
149475,0,False,False
67976,0,False,False
83256,0,False,False
142305,0,False,False
183781,0,False,False
33736,0,False,False
129394,0,False,False
130692,0,False,False
63543,0,False,False
50273,0,False,False
69954,0,False,False
93519,0,False,False
160496,0,False,False
152510,0,False,False
126564,0,False,False
104572,0,False,False
70876,0,False,False
41319,0,False,False
44577,2,True,False
19114,0,False,False
100003,0,False,False
160890,0,False,False
114522,0,False,False
64130,0,False,False
70429,0,False,False
187576,0,False,False
24435,0,False,False
127712,0,False,False
80185,2,True,False
153959,0,False,False
104896,0,False,False
32394,0,False,False
38867,0,False,False
116900,0,False,False
123662,0,False,False
155808,0,False,False
35597,0,False,False
11637,0,False,False
1280,0,False,False
78043,0,False,False
48714,0,False,False
89857,3,True,True
64678,0,False,False
37074,0,False,False
88549,0,False,False
2212,0,False,False
174382,0,False,False
74532,0,False,False
92455,0,False,False
18890,0,False,False
100303,0,False,False
186745,0,False,False
176144,0,False,False
178540,0,False,False
71578,0,False,False
93999,0,False,False
140444,0,False,False
29703,0,False,False
3510,0,False,False
114691,0,False,False
6673,1,True,False
20501,0,False,False
54567,0,False,False
141703,0,False,False
20062,0,False,False
8050,0,False,False
809,0,False,False
86830,0,False,False
166645,0,False,False
40445,0,False,False
40018,0,False,False
110493,0,False,False
180074,0,False,False
65368,1,True,False
144309,0,False,False
59242,0,False,False
28238,0,False,False
50460,0,False,False
101446,0,False,False
140149,0,False,False
95774,0,False,False
119675,0,False,False
128545,0,False,False
29056,8,True,False
138406,0,False,False
121666,0,False,False
8426,0,False,False
95061,0,False,False
183620,0,False,False
157608,0,False,False
180695,2,True,False
88706,0,False,False
95983,2,True,False
160084,0,False,False
97660,0,False,False
60508,0,False,False
12283,0,False,False
111717,0,False,False
150985,0,False,False
24196,0,False,False
15797,0,False,False
185855,0,False,False
162249,0,False,False
178092,1,True,False
34353,0,False,False
156098,0,False,False
10821,0,False,False
150592,0,False,False
43772,0,False,False
167806,0,False,False
72193,0,False,False
5101,1,True,False
47085,0,False,False
41899,0,False,False
31939,0,False,False
15128,0,False,False
149636,0,False,False
96007,2,True,False
123906,0,False,False
178313,0,False,False
7114,0,False,False
1307,0,False,False
13855,0,False,False
156679,0,False,False
108709,0,False,False
99985,0,False,False
57749,0,False,False
149716,0,False,False
17009,0,False,False
143831,0,False,False
12333,0,False,False
35501,0,False,False
143738,0,False,False
118618,0,False,False
129259,0,False,False
13829,0,False,False
117727,0,False,False
112647,0,False,False
30501,0,False,False
82790,0,False,False
119701,0,False,False
160597,0,False,False
30985,0,False,False
11123,1,True,False
145447,0,False,False
52672,3,True,False
179443,0,False,False
130854,0,False,False
101045,0,False,False
139935,0,False,False
176346,0,False,False
185419,0,False,False
144840,0,False,False
31876,0,False,False
179914,0,False,False
38834,0,False,False
74354,0,False,False
56169,0,False,False
95620,4,True,False
69158,0,False,False
165109,0,False,False
100562,0,False,False
90989,1,True,False
98382,0,False,False
72169,0,False,False
96749,0,False,False
70584,0,False,False
41244,3,True,False
56272,0,False,False
153212,0,False,False
35923,0,False,False
88674,0,False,False
91940,0,False,False
127276,0,False,False
118365,0,False,False
43910,3,True,False
46034,0,False,False
6120,1,True,False
152797,0,False,False
88731,0,False,False
82650,0,False,False
7669,0,False,False
41177,0,False,False
146783,0,False,False
87390,0,False,False
107723,0,False,False
68857,0,False,False
43224,0,False,False
66557,0,False,False
100996,0,False,False
156828,0,False,False
178922,0,False,False
21753,0,False,False
5379,0,False,False
49873,0,False,False
90493,0,False,False
120420,0,False,False
14772,0,False,False
79037,0,False,False
81353,0,False,False
133683,0,False,False
24394,0,False,False
68332,0,False,False
11194,0,False,False
95588,1,True,False
48090,0,False,False
147540,0,False,False
20702,0,False,False
15998,0,False,False
92543,0,False,False
111719,0,False,False
151725,0,False,False
57035,0,False,False
122668,0,False,False
59205,0,False,False
48706,0,False,False
166525,0,False,False
113038,0,False,False
40704,0,False,False
176638,0,False,False
46985,0,False,False
87709,0,False,False
85006,1,True,False
156771,0,False,False
103586,0,False,False
36461,0,False,False
67883,1,True,False
78888,1,True,False
131468,0,False,False
61375,0,False,False
7568,0,False,False
28147,0,False,False
33730,0,False,False
153708,0,False,False
170677,0,False,False
9923,0,False,False
167355,0,False,False
170749,0,False,False
5678,0,False,False
77338,0,False,False
143630,0,False,False
168916,0,False,False
155424,0,False,False
49134,2,True,False
140406,0,False,False
67550,0,False,False
5696,0,False,False
120252,0,False,False
25068,0,False,False
159298,0,False,False
1265,0,False,False
167340,0,False,False
157199,0,False,False
177601,0,False,False
112662,0,False,False
71186,0,False,False
29087,0,False,False
48526,0,False,False
122988,0,False,False
69424,0,False,False
181333,0,False,False
68804,0,False,False
89765,3,True,False
53884,1,True,False
48518,0,False,False
154328,0,False,False
62840,0,False,False
141195,0,False,False
52942,0,False,False
153787,2,True,False
15548,0,False,False
93843,1,True,False
12457,0,False,False
32982,0,False,False
128829,0,False,False
58586,0,False,False
145492,0,False,False
158578,0,False,False
22995,0,False,False
5569,0,False,False
120972,0,False,False
146105,0,False,False
56469,0,False,False
124359,0,False,False
3375,0,False,False
118967,0,False,False
116564,0,False,False
167167,0,False,False
79823,0,False,False
89785,1,True,False
40187,0,False,False
47441,0,False,False
183202,0,False,False
104011,0,False,False
172310,0,False,False
172542,0,False,False
73392,0,False,False
37307,0,False,False
38639,0,False,False
23597,0,False,False
70981,0,False,False
68561,0,False,False
90507,0,False,False
127546,0,False,False
53063,0,False,False
25595,0,False,False
39593,0,False,False
149464,0,False,False
33624,0,False,False
85861,0,False,False
142671,0,False,False
120591,0,False,False
73001,0,False,False
176233,0,False,False
100635,0,False,False
41156,0,False,False
182586,0,False,False
32756,0,False,False
68875,0,False,False
128547,0,False,False
30839,0,False,False
93981,0,False,False
9214,0,False,False
113585,0,False,False
158118,0,False,False
10152,0,False,False
56754,0,False,False
134122,0,False,False
14672,1,True,False
48067,0,False,False
22945,0,False,False
85289,1,True,False
51467,0,False,False
117336,0,False,False
51731,0,False,False
15809,0,False,False
2839,0,False,False
103030,0,False,False
160628,0,False,False
142209,0,False,False
3959,0,False,False
144052,0,False,False
64675,0,False,False
49657,0,False,False
37786,0,False,False
149957,0,False,False
85863,0,False,False
39020,0,False,False
33303,0,False,False
24562,0,False,False
140918,0,False,False
67796,0,False,False
187347,1,True,False
45810,0,False,False
90168,0,False,False
15055,0,False,False
147519,0,False,False
104465,0,False,False
175934,0,False,False
28561,0,False,False
121711,0,False,False
90777,0,False,False
154037,0,False,False
57375,1,True,True
155760,0,False,False
165545,0,False,False
144413,0,False,False
105399,0,False,False
111944,0,False,False
5558,0,False,False
141658,0,False,False
144266,0,False,False
73783,0,False,False
174225,0,False,False
58861,0,False,False
48326,0,False,False
108662,0,False,False
102084,0,False,False
70177,0,False,False
32951,0,False,False
38085,0,False,False
100413,0,False,False
22270,0,False,False
148333,0,False,False
1225,0,False,False
149821,0,False,False
178923,0,False,False
152946,0,False,False
134270,0,False,False
17758,0,False,False
127990,0,False,False
63545,0,False,False
51386,0,False,False
179136,12,True,False
126612,0,False,False
35036,0,False,False
174627,1,True,False
141662,0,False,False
132154,0,False,False
176876,0,False,False
102631,0,False,False
62692,0,False,False
65397,0,False,False
175019,0,False,False
584,0,False,False
32576,0,False,False
5773,0,False,False
146459,0,False,False
131244,0,False,False
109700,0,False,False
51351,0,False,False
149705,0,False,False
93353,0,False,False
179788,0,False,False
94582,0,False,False
92922,1,True,False
138068,0,False,False
49585,0,False,False
122101,0,False,False
48444,0,False,False
31447,0,False,False
10870,0,False,False
31754,0,False,False
75992,0,False,False
160017,0,False,False
75448,0,False,False
138435,0,False,False
33746,0,False,False
41508,0,False,False
144992,0,False,False
79389,0,False,False
151559,0,False,False
3854,0,False,False
79286,0,False,False
144822,0,False,False
43878,2,True,False
5549,0,False,False
103273,0,False,False
21271,0,False,False
7297,0,False,False
69434,0,False,False
64892,0,False,False
40241,0,False,False
180111,2,True,False
64954,0,False,False
41776,0,False,False
29248,0,False,False
96847,0,False,False
70014,0,False,False
142253,0,False,False
150714,0,False,False
120144,0,False,False
1090,0,False,False
63152,0,False,False
51429,0,False,False
39283,0,False,False
140347,0,False,False
164404,0,False,False
180514,2,True,False
31662,0,False,False
102111,0,False,False
113132,0,False,False
76607,0,False,False
168945,0,False,False
179189,0,False,False
155583,0,False,False
188203,0,False,False
17838,0,False,False
119601,0,False,False
142953,0,False,False
23460,0,False,False
39939,0,False,False
174254,0,False,False
188560,0,False,False
52214,0,False,False
52367,0,False,False
182410,0,False,False
9911,0,False,False
72146,0,False,False
52909,0,False,False
86373,0,False,False
123570,0,False,False
85310,4,True,True
176673,0,False,False
77032,0,False,False
90244,0,False,False
183018,0,False,False
160680,0,False,False
5281,0,False,False
138776,0,False,False
30773,0,False,False
4829,0,False,False
162666,0,False,False
90885,5,True,True
25259,0,False,False
6878,0,False,False
146786,0,False,False
100652,0,False,False
63127,0,False,False
106813,0,False,False
114105,0,False,False
91244,1,True,False
136816,0,False,False
144127,0,False,False
88038,0,False,False
46867,0,False,False
134105,0,False,False
164220,0,False,False
125191,1,True,False
152468,0,False,False
127943,0,False,False
46810,0,False,False
145450,0,False,False
33803,0,False,False
100940,0,False,False
86401,0,False,False
56663,0,False,False
161944,0,False,False
33943,0,False,False
160921,0,False,False
79230,0,False,False
64507,0,False,False
178946,0,False,False
49154,0,False,False
180331,0,False,False
145376,0,False,False
19445,0,False,False
118897,0,False,False
73341,0,False,False
3069,0,False,False
94498,0,False,False
55499,0,False,False
32485,0,False,False
161825,0,False,False
128931,0,False,False
100861,0,False,False
109279,0,False,False
83521,0,False,False
48438,0,False,False
128620,0,False,False
8167,0,False,False
34232,0,False,False
183718,0,False,False
97713,0,False,False
134608,0,False,False
98800,0,False,False
37810,0,False,False
182881,0,False,False
27091,0,False,False
67771,0,False,False
103955,0,False,False
35027,0,False,False
58108,0,False,False
123957,0,False,False
168233,0,False,False
143729,0,False,False
3859,0,False,False
16627,0,False,False
58298,0,False,False
11789,0,False,False
125877,0,False,False
113179,0,False,False
184989,0,False,False
12461,0,False,False
51166,0,False,False
665,0,False,False
186478,0,False,False
29041,1,True,False
153964,0,False,False
161969,0,False,False
113017,0,False,False
41808,0,False,False
105653,0,False,False
135096,0,False,False
136479,0,False,False
81940,0,False,False
77401,0,False,False
181544,6,True,False
18164,0,False,False
115469,0,False,False
42096,0,False,False
81240,0,False,False
4916,0,False,False
90834,0,False,False
67707,0,False,False
113489,0,False,False
29638,0,False,False
179987,0,False,False
172917,0,False,False
98765,0,False,False
51973,0,False,False
131804,0,False,False
122639,0,False,False
1788,1,True,False
72936,0,False,False
119154,0,False,False
146055,0,False,False
92750,0,False,False
95405,0,False,False
43884,5,True,False
89586,0,False,False
181482,0,False,False
44954,0,False,False
66304,0,False,False
14849,0,False,False
144344,0,False,False
14214,0,False,False
176009,0,False,False
92888,0,False,False
17352,0,False,False
105146,0,False,False
186477,0,False,False
31915,0,False,False
182301,0,False,False
171457,0,False,False
129805,0,False,False
47752,0,False,False
176396,0,False,False
6717,0,False,False
158214,0,False,False
150224,0,False,False
37041,0,False,False
3008,0,False,False
153792,0,False,False
51762,0,False,False
151200,0,False,False
19648,0,False,False
51963,0,False,False
90099,1,True,False
27538,0,False,False
99315,0,False,False
122531,0,False,False
53403,0,False,False
142374,0,False,False
74862,1,True,False
141464,0,False,False
128045,0,False,False
120102,0,False,False
65227,0,False,False
32360,0,False,False
11316,0,False,False
167186,0,False,False
46214,0,False,False
180123,3,True,False
3474,2,True,False
29125,0,False,False
15953,0,False,False
49264,0,False,False
107478,0,False,False
140856,0,False,False
9691,0,False,False
34885,0,False,False
48978,0,False,False
84946,0,False,False
76731,0,False,False
81000,0,False,False
2081,0,False,False
10913,0,False,False
20677,1,True,False
85210,0,False,False
119243,0,False,False
105766,0,False,False
165031,0,False,False
87662,0,False,False
176755,1,True,False
118185,0,False,False
60383,8,True,False
104036,0,False,False
57331,0,False,False
68250,0,False,False
7564,0,False,False
57176,0,False,False
101529,0,False,False
93783,0,False,False
32708,0,False,False
116830,0,False,False
173005,0,False,False
115843,0,False,False
99233,0,False,False
172558,0,False,False
15550,3,True,False
64285,0,False,False
42043,0,False,False
108076,0,False,False
155523,0,False,False
145690,0,False,False
163791,0,False,False
140035,0,False,False
143219,0,False,False
132688,0,False,False
88508,0,False,False
47272,0,False,False
42009,0,False,False
156878,0,False,False
109301,0,False,False
9684,0,False,False
69428,0,False,False
159638,0,False,False
175977,0,False,False
62950,0,False,False
126016,0,False,False
65949,0,False,False
158234,0,False,False
63001,0,False,False
88434,0,False,False
93072,0,False,False
4947,0,False,False
71659,0,False,False
51847,0,False,False
123179,0,False,False
186640,0,False,False
95395,12,True,False
39153,0,False,False
177337,0,False,False
523,0,False,False
97704,0,False,False
181051,0,False,False
31255,0,False,False
148892,0,False,False
149030,0,False,False
157055,0,False,False
51621,0,False,False
105557,0,False,False
43980,0,False,False
108383,0,False,False
19168,0,False,False
102245,0,False,False
71155,5,True,False
141060,0,False,False
9806,0,False,False
61528,0,False,False
175526,0,False,False
156783,0,False,False
82236,0,False,False
73545,0,False,False
109753,0,False,False
96050,0,False,False
184782,0,False,False
141034,0,False,False
152601,0,False,False
7363,0,False,False
173150,0,False,False
62061,1,True,False
16565,0,False,False
103032,0,False,False
157113,0,False,False
135842,0,False,False
49789,0,False,False
63243,0,False,False
142412,0,False,False
176305,0,False,False
156982,0,False,False
58305,0,False,False
24001,0,False,False
387,0,False,False
157344,0,False,False
122212,0,False,False
79604,0,False,False
117011,0,False,False
27093,0,False,False
59260,4,True,False
175421,0,False,False
157460,0,False,False
155825,0,False,False
169627,0,False,False
129386,0,False,False
71480,0,False,False
103321,0,False,False
107940,0,False,False
65839,0,False,False
135099,0,False,False
155368,0,False,False
26917,0,False,False
147498,0,False,False
185844,0,False,False
158747,0,False,False
163342,0,False,False
77955,0,False,False
180806,0,False,False
30023,0,False,False
166515,0,False,False
74074,0,False,False
145267,0,False,False
163528,0,False,False
103696,0,False,False
176598,0,False,False
2076,0,False,False
5637,0,False,False
59495,0,False,False
21019,0,False,False
136255,0,False,False
71852,0,False,False
41532,0,False,False
52061,0,False,False
169381,0,False,False
7609,2,True,False
77375,0,False,False
135506,0,False,False
86232,0,False,False
118580,0,False,False
151036,0,False,False
180508,0,False,False
134253,0,False,False
87771,0,False,False
146259,0,False,False
161418,0,False,False
54671,0,False,False
46559,0,False,False
169099,0,False,False
153056,0,False,False
108377,0,False,False
166368,0,False,False
162357,0,False,False
76237,0,False,False
102772,0,False,False
11785,1,True,False
60089,0,False,False
122139,0,False,False
54716,0,False,False
111861,0,False,False
158755,0,False,False
145759,0,False,False
8420,0,False,False
105640,0,False,False
35403,0,False,False
129772,0,False,False
61125,0,False,False
161135,0,False,False
4030,0,False,False
137133,0,False,False
170435,0,False,False
49812,0,False,False
85976,0,False,False
187312,0,False,False
88391,0,False,False
43511,0,False,False
134932,0,False,False
34812,0,False,False
175735,0,False,False
185836,0,False,False
48812,1,True,False
16912,0,False,False
157698,0,False,False
111345,0,False,False
48201,0,False,False
16197,3,True,True
49551,2,True,False
16794,0,False,False
123447,0,False,False
152415,0,False,False
110184,0,False,False
154286,0,False,False
156428,0,False,False
73716,2,True,False
57304,0,False,False
125212,0,False,False
163574,0,False,False
179421,5,True,False
119586,0,False,False
6929,0,False,False
53676,0,False,False
177478,0,False,False
179323,0,False,False
20746,0,False,False
148573,0,False,False
76773,0,False,False
41849,0,False,False
158124,0,False,False
163032,0,False,False
65311,0,False,False
55552,0,False,False
112454,0,False,False
72321,0,False,False
644,0,False,False
161468,0,False,False
61333,0,False,False
122681,0,False,False
117289,0,False,False
46804,1,True,False
98177,0,False,False
67910,0,False,False
96381,0,False,False
52648,0,False,False
117736,0,False,False
24114,0,False,False
113286,0,False,False
155390,0,False,False
155043,0,False,False
25116,0,False,False
87635,0,False,False
141343,0,False,False
124053,0,False,False
141564,0,False,False
127171,0,False,False
80491,0,False,False
123799,0,False,False
126095,0,False,False
157985,0,False,False
74357,0,False,False
7101,0,False,False
161194,0,False,False
57276,0,False,False
48820,0,False,False
9176,0,False,False
172081,0,False,False
143467,0,False,False
103409,0,False,False
92405,1,True,False
71798,0,False,False
106508,0,False,False
164498,0,False,False
42864,0,False,False
109005,0,False,False
30602,0,False,False
151356,0,False,False
92600,0,False,False
139002,0,False,False
52030,0,False,False
45430,1,True,False
99946,0,False,False
155979,0,False,False
169206,0,False,False
179550,3,True,False
84734,0,False,False
75723,3,True,False
9607,0,False,False
55373,0,False,False
95176,2,True,False
155455,0,False,False
134799,0,False,False
55982,0,False,False
37709,0,False,False
175653,0,False,False
153158,0,False,False
106144,0,False,False
17661,0,False,False
46516,1,True,False
155610,0,False,False
116162,0,False,False
119370,0,False,False
47224,0,False,False
98841,0,False,False
166750,0,False,False
40377,0,False,False
116961,0,False,False
150380,0,False,False
78094,0,False,False
18170,0,False,False
161943,0,False,False
175629,0,False,False
71038,0,False,False
108568,0,False,False
135917,0,False,False
96332,0,False,False
182495,3,True,False
35259,0,False,False
115059,0,False,False
138174,0,False,False
32584,0,False,False
43636,0,False,False
93563,0,False,False
32964,0,False,False
121026,0,False,False
139454,0,False,False
69945,0,False,False
168246,0,False,False
95283,5,True,False
168289,0,False,False
79876,0,False,False
182652,0,False,False
187884,0,False,False
21640,0,False,False
9395,0,False,False
131986,0,False,False
26952,0,False,False
163307,0,False,False
7942,0,False,False
178152,0,False,False
160881,0,False,False
87188,5,True,False
169047,0,False,False
115472,0,False,False
87477,0,False,False
99853,0,False,False
63023,0,False,False
163270,0,False,False
152497,0,False,False
53688,0,False,False
55559,0,False,False
36817,0,False,False
167950,0,False,False
67544,0,False,False
180268,0,False,False
130794,0,False,False
8631,0,False,False
139854,0,False,False
104601,0,False,False
152041,0,False,False
22750,0,False,False
55811,0,False,False
165575,0,False,False
22131,0,False,False
162504,0,False,False
53167,0,False,False
59151,0,False,False
50486,2,True,False
188439,0,False,False
169111,0,False,False
71928,0,False,False
178109,0,False,False
156938,0,False,False
168399,0,False,False
18011,0,False,False
3376,1,True,False
105087,0,False,False
94288,0,False,False
62686,1,True,False
90637,0,False,False
140890,0,False,False
162897,0,False,False
104157,0,False,False
41123,0,False,False
125401,0,False,False
135006,0,False,False
146710,0,False,False
62649,0,False,False
109283,0,False,False
67014,0,False,False
45677,0,False,False
19294,0,False,False
109413,0,False,False
48092,0,False,False
143066,0,False,False
25932,0,False,False
180320,0,False,False
178656,4,True,False
19346,0,False,False
18427,1,True,True
2721,2,True,False
31120,0,False,False
59655,0,False,False
55697,0,False,False
48777,0,False,False
58633,1,True,False
41583,0,False,False
70938,0,False,False
79880,0,False,False
173859,0,False,False
128329,0,False,False
167884,0,False,False
1645,0,False,False
49394,0,False,False
181062,0,False,False
118141,0,False,False
80438,0,False,False
58915,1,True,False
96863,0,False,False
171451,0,False,False
55103,0,False,False
186940,0,False,False
59744,0,False,False
30827,0,False,False
63851,0,False,False
22257,0,False,False
158672,0,False,False
38656,0,False,False
118866,0,False,False
127363,0,False,False
35179,0,False,False
126610,0,False,False
157783,0,False,False
11543,1,True,False
30903,0,False,False
77987,0,False,False
105521,0,False,False
17471,0,False,False
132712,0,False,False
12866,0,False,False
49890,0,False,False
61750,0,False,False
173971,0,False,False
105174,0,False,False
44472,0,False,False
106492,0,False,False
156485,0,False,False
46906,0,False,False
25548,0,False,False
143199,0,False,False
185190,0,False,False
16207,3,True,True
26648,0,False,False
37629,0,False,False
170862,0,False,False
125702,0,False,False
118385,0,False,False
124482,0,False,False
155646,0,False,False
148146,0,False,False
62926,0,False,False
68183,0,False,False
129498,0,False,False
5166,0,False,False
7992,0,False,False
163425,0,False,False
73328,0,False,False
105610,0,False,False
93789,0,False,False
87287,0,False,False
107950,0,False,False
29367,0,False,False
182822,0,False,False
30473,0,False,False
140237,0,False,False
112033,0,False,False
62274,0,False,False
132900,0,False,False
133369,0,False,False
107562,0,False,False
123524,0,False,False
175398,1,True,False
60272,0,False,False
43127,0,False,False
185205,0,False,False
51653,0,False,False
98537,0,False,False
185659,0,False,False
102547,0,False,False
76698,0,False,False
10318,0,False,False
106654,0,False,False
6280,0,False,False
64860,0,False,False
53723,0,False,False
89253,0,False,False
178183,0,False,False
1668,0,False,False
61436,0,False,False
45158,0,False,False
100254,0,False,False
25422,0,False,False
48070,0,False,False
86116,1,True,False
142703,0,False,False
38491,0,False,False
132659,0,False,False
58707,0,False,False
40356,1,True,False
171313,0,False,False
146566,0,False,False
108714,0,False,False
102663,0,False,False
88435,2,True,False
143957,0,False,False
154779,0,False,False
64237,0,False,False
97363,0,False,False
46367,0,False,False
26440,0,False,False
95295,0,False,False
151949,0,False,False
181263,0,False,False
163980,0,False,False
116096,0,False,False
108647,0,False,False
30496,0,False,False
52799,0,False,False
49645,0,False,False
161999,0,False,False
188326,0,False,False
162869,0,False,False
92157,0,False,False
56667,0,False,False
46616,1,True,False
123858,0,False,False
99202,0,False,False
161177,0,False,False
165784,0,False,False
59286,0,False,False
67511,0,False,False
28637,0,False,False
5614,0,False,False
129216,0,False,False
141119,0,False,False
16840,0,False,False
47763,0,False,False
142639,0,False,False
78746,0,False,False
8613,0,False,False
99176,0,False,False
76908,0,False,False
4134,0,False,False
15596,0,False,False
103022,0,False,False
77466,0,False,False
52685,0,False,False
38124,0,False,False
161581,0,False,False
141134,0,False,False
74416,0,False,False
28407,0,False,False
106981,0,False,False
38259,0,False,False
14784,2,True,False
58212,0,False,False
58363,0,False,False
9259,0,False,False
22201,0,False,False
175608,0,False,False
126448,0,False,False
104694,0,False,False
84044,0,False,False
73814,0,False,False
125951,0,False,False
95011,0,False,False
128111,0,False,False
170872,0,False,False
112432,0,False,False
177399,0,False,False
35421,0,False,False
60475,1,True,False
34110,0,False,False
153083,0,False,False
67668,0,False,False
184162,0,False,False
106768,0,False,False
90873,0,False,False
40296,0,False,False
180942,0,False,False
24434,0,False,False
22542,0,False,False
184881,0,False,False
154707,0,False,False
13887,0,False,False
833,0,False,False
171044,0,False,False
18932,0,False,False
58040,0,False,False
53349,0,False,False
123939,0,False,False
77457,0,False,False
13545,0,False,False
14561,0,False,False
168960,0,False,False
89052,0,False,False
159687,0,False,False
61617,0,False,False
148382,0,False,False
154678,0,False,False
172057,0,False,False
164638,0,False,False
145796,0,False,False
180969,0,False,False
109846,0,False,False
76314,0,False,False
153176,0,False,False
107267,0,False,False
120806,0,False,False
61089,0,False,False
79196,0,False,False
95666,0,False,False
125626,0,False,False
10890,1,True,False
134858,0,False,False
69859,0,False,False
139172,0,False,False
56158,0,False,False
96444,0,False,False
7842,0,False,False
62837,0,False,False
135825,0,False,False
32380,0,False,False
187451,0,False,False
75395,0,False,False
118716,0,False,False
1560,0,False,False
13485,0,False,False
106055,0,False,False
165742,0,False,False
184753,1,True,False
24780,0,False,False
60417,2,True,False
187977,0,False,False
159479,0,False,False
144514,0,False,False
132686,0,False,False
172973,0,False,False
31903,0,False,False
123958,0,False,False
106244,0,False,False
54157,0,False,False
91197,0,False,False
144775,0,False,False
94393,0,False,False
97562,0,False,False
5872,0,False,False
152056,0,False,False
141970,0,False,False
162555,0,False,False
176232,0,False,False
16676,0,False,False
128567,0,False,False
27661,0,False,False
105956,0,False,False
8531,0,False,False
20255,0,False,False
73243,0,False,False
36598,0,False,False
124204,0,False,False
131508,0,False,False
2681,0,False,False
110867,0,False,False
37703,0,False,False
22290,0,False,False
22304,0,False,False
75547,0,False,False
7973,3,True,False
121260,0,False,False
158099,0,False,False
123245,0,False,False
101170,0,False,False
22220,0,False,False
119922,0,False,False
179758,0,False,False
173786,0,False,False
155577,0,False,False
171296,1,True,False
27050,0,False,False
76960,0,False,False
11232,6,True,False
81826,1,True,False
186667,0,False,False
89428,0,False,False
12644,0,False,False
59672,0,False,False
107212,0,False,False
154696,0,False,False
22951,0,False,False
118327,0,False,False
98849,0,False,False
110323,0,False,False
112854,0,False,False
100645,0,False,False
88776,0,False,False
11805,0,False,False
169648,0,False,False
137939,0,False,False
62122,0,False,False
71242,0,False,False
170646,0,False,False
6808,0,False,False
152018,0,False,False
25982,0,False,False
6617,0,False,False
167466,0,False,False
161111,0,False,False
138408,0,False,False
155365,0,False,False
12655,0,False,False
20884,3,True,True
164545,0,False,False
29483,0,False,False
50390,0,False,False
87815,0,False,False
141854,0,False,False
125022,0,False,False
82344,0,False,False
152516,0,False,False
121879,0,False,False
38214,0,False,False
118284,0,False,False
1884,0,False,False
59673,0,False,False
36224,0,False,False
575,0,False,False
71093,0,False,False
39566,8,True,False
181031,0,False,False
137911,0,False,False
130556,0,False,False
86984,0,False,False
31260,0,False,False
128196,0,False,False
186348,0,False,False
47078,0,False,False
28410,0,False,False
125181,0,False,False
27481,0,False,False
160396,0,False,False
65708,0,False,False
78162,0,False,False
1525,0,False,False
4831,0,False,False
47390,0,False,False
90967,1,True,False
169273,0,False,False
58552,0,False,False
138902,0,False,False
59852,0,False,False
23997,0,False,False
35307,0,False,False
183891,0,False,False
14990,0,False,False
157197,0,False,False
26201,0,False,False
29706,1,True,False
37107,0,False,False
61358,0,False,False
58471,5,True,False
112926,0,False,False
167377,0,False,False
17724,0,False,False
118851,0,False,False
20089,0,False,False
7337,0,False,False
111696,0,False,False
61413,0,False,False
161886,0,False,False
36670,1,True,False
185630,0,False,False
153920,0,False,False
34265,0,False,False
130562,0,False,False
8467,0,False,False
165016,0,False,False
30517,0,False,False
74963,0,False,False
56004,0,False,False
152737,0,False,False
159291,0,False,False
149098,0,False,False
59234,0,False,False
80967,0,False,False
185960,0,False,False
172014,0,False,False
114170,0,False,False
142230,0,False,False
172720,0,False,False
60125,0,False,False
163197,0,False,False
104578,0,False,False
176147,0,False,False
143206,0,False,False
156213,0,False,False
28733,0,False,False
177971,0,False,False
85319,1,True,False
168864,0,False,False
142488,0,False,False
235,0,False,False
102232,0,False,False
22674,0,False,False
148488,0,False,False
25172,0,False,False
23563,0,False,False
143068,0,False,False
26283,0,False,False
73110,1,True,False
27013,0,False,False
62549,0,False,False
52271,0,False,False
154963,0,False,False
19002,0,False,False
824,0,False,False
132501,0,False,False
37782,0,False,False
137119,0,False,False
36721,3,True,False
14233,3,True,False
35959,0,False,False
127252,0,False,False
104775,0,False,False
121066,0,False,False
47484,0,False,False
95258,0,False,False
45715,0,False,False
66308,0,False,False
146033,0,False,False
7679,0,False,False
32994,0,False,False
17819,0,False,False
73616,0,False,False
152296,0,False,False
137981,0,False,False
98663,0,False,False
152861,0,False,False
24507,0,False,False
109547,0,False,False
13978,0,False,False
10943,0,False,False
11520,2,True,False
106306,0,False,False
150188,0,False,False
96582,0,False,False
12842,0,False,False
24967,0,False,False
162363,0,False,False
34079,0,False,False
38251,0,False,False
126073,0,False,False
176520,0,False,False
178168,0,False,False
103348,0,False,False
180696,0,False,False
74361,0,False,False
78197,0,False,False
38454,0,False,False
91633,0,False,False
177731,0,False,False
92593,0,False,False
62760,0,False,False
168501,0,False,False
126235,0,False,False
129145,0,False,False
41500,0,False,False
106214,0,False,False
51408,0,False,False
28859,0,False,False
158798,0,False,False
142476,0,False,False
157891,0,False,False
153378,0,False,False
138527,0,False,False
7128,0,False,False
153626,0,False,False
60714,0,False,False
125418,0,False,False
152535,0,False,False
71044,0,False,False
13,0,False,False
153732,1,True,False
162910,0,False,False
61396,0,False,False
30190,0,False,False
150705,0,False,False
137225,0,False,False
34305,0,False,False
90455,0,False,False
131782,0,False,False
150217,0,False,False
145171,0,False,False
146219,0,False,False
154840,0,False,False
129045,0,False,False
120176,0,False,False
80879,1,True,False
114234,0,False,False
5462,0,False,False
167767,0,False,False
40917,0,False,False
21557,1,True,False
135675,0,False,False
16264,0,False,False
37911,0,False,False
170484,0,False,False
156910,0,False,False
153508,0,False,False
96218,2,True,False
128933,0,False,False
53018,0,False,False
48947,0,False,False
46181,0,False,False
120459,0,False,False
67056,0,False,False
158884,0,False,False
152065,0,False,False
37148,0,False,False
31191,0,False,False
2349,1,True,False
98892,0,False,False
158642,0,False,False
187726,0,False,False
8522,0,False,False
45881,0,False,False
145985,0,False,False
73198,0,False,False
188172,0,False,False
101012,0,False,False
145115,0,False,False
176127,0,False,False
181543,0,False,False
100953,0,False,False
41402,1,True,False
6315,1,True,False
76348,0,False,False
69314,0,False,False
127257,0,False,False
181287,0,False,False
58259,0,False,False
39703,0,False,False
39478,1,True,False
50015,0,False,False
25285,0,False,False
31916,0,False,False
121470,0,False,False
24337,0,False,False
153310,0,False,False
38617,0,False,False
73029,0,False,False
77151,0,False,False
39519,0,False,False
134267,0,False,False
147609,0,False,False
83129,0,False,False
158109,0,False,False
111011,0,False,False
179779,0,False,False
163974,0,False,False
127369,0,False,False
94909,0,False,False
115274,0,False,False
176289,0,False,False
169811,0,False,False
102053,0,False,False
159487,0,False,False
158416,0,False,False
9357,0,False,False
53337,5,True,True
78819,0,False,False
3025,0,False,False
160121,0,False,False
58512,3,True,False
121013,0,False,False
77906,0,False,False
159531,0,False,False
82780,0,False,False
179787,0,False,False
175378,0,False,False
167800,0,False,False
147074,0,False,False
146078,0,False,False
79493,3,True,False
176809,0,False,False
66686,0,False,False
212,0,False,False
72914,0,False,False
28776,0,False,False
91426,0,False,False
170048,0,False,False
4562,0,False,False
51848,0,False,False
19454,0,False,False
52763,0,False,False
101061,0,False,False
19110,0,False,False
26726,0,False,False
75078,0,False,False
180854,0,False,False
158914,0,False,False
108047,0,False,False
18328,0,False,False
158877,0,False,False
180353,5,True,False
125657,0,False,False
41466,3,True,False
68095,0,False,False
101254,0,False,False
61531,0,False,False
147007,0,False,False
130849,0,False,False
185741,0,False,False
180545,0,False,False
26857,0,False,False
21304,0,False,False
103612,0,False,False
109830,0,False,False
134704,0,False,False
178153,0,False,False
94717,0,False,False
21863,0,False,False
108466,0,False,False
141332,0,False,False
160055,0,False,False
79260,9,True,False
86939,0,False,False
74706,0,False,False
69650,0,False,False
66534,0,False,False
55854,0,False,False
171913,0,False,False
146359,0,False,False
147796,0,False,False
102006,0,False,False
127289,0,False,False
115733,0,False,False
131391,0,False,False
99917,0,False,False
93244,0,False,False
46343,0,False,False
109050,0,False,False
114968,0,False,False
8610,0,False,False
122783,0,False,False
151662,0,False,False
88049,0,False,False
115337,0,False,False
53033,0,False,False
104619,0,False,False
113695,0,False,False
80295,0,False,False
156281,0,False,False
164321,0,False,False
159806,0,False,False
79617,0,False,False
9368,0,False,False
22200,0,False,False
23519,0,False,False
131998,0,False,False
71714,0,False,False
134529,0,False,False
136271,0,False,False
93752,0,False,False
151444,0,False,False
79586,2,True,False
28810,0,False,False
81633,2,True,False
122346,0,False,False
128543,0,False,False
11321,0,False,False
120597,0,False,False
137509,0,False,False
77300,0,False,False
96498,0,False,False
27697,0,False,False
69521,0,False,False
156268,0,False,False
472,0,False,False
138326,0,False,False
144493,0,False,False
179523,0,False,False
1681,1,True,False
124548,0,False,False
8273,0,False,False
121439,0,False,False
3939,0,False,False
183275,0,False,False
174452,0,False,False
130960,0,False,False
75590,0,False,False
77380,0,False,False
176458,0,False,False
66615,0,False,False
162369,0,False,False
24538,0,False,False
61402,0,False,False
37832,0,False,False
177605,0,False,False
174775,0,False,False
2715,0,False,False
152235,0,False,False
170595,0,False,False
14215,0,False,False
12439,0,False,False
88187,0,False,False
108115,0,False,False
97205,0,False,False
100941,0,False,False
171259,0,False,False
116004,0,False,False
105312,0,False,False
140412,0,False,False
96489,0,False,False
38076,0,False,False
78438,0,False,False
124438,0,False,False
166928,0,False,False
124887,0,False,False
121685,0,False,False
33149,0,False,False
121148,0,False,False
94489,0,False,False
76800,0,False,False
178323,0,False,False
58864,0,False,False
65130,0,False,False
169308,0,False,False
89063,0,False,False
109796,0,False,False
184802,0,False,False
145052,0,False,False
126560,0,False,False
153947,0,False,False
35524,0,False,False
162099,0,False,False
119667,0,False,False
74131,0,False,False
84940,0,False,False
29738,0,False,False
68249,0,False,False
23132,0,False,False
73508,1,True,False
10210,0,False,False
18248,6,True,False
171283,0,False,False
130345,0,False,False
83570,0,False,False
12728,0,False,False
10639,0,False,False
170729,0,False,False
105787,0,False,False
123217,0,False,False
169243,0,False,False
20756,0,False,False
34150,0,False,False
91468,0,False,False
122725,0,False,False
137608,0,False,False
44793,3,True,False
37988,0,False,False
96348,0,False,False
63100,0,False,False
28864,0,False,False
54044,0,False,False
5065,1,True,False
136174,0,False,False
145005,0,False,False
160746,0,False,False
78923,0,False,False
55353,0,False,False
151074,0,False,False
61626,0,False,False
42358,2,True,False
65598,0,False,False
85190,0,False,False
135229,0,False,False
45727,0,False,False
172730,0,False,False
120890,0,False,False
78956,0,False,False
11254,0,False,False
178917,0,False,False
182310,1,True,False
31790,0,False,False
181656,0,False,False
90711,0,False,False
23119,0,False,False
51916,1,True,False
126363,0,False,False
48818,0,False,False
106350,0,False,False
177745,8,True,False
77938,0,False,False
40972,0,False,False
132277,0,False,False
145315,0,False,False
16021,0,False,False
25990,0,False,False
36502,0,False,False
113990,0,False,False
20186,0,False,False
25448,0,False,False
14558,0,False,False
59124,0,False,False
68080,0,False,False
42340,0,False,False
45148,0,False,False
127570,0,False,False
3713,0,False,False
128200,0,False,False
132860,0,False,False
15495,2,True,False
94728,0,False,False
40238,0,False,False
30117,0,False,False
68222,0,False,False
188406,0,False,False
2446,1,True,False
8660,0,False,False
75679,1,True,False
168943,0,False,False
60408,0,False,False
104936,0,False,False
45539,0,False,False
177619,0,False,False
30734,0,False,False
14808,0,False,False
64563,0,False,False
174656,0,False,False
7660,2,True,True
22285,0,False,False
96763,0,False,False
88625,0,False,False
102501,0,False,False
62438,0,False,False
87919,0,False,False
8680,2,True,False
130145,0,False,False
58092,0,False,False
123093,0,False,False
174094,0,False,False
82961,0,False,False
129052,0,False,False
86696,0,False,False
135765,0,False,False
9101,0,False,False
87345,0,False,False
121620,0,False,False
37697,0,False,False
135076,0,False,False
105005,0,False,False
82793,0,False,False
79622,0,False,False
66068,1,True,False
9653,0,False,False
72619,0,False,False
169917,2,True,False
47886,0,False,False
21240,0,False,False
31779,0,False,False
90812,0,False,False
159120,0,False,False
43184,0,False,False
120290,0,False,False
18405,0,False,False
37584,0,False,False
39599,0,False,False
90454,0,False,False
88954,0,False,False
143602,0,False,False
187133,0,False,False
14424,0,False,False
100609,0,False,False
60501,0,False,False
120051,0,False,False
91724,0,False,False
132506,0,False,False
149700,0,False,False
133781,0,False,False
36989,0,False,False
57945,0,False,False
109577,0,False,False
118626,0,False,False
83191,0,False,False
112887,0,False,False
31557,0,False,False
35835,0,False,False
178429,1,True,False
187417,0,False,False
95225,2,True,False
121737,0,False,False
114797,0,False,False
80980,0,False,False
75368,0,False,False
43752,1,True,False
151394,0,False,False
67809,0,False,False
34090,1,True,False
76218,0,False,False
7688,0,False,False
149128,0,False,False
101029,0,False,False
84865,0,False,False
132733,0,False,False
65095,1,True,False
18696,0,False,False
9530,0,False,False
65054,0,False,False
181397,0,False,False
163777,0,False,False
11154,0,False,False
92961,0,False,False
38372,0,False,False
167491,0,False,False
16650,0,False,False
115239,0,False,False
181628,0,False,False
140623,0,False,False
93253,0,False,False
132134,0,False,False
80248,0,False,False
169300,0,False,False
55657,0,False,False
59558,1,True,False
16897,0,False,False
90585,0,False,False
34368,0,False,False
75064,0,False,False
38175,2,True,False
119043,0,False,False
154875,0,False,False
173312,1,True,False
70036,0,False,False
107298,0,False,False
482,0,False,False
36975,0,False,False
175163,0,False,False
119750,0,False,False
169649,0,False,False
140161,0,False,False
54390,1,True,True
174751,0,False,False
142562,0,False,False
135420,0,False,False
61817,0,False,False
43963,0,False,False
49274,0,False,False
101470,0,False,False
135201,0,False,False
171907,0,False,False
133759,0,False,False
9335,0,False,False
107306,0,False,False
16946,0,False,False
165672,1,True,False
136618,0,False,False
158785,0,False,False
107895,0,False,False
51382,0,False,False
72380,0,False,False
151429,0,False,False
5859,0,False,False
89481,2,True,True
113447,0,False,False
72371,0,False,False
35627,0,False,False
179845,0,False,False
91051,2,True,False
30044,0,False,False
166589,0,False,False
88710,3,True,True
161950,0,False,False
155007,0,False,False
168435,0,False,False
82805,0,False,False
111100,0,False,False
181070,0,False,False
7476,0,False,False
106794,0,False,False
46803,0,False,False
115684,0,False,False
113531,0,False,False
131727,0,False,False
165558,0,False,False
158181,0,False,False
56017,0,False,False
99998,0,False,False
90043,0,False,False
73034,0,False,False
101962,0,False,False
162043,0,False,False
96681,0,False,False
169499,0,False,False
174085,0,False,False
31194,0,False,False
39401,0,False,False
126352,0,False,False
92045,0,False,False
95193,0,False,False
26503,0,False,False
185466,0,False,False
167522,0,False,False
174203,0,False,False
40374,0,False,False
12813,1,True,False
23815,0,False,False
152685,0,False,False
85762,0,False,False
149075,0,False,False
164681,0,False,False
109302,0,False,False
37605,0,False,False
165751,0,False,False
140296,0,False,False
60277,0,False,False
52384,0,False,False
167696,0,False,False
162401,0,False,False
7974,6,True,False
128142,0,False,False
125434,0,False,False
36095,0,False,False
10439,0,False,False
88612,0,False,False
49945,0,False,False
79077,1,True,False
113559,0,False,False
47807,0,False,False
27943,0,False,False
52920,0,False,False
124142,0,False,False
78134,2,True,False
148059,0,False,False
35576,0,False,False
164779,0,False,False
184403,0,False,False
112184,0,False,False
71668,0,False,False
118755,0,False,False
184960,0,False,False
53456,0,False,False
79625,0,False,False
56975,0,False,False
96956,0,False,False
41196,0,False,False
173875,0,False,False
129401,0,False,False
159102,0,False,False
71527,2,True,False
49600,0,False,False
9359,0,False,False
60463,0,False,False
44387,1,True,False
119915,0,False,False
92138,0,False,False
126359,0,False,False
143621,0,False,False
156114,0,False,False
15504,0,False,False
145192,0,False,False
142148,0,False,False
127873,0,False,False
100858,0,False,False
85950,0,False,False
180424,0,False,False
119114,0,False,False
137288,0,False,False
168087,0,False,False
3617,0,False,False
88149,0,False,False
103428,0,False,False
10761,17,True,False
131487,0,False,False
116636,0,False,False
116734,0,False,False
86021,0,False,False
57366,0,False,False
72341,0,False,False
67112,0,False,False
167647,0,False,False
35034,0,False,False
85475,0,False,False
152412,0,False,False
73219,3,True,False
127743,0,False,False
158274,0,False,False
183533,0,False,False
19457,0,False,False
97468,0,False,False
53246,0,False,False
167436,0,False,False
4020,0,False,False
101492,0,False,False
57784,0,False,False
128897,0,False,False
9971,0,False,False
116208,0,False,False
111832,0,False,False
34180,0,False,False
40801,0,False,False
154219,0,False,False
152104,0,False,False
178079,0,False,False
111885,0,False,False
39880,0,False,False
160449,0,False,False
108001,0,False,False
159642,0,False,False
59927,0,False,False
13870,0,False,False
29686,0,False,False
166864,0,False,False
101817,0,False,False
62085,0,False,False
6352,0,False,False
6029,0,False,False
138099,0,False,False
136736,0,False,False
91278,0,False,False
60515,0,False,False
185976,0,False,False
56942,0,False,False
139554,0,False,False
10765,0,False,False
113134,0,False,False
64738,1,True,False
176829,0,False,False
85686,0,False,False
184838,0,False,False
175227,0,False,False
138149,0,False,False
148778,0,False,False
145507,0,False,False
24877,0,False,False
18489,0,False,False
126196,0,False,False
106950,0,False,False
49194,0,False,False
5478,0,False,False
48117,0,False,False
12459,0,False,False
32406,0,False,False
36329,0,False,False
176509,2,True,False
154838,0,False,False
10242,0,False,False
35613,1,True,False
18513,0,False,False
33670,8,True,False
33171,0,False,False
40649,0,False,False
122959,0,False,False
154179,0,False,False
101899,0,False,False
111596,0,False,False
5196,0,False,False
116891,0,False,False
37761,0,False,False
177214,0,False,False
132713,0,False,False
128949,0,False,False
174616,0,False,False
87710,2,True,False
98551,0,False,False
65572,0,False,False
36588,0,False,False
46864,0,False,False
131525,0,False,False
176851,0,False,False
3549,0,False,False
95969,1,True,False
75843,0,False,False
88805,0,False,False
168871,0,False,False
64352,0,False,False
70132,0,False,False
13986,0,False,False
34178,0,False,False
168665,0,False,False
53093,0,False,False
165005,0,False,False
67239,0,False,False
61332,0,False,False
179199,0,False,False
120086,0,False,False
27386,2,True,False
11675,0,False,False
80101,0,False,False
76185,0,False,False
27317,0,False,False
79865,0,False,False
122430,0,False,False
169311,0,False,False
5324,0,False,False
105676,0,False,False
48835,0,False,False
142411,0,False,False
165646,0,False,False
185426,0,False,False
176269,0,False,False
65947,0,False,False
98573,0,False,False
103151,0,False,False
172809,0,False,False
74060,0,False,False
32477,0,False,False
77463,0,False,False
69645,0,False,False
135816,0,False,False
95597,0,False,False
30235,0,False,False
162066,0,False,False
107417,0,False,False
106094,0,False,False
180449,0,False,False
167488,0,False,False
94993,0,False,False
113978,0,False,False
5354,0,False,False
20754,0,False,False
64796,1,True,False
76998,0,False,False
159700,0,False,False
68215,0,False,False
105346,0,False,False
176678,0,False,False
62051,0,False,False
114851,0,False,False
41414,1,True,True
77970,0,False,False
64964,0,False,False
34280,0,False,False
93272,0,False,False
109286,0,False,False
100991,0,False,False
42150,0,False,False
67778,1,True,False
164196,0,False,False
161607,0,False,False
7086,0,False,False
175696,0,False,False
150034,0,False,False
71176,0,False,False
52086,0,False,False
71847,9,True,False
116010,0,False,False
95046,0,False,False
13052,0,False,False
109224,0,False,False
127857,0,False,False
37548,0,False,False
131045,0,False,False
167697,0,False,False
66285,0,False,False
130020,0,False,False
45294,0,False,False
13767,2,True,False
42022,0,False,False
138247,0,False,False
12033,0,False,False
120298,0,False,False
69339,1,True,False
120417,0,False,False
69246,0,False,False
180628,0,False,False
27817,0,False,False
28403,0,False,False
80817,3,True,False
116355,0,False,False
77753,0,False,False
127476,0,False,False
90350,0,False,False
2408,0,False,False
163422,0,False,False
186842,0,False,False
84280,0,False,False
163466,0,False,False
119745,0,False,False
141574,0,False,False
12685,0,False,False
144810,0,False,False
52201,0,False,False
149333,0,False,False
37818,0,False,False
49305,0,False,False
121963,0,False,False
117481,0,False,False
169629,0,False,False
79139,0,False,False
79800,0,False,False
24571,0,False,False
166555,0,False,False
67268,0,False,False
153590,0,False,False
79076,0,False,False
13583,0,False,False
96246,0,False,False
180126,0,False,False
183409,0,False,False
46676,0,False,False
83498,0,False,False
94874,0,False,False
132106,0,False,False
33212,0,False,False
5621,22,True,True
22202,0,False,False
61433,0,False,False
80604,0,False,False
77505,0,False,False
8778,0,False,False
110413,0,False,False
143981,0,False,False
63561,0,False,False
91731,0,False,False
44795,0,False,False
43176,0,False,False
133714,0,False,False
28918,0,False,False
44439,3,True,False
180160,0,False,False
144944,0,False,False
147439,0,False,False
156206,0,False,False
96355,0,False,False
138751,0,False,False
12966,0,False,False
97761,1,True,False
120067,0,False,False
129906,0,False,False
18755,0,False,False
177361,0,False,False
129370,0,False,False
88083,0,False,False
93638,0,False,False
180255,0,False,False
46492,0,False,False
98650,0,False,False
20929,0,False,False
166934,0,False,False
79524,6,True,False
100389,0,False,False
107337,0,False,False
11811,0,False,False
95167,3,True,False
63348,0,False,False
127633,0,False,False
9574,3,True,False
111763,0,False,False
188240,0,False,False
154630,0,False,False
107195,0,False,False
146958,0,False,False
78068,1,True,False
139654,0,False,False
140303,0,False,False
19284,1,True,False
104059,0,False,False
64218,0,False,False
148968,6,True,False
21653,0,False,False
73271,4,True,True
175557,0,False,False
54224,0,False,False
12801,0,False,False
140897,0,False,False
40849,0,False,False
180372,0,False,False
8227,0,False,False
36531,0,False,False
182878,0,False,False
18770,0,False,False
62321,0,False,False
2867,0,False,False
13779,0,False,False
176573,0,False,False
20229,0,False,False
36591,6,True,False
140870,0,False,False
157174,0,False,False
72890,0,False,False
58490,0,False,False
100982,0,False,False
177726,0,False,False
10028,0,False,False
9402,0,False,False
119391,0,False,False
159603,0,False,False
127246,0,False,False
41075,0,False,False
29364,0,False,False
166489,0,False,False
31945,0,False,False
39252,1,True,False
150922,0,False,False
174136,0,False,False
84712,1,True,True
95691,1,True,False
181433,3,True,False
121810,0,False,False
53754,0,False,False
186376,0,False,False
102058,0,False,False
2423,0,False,False
185517,0,False,False
127854,0,False,False
85773,0,False,False
123533,0,False,False
156888,0,False,False
110652,0,False,False
66790,0,False,False
135704,0,False,False
55051,1,True,False
100699,0,False,False
152320,0,False,False
111034,0,False,False
46047,0,False,False
101021,0,False,False
140376,0,False,False
43588,0,False,False
174637,0,False,False
130736,0,False,False
174848,0,False,False
60033,0,False,False
147027,0,False,False
48663,1,True,False
138757,0,False,False
169084,0,False,False
118930,0,False,False
108205,0,False,False
85882,0,False,False
173684,0,False,False
32890,0,False,False
97571,0,False,False
173315,1,True,False
103080,0,False,False
36041,0,False,False
87324,0,False,False
94469,0,False,False
125145,0,False,False
119732,0,False,False
119536,0,False,False
14144,0,False,False
82770,0,False,False
171546,0,False,False
160108,0,False,False
15710,0,False,False
175301,0,False,False
15511,0,False,False
182736,4,True,True
53619,0,False,False
134588,0,False,False
9136,0,False,False
36745,0,False,False
130748,0,False,False
166918,0,False,False
100271,0,False,False
51695,0,False,False
57645,1,True,False
19384,0,False,False
44136,0,False,False
176905,0,False,False
160583,0,False,False
22462,0,False,False
143491,0,False,False
145399,0,False,False
83708,0,False,False
178505,9,True,True
157884,0,False,False
3321,0,False,False
165876,0,False,False
84322,0,False,False
115370,0,False,False
61302,4,True,False
33707,0,False,False
69324,0,False,False
78376,5,True,False
152555,0,False,False
152409,0,False,False
85724,0,False,False
35188,0,False,False
142999,0,False,False
58131,0,False,False
45387,0,False,False
77007,0,False,False
123079,0,False,False
158393,0,False,False
138283,0,False,False
59892,0,False,False
140931,0,False,False
19376,0,False,False
62783,0,False,False
4007,0,False,False
85551,0,False,False
142990,0,False,False
175518,0,False,False
132063,0,False,False
26629,0,False,False
47240,0,False,False
73526,0,False,False
51271,0,False,False
171460,0,False,False
135373,0,False,False
21963,4,True,False
126662,0,False,False
56953,0,False,False
81810,0,False,False
89365,0,False,False
52224,2,True,False
23328,0,False,False
458,0,False,False
43017,0,False,False
51457,1,True,False
122381,0,False,False
58088,0,False,False
164853,0,False,False
119541,0,False,False
67768,1,True,False
14096,0,False,False
141303,0,False,False
154152,0,False,False
115971,0,False,False
169357,0,False,False
128310,0,False,False
176855,0,False,False
149990,0,False,False
133915,0,False,False
34369,0,False,False
33281,0,False,False
184075,0,False,False
173016,0,False,False
131004,0,False,False
110707,0,False,False
66327,0,False,False
70794,4,True,False
131629,0,False,False
138774,0,False,False
109960,0,False,False
79710,0,False,False
161154,0,False,False
45859,0,False,False
56159,0,False,False
78359,1,True,False
72691,0,False,False
6337,0,False,False
45108,1,True,False
81798,0,False,False
18818,0,False,False
179031,0,False,False
65478,0,False,False
39281,0,False,False
95888,4,True,False
19189,0,False,False
126469,0,False,False
87131,0,False,False
88163,0,False,False
48034,0,False,False
41601,0,False,False
162166,0,False,False
123821,0,False,False
144956,0,False,False
115963,0,False,False
115947,0,False,False
65663,0,False,False
59163,0,False,False
128132,0,False,False
181824,0,False,False
41795,0,False,False
135045,0,False,False
51142,0,False,False
60667,1,True,False
159877,0,False,False
106773,0,False,False
149129,0,False,False
82276,0,False,False
47872,0,False,False
38479,0,False,False
22490,0,False,False
187051,0,False,False
92602,0,False,False
128467,0,False,False
154451,0,False,False
179912,0,False,False
107213,0,False,False
142824,0,False,False
57540,0,False,False
167712,0,False,False
102585,0,False,False
122009,0,False,False
174050,0,False,False
141676,0,False,False
102016,0,False,False
35485,0,False,False
69448,0,False,False
54672,2,True,True
73099,0,False,False
91360,0,False,False
93790,0,False,False
13551,0,False,False
181092,0,False,False
64035,0,False,False
66036,1,True,False
151176,0,False,False
152303,0,False,False
127869,0,False,False
143761,0,False,False
140709,0,False,False
30182,0,False,False
62912,0,False,False
67295,0,False,False
176619,0,False,False
174686,0,False,False
169926,0,False,False
174242,0,False,False
145917,0,False,False
94719,0,False,False
184972,0,False,False
67485,0,False,False
153276,0,False,False
121787,0,False,False
77173,0,False,False
62682,0,False,False
5244,1,True,False
11424,0,False,False
71740,11,True,False
174734,0,False,False
176087,0,False,False
16799,3,True,False
154720,0,False,False
47522,0,False,False
100014,0,False,False
88919,0,False,False
90589,0,False,False
184933,0,False,False
110672,0,False,False
33817,0,False,False
49866,0,False,False
15792,0,False,False
83361,0,False,False
59046,0,False,False
110282,0,False,False
187810,2,True,False
14281,0,False,False
1701,0,False,False
87165,0,False,False
46975,1,True,False
170127,0,False,False
77732,0,False,False
1813,0,False,False
136215,0,False,False
81993,0,False,False
119402,0,False,False
71903,0,False,False
47809,0,False,False
99361,0,False,False
178177,3,True,False
172788,0,False,False
96295,0,False,False
180825,1,True,False
134420,0,False,False
28137,0,False,False
161803,0,False,False
63856,0,False,False
66064,0,False,False
70612,1,True,False
96303,0,False,False
121243,0,False,False
114884,0,False,False
124483,0,False,False
34461,0,False,False
23367,0,False,False
58377,3,True,True
56626,0,False,False
43008,0,False,False
182709,0,False,False
87894,0,False,False
151941,0,False,False
56982,0,False,False
61522,0,False,False
24182,0,False,False
123140,0,False,False
175142,0,False,False
72740,0,False,False
47561,0,False,False
58833,0,False,False
39502,0,False,False
167582,0,False,False
7379,0,False,False
118886,0,False,False
55426,0,False,False
128395,0,False,False
53648,0,False,False
127507,0,False,False
92549,0,False,False
91093,0,False,False
144896,0,False,False
141816,0,False,False
163591,0,False,False
187648,0,False,False
81893,0,False,False
134962,0,False,False
19879,0,False,False
60639,0,False,False
154702,0,False,False
104191,0,False,False
130204,0,False,False
31282,0,False,False
6985,0,False,False
109877,0,False,False
68417,0,False,False
116483,0,False,False
38061,0,False,False
154488,0,False,False
179720,0,False,False
113992,0,False,False
60086,4,True,False
156394,0,False,False
12145,0,False,False
47808,0,False,False
81924,0,False,False
180887,1,True,False
98223,0,False,False
34376,0,False,False
81907,0,False,False
144483,0,False,False
26019,0,False,False
126797,0,False,False
170689,0,False,False
79467,1,True,False
65819,0,False,False
6275,0,False,False
104308,0,False,False
91838,14,True,False
144234,0,False,False
102716,0,False,False
128228,0,False,False
94440,0,False,False
30578,0,False,False
126925,0,False,False
78209,2,True,False
90696,0,False,False
59957,0,False,False
69806,0,False,False
127534,0,False,False
154675,0,False,False
172122,0,False,False
83477,0,False,False
174950,0,False,False
31047,1,True,False
79507,3,True,False
38110,0,False,False
175959,0,False,False
75389,0,False,False
22042,0,False,False
67465,0,False,False
50820,0,False,False
159534,0,False,False
52572,0,False,False
105325,0,False,False
163970,0,False,False
93271,0,False,False
157524,0,False,False
119695,0,False,False
141140,0,False,False
138523,0,False,False
151244,0,False,False
40558,0,False,False
91368,0,False,False
138520,0,False,False
127382,0,False,False
8860,0,False,False
137691,0,False,False
80164,0,False,False
95949,0,False,False
98613,0,False,False
127960,0,False,False
148622,0,False,False
21538,0,False,False
134129,0,False,False
157337,0,False,False
75828,0,False,False
89398,0,False,False
38354,0,False,False
103220,0,False,False
123612,0,False,False
17703,0,False,False
60423,0,False,False
141006,0,False,False
69043,2,True,False
115251,0,False,False
95220,1,True,False
74725,0,False,False
175828,0,False,False
70872,3,True,False
117580,0,False,False
184103,0,False,False
54820,0,False,False
94617,0,False,False
180908,0,False,False
137392,0,False,False
17609,0,False,False
121218,0,False,False
103996,0,False,False
41139,0,False,False
8237,0,False,False
32252,0,False,False
108139,0,False,False
149753,0,False,False
93994,0,False,False
126618,0,False,False
128508,0,False,False
114646,0,False,False
146382,0,False,False
85297,0,False,False
75831,0,False,False
34522,0,False,False
158189,0,False,False
187905,0,False,False
38269,0,False,False
149097,0,False,False
57664,0,False,False
165363,0,False,False
37382,0,False,False
3307,0,False,False
135436,0,False,False
32312,1,True,False
18119,0,False,False
164541,0,False,False
90601,0,False,False
2265,0,False,False
127096,0,False,False
39750,0,False,False
4882,0,False,False
73107,0,False,False
139247,0,False,False
13710,0,False,False
84389,0,False,False
59108,0,False,False
86661,0,False,False
44020,0,False,False
2499,0,False,False
163552,0,False,False
147308,0,False,False
187541,3,True,False
144093,0,False,False
772,0,False,False
160257,0,False,False
21928,0,False,False
104145,0,False,False
60789,0,False,False
157567,0,False,False
160010,0,False,False
142826,0,False,False
137959,0,False,False
2960,0,False,False
144209,0,False,False
147245,0,False,False
76266,0,False,False
2247,5,True,False
150722,0,False,False
63691,0,False,False
133959,0,False,False
56212,0,False,False
174634,0,False,False
104114,0,False,False
49785,0,False,False
107834,0,False,False
146589,0,False,False
93079,0,False,False
7994,0,False,False
169600,0,False,False
14910,0,False,False
27390,0,False,False
34594,0,False,False
134396,0,False,False
174816,0,False,False
161173,0,False,False
21544,0,False,False
46566,0,False,False
176857,0,False,False
41311,1,True,False
25015,0,False,False
81417,0,False,False
7922,0,False,False
119182,0,False,False
166659,0,False,False
93340,0,False,False
131754,0,False,False
75198,0,False,False
161664,0,False,False
147071,0,False,False
53377,0,False,False
48345,0,False,False
162888,0,False,False
6407,0,False,False
12646,0,False,False
60478,0,False,False
51728,0,False,False
84580,0,False,False
71797,1,True,False
88461,0,False,False
153005,0,False,False
116086,0,False,False
182402,23,True,True
38521,0,False,False
181540,0,False,False
29652,0,False,False
171543,0,False,False
29531,0,False,False
122456,0,False,False
20738,2,True,False
27171,0,False,False
74867,0,False,False
50988,0,False,False
65615,0,False,False
20,0,False,False
112789,0,False,False
48594,0,False,False
187754,0,False,False
54263,0,False,False
126623,0,False,False
102743,0,False,False
40766,0,False,False
161744,0,False,False
187957,1,True,False
46565,1,True,False
88669,0,False,False
79174,0,False,False
48426,1,True,False
43068,0,False,False
37485,0,False,False
61334,1,True,False
134010,0,False,False
100385,0,False,False
37616,0,False,False
103647,0,False,False
2309,0,False,False
49379,0,False,False
160353,0,False,False
111565,0,False,False
76939,0,False,False
27639,1,True,False
119201,0,False,False
108330,0,False,False
38571,0,False,False
62378,0,False,False
124487,0,False,False
84108,0,False,False
187532,0,False,False
119405,0,False,False
45961,2,True,False
25633,0,False,False
165695,0,False,False
62956,0,False,False
94528,0,False,False
25522,0,False,False
26354,0,False,False
179636,18,True,True
1982,0,False,False
34824,1,True,False
173613,0,False,False
23638,0,False,False
65269,0,False,False
56089,0,False,False
69501,0,False,False
93567,0,False,False
145776,0,False,False
17514,0,False,False
109386,0,False,False
57051,0,False,False
157248,0,False,False
78585,0,False,False
45267,0,False,False
48390,4,True,False
62562,0,False,False
17849,0,False,False
188486,0,False,False
13915,0,False,False
170304,0,False,False
177219,0,False,False
60804,0,False,False
68104,0,False,False
183747,0,False,False
43031,0,False,False
40225,0,False,False
3187,0,False,False
54714,1,True,False
26978,0,False,False
168567,0,False,False
38700,0,False,False
65695,0,False,False
92370,0,False,False
64551,0,False,False
79657,15,True,True
111753,0,False,False
135148,0,False,False
152353,0,False,False
35606,0,False,False
132138,0,False,False
42952,0,False,False
155759,0,False,False
187616,0,False,False
35876,0,False,False
19827,0,False,False
181283,0,False,False
56327,0,False,False
149038,0,False,False
132978,0,False,False
113471,0,False,False
86294,0,False,False
143429,0,False,False
72325,0,False,False
173026,1,True,False
53834,0,False,False
120299,0,False,False
143126,0,False,False
185978,0,False,False
46306,0,False,False
26758,0,False,False
186285,0,False,False
131649,0,False,False
118525,0,False,False
34919,0,False,False
2022,6,True,False
18062,0,False,False
43692,0,False,False
78762,0,False,False
74833,0,False,False
186610,0,False,False
92406,0,False,False
178011,1,True,False
73136,0,False,False
103874,0,False,False
83095,0,False,False
46796,1,True,False
119503,0,False,False
13626,0,False,False
72979,0,False,False
172100,0,False,False
72905,0,False,False
54504,0,False,False
31035,0,False,False
158957,0,False,False
131190,0,False,False
132139,0,False,False
155060,0,False,False
21188,0,False,False
117059,1,True,False
25299,0,False,False
23793,0,False,False
97862,0,False,False
173662,0,False,False
59825,0,False,False
128220,0,False,False
118703,0,False,False
35089,0,False,False
143283,0,False,False
159681,0,False,False
68519,0,False,False
126725,0,False,False
185349,0,False,False
182081,0,False,False
118777,0,False,False
37153,0,False,False
150243,0,False,False
21467,0,False,False
89183,0,False,False
43454,0,False,False
125631,0,False,False
44773,0,False,False
67969,0,False,False
187725,0,False,False
170230,0,False,False
137883,0,False,False
173007,1,True,False
150976,0,False,False
170333,0,False,False
133144,0,False,False
46465,0,False,False
55584,0,False,False
131396,0,False,False
88334,0,False,False
48371,2,True,False
135244,0,False,False
136640,0,False,False
56399,0,False,False
66301,0,False,False
65247,0,False,False
84881,0,False,False
72386,0,False,False
12332,0,False,False
77928,1,True,False
163435,0,False,False
26871,0,False,False
92214,0,False,False
12160,0,False,False
28985,5,True,False
113764,0,False,False
144434,0,False,False
123368,0,False,False
60222,0,False,False
90650,0,False,False
97515,0,False,False
5313,0,False,False
125179,0,False,False
68179,0,False,False
140221,0,False,False
83434,2,True,False
111484,0,False,False
156263,0,False,False
92960,1,True,False
3190,0,False,False
96755,0,False,False
159155,0,False,False
153066,0,False,False
5974,0,False,False
165276,0,False,False
100312,0,False,False
77919,3,True,False
73731,0,False,False
8635,0,False,False
102965,0,False,False
146278,0,False,False
30575,0,False,False
85384,0,False,False
148611,0,False,False
2129,0,False,False
43170,0,False,False
172104,0,False,False
159908,0,False,False
186115,0,False,False
59371,0,False,False
143594,0,False,False
144226,0,False,False
168977,0,False,False
115408,0,False,False
132264,0,False,False
44118,0,False,False
23121,0,False,False
47995,0,False,False
60758,0,False,False
87050,0,False,False
110894,0,False,False
27175,0,False,False
91363,0,False,False
59194,0,False,False
143935,0,False,False
178458,6,True,False
127150,0,False,False
62086,0,False,False
149855,0,False,False
98299,0,False,False
33167,0,False,False
118178,0,False,False
150492,0,False,False
6836,0,False,False
104180,0,False,False
144383,0,False,False
3433,0,False,False
108800,0,False,False
35125,0,False,False
133597,0,False,False
140054,0,False,False
93974,0,False,False
44228,0,False,False
28950,0,False,False
166432,0,False,False
115128,0,False,False
169256,0,False,False
80203,0,False,False
103701,0,False,False
29952,0,False,False
170502,1,True,False
118700,0,False,False
177815,0,False,False
128485,0,False,False
67476,0,False,False
117520,0,False,False
171294,0,False,False
68214,0,False,False
66110,0,False,False
76756,0,False,False
32458,0,False,False
30624,0,False,False
45637,2,True,False
38469,2,True,False
153240,0,False,False
62673,0,False,False
36335,0,False,False
49340,0,False,False
141515,0,False,False
58432,0,False,False
155303,0,False,False
44537,0,False,False
74233,5,True,False
87432,0,False,False
82761,0,False,False
24255,0,False,False
27043,0,False,False
140396,0,False,False
39686,0,False,False
17799,0,False,False
65988,0,False,False
49499,0,False,False
163533,0,False,False
43472,0,False,False
41284,0,False,False
113645,0,False,False
159186,0,False,False
112220,0,False,False
33986,0,False,False
91826,0,False,False
43264,0,False,False
129059,0,False,False
34026,0,False,False
133090,0,False,False
11084,0,False,False
171659,0,False,False
10717,0,False,False
168130,0,False,False
144080,0,False,False
129705,0,False,False
187023,0,False,False
19858,0,False,False
3790,0,False,False
183964,0,False,False
72866,2,True,False
1968,0,False,False
37741,0,False,False
183268,4,True,True
136843,0,False,False
42187,0,False,False
180842,0,False,False
159358,0,False,False
116503,0,False,False
42282,0,False,False
170620,0,False,False
161823,0,False,False
140919,0,False,False
180983,1,True,False
21686,0,False,False
45609,0,False,False
77964,0,False,False
26377,0,False,False
47418,0,False,False
34378,0,False,False
119369,0,False,False
151366,0,False,False
102376,0,False,False
26323,0,False,False
122469,0,False,False
175031,0,False,False
150890,0,False,False
188183,0,False,False
36515,0,False,False
53312,0,False,False
111736,0,False,False
74256,0,False,False
166795,0,False,False
9322,0,False,False
165684,0,False,False
136051,0,False,False
146432,0,False,False
134805,0,False,False
104257,0,False,False
59807,0,False,False
104916,0,False,False
39298,0,False,False
41755,0,False,False
38360,0,False,False
114921,0,False,False
28770,0,False,False
154319,0,False,False
147062,0,False,False
66497,0,False,False
12969,0,False,False
34236,0,False,False
123595,0,False,False
69836,0,False,False
80,1,True,False
21991,0,False,False
89138,0,False,False
172076,0,False,False
66889,0,False,False
80353,0,False,False
104663,0,False,False
18056,0,False,False
62793,162,True,False
166400,0,False,False
65858,0,False,False
9593,0,False,False
87983,0,False,False
28104,0,False,False
12717,0,False,False
406,0,False,False
70082,0,False,False
38600,0,False,False
160579,0,False,False
63812,1,True,False
131919,0,False,False
148006,0,False,False
157005,0,False,False
59616,14,True,False
20621,0,False,False
185103,0,False,False
127041,0,False,False
157993,0,False,False
14084,0,False,False
139674,0,False,False
78650,2,True,False
98755,1,True,False
10712,0,False,False
109572,0,False,False
187564,0,False,False
67471,0,False,False
116802,0,False,False
5344,2,True,False
107076,0,False,False
41654,0,False,False
83656,0,False,False
158749,0,False,False
143253,0,False,False
134864,0,False,False
100343,0,False,False
93559,0,False,False
3047,1,True,False
157071,0,False,False
185634,0,False,False
134172,0,False,False
167642,0,False,False
128428,0,False,False
103531,0,False,False
148109,0,False,False
176239,0,False,False
103469,0,False,False
42549,0,False,False
161813,0,False,False
45073,0,False,False
2833,0,False,False
21052,0,False,False
47501,0,False,False
12445,5,True,False
110100,0,False,False
62267,1,True,False
93331,0,False,False
164289,0,False,False
31015,0,False,False
59394,0,False,False
182575,0,False,False
29045,0,False,False
127232,0,False,False
156205,0,False,False
50789,0,False,False
80823,1,True,False
28418,0,False,False
59599,7,True,False
97642,3,True,False
85997,0,False,False
134852,0,False,False
113936,0,False,False
2514,0,False,False
176997,0,False,False
85696,0,False,False
62396,1,True,False
173401,2,True,False
173215,0,False,False
170897,0,False,False
170945,0,False,False
73457,0,False,False
103392,0,False,False
125440,0,False,False
104141,0,False,False
44033,0,False,False
92342,0,False,False
131626,0,False,False
56434,0,False,False
172168,0,False,False
25337,0,False,False
33849,0,False,False
73052,0,False,False
94891,0,False,False
123749,0,False,False
2214,0,False,False
170581,0,False,False
33142,0,False,False
52577,0,False,False
84993,0,False,False
116610,0,False,False
90727,0,False,False
143192,0,False,False
143892,0,False,False
174285,0,False,False
71435,0,False,False
17562,0,False,False
127852,0,False,False
158213,0,False,False
37512,0,False,False
159975,0,False,False
37132,0,False,False
162355,0,False,False
175986,0,False,False
81158,0,False,False
84963,2,True,False
19774,0,False,False
86551,0,False,False
114837,0,False,False
116744,0,False,False
109610,0,False,False
74460,0,False,False
140787,0,False,False
92524,0,False,False
21039,0,False,False
108549,0,False,False
55631,0,False,False
29284,0,False,False
7727,0,False,False
38858,0,False,False
92894,1,True,False
51493,0,False,False
52179,0,False,False
45434,0,False,False
36739,0,False,False
10289,0,False,False
150565,0,False,False
85983,0,False,False
112479,0,False,False
7563,0,False,False
22005,0,False,False
150576,0,False,False
163931,0,False,False
137787,0,False,False
89916,0,False,False
47751,0,False,False
175991,0,False,False
107484,0,False,False
15001,0,False,False
22133,0,False,False
16510,0,False,False
79212,1,True,False
74084,0,False,False
125604,0,False,False
11678,0,False,False
1287,0,False,False
12432,1,True,False
108824,0,False,False
113468,0,False,False
153496,0,False,False
186653,0,False,False
70558,0,False,False
31464,0,False,False
94235,2,True,False
145988,0,False,False
86326,0,False,False
81025,0,False,False
88846,0,False,False
114933,0,False,False
184663,0,False,False
23095,0,False,False
126683,0,False,False
14523,0,False,False
125687,0,False,False
53402,0,False,False
65049,0,False,False
93269,0,False,False
3096,0,False,False
64420,0,False,False
139059,0,False,False
173467,0,False,False
32041,0,False,False
13675,0,False,False
41898,0,False,False
123812,0,False,False
33069,1,True,False
44311,0,False,False
171063,0,False,False
119505,0,False,False
126489,0,False,False
174981,0,False,False
126607,0,False,False
82342,0,False,False
101153,0,False,False
167232,0,False,False
147945,0,False,False
52001,0,False,False
168516,0,False,False
86456,0,False,False
146672,0,False,False
118888,0,False,False
67430,0,False,False
118450,0,False,False
113394,0,False,False
142095,0,False,False
78665,1,True,False
31949,0,False,False
6921,0,False,False
122419,0,False,False
173542,0,False,False
115891,0,False,False
32524,0,False,False
101204,0,False,False
129599,0,False,False
49538,0,False,False
73790,0,False,False
122405,0,False,False
142079,0,False,False
10663,0,False,False
181345,0,False,False
96706,2,True,False
23357,0,False,False
168102,0,False,False
134619,0,False,False
177302,0,False,False
54211,0,False,False
73698,0,False,False
175825,0,False,False
39228,0,False,False
67831,0,False,False
168016,0,False,False
150324,0,False,False
105539,0,False,False
110076,0,False,False
52475,0,False,False
60900,0,False,False
98767,1,True,False
176256,0,False,False
77448,0,False,False
103377,0,False,False
161907,0,False,False
43965,0,False,False
37265,0,False,False
27214,0,False,False
123231,0,False,False
105799,0,False,False
157115,0,False,False
37692,0,False,False
133856,0,False,False
51709,0,False,False
181640,0,False,False
6509,0,False,False
122622,0,False,False
46972,0,False,False
13782,0,False,False
47179,0,False,False
159252,0,False,False
64104,0,False,False
79737,0,False,False
110124,0,False,False
127478,0,False,False
8231,0,False,False
168663,0,False,False
92667,0,False,False
6441,0,False,False
113849,0,False,False
61398,3,True,False
83436,7,True,False
134208,0,False,False
31145,0,False,False
7892,0,False,False
14761,1,True,False
50753,5,True,False
6396,0,False,False
84146,0,False,False
60735,0,False,False
59175,0,False,False
69841,0,False,False
160237,0,False,False
143187,0,False,False
38395,0,False,False
134016,0,False,False
119399,0,False,False
2651,0,False,False
63917,0,False,False
25545,0,False,False
173820,0,False,False
183218,0,False,False
10931,0,False,False
129584,0,False,False
178872,0,False,False
158201,0,False,False
93101,5,True,False
49690,0,False,False
152101,0,False,False
179359,0,False,False
23453,0,False,False
117796,0,False,False
187304,0,False,False
160178,0,False,False
16139,1,True,True
129515,0,False,False
164366,0,False,False
57014,0,False,False
40014,0,False,False
5361,0,False,False
104670,0,False,False
98490,0,False,False
38488,2,True,False
42557,0,False,False
110642,0,False,False
48875,0,False,False
159070,0,False,False
25626,0,False,False
170670,0,False,False
43492,0,False,False
89626,0,False,False
137103,0,False,False
41697,0,False,False
57319,1,True,False
121848,0,False,False
73154,0,False,False
102702,0,False,False
32627,0,False,False
57742,2,True,True
3091,0,False,False
127418,0,False,False
171562,0,False,False
58781,0,False,False
104056,0,False,False
172505,0,False,False
122509,0,False,False
94662,0,False,False
26841,2,True,False
115586,0,False,False
130916,0,False,False
111001,0,False,False
86310,0,False,False
118487,0,False,False
87974,0,False,False
186390,0,False,False
165893,0,False,False
79807,0,False,False
81887,0,False,False
67532,0,False,False
67336,0,False,False
54172,0,False,False
131788,0,False,False
110777,0,False,False
35864,1,True,False
38389,0,False,False
85946,0,False,False
55203,0,False,False
93385,0,False,False
62874,0,False,False
149452,0,False,False
5476,0,False,False
187005,0,False,False
68101,0,False,False
149394,0,False,False
162796,0,False,False
150247,0,False,False
83655,0,False,False
167450,0,False,False
130135,0,False,False
1476,0,False,False
173677,0,False,False
177924,0,False,False
6794,2,True,False
77072,0,False,False
114303,0,False,False
102209,0,False,False
126550,0,False,False
92946,0,False,False
11273,0,False,False
144108,0,False,False
21244,0,False,False
180612,0,False,False
176584,0,False,False
53868,0,False,False
172578,0,False,False
78375,6,True,False
24728,0,False,False
45072,0,False,False
143700,0,False,False
140206,0,False,False
187055,0,False,False
188108,1,True,False
171382,0,False,False
169656,0,False,False
152454,0,False,False
109303,0,False,False
183618,0,False,False
123424,0,False,False
151094,0,False,False
48311,0,False,False
151231,0,False,False
106946,0,False,False
156603,0,False,False
31165,0,False,False
161396,0,False,False
164776,0,False,False
109496,0,False,False
18415,0,False,False
179457,0,False,False
171553,0,False,False
99954,0,False,False
5161,0,False,False
107395,0,False,False
45678,0,False,False
5967,0,False,False
42866,0,False,False
109309,0,False,False
122296,0,False,False
64327,0,False,False
45623,0,False,False
95819,5,True,False
41012,0,False,False
139012,0,False,False
186409,0,False,False
183260,0,False,False
48979,0,False,False
6793,0,False,False
5538,0,False,False
77880,0,False,False
73779,0,False,False
53459,0,False,False
179101,0,False,False
115156,0,False,False
174024,0,False,False
178026,0,False,False
136616,0,False,False
78769,0,False,False
28557,0,False,False
103010,0,False,False
40129,2,True,False
30191,0,False,False
180656,0,False,False
56686,0,False,False
43004,0,False,False
182847,6,True,False
93865,0,False,False
71561,0,False,False
72117,3,True,False
182429,0,False,False
91780,0,False,False
112181,0,False,False
60821,1,True,False
133882,0,False,False
19064,0,False,False
104368,0,False,False
41469,3,True,False
66706,0,False,False
161242,0,False,False
62908,0,False,False
62533,0,False,False
23345,0,False,False
1005,0,False,False
37606,0,False,False
152079,0,False,False
87366,0,False,False
129364,0,False,False
156055,0,False,False
158110,0,False,False
188254,0,False,False
114023,0,False,False
100163,0,False,False
117288,0,False,False
23269,0,False,False
79044,0,False,False
52644,0,False,False
185440,0,False,False
36059,1,True,False
17182,0,False,False
124709,0,False,False
183179,0,False,False
10330,0,False,False
173212,0,False,False
4372,0,False,False
29535,0,False,False
98059,0,False,False
32032,0,False,False
157529,0,False,False
187201,0,False,False
137223,0,False,False
48642,0,False,False
55954,0,False,False
112552,0,False,False
158432,0,False,False
135379,0,False,False
138412,0,False,False
154950,0,False,False
89787,2,True,True
18952,0,False,False
114617,0,False,False
18670,0,False,False
118298,0,False,False
84792,0,False,False
149634,0,False,False
132558,0,False,False
66298,1,True,True
178995,0,False,False
79997,0,False,False
114673,0,False,False
9633,2,True,False
104715,0,False,False
173175,0,False,False
176098,0,False,False
185775,0,False,False
104647,0,False,False
5922,0,False,False
79029,0,False,False
36532,0,False,False
153859,0,False,False
162130,0,False,False
77361,0,False,False
102075,0,False,False
131153,0,False,False
120689,0,False,False
61391,0,False,False
45814,0,False,False
83806,0,False,False
149411,0,False,False
7674,0,False,False
9853,0,False,False
115303,0,False,False
77094,0,False,False
56243,0,False,False
151898,0,False,False
138873,0,False,False
119226,0,False,False
183796,0,False,False
94485,0,False,False
87,0,False,False
153694,0,False,False
99639,0,False,False
51267,0,False,False
144042,0,False,False
153896,0,False,False
152644,0,False,False
67044,0,False,False
29856,1,True,False
117401,0,False,False
168392,0,False,False
109282,0,False,False
82542,0,False,False
139164,0,False,False
27456,0,False,False
115110,0,False,False
183451,0,False,False
10972,0,False,False
163672,0,False,False
46266,0,False,False
182649,0,False,False
40317,0,False,False
144751,0,False,False
92867,0,False,False
104989,0,False,False
26555,0,False,False
115276,0,False,False
13211,0,False,False
118483,0,False,False
123909,0,False,False
164282,0,False,False
37126,0,False,False
44504,0,False,False
182148,0,False,False
171616,0,False,False
78733,8,True,False
147012,0,False,False
119164,0,False,False
9951,0,False,False
167961,0,False,False
135067,0,False,False
155399,0,False,False
149583,0,False,False
112250,0,False,False
58863,0,False,False
32273,0,False,False
22649,0,False,False
23228,0,False,False
35193,0,False,False
88043,0,False,False
165981,0,False,False
25472,0,False,False
65123,0,False,False
133758,0,False,False
53871,0,False,False
14184,0,False,False
49769,0,False,False
188568,0,False,False
32113,0,False,False
126539,0,False,False
15556,0,False,False
47734,0,False,False
24338,0,False,False
36500,0,False,False
140100,0,False,False
34619,0,False,False
60688,1,True,False
10969,0,False,False
47622,0,False,False
164623,0,False,False
28421,0,False,False
116364,0,False,False
58010,0,False,False
112538,0,False,False
131289,0,False,False
39554,0,False,False
11018,0,False,False
156323,0,False,False
121512,0,False,False
173306,1,True,False
96873,0,False,False
39813,0,False,False
171301,0,False,False
84740,0,False,False
52163,0,False,False
91718,0,False,False
18275,0,False,False
44490,0,False,False
38441,0,False,False
164484,2,True,False
163606,0,False,False
65753,0,False,False
85433,0,False,False
17145,0,False,False
99833,0,False,False
6161,0,False,False
108399,0,False,False
47750,0,False,False
156315,0,False,False
88195,0,False,False
63478,12,True,True
4652,0,False,False
66422,0,False,False
71081,0,False,False
23621,0,False,False
2305,0,False,False
158199,0,False,False
140550,0,False,False
40807,5,True,True
150275,0,False,False
185997,0,False,False
45099,0,False,False
73861,1,True,False
130869,0,False,False
144107,0,False,False
12477,0,False,False
137913,0,False,False
151165,0,False,False
157956,0,False,False
121276,0,False,False
159624,0,False,False
120379,0,False,False
96425,0,False,False
177195,0,False,False
148877,0,False,False
97355,0,False,False
108451,0,False,False
12497,0,False,False
122967,0,False,False
26409,0,False,False
84107,0,False,False
7204,0,False,False
125372,0,False,False
187793,0,False,False
18807,0,False,False
138327,0,False,False
38753,0,False,False
147250,0,False,False
21932,0,False,False
66035,1,True,False
172742,0,False,False
6683,0,False,False
102729,0,False,False
75319,0,False,False
22180,0,False,False
169179,0,False,False
93602,0,False,False
36867,0,False,False
110869,0,False,False
148350,0,False,False
32491,0,False,False
25492,0,False,False
34333,0,False,False
174570,0,False,False
151732,0,False,False
160441,0,False,False
136709,0,False,False
165349,0,False,False
128425,0,False,False
67174,0,False,False
98334,0,False,False
16792,1,True,False
67777,0,False,False
147159,0,False,False
83725,1,True,False
66167,0,False,False
103760,0,False,False
68920,0,False,False
10049,2,True,False
136942,0,False,False
37481,0,False,False
50448,0,False,False
146512,0,False,False
33204,0,False,False
119169,0,False,False
157221,0,False,False
130958,0,False,False
48217,3,True,False
127545,0,False,False
183734,0,False,False
73962,0,False,False
162373,0,False,False
181241,0,False,False
120435,0,False,False
19081,0,False,False
170089,0,False,False
160190,0,False,False
69627,1,True,False
52069,1,True,False
41757,0,False,False
5382,0,False,False
151172,0,False,False
185732,0,False,False
150421,0,False,False
161055,0,False,False
130421,0,False,False
131701,0,False,False
78798,1,True,False
146903,2,True,False
44769,1,True,False
38825,0,False,False
134913,0,False,False
61533,0,False,False
72356,0,False,False
74345,2,True,False
83135,0,False,False
114010,0,False,False
111598,0,False,False
12486,0,False,False
92861,0,False,False
126586,0,False,False
3183,0,False,False
95764,0,False,False
43123,0,False,False
179588,0,False,False
80412,0,False,False
66563,0,False,False
83283,0,False,False
19811,0,False,False
120320,0,False,False
101656,0,False,False
70096,0,False,False
8302,0,False,False
104857,0,False,False
47678,0,False,False
71824,0,False,False
48083,0,False,False
104005,0,False,False
32794,0,False,False
133071,0,False,False
31812,0,False,False
160884,0,False,False
87111,0,False,False
42612,0,False,False
96617,0,False,False
21406,0,False,False
142048,2,True,False
36564,0,False,False
112305,0,False,False
172601,0,False,False
71189,0,False,False
12755,1,True,False
90445,0,False,False
77299,0,False,False
35575,0,False,False
104786,0,False,False
7124,0,False,False
104787,0,False,False
155509,0,False,False
3067,0,False,False
66575,2,True,False
159342,0,False,False
96178,0,False,False
169977,0,False,False
108066,0,False,False
164510,0,False,False
89256,1,True,False
124199,0,False,False
95944,0,False,False
61764,0,False,False
166057,0,False,False
42224,0,False,False
119436,0,False,False
98288,0,False,False
5863,0,False,False
134851,0,False,False
135005,0,False,False
139569,0,False,False
21116,0,False,False
160809,0,False,False
95291,0,False,False
54151,0,False,False
36141,0,False,False
10198,0,False,False
101606,0,False,False
33336,0,False,False
12067,0,False,False
45129,0,False,False
98639,0,False,False
45424,1,True,False
156674,0,False,False
12952,0,False,False
154452,0,False,False
24500,0,False,False
97585,0,False,False
78811,0,False,False
155766,0,False,False
24079,3,True,False
134865,0,False,False
66114,0,False,False
81949,2,True,False
182645,0,False,False
87241,1,True,False
12773,0,False,False
14917,0,False,False
9120,0,False,False
50053,0,False,False
129199,0,False,False
31800,0,False,False
34386,0,False,False
50986,0,False,False
8076,0,False,False
13158,0,False,False
59841,0,False,False
151203,0,False,False
140904,0,False,False
2743,0,False,False
34542,0,False,False
125402,0,False,False
179622,0,False,False
111634,0,False,False
103676,0,False,False
55877,0,False,False
184638,0,False,False
6973,0,False,False
174348,0,False,False
176164,0,False,False
87288,0,False,False
134017,0,False,False
173944,0,False,False
166485,0,False,False
31127,0,False,False
162238,0,False,False
149567,0,False,False
33731,0,False,False
185386,0,False,False
83625,0,False,False
66579,0,False,False
170302,0,False,False
123398,0,False,False
72912,0,False,False
73935,0,False,False
16370,3,True,True
180059,0,False,False
159216,0,False,False
118977,0,False,False
90269,0,False,False
179482,0,False,False
90450,0,False,False
139684,0,False,False
136494,0,False,False
158971,0,False,False
52609,0,False,False
28329,0,False,False
155522,0,False,False
52423,0,False,False
75659,0,False,False
109426,0,False,False
138127,0,False,False
42899,3,True,False
22253,0,False,False
858,0,False,False
90060,0,False,False
156736,0,False,False
24662,0,False,False
85321,1,True,False
36897,0,False,False
83923,0,False,False
120846,0,False,False
8759,1,True,False
86791,1,True,False
133105,0,False,False
166259,0,False,False
77357,0,False,False
131673,0,False,False
158356,0,False,False
58178,0,False,False
171367,0,False,False
143137,0,False,False
167499,0,False,False
148913,0,False,False
51,1,True,False
106721,0,False,False
119518,0,False,False
69086,0,False,False
113838,0,False,False
109355,0,False,False
179607,0,False,False
117511,0,False,False
12280,0,False,False
130488,0,False,False
59475,0,False,False
150441,0,False,False
175876,0,False,False
34608,2,True,False
113360,0,False,False
57496,0,False,False
147355,0,False,False
17080,0,False,False
137827,0,False,False
37249,0,False,False
178044,2,True,False
108737,0,False,False
167369,0,False,False
49157,0,False,False
65549,4,True,True
145600,0,False,False
150688,0,False,False
71886,0,False,False
124922,0,False,False
160697,0,False,False
35487,0,False,False
160737,0,False,False
30241,0,False,False
181045,2,True,False
3786,0,False,False
86254,0,False,False
125178,0,False,False
123579,0,False,False
163056,1,True,False
149745,0,False,False
182105,0,False,False
2646,0,False,False
173704,0,False,False
172648,0,False,False
163939,0,False,False
75175,4,True,False
167639,0,False,False
82309,0,False,False
160816,0,False,False
51550,0,False,False
107851,0,False,False
148964,0,False,False
39971,0,False,False
42857,0,False,False
84541,0,False,False
88848,1,True,False
70138,0,False,False
133112,0,False,False
63290,0,False,False
172227,0,False,False
113024,0,False,False
43936,0,False,False
43205,0,False,False
136904,0,False,False
56486,0,False,False
98519,0,False,False
62155,1,True,False
65090,1,True,False
71356,0,False,False
138828,0,False,False
125184,0,False,False
179,0,False,False
129245,0,False,False
7475,0,False,False
107058,0,False,False
112756,0,False,False
108463,0,False,False
89187,0,False,False
95433,0,False,False
44174,0,False,False
79156,0,False,False
52833,0,False,False
140425,0,False,False
88159,0,False,False
104031,0,False,False
62752,0,False,False
180829,0,False,False
50686,0,False,False
180102,0,False,False
179287,0,False,False
41589,0,False,False
165599,0,False,False
180121,1,True,False
12992,0,False,False
134880,0,False,False
170061,0,False,False
1432,0,False,False
67530,0,False,False
187159,0,False,False
56552,0,False,False
137342,0,False,False
24723,0,False,False
178070,0,False,False
93115,0,False,False
64935,0,False,False
139006,0,False,False
65813,0,False,False
6573,0,False,False
54182,0,False,False
59462,0,False,False
19593,0,False,False
179037,0,False,False
105082,0,False,False
177573,0,False,False
45425,0,False,False
22986,0,False,False
162332,0,False,False
150732,0,False,False
74960,0,False,False
8104,0,False,False
55959,0,False,False
3209,0,False,False
927,0,False,False
118064,0,False,False
54088,0,False,False
139527,0,False,False
168299,0,False,False
98445,0,False,False
75842,3,True,True
186501,0,False,False
159598,0,False,False
153254,0,False,False
179415,1,True,False
83974,0,False,False
58719,0,False,False
47881,0,False,False
88261,0,False,False
177217,0,False,False
53129,0,False,False
131597,0,False,False
168825,0,False,False
59169,0,False,False
61322,3,True,False
27591,0,False,False
10902,0,False,False
82919,0,False,False
113614,0,False,False
74192,0,False,False
119104,0,False,False
63683,0,False,False
130921,0,False,False
81004,0,False,False
181107,0,False,False
182140,0,False,False
99002,0,False,False
67310,0,False,False
63414,0,False,False
149156,0,False,False
8688,1,True,False
109658,0,False,False
83916,0,False,False
37289,0,False,False
112709,0,False,False
18454,0,False,False
81519,0,False,False
68437,0,False,False
77974,1,True,False
25647,0,False,False
107720,0,False,False
102035,0,False,False
161818,0,False,False
155965,0,False,False
54728,0,False,False
172631,10,True,False
54226,0,False,False
178127,0,False,False
668,0,False,False
9487,0,False,False
44836,0,False,False
90962,12,True,False
92169,0,False,False
129903,0,False,False
8682,0,False,False
107401,0,False,False
72008,0,False,False
31494,0,False,False
130486,0,False,False
136671,0,False,False
69500,0,False,False
31704,0,False,False
163297,0,False,False
157017,0,False,False
137411,0,False,False
104997,0,False,False
154499,0,False,False
158369,0,False,False
185711,0,False,False
97965,0,False,False
115945,0,False,False
88950,0,False,False
45786,0,False,False
127932,0,False,False
152205,0,False,False
142189,0,False,False
112292,0,False,False
82823,0,False,False
36023,0,False,False
117003,0,False,False
40904,0,False,False
9619,0,False,False
48891,0,False,False
3936,0,False,False
42174,0,False,False
138820,0,False,False
170644,0,False,False
160727,0,False,False
111314,0,False,False
162750,0,False,False
3181,0,False,False
169420,0,False,False
109801,0,False,False
160150,0,False,False
153577,2,True,False
41504,4,True,False
37788,0,False,False
112633,0,False,False
187108,0,False,False
171400,0,False,False
111020,0,False,False
116245,0,False,False
38226,0,False,False
95042,0,False,False
37218,0,False,False
16230,1,True,True
127865,0,False,False
95020,0,False,False
12031,0,False,False
183157,0,False,False
68478,4,True,False
54292,0,False,False
26490,0,False,False
8906,0,False,False
23804,2,True,False
161004,0,False,False
58573,0,False,False
77833,0,False,False
28197,0,False,False
173902,0,False,False
74064,0,False,False
93529,0,False,False
50630,0,False,False
36066,0,False,False
23957,0,False,False
96661,0,False,False
2299,0,False,False
123674,0,False,False
10538,2,True,True
61263,0,False,False
178500,0,False,False
60000,0,False,False
35349,0,False,False
141110,0,False,False
120863,0,False,False
178293,0,False,False
39496,0,False,False
51533,0,False,False
1379,0,False,False
62400,1,True,False
32330,0,False,False
156426,0,False,False
52109,0,False,False
84051,0,False,False
72151,0,False,False
154968,0,False,False
176318,0,False,False
57498,0,False,False
14015,0,False,False
135120,0,False,False
66588,0,False,False
72532,0,False,False
6511,0,False,False
126726,0,False,False
128178,0,False,False
9626,0,False,False
13861,0,False,False
101205,0,False,False
37086,0,False,False
59204,1,True,False
119779,0,False,False
22563,0,False,False
44173,0,False,False
45766,1,True,False
12275,5,True,True
25340,0,False,False
48195,0,False,False
45737,0,False,False
100943,0,False,False
6996,0,False,False
129545,0,False,False
48498,0,False,False
10060,0,False,False
59597,6,True,False
105706,0,False,False
72227,0,False,False
150655,0,False,False
33352,0,False,False
37587,0,False,False
39605,0,False,False
172156,0,False,False
19997,0,False,False
92574,0,False,False
116957,0,False,False
85930,0,False,False
157293,0,False,False
138417,0,False,False
4445,0,False,False
87146,0,False,False
13644,1,True,False
71402,2,True,False
69939,0,False,False
83373,1,True,False
126,1,True,False
32210,0,False,False
5645,0,False,False
75481,0,False,False
9254,0,False,False
78809,0,False,False
36833,0,False,False
81488,0,False,False
15520,0,False,False
133571,0,False,False
57115,0,False,False
87616,0,False,False
95170,1,True,False
76328,0,False,False
95092,3,True,False
162068,0,False,False
112263,0,False,False
183903,0,False,False
4412,0,False,False
156543,0,False,False
175404,0,False,False
56914,0,False,False
63728,0,False,False
180303,1,True,False
58463,1,True,False
10376,0,False,False
178090,0,False,False
9731,0,False,False
173296,0,False,False
44562,0,False,False
162816,0,False,False
150331,0,False,False
6495,0,False,False
94319,0,False,False
137041,0,False,False
139867,0,False,False
104442,0,False,False
64212,0,False,False
25908,0,False,False
187547,0,False,False
178218,0,False,False
171206,0,False,False
75644,3,True,True
19213,0,False,False
11807,0,False,False
147405,0,False,False
136881,0,False,False
1369,1,True,False
137612,0,False,False
139636,0,False,False
14182,0,False,False
78924,0,False,False
107839,0,False,False
53970,0,False,False
142127,0,False,False
11348,0,False,False
111326,0,False,False
117071,0,False,False
131694,0,False,False
10967,0,False,False
63273,0,False,False
11956,0,False,False
138590,0,False,False
12148,0,False,False
139975,0,False,False
134271,0,False,False
165443,0,False,False
99907,0,False,False
138707,0,False,False
183534,0,False,False
148637,0,False,False
149181,0,False,False
92247,0,False,False
108914,0,False,False
16618,0,False,False
47722,0,False,False
93527,0,False,False
8645,0,False,False
161880,0,False,False
89494,0,False,False
95650,0,False,False
140258,0,False,False
80145,0,False,False
148475,0,False,False
118966,0,False,False
59943,0,False,False
18865,0,False,False
63905,0,False,False
168187,0,False,False
142483,0,False,False
143558,0,False,False
145152,0,False,False
3974,0,False,False
141647,0,False,False
4160,2,True,False
134229,0,False,False
47077,0,False,False
184102,0,False,False
113655,0,False,False
124676,0,False,False
169856,0,False,False
75979,0,False,False
39120,0,False,False
48317,0,False,False
122449,0,False,False
81947,0,False,False
135583,0,False,False
79688,3,True,False
151971,0,False,False
116317,0,False,False
97863,0,False,False
81960,3,True,False
41556,0,False,False
137926,0,False,False
15008,0,False,False
179679,0,False,False
182398,1,True,False
115016,0,False,False
121759,2,True,False
187989,0,False,False
108609,0,False,False
15728,0,False,False
79619,0,False,False
80901,2,True,False
80545,0,False,False
102117,0,False,False
104561,0,False,False
188529,0,False,False
51857,0,False,False
181028,0,False,False
46419,0,False,False
88929,0,False,False
104820,0,False,False
1322,0,False,False
165779,0,False,False
29374,0,False,False
146265,0,False,False
123267,0,False,False
11364,0,False,False
34916,0,False,False
49771,0,False,False
100202,0,False,False
118148,0,False,False
2405,0,False,False
123849,0,False,False
98679,0,False,False
51317,0,False,False
119240,0,False,False
121036,0,False,False
59919,0,False,False
101468,0,False,False
35291,0,False,False
12640,0,False,False
94107,0,False,False
37144,0,False,False
168936,0,False,False
86694,0,False,False
8142,0,False,False
63895,0,False,False
138296,0,False,False
65683,0,False,False
42404,1,True,False
4526,1,True,False
65156,0,False,False
8288,0,False,False
149021,0,False,False
155242,0,False,False
61104,0,False,False
87295,0,False,False
73988,0,False,False
162308,0,False,False
115060,0,False,False
95758,0,False,False
181559,0,False,False
47480,0,False,False
5024,0,False,False
175956,0,False,False
51921,0,False,False
114266,0,False,False
2735,0,False,False
188212,0,False,False
19532,1,True,False
76797,0,False,False
4340,0,False,False
155235,0,False,False
37330,0,False,False
167231,0,False,False
80949,0,False,False
2860,0,False,False
89807,6,True,False
64219,0,False,False
56967,0,False,False
179798,0,False,False
94613,0,False,False
184384,0,False,False
126446,0,False,False
160476,0,False,False
148050,0,False,False
40873,0,False,False
56970,0,False,False
55411,0,False,False
28749,0,False,False
154155,0,False,False
89413,0,False,False
155499,0,False,False
60629,0,False,False
154424,0,False,False
156875,0,False,False
133610,0,False,False
145843,0,False,False
161440,0,False,False
167088,0,False,False
106621,0,False,False
110622,0,False,False
82417,0,False,False
128518,0,False,False
70381,0,False,False
120224,0,False,False
85743,0,False,False
65189,0,False,False
184839,0,False,False
35006,0,False,False
68328,0,False,False
14596,0,False,False
17362,0,False,False
186942,0,False,False
51748,0,False,False
114542,0,False,False
125294,0,False,False
132895,0,False,False
148190,0,False,False
60848,5,True,False
11589,0,False,False
15044,0,False,False
167373,0,False,False
78604,0,False,False
84457,0,False,False
84444,0,False,False
164449,2,True,False
31317,0,False,False
135897,0,False,False
119307,0,False,False
49198,0,False,False
3368,1,True,False
110068,0,False,False
142466,0,False,False
102121,0,False,False
23262,0,False,False
50954,0,False,False
66223,0,False,False
103109,0,False,False
87223,0,False,False
103569,0,False,False
76866,0,False,False
16560,0,False,False
168667,0,False,False
107662,0,False,False
122043,0,False,False
51094,0,False,False
181082,0,False,False
27966,0,False,False
90017,0,False,False
143440,0,False,False
4307,4,True,True
50534,0,False,False
100972,0,False,False
78686,1,True,False
174037,0,False,False
43167,0,False,False
77051,0,False,False
17956,0,False,False
107259,0,False,False
150528,0,False,False
84068,0,False,False
36389,0,False,False
28519,0,False,False
171873,0,False,False
142392,0,False,False
38610,0,False,False
84668,0,False,False
30520,0,False,False
132584,0,False,False
37617,0,False,False
161885,0,False,False
185609,0,False,False
150469,0,False,False
136656,0,False,False
98770,0,False,False
181620,0,False,False
73405,0,False,False
31848,0,False,False
84579,0,False,False
116701,0,False,False
171547,1,True,False
16394,0,False,False
18466,9,True,True
186511,0,False,False
103251,0,False,False
107999,0,False,False
60564,0,False,False
6477,1,True,False
115999,0,False,False
108263,0,False,False
89389,1,True,True
187799,0,False,False
32166,0,False,False
2862,0,False,False
129926,0,False,False
157447,0,False,False
2837,0,False,False
165934,0,False,False
9235,0,False,False
46049,0,False,False
149960,0,False,False
50556,0,False,False
84937,0,False,False
59079,0,False,False
165904,0,False,False
137733,0,False,False
19656,3,True,False
48388,2,True,False
83548,0,False,False
24772,0,False,False
96474,0,False,False
165650,0,False,False
27810,0,False,False
71263,0,False,False
25771,0,False,False
135969,0,False,False
32366,0,False,False
125350,0,False,False
46751,0,False,False
83920,0,False,False
12693,1,True,False
111540,0,False,False
114962,0,False,False
7955,0,False,False
143706,0,False,False
179639,0,False,False
25449,0,False,False
177906,0,False,False
173133,0,False,False
43186,2,True,False
51039,0,False,False
140116,0,False,False
60420,0,False,False
65204,0,False,False
181952,1,True,False
166312,0,False,False
64912,0,False,False
38801,0,False,False
149318,0,False,False
96432,0,False,False
149943,0,False,False
135205,0,False,False
10637,0,False,False
124881,0,False,False
59968,0,False,False
163392,0,False,False
164317,0,False,False
43915,0,False,False
84725,0,False,False
53798,0,False,False
139878,0,False,False
65817,1,True,False
18597,0,False,False
13038,0,False,False
38627,0,False,False
117916,0,False,False
127135,0,False,False
84895,0,False,False
158063,0,False,False
50514,0,False,False
40947,0,False,False
64435,0,False,False
66610,0,False,False
72858,0,False,False
11421,0,False,False
153134,0,False,False
106883,0,False,False
56683,0,False,False
83464,0,False,False
41887,0,False,False
51480,0,False,False
17378,0,False,False
29809,0,False,False
165656,0,False,False
21805,0,False,False
12284,0,False,False
160500,0,False,False
123293,0,False,False
48260,0,False,False
8919,0,False,False
171571,0,False,False
124103,0,False,False
130134,0,False,False
49963,0,False,False
21764,0,False,False
122316,0,False,False
68660,0,False,False
30051,0,False,False
4988,0,False,False
94295,0,False,False
110979,0,False,False
83840,0,False,False
82484,0,False,False
28654,0,False,False
83584,0,False,False
2043,0,False,False
132588,0,False,False
150343,0,False,False
185238,0,False,False
8488,0,False,False
52891,0,False,False
4172,0,False,False
133996,0,False,False
23948,3,True,False
170445,0,False,False
73144,0,False,False
160906,0,False,False
173339,0,False,False
146199,0,False,False
91254,0,False,False
10625,0,False,False
171244,0,False,False
150345,0,False,False
128934,0,False,False
24716,0,False,False
66929,0,False,False
88019,2,True,False
55242,0,False,False
132007,0,False,False
169116,0,False,False
142177,0,False,False
2490,0,False,False
173157,0,False,False
57712,0,False,False
110885,0,False,False
145950,0,False,False
124838,0,False,False
115594,0,False,False
50799,1,True,False
68119,0,False,False
50926,0,False,False
144526,0,False,False
32823,3,True,False
57194,0,False,False
79288,0,False,False
93754,0,False,False
183889,0,False,False
176544,0,False,False
165470,0,False,False
20624,0,False,False
53910,0,False,False
6098,0,False,False
18204,0,False,False
154157,0,False,False
23276,0,False,False
58452,0,False,False
54035,2,True,False
170491,0,False,False
164454,0,False,False
140250,0,False,False
115565,0,False,False
24751,0,False,False
119582,0,False,False
144358,0,False,False
89988,0,False,False
114759,0,False,False
10059,1,True,False
49931,10,True,False
63893,0,False,False
95563,0,False,False
174154,0,False,False
48538,0,False,False
96915,0,False,False
55588,0,False,False
156528,0,False,False
99905,0,False,False
166038,0,False,False
31868,0,False,False
144816,0,False,False
69469,3,True,False
173385,0,False,False
8955,0,False,False
31922,0,False,False
180065,0,False,False
141429,0,False,False
23171,0,False,False
188128,1,True,False
123210,0,False,False
22101,0,False,False
132736,0,False,False
150589,0,False,False
10624,0,False,False
175830,0,False,False
178624,0,False,False
19018,0,False,False
25113,0,False,False
173313,0,False,False
118428,0,False,False
40774,0,False,False
23174,0,False,False
6852,0,False,False
64687,0,False,False
115741,0,False,False
166232,0,False,False
112566,0,False,False
1666,0,False,False
47856,0,False,False
114077,0,False,False
184841,0,False,False
184485,0,False,False
124900,0,False,False
70444,0,False,False
167200,0,False,False
62623,0,False,False
182481,0,False,False
187420,0,False,False
139315,0,False,False
168404,0,False,False
188359,0,False,False
110999,0,False,False
89506,0,False,False
48693,1,True,False
29469,1,True,False
96952,0,False,False
62981,0,False,False
20439,0,False,False
30840,0,False,False
49415,1,True,False
36494,0,False,False
12815,0,False,False
57251,0,False,False
10876,0,False,False
76405,0,False,False
60616,0,False,False
123948,0,False,False
73470,0,False,False
127287,0,False,False
124424,0,False,False
143049,0,False,False
28441,0,False,False
8155,0,False,False
78392,0,False,False
45413,0,False,False
1203,0,False,False
144275,0,False,False
84808,0,False,False
66616,0,False,False
150124,0,False,False
123257,0,False,False
59643,3,True,False
99788,0,False,False
143460,0,False,False
67679,0,False,False
58629,0,False,False
166244,0,False,False
167197,0,False,False
88832,0,False,False
23581,0,False,False
77519,0,False,False
100800,0,False,False
76672,0,False,False
126482,0,False,False
89883,6,True,False
41246,0,False,False
172702,0,False,False
125811,0,False,False
50960,0,False,False
28757,1,True,False
78126,0,False,False
156438,0,False,False
31266,0,False,False
52555,0,False,False
49763,0,False,False
33892,0,False,False
63294,0,False,False
126053,0,False,False
35043,0,False,False
169562,0,False,False
86495,0,False,False
1904,0,False,False
15116,0,False,False
44251,0,False,False
163402,0,False,False
118956,0,False,False
6755,0,False,False
60554,1,True,False
108590,0,False,False
40979,0,False,False
188191,0,False,False
138390,0,False,False
88819,1,True,False
85037,0,False,False
107523,0,False,False
172226,0,False,False
111972,0,False,False
70734,1,True,False
143123,0,False,False
123733,0,False,False
122791,0,False,False
30767,0,False,False
3291,0,False,False
92780,0,False,False
164546,0,False,False
15477,6,True,True
1674,0,False,False
73664,1,True,False
121055,0,False,False
56557,0,False,False
171119,0,False,False
14798,0,False,False
69584,0,False,False
27608,1,True,False
154444,0,False,False
138517,0,False,False
111948,0,False,False
12544,1,True,False
23155,0,False,False
3139,2,True,False
123099,0,False,False
19627,0,False,False
48996,1,True,False
18980,0,False,False
45019,0,False,False
115675,0,False,False
61163,0,False,False
179452,0,False,False
46625,0,False,False
180662,0,False,False
112711,0,False,False
161364,0,False,False
91341,1,True,False
96600,0,False,False
40976,0,False,False
34301,0,False,False
68421,0,False,False
112276,0,False,False
27137,0,False,False
185105,0,False,False
49203,0,False,False
80858,7,True,False
67092,0,False,False
115664,0,False,False
76293,0,False,False
27485,1,True,True
171459,0,False,False
51014,0,False,False
153369,0,False,False
122472,0,False,False
50520,0,False,False
31942,0,False,False
57152,0,False,False
160570,0,False,False
138685,0,False,False
12419,0,False,False
113348,0,False,False
116046,0,False,False
53626,0,False,False
57944,0,False,False
58404,0,False,False
67294,0,False,False
145444,0,False,False
93218,0,False,False
122065,0,False,False
115944,0,False,False
13431,0,False,False
11360,0,False,False
88296,0,False,False
22920,0,False,False
57793,0,False,False
124543,0,False,False
129602,0,False,False
38666,0,False,False
147834,0,False,False
101931,0,False,False
21475,2,True,False
97096,0,False,False
60581,1,True,True
131368,0,False,False
102486,0,False,False
165501,0,False,False
51446,0,False,False
135813,0,False,False
78249,0,False,False
27442,0,False,False
131435,0,False,False
48284,9,True,False
56252,0,False,False
30649,0,False,False
96199,5,True,False
2795,0,False,False
82252,0,False,False
82143,0,False,False
178914,1,True,False
102132,0,False,False
99297,0,False,False
171097,0,False,False
166395,0,False,False
17967,0,False,False
167927,0,False,False
59364,0,False,False
60500,0,False,False
35464,0,False,False
118640,0,False,False
129781,0,False,False
166475,0,False,False
4502,0,False,False
114031,0,False,False
92316,0,False,False
82347,0,False,False
120874,0,False,False
85692,0,False,False
158435,0,False,False
34596,1,True,False
28135,0,False,False
21276,0,False,False
104035,0,False,False
186924,0,False,False
49453,2,True,False
89242,0,False,False
83099,0,False,False
11391,0,False,False
36306,0,False,False
168114,0,False,False
44893,0,False,False
68871,0,False,False
168205,0,False,False
88237,0,False,False
19766,0,False,False
186665,0,False,False
1038,0,False,False
55579,0,False,False
3993,0,False,False
157893,0,False,False
124396,0,False,False
125759,0,False,False
52546,0,False,False
12366,0,False,False
158329,0,False,False
106806,0,False,False
43507,0,False,False
68769,0,False,False
68594,2,True,False
58245,0,False,False
118008,0,False,False
42035,0,False,False
105259,0,False,False
172731,0,False,False
81314,0,False,False
163667,0,False,False
107664,0,False,False
33044,0,False,False
123699,0,False,False
74413,0,False,False
153565,0,False,False
34844,0,False,False
67648,1,True,False
16489,1,True,False
98751,0,False,False
63643,0,False,False
126633,0,False,False
101697,0,False,False
94644,0,False,False
36551,0,False,False
60937,0,False,False
92929,0,False,False
160378,0,False,False
105731,0,False,False
94741,0,False,False
86147,0,False,False
181610,2,True,False
124884,0,False,False
124850,0,False,False
167842,0,False,False
1116,0,False,False
32246,0,False,False
78900,9,True,True
172335,0,False,False
148118,0,False,False
17787,0,False,False
155065,0,False,False
35891,0,False,False
35022,0,False,False
16919,0,False,False
128108,0,False,False
3429,3,True,True
24315,4,True,False
105847,0,False,False
104984,0,False,False
86522,0,False,False
153217,0,False,False
28499,0,False,False
70226,0,False,False
150538,0,False,False
64466,0,False,False
156928,0,False,False
107086,0,False,False
90326,0,False,False
188165,0,False,False
185986,0,False,False
154387,0,False,False
58725,0,False,False
167973,0,False,False
83,0,False,False
18990,0,False,False
80566,0,False,False
17968,0,False,False
183054,0,False,False
153234,0,False,False
127855,0,False,False
61060,0,False,False
64138,3,True,False
95642,2,True,False
146388,0,False,False
25147,0,False,False
47066,0,False,False
122482,0,False,False
80290,0,False,False
92335,0,False,False
69392,0,False,False
162155,0,False,False
104126,0,False,False
33714,0,False,False
61267,0,False,False
20009,0,False,False
77612,0,False,False
95206,0,False,False
6508,0,False,False
118000,0,False,False
415,0,False,False
188522,0,False,False
132544,0,False,False
26342,0,False,False
125608,0,False,False
104151,0,False,False
135750,0,False,False
157615,0,False,False
126147,0,False,False
89716,0,False,False
145823,0,False,False
29895,0,False,False
41222,0,False,False
120944,0,False,False
145585,0,False,False
126039,0,False,False
99476,0,False,False
124351,0,False,False
14060,0,False,False
3621,0,False,False
159803,0,False,False
42139,0,False,False
100127,0,False,False
67933,2,True,False
86268,0,False,False
147336,0,False,False
98005,0,False,False
61313,0,False,False
147410,0,False,False
149514,0,False,False
181172,0,False,False
54973,0,False,False
145533,0,False,False
120901,0,False,False
14481,0,False,False
51656,0,False,False
106629,0,False,False
16353,0,False,False
7340,0,False,False
125690,0,False,False
165590,0,False,False
102390,0,False,False
37653,0,False,False
71557,0,False,False
18995,0,False,False
50367,0,False,False
20451,0,False,False
69570,0,False,False
125099,0,False,False
182117,1,True,False
15103,0,False,False
92132,0,False,False
106841,0,False,False
150352,0,False,False
46033,0,False,False
57571,0,False,False
64778,0,False,False
730,0,False,False
15864,0,False,False
167802,0,False,False
65733,0,False,False
92799,0,False,False
158786,0,False,False
134316,0,False,False
16652,0,False,False
82649,0,False,False
146592,0,False,False
63459,0,False,False
61071,0,False,False
178361,2,True,False
184929,0,False,False
99010,0,False,False
73937,0,False,False
26867,0,False,False
181863,0,False,False
142312,0,False,False
40292,1,True,False
144776,0,False,False
159690,0,False,False
118425,0,False,False
96526,5,True,False
165239,0,False,False
43338,9,True,True
99632,0,False,False
112089,0,False,False
102939,0,False,False
185498,0,False,False
100144,0,False,False
43456,0,False,False
26241,0,False,False
62898,0,False,False
145919,0,False,False
4773,0,False,False
110217,0,False,False
21666,0,False,False
179655,1,True,False
172606,0,False,False
50037,0,False,False
147195,0,False,False
131422,0,False,False
13329,1,True,False
35373,0,False,False
121346,0,False,False
78442,1,True,False
127483,0,False,False
48910,0,False,False
63538,0,False,False
93375,0,False,False
134986,0,False,False
105206,0,False,False
117683,0,False,False
6884,0,False,False
81585,0,False,False
10020,0,False,False
148099,0,False,False
75919,2,True,False
176417,0,False,False
31966,0,False,False
121222,0,False,False
149289,0,False,False
66328,0,False,False
179567,0,False,False
48295,0,False,False
170224,0,False,False
66342,0,False,False
15207,1,True,False
49262,0,False,False
180220,0,False,False
160750,0,False,False
103709,0,False,False
62294,2,True,False
58148,0,False,False
160845,0,False,False
130662,0,False,False
158469,0,False,False
50028,0,False,False
120183,0,False,False
139728,0,False,False
8788,14,True,False
55283,0,False,False
49080,0,False,False
82269,2,True,False
55448,0,False,False
42843,0,False,False
3041,0,False,False
94198,0,False,False
188006,9,True,False
149867,0,False,False
91117,0,False,False
184522,0,False,False
132779,0,False,False
174074,0,False,False
78133,1,True,False
155077,0,False,False
35697,1,True,False
168228,0,False,False
92261,0,False,False
155952,0,False,False
180375,0,False,False
35981,1,True,False
144899,0,False,False
153446,0,False,False
104986,0,False,False
131354,0,False,False
35154,0,False,False
19613,0,False,False
108799,0,False,False
20962,0,False,False
181132,1,True,False
70885,0,False,False
154376,0,False,False
148098,0,False,False
123843,0,False,False
12047,0,False,False
76399,0,False,False
105412,0,False,False
68615,0,False,False
20974,0,False,False
30638,0,False,False
31530,6,True,True
182594,0,False,False
66881,0,False,False
149172,0,False,False
4278,0,False,False
134160,0,False,False
303,0,False,False
149366,0,False,False
38242,0,False,False
136894,0,False,False
22038,1,True,False
181701,0,False,False
180636,0,False,False
33504,0,False,False
153768,5,True,True
59942,0,False,False
150266,0,False,False
138947,0,False,False
88682,0,False,False
29408,0,False,False
96724,0,False,False
65678,0,False,False
179737,0,False,False
152201,0,False,False
157073,0,False,False
4360,0,False,False
100628,0,False,False
33660,0,False,False
179536,0,False,False
91707,0,False,False
124262,0,False,False
59161,0,False,False
161817,0,False,False
79580,5,True,False
17065,0,False,False
9668,0,False,False
27424,0,False,False
72517,0,False,False
95329,0,False,False
188214,0,False,False
92012,0,False,False
39229,0,False,False
73862,0,False,False
31427,0,False,False
18252,0,False,False
50785,0,False,False
119964,0,False,False
185670,0,False,False
130555,0,False,False
43032,0,False,False
141933,0,False,False
133390,0,False,False
104041,0,False,False
41488,0,False,False
36752,0,False,False
27112,0,False,False
53504,0,False,False
111607,0,False,False
59823,0,False,False
15901,0,False,False
48072,0,False,False
140163,0,False,False
140988,0,False,False
166191,0,False,False
101512,0,False,False
86710,0,False,False
89570,0,False,False
85429,3,True,False
146823,0,False,False
133432,0,False,False
181563,1,True,False
138268,0,False,False
104785,0,False,False
161845,0,False,False
141540,0,False,False
4970,0,False,False
18007,0,False,False
64290,0,False,False
33443,0,False,False
77024,0,False,False
119671,0,False,False
102910,0,False,False
95393,0,False,False
70926,0,False,False
184473,0,False,False
100577,0,False,False
185581,0,False,False
80648,1,True,False
134001,0,False,False
148513,0,False,False
67826,0,False,False
54960,0,False,False
141573,0,False,False
168119,0,False,False
187021,0,False,False
112861,0,False,False
146408,0,False,False
172758,0,False,False
136834,0,False,False
34612,0,False,False
113657,0,False,False
184939,0,False,False
93418,0,False,False
123933,0,False,False
156285,0,False,False
137689,0,False,False
108059,0,False,False
34114,0,False,False
45532,0,False,False
37509,0,False,False
119755,0,False,False
36810,0,False,False
161810,0,False,False
96309,0,False,False
152233,0,False,False
159804,0,False,False
92850,0,False,False
8140,0,False,False
56585,0,False,False
159075,0,False,False
140481,0,False,False
18828,0,False,False
178755,0,False,False
76525,0,False,False
178902,0,False,False
100131,0,False,False
113975,0,False,False
135105,0,False,False
165373,0,False,False
25657,0,False,False
64983,0,False,False
3398,4,True,True
69165,0,False,False
85427,0,False,False
174270,0,False,False
100027,0,False,False
46672,0,False,False
93809,0,False,False
120616,0,False,False
159415,0,False,False
93601,0,False,False
30702,0,False,False
148855,0,False,False
160144,0,False,False
65155,0,False,False
152020,0,False,False
3346,0,False,False
75497,0,False,False
163232,0,False,False
33904,0,False,False
127661,0,False,False
126767,0,False,False
87853,0,False,False
89510,0,False,False
116379,0,False,False
115020,0,False,False
13167,1,True,False
25033,0,False,False
72568,0,False,False
133658,0,False,False
147976,0,False,False
96086,1,True,False
62553,0,False,False
32693,0,False,False
187224,0,False,False
63239,0,False,False
73489,2,True,False
74908,1,True,False
167022,0,False,False
30756,0,False,False
81238,4,True,False
25263,0,False,False
81878,0,False,False
57886,0,False,False
37326,0,False,False
135487,0,False,False
100313,0,False,False
60734,0,False,False
109953,0,False,False
86760,0,False,False
39297,2,True,True
33860,0,False,False
166355,0,False,False
21553,0,False,False
10813,0,False,False
107380,0,False,False
153484,0,False,False
104421,0,False,False
76905,0,False,False
165772,0,False,False
149545,0,False,False
92690,0,False,False
43748,0,False,False
6621,1,True,False
32646,0,False,False
182979,0,False,False
126608,0,False,False
160272,0,False,False
3332,0,False,False
21015,0,False,False
122392,0,False,False
44414,0,False,False
48741,0,False,False
6849,1,True,False
46443,0,False,False
29985,0,False,False
51860,0,False,False
173470,0,False,False
180642,0,False,False
176899,0,False,False
116315,0,False,False
32839,0,False,False
41656,0,False,False
19257,0,False,False
42722,0,False,False
103918,0,False,False
35437,0,False,False
141244,0,False,False
41843,0,False,False
161072,0,False,False
29670,0,False,False
50488,0,False,False
102089,0,False,False
33300,0,False,False
128572,0,False,False
180329,5,True,False
46964,0,False,False
4965,0,False,False
51230,0,False,False
38029,0,False,False
171694,1,True,False
109013,0,False,False
57483,0,False,False
68290,0,False,False
126899,0,False,False
109657,0,False,False
59954,0,False,False
90516,0,False,False
170402,0,False,False
46711,0,False,False
105311,0,False,False
13743,0,False,False
35690,0,False,False
91676,0,False,False
133449,0,False,False
20648,0,False,False
3669,3,True,False
131853,0,False,False
40930,0,False,False
136207,0,False,False
144656,0,False,False
94922,0,False,False
178257,0,False,False
145526,0,False,False
144020,0,False,False
10179,0,False,False
128294,0,False,False
22408,0,False,False
38770,0,False,False
166604,0,False,False
94679,0,False,False
89672,1,True,False
172319,0,False,False
184145,0,False,False
81977,8,True,False
185003,0,False,False
180567,0,False,False
18751,0,False,False
52181,0,False,False
75264,0,False,False
69903,0,False,False
149606,0,False,False
186683,0,False,False
54499,2,True,False
39914,0,False,False
169026,0,False,False
187901,0,False,False
24721,0,False,False
4145,0,False,False
55634,0,False,False
13152,0,False,False
78325,0,False,False
121473,0,False,False
174480,0,False,False
64034,0,False,False
55847,0,False,False
10496,0,False,False
143650,0,False,False
167827,0,False,False
177610,0,False,False
89293,0,False,False
43725,0,False,False
179011,0,False,False
113283,0,False,False
163178,0,False,False
61774,0,False,False
6625,4,True,False
47803,0,False,False
141672,0,False,False
77114,0,False,False
63526,0,False,False
53364,1,True,False
144228,0,False,False
186313,0,False,False
155891,0,False,False
17174,0,False,False
99881,0,False,False
94818,0,False,False
125115,0,False,False
82320,0,False,False
96407,3,True,False
71990,0,False,False
45016,0,False,False
70392,0,False,False
128051,0,False,False
177252,0,False,False
156916,0,False,False
53078,0,False,False
160199,0,False,False
115441,0,False,False
52697,0,False,False
180033,0,False,False
73542,0,False,False
151260,0,False,False
121828,0,False,False
102847,0,False,False
13474,0,False,False
75716,0,False,False
85085,0,False,False
184744,0,False,False
156621,0,False,False
154026,0,False,False
98872,0,False,False
132170,0,False,False
183495,0,False,False
16735,0,False,False
185493,0,False,False
146124,0,False,False
102860,0,False,False
56724,0,False,False
149550,0,False,False
89215,0,False,False
99579,0,False,False
143366,0,False,False
35479,0,False,False
11028,0,False,False
56164,0,False,False
17326,0,False,False
96981,0,False,False
19144,0,False,False
33129,0,False,False
15276,0,False,False
19901,0,False,False
23358,0,False,False
18636,0,False,False
151041,0,False,False
61752,0,False,False
155580,0,False,False
57010,0,False,False
23773,0,False,False
89210,11,True,False
146904,1,True,False
51959,0,False,False
161968,0,False,False
96001,0,False,False
45575,0,False,False
126584,0,False,False
183933,0,False,False
169533,0,False,False
54608,1,True,False
137410,0,False,False
162125,0,False,False
60339,0,False,False
39382,0,False,False
41205,0,False,False
89511,0,False,False
179626,0,False,False
135932,0,False,False
137712,0,False,False
138887,0,False,False
181268,0,False,False
44974,1,True,False
27265,0,False,False
144528,0,False,False
103827,0,False,False
12438,2,True,False
60744,0,False,False
158474,0,False,False
186432,0,False,False
49700,0,False,False
111170,0,False,False
86375,0,False,False
100979,0,False,False
86620,0,False,False
24715,0,False,False
149313,0,False,False
51952,0,False,False
35654,0,False,False
109023,0,False,False
174933,0,False,False
81847,0,False,False
132252,0,False,False
186760,0,False,False
150429,0,False,False
128750,0,False,False
7745,0,False,False
34258,0,False,False
161328,0,False,False
153427,0,False,False
179618,0,False,False
165618,0,False,False
6063,0,False,False
144451,0,False,False
37856,0,False,False
14946,0,False,False
23694,0,False,False
4109,0,False,False
19531,0,False,False
161215,0,False,False
152284,0,False,False
60975,0,False,False
6188,2,True,False
142972,0,False,False
124518,0,False,False
27692,0,False,False
97199,0,False,False
172202,0,False,False
111879,0,False,False
84058,0,False,False
101197,0,False,False
94902,0,False,False
186408,0,False,False
119513,0,False,False
40867,0,False,False
44171,0,False,False
52854,0,False,False
102033,0,False,False
183039,0,False,False
130298,0,False,False
50298,6,True,False
158273,0,False,False
124515,0,False,False
43983,0,False,False
177926,0,False,False
163113,0,False,False
55638,0,False,False
62175,0,False,False
142773,0,False,False
169693,0,False,False
85669,0,False,False
9620,0,False,False
166878,0,False,False
116175,0,False,False
135987,0,False,False
47455,0,False,False
82235,0,False,False
159554,0,False,False
146394,0,False,False
38210,0,False,False
167981,0,False,False
58850,0,False,False
175649,0,False,False
13736,0,False,False
166404,0,False,False
135640,0,False,False
97954,0,False,False
91501,0,False,False
62597,2,True,False
90234,0,False,False
160965,0,False,False
81957,10,True,False
21481,0,False,False
49803,0,False,False
156199,0,False,False
159921,0,False,False
58702,0,False,False
78531,0,False,False
74317,0,False,False
115386,0,False,False
119896,0,False,False
159764,0,False,False
164336,0,False,False
42275,0,False,False
71940,0,False,False
182627,0,False,False
148443,0,False,False
172895,0,False,False
75282,0,False,False
67748,0,False,False
158740,0,False,False
116092,0,False,False
186941,0,False,False
26517,0,False,False
109760,0,False,False
8754,1,True,False
12905,0,False,False
115672,0,False,False
8416,0,False,False
180231,0,False,False
178769,0,False,False
114176,0,False,False
80539,0,False,False
139583,0,False,False
50388,0,False,False
178301,0,False,False
66775,0,False,False
16764,0,False,False
172605,0,False,False
150152,0,False,False
26716,0,False,False
101580,0,False,False
129935,0,False,False
53948,0,False,False
77763,0,False,False
144222,0,False,False
1434,0,False,False
94355,0,False,False
10081,0,False,False
69463,0,False,False
96013,1,True,False
21789,0,False,False
90373,0,False,False
141283,0,False,False
135080,0,False,False
99345,0,False,False
115938,0,False,False
46027,1,True,False
8967,0,False,False
144090,0,False,False
151370,0,False,False
188151,0,False,False
92964,0,False,False
78922,0,False,False
96142,0,False,False
143672,0,False,False
3547,0,False,False
116133,0,False,False
89870,2,True,True
126153,0,False,False
80806,1,True,False
81879,0,False,False
126964,0,False,False
163099,0,False,False
79258,8,True,False
168245,0,False,False
82741,0,False,False
97974,0,False,False
42023,0,False,False
28697,0,False,False
125828,0,False,False
69460,1,True,False
7094,0,False,False
131687,0,False,False
19285,1,True,False
159046,0,False,False
64078,0,False,False
111905,0,False,False
859,0,False,False
27198,0,False,False
123833,0,False,False
115815,0,False,False
12615,0,False,False
155947,0,False,False
50805,0,False,False
173552,0,False,False
111609,0,False,False
158784,0,False,False
54540,0,False,False
173483,5,True,False
39121,0,False,False
75875,0,False,False
153668,0,False,False
135781,0,False,False
177708,0,False,False
74633,0,False,False
174419,0,False,False
45845,0,False,False
61211,0,False,False
34162,0,False,False
175281,0,False,False
3832,0,False,False
160115,0,False,False
18836,0,False,False
144301,0,False,False
18883,0,False,False
43152,1,True,False
108559,0,False,False
171600,0,False,False
119855,0,False,False
45377,0,False,False
162422,0,False,False
185398,0,False,False
141486,0,False,False
169169,0,False,False
18436,3,True,False
21030,0,False,False
23495,0,False,False
32763,0,False,False
156064,0,False,False
66208,0,False,False
71256,0,False,False
168861,0,False,False
138537,0,False,False
109476,0,False,False
158546,0,False,False
175454,0,False,False
29139,0,False,False
143447,0,False,False
173927,0,False,False
46184,0,False,False
90375,1,True,False
84700,0,False,False
77378,0,False,False
74219,0,False,False
8945,0,False,False
42007,0,False,False
36796,0,False,False
18343,0,False,False
44070,0,False,False
30043,0,False,False
52066,0,False,False
20177,0,False,False
155581,0,False,False
100893,0,False,False
181061,0,False,False
163345,0,False,False
154305,0,False,False
21449,1,True,False
10445,0,False,False
93128,0,False,False
46535,0,False,False
67958,2,True,False
161728,0,False,False
53320,0,False,False
178602,2,True,True
48755,0,False,False
181393,0,False,False
102343,0,False,False
84627,0,False,False
68557,0,False,False
34861,0,False,False
38106,0,False,False
115176,0,False,False
98833,0,False,False
157544,0,False,False
63158,1,True,False
95591,0,False,False
14317,2,True,False
84544,0,False,False
3581,0,False,False
174045,0,False,False
179752,0,False,False
49367,0,False,False
4592,0,False,False
107497,0,False,False
127980,0,False,False
39443,0,False,False
45692,0,False,False
150090,0,False,False
80948,0,False,False
76883,0,False,False
122702,0,False,False
63980,0,False,False
1758,0,False,False
159095,0,False,False
93124,1,True,False
104926,0,False,False
79915,0,False,False
146554,0,False,False
96006,0,False,False
131361,0,False,False
182872,0,False,False
73782,0,False,False
71533,0,False,False
126199,0,False,False
144788,0,False,False
84342,0,False,False
21853,0,False,False
20055,1,True,False
59164,0,False,False
82886,0,False,False
112070,0,False,False
77229,0,False,False
61763,0,False,False
122035,0,False,False
182940,0,False,False
42301,0,False,False
13783,0,False,False
58441,0,False,False
185533,0,False,False
44383,0,False,False
170549,0,False,False
49207,0,False,False
152553,0,False,False
11947,0,False,False
62584,0,False,False
184415,0,False,False
105643,0,False,False
28780,0,False,False
612,0,False,False
127598,0,False,False
8617,0,False,False
132089,0,False,False
70561,0,False,False
8569,0,False,False
180029,0,False,False
147403,0,False,False
166242,0,False,False
86857,0,False,False
104121,0,False,False
59677,0,False,False
65258,1,True,False
46264,0,False,False
100287,0,False,False
88425,3,True,False
91415,0,False,False
2160,0,False,False
7407,0,False,False
42525,0,False,False
35255,0,False,False
50057,0,False,False
127493,0,False,False
58925,0,False,False
61624,0,False,False
181587,3,True,False
172380,0,False,False
156480,0,False,False
93504,0,False,False
83740,1,True,False
112986,0,False,False
172170,0,False,False
138308,0,False,False
49125,0,False,False
136534,0,False,False
99457,0,False,False
3764,0,False,False
48059,0,False,False
133213,0,False,False
55087,0,False,False
23962,0,False,False
61571,0,False,False
147874,0,False,False
54545,0,False,False
61895,21,True,False
138813,0,False,False
107508,0,False,False
55730,0,False,False
4926,0,False,False
68155,0,False,False
40522,0,False,False
64843,0,False,False
626,0,False,False
123314,0,False,False
85216,0,False,False
52234,1,True,False
88239,0,False,False
151131,0,False,False
171365,0,False,False
12917,0,False,False
158776,0,False,False
168448,0,False,False
39873,0,False,False
100299,0,False,False
179154,0,False,False
126885,0,False,False
123464,0,False,False
46993,0,False,False
19049,0,False,False
133860,0,False,False
140239,0,False,False
31394,0,False,False
43217,2,True,True
62639,0,False,False
156895,0,False,False
164644,0,False,False
133163,0,False,False
93954,0,False,False
132440,0,False,False
110436,0,False,False
110466,0,False,False
1393,0,False,False
102186,0,False,False
152528,0,False,False
67909,5,True,False
172984,0,False,False
1068,0,False,False
7076,0,False,False
50324,0,False,False
99573,0,False,False
142548,0,False,False
171120,3,True,False
66125,0,False,False
89729,0,False,False
174302,0,False,False
79995,0,False,False
118719,0,False,False
89548,0,False,False
85655,0,False,False
165432,0,False,False
69894,0,False,False
12334,0,False,False
66283,0,False,False
103237,0,False,False
15493,0,False,False
181198,0,False,False
22942,0,False,False
63612,0,False,False
42372,0,False,False
63599,0,False,False
145557,0,False,False
171617,0,False,False
81811,1,True,False
77109,0,False,False
15351,0,False,False
96583,0,False,False
114453,0,False,False
62006,0,False,False
62169,1,True,False
49758,0,False,False
67876,0,False,False
89524,0,False,False
103331,0,False,False
103939,0,False,False
170547,1,True,False
148539,0,False,False
154340,0,False,False
71885,0,False,False
94961,0,False,False
75342,1,True,False
24511,0,False,False
169088,0,False,False
1937,0,False,False
49439,0,False,False
44539,0,False,False
82132,0,False,False
162294,0,False,False
134968,0,False,False
23449,0,False,False
153345,0,False,False
152426,0,False,False
6145,14,True,False
155800,0,False,False
73844,8,True,True
144637,0,False,False
126171,0,False,False
152884,0,False,False
95706,0,False,False
162319,0,False,False
143752,0,False,False
154185,0,False,False
28119,0,False,False
67225,1,True,False
127107,0,False,False
91421,1,True,False
140157,0,False,False
25097,0,False,False
123863,0,False,False
112801,0,False,False
7139,0,False,False
74277,1,True,False
39258,0,False,False
55,0,False,False
19092,0,False,False
153910,0,False,False
152517,0,False,False
25073,0,False,False
79099,1,True,False
57517,0,False,False
185262,0,False,False
169566,0,False,False
39337,0,False,False
155572,0,False,False
172196,0,False,False
59712,0,False,False
120948,0,False,False
99373,0,False,False
46213,0,False,False
26642,0,False,False
34415,0,False,False
15247,0,False,False
163914,0,False,False
161659,0,False,False
185068,0,False,False
171686,0,False,False
15238,1,True,False
81493,0,False,False
174402,0,False,False
80882,1,True,False
101709,0,False,False
89028,0,False,False
138398,0,False,False
172924,0,False,False
167384,0,False,False
74043,4,True,False
43323,2,True,False
178772,2,True,False
2670,0,False,False
140727,0,False,False
11188,6,True,False
34686,0,False,False
106693,0,False,False
2032,2,True,False
54928,0,False,False
98243,0,False,False
173184,0,False,False
94625,0,False,False
122094,0,False,False
113389,0,False,False
14699,0,False,False
86381,1,True,False
130579,0,False,False
71646,0,False,False
62671,1,True,False
101181,0,False,False
116156,0,False,False
79910,2,True,False
99095,0,False,False
132715,0,False,False
188045,0,False,False
168506,0,False,False
61773,0,False,False
48948,0,False,False
84046,0,False,False
45176,0,False,False
175936,0,False,False
121229,0,False,False
146141,0,False,False
9959,0,False,False
47378,0,False,False
74187,0,False,False
60433,0,False,False
33120,0,False,False
8507,0,False,False
39636,0,False,False
50286,1,True,True
85867,0,False,False
151098,0,False,False
170223,0,False,False
174020,0,False,False
92580,0,False,False
112877,0,False,False
72601,0,False,False
113341,0,False,False
40742,0,False,False
42570,0,False,False
73348,0,False,False
165631,0,False,False
17905,0,False,False
54749,0,False,False
109181,0,False,False
78196,1,True,False
176468,0,False,False
60579,0,False,False
106752,0,False,False
46348,0,False,False
39669,0,False,False
37252,0,False,False
61331,0,False,False
164863,0,False,False
160470,0,False,False
37349,0,False,False
147785,0,False,False
51037,0,False,False
152179,0,False,False
169063,0,False,False
15623,0,False,False
126844,0,False,False
112597,0,False,False
104260,0,False,False
57779,0,False,False
176037,0,False,False
124035,0,False,False
116594,0,False,False
55098,1,True,False
168379,0,False,False
163135,0,False,False
129761,0,False,False
85923,0,False,False
18985,0,False,False
269,3,True,False
137303,0,False,False
171194,0,False,False
102906,0,False,False
112137,0,False,False
175541,0,False,False
126704,0,False,False
87258,0,False,False
11554,0,False,False
111323,0,False,False
167268,0,False,False
183492,0,False,False
90526,0,False,False
140140,0,False,False
72100,0,False,False
106070,0,False,False
50745,0,False,False
73952,0,False,False
141563,0,False,False
182623,0,False,False
134933,0,False,False
50933,0,False,False
58562,0,False,False
175064,0,False,False
152249,0,False,False
60679,0,False,False
35858,0,False,False
70893,0,False,False
88860,0,False,False
120580,0,False,False
56568,0,False,False
66893,3,True,False
24957,2,True,False
180289,1,True,False
10708,0,False,False
100613,0,False,False
83325,0,False,False
5133,0,False,False
134446,0,False,False
163075,0,False,False
106581,0,False,False
176939,0,False,False
179273,21,True,False
157511,0,False,False
78680,0,False,False
86045,0,False,False
123110,0,False,False
51322,0,False,False
27625,0,False,False
160119,0,False,False
107802,0,False,False
34793,0,False,False
52506,0,False,False
150367,0,False,False
15657,0,False,False
88887,0,False,False
42204,0,False,False
111029,0,False,False
79753,0,False,False
122147,0,False,False
121705,0,False,False
13177,0,False,False
157103,0,False,False
108596,0,False,False
26473,0,False,False
33414,0,False,False
75958,1,True,True
155860,0,False,False
46339,0,False,False
25768,0,False,False
106189,0,False,False
85771,0,False,False
12518,0,False,False
22937,0,False,False
19160,0,False,False
70539,0,False,False
187361,0,False,False
116798,0,False,False
31100,0,False,False
99986,0,False,False
155510,0,False,False
25534,0,False,False
55649,0,False,False
142128,0,False,False
101437,0,False,False
97373,0,False,False
31112,0,False,False
170272,0,False,False
39050,0,False,False
24834,0,False,False
159685,0,False,False
121323,0,False,False
6586,0,False,False
35825,0,False,False
146709,0,False,False
36033,0,False,False
158752,0,False,False
12010,1,True,False
187356,0,False,False
106426,0,False,False
134931,0,False,False
69390,0,False,False
55315,0,False,False
28533,0,False,False
57831,0,False,False
4512,0,False,False
22660,0,False,False
140295,0,False,False
4991,0,False,False
105663,0,False,False
106330,0,False,False
56846,0,False,False
125476,0,False,False
87737,0,False,False
72189,0,False,False
138314,0,False,False
51759,0,False,False
175343,1,True,False
137476,0,False,False
68,0,False,False
92318,0,False,False
25780,0,False,False
64456,0,False,False
152083,0,False,False
72743,1,True,False
184426,0,False,False
123701,0,False,False
49392,0,False,False
109780,0,False,False
54317,0,False,False
67021,0,False,False
51010,0,False,False
139547,0,False,False
65712,0,False,False
128288,0,False,False
147051,0,False,False
124167,0,False,False
67131,0,False,False
184965,0,False,False
19556,0,False,False
142754,0,False,False
179955,0,False,False
176906,0,False,False
164789,0,False,False
156636,0,False,False
152863,0,False,False
59834,0,False,False
46822,0,False,False
5365,0,False,False
36742,0,False,False
139939,0,False,False
127332,0,False,False
122943,0,False,False
161746,0,False,False
98253,0,False,False
178086,0,False,False
43043,0,False,False
3674,0,False,False
30651,0,False,False
11038,0,False,False
111580,0,False,False
126256,0,False,False
75630,0,False,False
51130,0,False,False
111316,0,False,False
26396,0,False,False
66855,0,False,False
6600,0,False,False
37461,0,False,False
163529,0,False,False
25762,0,False,False
21507,1,True,False
10137,0,False,False
74458,0,False,False
4944,1,True,False
3900,0,False,False
138656,0,False,False
68690,1,True,False
102511,0,False,False
46731,0,False,False
75241,0,False,False
62656,0,False,False
40703,0,False,False
26560,0,False,False
21673,0,False,False
107847,0,False,False
145896,0,False,False
145303,0,False,False
14661,0,False,False
176152,1,True,False
155301,0,False,False
116792,0,False,False
127818,0,False,False
111962,0,False,False
7953,0,False,False
164056,0,False,False
132340,0,False,False
140689,0,False,False
110532,0,False,False
124584,0,False,False
117710,0,False,False
179281,1,True,False
14128,0,False,False
143239,0,False,False
77430,0,False,False
185116,0,False,False
44598,0,False,False
176112,0,False,False
90042,0,False,False
30019,0,False,False
185544,0,False,False
175263,0,False,False
13015,0,False,False
140382,0,False,False
56961,0,False,False
126604,0,False,False
133404,0,False,False
14934,0,False,False
56531,0,False,False
118309,0,False,False
32909,0,False,False
116356,0,False,False
69050,0,False,False
12218,0,False,False
165935,0,False,False
115887,0,False,False
111892,0,False,False
98713,0,False,False
186599,0,False,False
20935,2,True,False
183876,0,False,False
38294,0,False,False
159985,0,False,False
92924,0,False,False
78936,0,False,False
23471,0,False,False
160567,0,False,False
116285,0,False,False
71816,4,True,False
81218,0,False,False
127805,0,False,False
119852,0,False,False
83144,0,False,False
86883,0,False,False
164648,0,False,False
30642,0,False,False
825,0,False,False
94345,0,False,False
128763,0,False,False
173314,0,False,False
133239,0,False,False
167191,0,False,False
69498,0,False,False
130122,0,False,False
98975,0,False,False
59314,0,False,False
12650,0,False,False
115423,0,False,False
188576,0,False,False
2767,0,False,False
27106,0,False,False
1246,0,False,False
137169,0,False,False
5907,0,False,False
19743,0,False,False
36433,0,False,False
141164,0,False,False
164907,0,False,False
121268,0,False,False
104418,0,False,False
172793,0,False,False
157843,0,False,False
175249,1,True,False
94685,0,False,False
92492,0,False,False
129202,0,False,False
173502,0,False,False
22723,0,False,False
153375,0,False,False
165020,0,False,False
165391,0,False,False
142508,0,False,False
155119,0,False,False
100938,0,False,False
40255,0,False,False
41932,0,False,False
78265,0,False,False
100710,1,True,False
22953,0,False,False
57244,0,False,False
129952,0,False,False
51685,0,False,False
100895,0,False,False
151886,0,False,False
3019,0,False,False
128709,0,False,False
4850,0,False,False
132203,0,False,False
169430,0,False,False
174298,0,False,False
140415,0,False,False
141763,0,False,False
147317,0,False,False
13010,0,False,False
13292,0,False,False
67551,0,False,False
4158,2,True,False
118246,0,False,False
185982,0,False,False
10399,0,False,False
49699,0,False,False
59094,0,False,False
101337,0,False,False
129871,0,False,False
78167,0,False,False
187782,0,False,False
187404,0,False,False
29841,0,False,False
89285,0,False,False
55968,1,True,False
110968,0,False,False
70552,0,False,False
14062,0,False,False
101919,0,False,False
60208,0,False,False
137091,0,False,False
149291,0,False,False
185229,0,False,False
142016,0,False,False
42231,0,False,False
143768,0,False,False
91160,0,False,False
145892,0,False,False
186178,0,False,False
132437,0,False,False
106937,0,False,False
99803,0,False,False
28626,0,False,False
23274,0,False,False
122689,0,False,False
26265,0,False,False
123017,0,False,False
37051,0,False,False
116131,0,False,False
49776,0,False,False
172690,0,False,False
115674,0,False,False
88193,0,False,False
19793,0,False,False
123583,0,False,False
9388,0,False,False
68401,0,False,False
58109,0,False,False
129380,0,False,False
149043,0,False,False
182732,1,True,False
156094,0,False,False
154107,0,False,False
86172,0,False,False
73613,0,False,False
99215,0,False,False
139796,0,False,False
33822,0,False,False
96731,0,False,False
155778,0,False,False
55352,0,False,False
36523,0,False,False
28988,0,False,False
66495,0,False,False
177439,0,False,False
123001,0,False,False
173952,0,False,False
36451,0,False,False
97226,0,False,False
116002,0,False,False
135680,0,False,False
144700,0,False,False
140924,0,False,False
30300,0,False,False
80450,0,False,False
125724,0,False,False
76837,0,False,False
11385,0,False,False
89984,0,False,False
137294,0,False,False
137878,0,False,False
151655,0,False,False
167680,0,False,False
103147,0,False,False
135091,0,False,False
63582,0,False,False
78766,0,False,False
137542,0,False,False
29701,3,True,False
37839,0,False,False
187747,17,True,False
125563,0,False,False
121183,0,False,False
128124,0,False,False
173810,0,False,False
23332,0,False,False
179160,0,False,False
129034,0,False,False
113325,0,False,False
58660,0,False,False
58161,0,False,False
167523,0,False,False
55487,0,False,False
88895,0,False,False
4230,0,False,False
7177,0,False,False
15868,0,False,False
77671,0,False,False
166905,0,False,False
54009,0,False,False
168798,0,False,False
158565,0,False,False
143259,0,False,False
97036,0,False,False
118918,0,False,False
86790,0,False,False
161428,0,False,False
179176,0,False,False
185159,0,False,False
45429,0,False,False
22554,0,False,False
127272,0,False,False
82872,0,False,False
118672,0,False,False
99199,0,False,False
109525,0,False,False
140045,0,False,False
91972,0,False,False
104498,0,False,False
63015,0,False,False
8500,0,False,False
161100,0,False,False
142380,0,False,False
15560,0,False,False
1663,0,False,False
106360,0,False,False
22303,0,False,False
184077,0,False,False
108430,0,False,False
170932,0,False,False
118892,0,False,False
57530,0,False,False
61554,0,False,False
171998,0,False,False
20214,0,False,False
152405,0,False,False
159509,0,False,False
78363,1,True,False
53214,0,False,False
87637,1,True,False
180601,3,True,True
18668,0,False,False
84017,0,False,False
152876,0,False,False
35673,1,True,False
64524,0,False,False
38103,0,False,False
176306,0,False,False
2950,0,False,False
150609,0,False,False
19283,0,False,False
90310,0,False,False
170716,0,False,False
80573,0,False,False
59490,0,False,False
103846,0,False,False
5940,0,False,False
19368,0,False,False
188375,0,False,False
144230,0,False,False
58036,0,False,False
144918,0,False,False
93961,0,False,False
182554,0,False,False
57037,0,False,False
137060,0,False,False
19149,0,False,False
21990,0,False,False
127423,0,False,False
143176,0,False,False
79362,1,True,False
4161,0,False,False
130445,0,False,False
97245,0,False,False
179121,0,False,False
185940,0,False,False
163080,1,True,False
4855,0,False,False
177262,0,False,False
3478,0,False,False
46160,0,False,False
100198,2,True,False
8345,0,False,False
164524,0,False,False
49011,0,False,False
183116,0,False,False
113788,0,False,False
177654,1,True,False
132798,0,False,False
39107,0,False,False
48239,4,True,True
32687,0,False,False
114201,0,False,False
58034,0,False,False
133304,0,False,False
31274,0,False,False
98798,0,False,False
942,0,False,False
161109,0,False,False
54731,0,False,False
172546,0,False,False
131373,0,False,False
92908,5,True,True
135309,0,False,False
37667,0,False,False
127,0,False,False
111489,0,False,False
1267,0,False,False
112776,0,False,False
175059,1,True,False
141467,0,False,False
74287,0,False,False
174334,0,False,False
18720,0,False,False
7586,0,False,False
16383,0,False,False
86056,0,False,False
89845,7,True,True
17479,0,False,False
106539,0,False,False
106357,0,False,False
115690,0,False,False
182197,1,True,True
156735,0,False,False
14560,0,False,False
155216,0,False,False
92570,0,False,False
141413,0,False,False
68221,0,False,False
104221,0,False,False
10148,0,False,False
11762,0,False,False
45392,0,False,False
115144,0,False,False
101104,0,False,False
62377,0,False,False
102570,0,False,False
72980,9,True,False
83992,0,False,False
155696,0,False,False
88443,0,False,False
75480,0,False,False
85804,0,False,False
97139,0,False,False
96529,2,True,False
86074,0,False,False
15733,1,True,False
17581,0,False,False
70594,0,False,False
84437,0,False,False
114578,0,False,False
25721,0,False,False
152321,0,False,False
84707,0,False,False
13867,0,False,False
151633,0,False,False
90135,0,False,False
110305,0,False,False
10702,0,False,False
45153,0,False,False
96520,6,True,False
67290,0,False,False
18842,0,False,False
24747,0,False,False
15919,0,False,False
35276,0,False,False
96084,1,True,False
45636,2,True,False
160312,0,False,False
19579,0,False,False
2357,0,False,False
72502,0,False,False
103383,0,False,False
120995,0,False,False
175086,0,False,False
86869,0,False,False
160787,0,False,False
18190,0,False,False
33561,0,False,False
82668,0,False,False
5635,5,True,True
10065,0,False,False
85152,0,False,False
148196,0,False,False
7773,0,False,False
113957,0,False,False
118481,0,False,False
82224,0,False,False
15863,0,False,False
34025,0,False,False
92071,1,True,False
72009,0,False,False
67466,0,False,False
61477,8,True,False
10185,0,False,False
51880,0,False,False
183386,0,False,False
137212,0,False,False
121699,0,False,False
23906,0,False,False
64373,0,False,False
6577,0,False,False
175628,2,True,True
141550,0,False,False
19538,0,False,False
95740,0,False,False
5604,0,False,False
113387,0,False,False
118880,0,False,False
35986,0,False,False
143587,0,False,False
76660,1,True,True
4721,0,False,False
56453,0,False,False
15122,0,False,False
131012,0,False,False
81593,0,False,False
163067,0,False,False
182458,0,False,False
81831,0,False,False
169257,0,False,False
71743,1,True,False
62327,0,False,False
75544,0,False,False
183663,0,False,False
35241,4,True,False
137869,0,False,False
99265,0,False,False
2968,0,False,False
550,4,True,True
52333,0,False,False
180071,0,False,False
32151,0,False,False
170857,0,False,False
109844,0,False,False
169702,0,False,False
78476,0,False,False
22938,0,False,False
142977,0,False,False
15467,0,False,False
184097,0,False,False
93206,3,True,True
56333,0,False,False
122148,0,False,False
793,0,False,False
42494,0,False,False
68849,0,False,False
138954,0,False,False
148383,0,False,False
38147,0,False,False
21229,0,False,False
112565,0,False,False
47938,0,False,False
85159,0,False,False
54429,0,False,False
47786,0,False,False
106927,0,False,False
94585,0,False,False
172016,0,False,False
22917,0,False,False
40252,0,False,False
28265,0,False,False
8915,0,False,False
166721,0,False,False
66747,0,False,False
164894,0,False,False
138724,0,False,False
61720,0,False,False
65177,0,False,False
164199,0,False,False
4957,0,False,False
124736,0,False,False
26908,0,False,False
183616,3,True,True
47161,0,False,False
74802,0,False,False
144512,0,False,False
102677,0,False,False
59105,0,False,False
56820,3,True,False
149889,0,False,False
65298,0,False,False
57239,0,False,False
144887,0,False,False
121806,0,False,False
160368,0,False,False
157347,0,False,False
24505,0,False,False
43052,0,False,False
59106,0,False,False
141320,0,False,False
2045,38,True,True
173814,0,False,False
157782,0,False,False
47432,0,False,False
46044,0,False,False
57332,0,False,False
14968,0,False,False
181389,0,False,False
126716,0,False,False
181299,2,True,False
68589,0,False,False
135203,0,False,False
31053,1,True,False
75929,1,True,False
14382,0,False,False
137740,0,False,False
180577,0,False,False
49215,0,False,False
163686,0,False,False
20970,0,False,False
32369,0,False,False
164930,0,False,False
110214,0,False,False
164259,0,False,False
86898,0,False,False
34432,1,True,False
144602,0,False,False
85792,0,False,False
64353,0,False,False
23762,0,False,False
119012,0,False,False
17259,0,False,False
44415,0,False,False
88559,0,False,False
27807,0,False,False
18612,0,False,False
117320,0,False,False
25246,0,False,False
171354,0,False,False
164557,0,False,False
165227,0,False,False
110524,0,False,False
142298,0,False,False
141127,0,False,False
147846,0,False,False
29919,0,False,False
147743,0,False,False
87856,0,False,False
10999,0,False,False
134513,0,False,False
64731,0,False,False
72068,0,False,False
9829,8,True,False
114474,0,False,False
64775,0,False,False
47477,0,False,False
19298,0,False,False
31934,0,False,False
37771,0,False,False
162082,0,False,False
80403,0,False,False
65593,0,False,False
131653,0,False,False
108184,1,True,False
116646,0,False,False
181907,0,False,False
104685,0,False,False
148409,0,False,False
40647,0,False,False
75540,0,False,False
175018,0,False,False
36914,0,False,False
135470,0,False,False
153616,0,False,False
169855,0,False,False
124464,0,False,False
55856,0,False,False
67765,0,False,False
160621,0,False,False
51777,0,False,False
151087,0,False,False
178465,0,False,False
58419,0,False,False
80966,0,False,False
153071,0,False,False
37199,0,False,False
55963,0,False,False
58479,1,True,False
85312,13,True,True
46457,0,False,False
143240,0,False,False
122253,0,False,False
107031,0,False,False
30337,0,False,False
131610,0,False,False
61317,0,False,False
120463,0,False,False
27237,0,False,False
112160,0,False,False
111299,0,False,False
123058,0,False,False
82887,9,True,False
135946,0,False,False
73876,0,False,False
128936,0,False,False
53756,0,False,False
69656,0,False,False
70178,0,False,False
17042,0,False,False
84854,0,False,False
151191,0,False,False
159043,0,False,False
98955,0,False,False
161007,0,False,False
117175,0,False,False
146209,0,False,False
166986,0,False,False
97826,0,False,False
125607,0,False,False
120120,0,False,False
43791,0,False,False
37030,0,False,False
77531,0,False,False
96131,0,False,False
90352,0,False,False
48731,0,False,False
19464,0,False,False
80374,0,False,False
105179,0,False,False
87978,0,False,False
42893,1,True,False
164127,0,False,False
186207,0,False,False
88632,0,False,False
159280,0,False,False
67018,0,False,False
98392,0,False,False
144152,0,False,False
140283,0,False,False
43681,0,False,False
10240,0,False,False
71633,0,False,False
139922,0,False,False
130689,0,False,False
142809,0,False,False
143737,0,False,False
96484,0,False,False
177703,0,False,False
172958,0,False,False
153098,0,False,False
111015,0,False,False
13511,0,False,False
39098,0,False,False
81835,0,False,False
182980,0,False,False
148538,0,False,False
136460,0,False,False
37163,0,False,False
142567,0,False,False
88829,0,False,False
44366,0,False,False
7447,0,False,False
35129,0,False,False
129117,0,False,False
177803,0,False,False
58260,0,False,False
181941,1,True,False
103615,0,False,False
156853,0,False,False
114685,0,False,False
175839,0,False,False
87619,0,False,False
143520,0,False,False
96671,0,False,False
157479,0,False,False
58617,0,False,False
66499,0,False,False
156057,0,False,False
106651,1,True,False
118125,0,False,False
132742,0,False,False
186983,0,False,False
83859,0,False,False
179146,0,False,False
46054,0,False,False
109601,0,False,False
32212,0,False,False
67435,0,False,False
91286,0,False,False
15168,0,False,False
108091,0,False,False
15011,0,False,False
38207,0,False,False
13753,1,True,False
31422,0,False,False
15637,1,True,False
1042,0,False,False
86594,3,True,True
11414,0,False,False
132313,0,False,False
44911,0,False,False
89305,0,False,False
98201,0,False,False
36325,1,True,False
172432,0,False,False
166076,0,False,False
151805,0,False,False
156087,0,False,False
107977,0,False,False
78102,0,False,False
170301,0,False,False
127999,0,False,False
161309,0,False,False
25321,0,False,False
33866,0,False,False
43545,0,False,False
102672,0,False,False
24497,0,False,False
56597,0,False,False
140110,0,False,False
110878,0,False,False
65065,0,False,False
85147,0,False,False
100436,0,False,False
92618,0,False,False
172998,11,True,False
80698,4,True,False
89331,0,False,False
11389,0,False,False
73007,0,False,False
167703,0,False,False
118218,0,False,False
169652,0,False,False
134640,0,False,False
153317,0,False,False
83685,0,False,False
148566,0,False,False
131138,0,False,False
44584,0,False,False
2709,0,False,False
138286,0,False,False
47469,0,False,False
103417,0,False,False
130680,0,False,False
176733,0,False,False
183363,0,False,False
171808,0,False,False
40787,0,False,False
114624,0,False,False
110096,0,False,False
178473,0,False,False
16514,0,False,False
171551,0,False,False
79397,0,False,False
103271,0,False,False
37748,0,False,False
142467,0,False,False
37805,0,False,False
3097,0,False,False
87773,0,False,False
83630,2,True,False
174046,1,True,False
75858,0,False,False
29457,0,False,False
114055,0,False,False
156193,0,False,False
99662,0,False,False
19483,0,False,False
110005,0,False,False
107140,0,False,False
152064,0,False,False
88257,0,False,False
5200,0,False,False
35499,0,False,False
132271,0,False,False
61577,0,False,False
106401,0,False,False
161520,0,False,False
50289,1,True,False
72357,0,False,False
109280,0,False,False
91112,0,False,False
36727,0,False,False
156221,0,False,False
21392,0,False,False
121927,0,False,False
135634,0,False,False
3857,0,False,False
70139,0,False,False
68732,0,False,False
145259,0,False,False
55983,0,False,False
104347,0,False,False
74572,6,True,True
144611,0,False,False
75345,2,True,True
127293,0,False,False
73414,0,False,False
146027,0,False,False
101611,0,False,False
185114,0,False,False
35881,2,True,False
157673,0,False,False
58649,0,False,False
176605,0,False,False
97033,0,False,False
185674,0,False,False
94024,0,False,False
122436,0,False,False
43393,0,False,False
153938,0,False,False
94598,0,False,False
80125,0,False,False
133864,0,False,False
117641,0,False,False
136797,0,False,False
11862,0,False,False
47452,3,True,False
92523,0,False,False
87393,0,False,False
39621,0,False,False
3137,0,False,False
108613,1,True,False
82694,0,False,False
115483,0,False,False
174352,0,False,False
154563,0,False,False
20975,0,False,False
141423,0,False,False
138770,0,False,False
151472,0,False,False
139671,0,False,False
71774,1,True,False
2362,0,False,False
99260,0,False,False
89885,3,True,False
141157,0,False,False
69437,0,False,False
148655,0,False,False
103179,0,False,False
113369,0,False,False
28306,0,False,False
15468,3,True,True
93854,0,False,False
129140,0,False,False
66724,0,False,False
170436,0,False,False
170691,0,False,False
180140,0,False,False
112346,0,False,False
148557,0,False,False
62514,0,False,False
19909,0,False,False
2465,0,False,False
129845,0,False,False
185424,0,False,False
169387,0,False,False
113354,0,False,False
11741,0,False,False
16706,0,False,False
151311,0,False,False
59413,0,False,False
95115,0,False,False
182393,0,False,False
3552,0,False,False
184265,0,False,False
123258,0,False,False
86618,0,False,False
30397,0,False,False
73027,0,False,False
78918,0,False,False
121311,0,False,False
103026,0,False,False
168911,0,False,False
73888,0,False,False
176904,0,False,False
34043,1,True,False
138246,0,False,False
106842,0,False,False
93249,2,True,False
79654,0,False,False
170652,0,False,False
64089,0,False,False
101047,0,False,False
16456,0,False,False
106259,0,False,False
124172,0,False,False
121634,0,False,False
15045,0,False,False
92915,0,False,False
157292,0,False,False
1073,0,False,False
160463,0,False,False
148231,0,False,False
66148,0,False,False
105608,0,False,False
3207,0,False,False
118964,0,False,False
174801,0,False,False
155502,0,False,False
67124,0,False,False
169405,0,False,False
154555,0,False,False
38213,0,False,False
125057,0,False,False
151494,0,False,False
116562,0,False,False
108391,0,False,False
125555,0,False,False
19241,0,False,False
172569,0,False,False
126321,0,False,False
52388,0,False,False
71193,0,False,False
29604,0,False,False
31125,0,False,False
49794,0,False,False
59483,0,False,False
85251,0,False,False
97200,0,False,False
48787,0,False,False
164860,0,False,False
70,1,True,False
82597,0,False,False
19807,0,False,False
58135,0,False,False
170028,0,False,False
154455,0,False,False
143712,0,False,False
25957,0,False,False
113432,0,False,False
129312,0,False,False
26369,0,False,False
6097,0,False,False
150033,0,False,False
48644,0,False,False
3734,0,False,False
121331,0,False,False
21547,0,False,False
130545,0,False,False
128062,0,False,False
80702,4,True,False
163876,0,False,False
36797,0,False,False
182486,0,False,False
1335,0,False,False
57700,0,False,False
138446,0,False,False
149273,0,False,False
44941,1,True,False
160244,0,False,False
104325,0,False,False
168508,0,False,False
103055,0,False,False
115524,0,False,False
154831,0,False,False
149879,0,False,False
161925,0,False,False
8670,0,False,False
161716,0,False,False
108487,0,False,False
94320,0,False,False
69999,7,True,False
17775,0,False,False
37529,0,False,False
169643,0,False,False
106497,0,False,False
81318,0,False,False
4400,0,False,False
111986,0,False,False
77440,0,False,False
75122,0,False,False
134258,0,False,False
45587,2,True,False
12081,0,False,False
160255,0,False,False
4045,0,False,False
101770,0,False,False
106186,0,False,False
77585,0,False,False
20848,0,False,False
84064,1,True,False
89753,0,False,False
58960,0,False,False
165551,0,False,False
174229,0,False,False
126180,0,False,False
183131,2,True,False
76371,0,False,False
162630,0,False,False
12715,0,False,False
135538,0,False,False
85571,0,False,False
119510,0,False,False
19238,0,False,False
171652,0,False,False
59589,2,True,False
67582,0,False,False
34741,0,False,False
6891,2,True,False
9092,0,False,False
112893,0,False,False
131758,0,False,False
72709,0,False,False
172489,0,False,False
155824,0,False,False
48161,0,False,False
124283,0,False,False
121895,0,False,False
26537,0,False,False
102567,0,False,False
128989,0,False,False
145047,0,False,False
174618,0,False,False
78030,0,False,False
59997,0,False,False
108849,0,False,False
180772,1,True,False
92043,0,False,False
119265,0,False,False
6863,0,False,False
150446,0,False,False
47875,0,False,False
130334,0,False,False
102690,0,False,False
68195,0,False,False
181942,0,False,False
63532,0,False,False
57356,0,False,False
26005,0,False,False
76691,0,False,False
71134,0,False,False
186166,0,False,False
142370,0,False,False
155517,0,False,False
182912,1,True,False
95843,0,False,False
122648,0,False,False
32055,0,False,False
121534,0,False,False
162279,0,False,False
63941,0,False,False
106620,0,False,False
84353,0,False,False
98934,0,False,False
178880,0,False,False
131917,0,False,False
113303,0,False,False
68870,0,False,False
69411,0,False,False
35824,3,True,True
167735,0,False,False
87584,0,False,False
55981,0,False,False
140936,0,False,False
162028,0,False,False
122240,0,False,False
54236,0,False,False
129973,0,False,False
157531,0,False,False
65076,0,False,False
116100,0,False,False
141949,0,False,False
46415,0,False,False
86055,1,True,False
151548,0,False,False
56596,0,False,False
27988,0,False,False
118033,0,False,False
7685,1,True,False
162998,0,False,False
24074,0,False,False
100051,0,False,False
26215,0,False,False
165637,0,False,False
99235,0,False,False
48095,0,False,False
169036,0,False,False
149534,0,False,False
133896,0,False,False
103163,0,False,False
68049,0,False,False
31659,0,False,False
179656,0,False,False
157678,0,False,False
39482,0,False,False
70815,2,True,False
173029,2,True,False
131393,0,False,False
148072,0,False,False
109063,0,False,False
99114,0,False,False
159481,0,False,False
23065,0,False,False
121285,0,False,False
172204,0,False,False
56813,0,False,False
143453,0,False,False
154007,0,False,False
142455,0,False,False
17961,1,True,False
13553,0,False,False
188517,3,True,True
39753,0,False,False
107310,0,False,False
83376,0,False,False
48988,0,False,False
11735,0,False,False
185268,0,False,False
36710,0,False,False
131194,0,False,False
2494,0,False,False
114755,0,False,False
167593,0,False,False
126723,0,False,False
75310,0,False,False
112,1,True,False
184799,0,False,False
126923,0,False,False
69022,0,False,False
148636,0,False,False
181622,0,False,False
127802,0,False,False
32968,0,False,False
50526,0,False,False
17981,0,False,False
158844,0,False,False
60592,0,False,False
19605,0,False,False
17317,0,False,False
54470,0,False,False
113046,0,False,False
164110,0,False,False
96788,0,False,False
136268,0,False,False
62172,2,True,False
103798,0,False,False
110677,0,False,False
187525,3,True,False
137533,0,False,False
125799,0,False,False
123610,0,False,False
142504,0,False,False
133725,0,False,False
69162,0,False,False
54476,0,False,False
95327,0,False,False
91748,1,True,False
78371,1,True,False
374,0,False,False
83501,0,False,False
110225,0,False,False
38577,0,False,False
68171,1,True,False
12496,0,False,False
54382,0,False,False
64424,0,False,False
107552,0,False,False
27408,0,False,False
172085,0,False,False
62119,0,False,False
124763,0,False,False
20890,0,False,False
87376,0,False,False
112616,0,False,False
138797,0,False,False
170745,0,False,False
66027,0,False,False
179191,0,False,False
39406,0,False,False
17026,0,False,False
59664,0,False,False
80691,1,True,False
55861,0,False,False
97949,0,False,False
56981,0,False,False
20998,0,False,False
97054,0,False,False
34238,0,False,False
45694,0,False,False
68687,0,False,False
60459,1,True,False
153860,0,False,False
96602,0,False,False
78225,0,False,False
18675,0,False,False
78739,1,True,False
147114,0,False,False
188601,0,False,False
43648,0,False,False
76063,0,False,False
125392,0,False,False
175418,0,False,False
89780,0,False,False
2568,0,False,False
161506,0,False,False
63406,0,False,False
37555,0,False,False
151451,0,False,False
21749,0,False,False
51523,0,False,False
164151,0,False,False
185125,0,False,False
173854,0,False,False
4818,0,False,False
94,0,False,False
17470,0,False,False
163568,0,False,False
160093,0,False,False
134602,0,False,False
19470,0,False,False
20223,0,False,False
104697,0,False,False
4681,0,False,False
92251,0,False,False
2204,3,True,False
129799,0,False,False
98633,0,False,False
162905,0,False,False
57973,0,False,False
54285,0,False,False
102415,0,False,False
135864,0,False,False
45823,0,False,False
147851,0,False,False
22915,0,False,False
38345,0,False,False
154412,0,False,False
32478,0,False,False
19271,0,False,False
36157,0,False,False
120529,0,False,False
47459,4,True,False
125540,0,False,False
57759,0,False,False
142935,0,False,False
117694,0,False,False
143518,0,False,False
177637,0,False,False
59254,0,False,False
139372,0,False,False
178364,15,True,True
37987,1,True,False
187926,0,False,False
100092,0,False,False
72049,0,False,False
88751,0,False,False
33857,0,False,False
128568,0,False,False
159606,0,False,False
121678,0,False,False
103148,0,False,False
149153,0,False,False
114539,0,False,False
172681,0,False,False
46337,0,False,False
14775,0,False,False
152386,0,False,False
19984,0,False,False
89995,0,False,False
25265,0,False,False
135083,0,False,False
87698,0,False,False
84403,0,False,False
12094,0,False,False
11702,0,False,False
176475,0,False,False
34786,0,False,False
35565,0,False,False
179906,0,False,False
104710,0,False,False
109349,0,False,False
155141,0,False,False
87410,0,False,False
26084,0,False,False
165939,0,False,False
99651,0,False,False
78035,0,False,False
118671,0,False,False
36961,0,False,False
52238,0,False,False
93560,0,False,False
112913,0,False,False
158893,0,False,False
142400,0,False,False
158567,0,False,False
131316,0,False,False
29834,0,False,False
171417,3,True,False
22121,0,False,False
132103,0,False,False
106213,0,False,False
134114,0,False,False
97490,0,False,False
43428,0,False,False
175636,2,True,False
147720,0,False,False
158663,0,False,False
188174,0,False,False
56225,0,False,False
179226,0,False,False
13327,0,False,False
175456,0,False,False
175061,0,False,False
21851,0,False,False
18079,0,False,False
185546,0,False,False
50353,0,False,False
119137,0,False,False
175075,0,False,False
58026,0,False,False
39157,0,False,False
99669,0,False,False
23836,0,False,False
80056,0,False,False
92859,0,False,False
94744,0,False,False
178105,1,True,False
28600,1,True,False
60920,0,False,False
89774,0,False,False
179084,0,False,False
10479,0,False,False
117963,0,False,False
168356,0,False,False
131964,0,False,False
112164,0,False,False
20625,0,False,False
82586,0,False,False
107408,0,False,False
158270,0,False,False
70148,0,False,False
69295,1,True,False
64963,0,False,False
13159,0,False,False
105884,0,False,False
154480,0,False,False
49290,0,False,False
128842,0,False,False
104370,0,False,False
80080,0,False,False
101391,0,False,False
6556,0,False,False
62419,1,True,False
88630,0,False,False
48617,0,False,False
187015,0,False,False
172018,0,False,False
99026,0,False,False
8554,0,False,False
141599,0,False,False
54896,0,False,False
52906,0,False,False
98828,0,False,False
136799,0,False,False
7163,0,False,False
73621,0,False,False
108541,0,False,False
4833,0,False,False
170342,0,False,False
125936,0,False,False
178625,0,False,False
100653,0,False,False
26860,0,False,False
157245,0,False,False
158903,0,False,False
57972,0,False,False
138663,0,False,False
79736,3,True,False
63121,0,False,False
79696,0,False,False
149177,0,False,False
14104,0,False,False
81400,0,False,False
125229,0,False,False
175600,0,False,False
84517,0,False,False
95977,0,False,False
46399,0,False,False
63597,0,False,False
126060,0,False,False
149680,0,False,False
118882,0,False,False
75984,0,False,False
20841,0,False,False
187984,0,False,False
139974,0,False,False
101258,0,False,False
164342,0,False,False
116865,0,False,False
168115,0,False,False
121771,0,False,False
44943,2,True,False
71368,0,False,False
111068,0,False,False
88576,1,True,False
122058,0,False,False
79461,0,False,False
25591,0,False,False
178938,0,False,False
104662,0,False,False
132210,0,False,False
60355,0,False,False
161049,0,False,False
150270,0,False,False
47384,0,False,False
68097,0,False,False
113800,0,False,False
166576,0,False,False
24426,0,False,False
188279,0,False,False
91987,0,False,False
122537,0,False,False
19227,0,False,False
40963,0,False,False
137823,0,False,False
97878,0,False,False
18325,0,False,False
111337,0,False,False
118495,0,False,False
123402,0,False,False
11795,0,False,False
65893,0,False,False
43345,6,True,False
96892,0,False,False
154786,0,False,False
154703,0,False,False
133599,0,False,False
5404,0,False,False
35829,0,False,False
44585,0,False,False
116867,0,False,False
167188,0,False,False
15399,0,False,False
162662,0,False,False
110040,0,False,False
83583,0,False,False
58070,0,False,False
81349,0,False,False
133170,0,False,False
177616,0,False,False
49326,0,False,False
13908,1,True,False
186915,0,False,False
13571,0,False,False
62332,0,False,False
45375,0,False,False
156089,0,False,False
21980,4,True,False
164489,0,False,False
149228,0,False,False
163569,0,False,False
140891,0,False,False
123491,0,False,False
46977,0,False,False
54023,0,False,False
171464,0,False,False
98452,0,False,False
135042,0,False,False
183256,1,True,False
154261,1,True,False
20808,0,False,False
26568,0,False,False
34705,0,False,False
90671,0,False,False
153778,0,False,False
75585,0,False,False
65167,0,False,False
128396,0,False,False
144073,0,False,False
24981,2,True,False
50953,0,False,False
167700,0,False,False
81727,0,False,False
122820,0,False,False
7418,0,False,False
59871,0,False,False
66344,0,False,False
125520,0,False,False
146039,0,False,False
176334,0,False,False
118729,0,False,False
155422,0,False,False
88514,0,False,False
73637,0,False,False
86388,0,False,False
159658,0,False,False
69770,0,False,False
41396,0,False,False
11479,0,False,False
142674,0,False,False
92101,0,False,False
29617,0,False,False
8039,0,False,False
9613,0,False,False
122957,0,False,False
23298,0,False,False
110507,0,False,False
77524,0,False,False
91277,0,False,False
53550,0,False,False
10375,0,False,False
27210,0,False,False
86357,0,False,False
88859,0,False,False
91328,0,False,False
83844,1,True,False
8768,1,True,False
47934,0,False,False
72015,0,False,False
164045,0,False,False
71323,0,False,False
172697,0,False,False
130574,0,False,False
126117,0,False,False
154691,0,False,False
90256,0,False,False
44242,0,False,False
66638,0,False,False
110482,0,False,False
37496,0,False,False
120442,0,False,False
37760,0,False,False
154952,0,False,False
160832,0,False,False
179611,0,False,False
129260,0,False,False
82090,0,False,False
153862,0,False,False
168149,0,False,False
66293,0,False,False
155289,0,False,False
165743,0,False,False
109574,0,False,False
136500,0,False,False
3455,0,False,False
91638,0,False,False
94088,0,False,False
40550,0,False,False
51422,0,False,False
49748,0,False,False
103198,0,False,False
3464,0,False,False
116887,0,False,False
930,0,False,False
128778,0,False,False
149040,0,False,False
141889,0,False,False
120659,0,False,False
39523,0,False,False
153027,0,False,False
150308,0,False,False
107336,0,False,False
72665,0,False,False
184521,0,False,False
38963,0,False,False
176337,0,False,False
167381,0,False,False
40804,2,True,False
54119,0,False,False
165644,0,False,False
63356,0,False,False
92164,0,False,False
122527,0,False,False
64100,0,False,False
109257,0,False,False
51098,0,False,False
132882,0,False,False
166186,0,False,False
133532,0,False,False
129291,0,False,False
167965,0,False,False
85615,0,False,False
119256,0,False,False
90614,0,False,False
188557,0,False,False
133496,0,False,False
170244,0,False,False
70254,0,False,False
180609,0,False,False
1545,0,False,False
119084,1,True,False
64683,0,False,False
122710,0,False,False
14157,0,False,False
88140,1,True,False
139349,0,False,False
62522,0,False,False
135161,0,False,False
83039,0,False,False
66565,1,True,False
72095,0,False,False
183712,0,False,False
110566,0,False,False
102233,0,False,False
134792,0,False,False
30613,0,False,False
89650,0,False,False
30002,0,False,False
67838,0,False,False
44119,0,False,False
61592,0,False,False
166737,0,False,False
150713,0,False,False
56715,0,False,False
51946,0,False,False
44294,0,False,False
169726,0,False,False
9623,0,False,False
37413,0,False,False
75827,0,False,False
52916,0,False,False
138769,0,False,False
44995,0,False,False
74994,0,False,False
80100,0,False,False
8072,0,False,False
165708,0,False,False
1305,0,False,False
101663,0,False,False
183528,0,False,False
151016,0,False,False
45517,0,False,False
27882,0,False,False
164944,0,False,False
116019,0,False,False
130042,0,False,False
138260,0,False,False
109298,0,False,False
128948,0,False,False
179524,0,False,False
114649,0,False,False
108702,0,False,False
141633,0,False,False
108973,0,False,False
118904,0,False,False
13460,0,False,False
82178,0,False,False
1402,1,True,False
125788,0,False,False
125223,0,False,False
52521,0,False,False
121712,0,False,False
7813,0,False,False
69183,0,False,False
121639,0,False,False
124595,0,False,False
48870,0,False,False
147152,0,False,False
133036,0,False,False
151423,0,False,False
20863,0,False,False
178612,0,False,False
76230,0,False,False
169412,0,False,False
80208,0,False,False
117380,0,False,False
11441,0,False,False
98761,0,False,False
174450,0,False,False
152964,0,False,False
71613,0,False,False
119124,0,False,False
38902,0,False,False
29123,1,True,False
149897,0,False,False
136463,0,False,False
121991,0,False,False
113346,0,False,False
81790,0,False,False
83650,0,False,False
188067,0,False,False
12527,0,False,False
71965,0,False,False
143517,0,False,False
54012,0,False,False
64386,0,False,False
104813,0,False,False
108531,0,False,False
31594,0,False,False
133652,0,False,False
153660,0,False,False
122383,0,False,False
174499,0,False,False
172716,0,False,False
145056,0,False,False
11049,0,False,False
132685,0,False,False
98508,0,False,False
2685,0,False,False
34706,0,False,False
182362,0,False,False
69420,0,False,False
15484,2,True,False
165408,0,False,False
170417,0,False,False
6770,0,False,False
187583,1,True,False
82981,0,False,False
13153,0,False,False
171461,0,False,False
12942,1,True,False
181591,0,False,False
58816,0,False,False
106899,0,False,False
73594,0,False,False
79267,0,False,False
140642,0,False,False
85739,0,False,False
168941,0,False,False
15725,0,False,False
25563,0,False,False
105496,0,False,False
59323,1,True,True
59076,0,False,False
59521,0,False,False
128808,0,False,False
150709,0,False,False
161946,0,False,False
33579,0,False,False
125529,0,False,False
99983,0,False,False
36628,0,False,False
60470,0,False,False
21295,0,False,False
52634,0,False,False
161986,0,False,False
86460,0,False,False
139612,0,False,False
36996,0,False,False
39235,0,False,False
46269,0,False,False
143799,0,False,False
173961,0,False,False
64110,0,False,False
37486,0,False,False
59924,0,False,False
97895,0,False,False
45504,0,False,False
104504,0,False,False
187667,0,False,False
89352,1,True,False
24693,0,False,False
134343,0,False,False
33063,0,False,False
87346,0,False,False
151892,0,False,False
182438,1,True,False
136333,0,False,False
98387,0,False,False
13021,0,False,False
44210,0,False,False
138366,0,False,False
52025,0,False,False
23014,0,False,False
37067,0,False,False
12857,0,False,False
98117,0,False,False
89373,0,False,False
136016,0,False,False
146879,0,False,False
73279,0,False,False
57156,0,False,False
21840,0,False,False
22789,0,False,False
168564,1,True,False
177198,0,False,False
38798,0,False,False
50837,0,False,False
176850,0,False,False
19093,0,False,False
1017,0,False,False
122593,0,False,False
186630,0,False,False
73270,0,False,False
18502,0,False,False
138869,0,False,False
51585,0,False,False
118005,0,False,False
149184,0,False,False
152449,0,False,False
26569,0,False,False
131331,0,False,False
42017,0,False,False
178616,0,False,False
187651,0,False,False
129115,0,False,False
134796,0,False,False
44928,0,False,False
97722,0,False,False
171818,0,False,False
58043,0,False,False
172790,0,False,False
97365,0,False,False
173132,1,True,False
106314,0,False,False
148594,0,False,False
144975,0,False,False
49708,0,False,False
126214,0,False,False
145243,0,False,False
57699,0,False,False
64191,0,False,False
165282,0,False,False
172688,0,False,False
22757,0,False,False
119287,0,False,False
103825,0,False,False
159360,0,False,False
160928,0,False,False
4670,0,False,False
55621,0,False,False
2604,0,False,False
124121,0,False,False
1836,0,False,False
139998,0,False,False
120113,0,False,False
160596,0,False,False
19497,0,False,False
90732,0,False,False
94563,0,False,False
150988,0,False,False
87614,0,False,False
54969,0,False,False
4943,0,False,False
148675,0,False,False
129131,0,False,False
180752,0,False,False
83780,2,True,False
187094,0,False,False
50822,0,False,False
65880,2,True,True
30686,0,False,False
83711,0,False,False
90741,0,False,False
153466,0,False,False
157231,0,False,False
67057,0,False,False
71451,0,False,False
148760,0,False,False
81101,0,False,False
26261,0,False,False
80701,1,True,False
85877,0,False,False
107207,0,False,False
17941,0,False,False
140621,0,False,False
121232,0,False,False
162632,0,False,False
162067,0,False,False
107033,0,False,False
91727,1,True,False
154493,0,False,False
73732,0,False,False
158066,0,False,False
91274,0,False,False
141840,0,False,False
173459,0,False,False
183088,0,False,False
73598,3,True,False
15113,0,False,False
100524,0,False,False
84891,0,False,False
141349,1,True,False
31938,0,False,False
99963,0,False,False
150413,0,False,False
99608,0,False,False
8139,0,False,False
148899,0,False,False
46222,0,False,False
92514,0,False,False
138686,0,False,False
127543,0,False,False
17358,0,False,False
136398,0,False,False
131197,0,False,False
152974,0,False,False
21059,0,False,False
38225,0,False,False
48579,0,False,False
34293,0,False,False
59916,0,False,False
169061,0,False,False
106745,0,False,False
90246,0,False,False
178879,0,False,False
11442,0,False,False
22110,0,False,False
7369,0,False,False
97811,0,False,False
49351,0,False,False
119744,0,False,False
79136,1,True,False
114248,0,False,False
36355,0,False,False
90915,1,True,False
90928,0,False,False
80861,2,True,False
130889,0,False,False
97529,0,False,False
103194,0,False,False
64470,0,False,False
77976,0,False,False
12481,0,False,False
68758,0,False,False
2084,0,False,False
72335,2,True,False
21865,1,True,False
150462,0,False,False
148599,0,False,False
173345,0,False,False
97834,0,False,False
31267,0,False,False
149254,0,False,False
73648,0,False,False
89238,0,False,False
81061,0,False,False
25218,0,False,False
123253,0,False,False
61237,0,False,False
185450,0,False,False
180850,0,False,False
112699,0,False,False
32215,0,False,False
8755,0,False,False
9477,0,False,False
92035,0,False,False
165504,0,False,False
83574,0,False,False
66693,0,False,False
13259,0,False,False
159099,0,False,False
96350,0,False,False
37804,0,False,False
34170,0,False,False
137255,0,False,False
141232,0,False,False
76035,0,False,False
45327,0,False,False
56797,0,False,False
146921,0,False,False
84771,0,False,False
88743,0,False,False
181387,0,False,False
78765,0,False,False
141777,0,False,False
17848,0,False,False
131423,0,False,False
187419,0,False,False
45049,0,False,False
34136,0,False,False
66242,0,False,False
20324,0,False,False
154579,0,False,False
182568,0,False,False
96220,17,True,False
86221,0,False,False
151168,0,False,False
59107,0,False,False
32759,0,False,False
31380,0,False,False
121258,0,False,False
73199,1,True,False
166095,0,False,False
26665,0,False,False
172981,0,False,False
110956,0,False,False
45422,0,False,False
48516,0,False,False
64893,0,False,False
40023,0,False,False
37593,0,False,False
89414,0,False,False
110609,0,False,False
81272,0,False,False
135063,0,False,False
13505,0,False,False
131079,0,False,False
66924,0,False,False
118850,0,False,False
151821,0,False,False
4308,1,True,False
69202,0,False,False
182099,0,False,False
179881,2,True,False
109202,0,False,False
137983,0,False,False
109324,0,False,False
101685,0,False,False
135817,0,False,False
133063,0,False,False
82229,0,False,False
46682,0,False,False
75192,3,True,False
32561,0,False,False
128951,0,False,False
88585,1,True,False
58730,0,False,False
120546,0,False,False
117198,0,False,False
66343,0,False,False
175544,0,False,False
94504,0,False,False
130740,0,False,False
149890,0,False,False
151512,0,False,False
70143,0,False,False
48451,0,False,False
86902,0,False,False
178511,19,True,False
59261,0,False,False
125692,0,False,False
130189,0,False,False
81788,0,False,False
13125,0,False,False
71572,0,False,False
63902,0,False,False
95401,0,False,False
84906,0,False,False
81674,0,False,False
82483,0,False,False
129854,0,False,False
46043,0,False,False
124003,0,False,False
148158,0,False,False
136931,0,False,False
135998,0,False,False
54488,0,False,False
130523,0,False,False
19211,1,True,False
115854,0,False,False
21732,0,False,False
115825,0,False,False
131483,0,False,False
14266,0,False,False
74206,0,False,False
20849,0,False,False
26944,0,False,False
106095,0,False,False
117255,0,False,False
15886,0,False,False
82387,0,False,False
144900,0,False,False
73113,0,False,False
20506,0,False,False
15401,0,False,False
152678,0,False,False
158368,0,False,False
58550,0,False,False
170211,0,False,False
168551,0,False,False
59976,0,False,False
83695,0,False,False
134331,0,False,False
177064,0,False,False
2063,0,False,False
104627,0,False,False
147119,0,False,False
59002,0,False,False
12345,0,False,False
80173,0,False,False
10447,0,False,False
54785,0,False,False
41709,0,False,False
3018,0,False,False
32612,0,False,False
150836,0,False,False
444,0,False,False
95293,0,False,False
121821,0,False,False
45370,0,False,False
71092,0,False,False
149022,0,False,False
39642,0,False,False
183715,0,False,False
126250,0,False,False
4178,0,False,False
44016,0,False,False
26609,0,False,False
36035,0,False,False
19845,0,False,False
28275,0,False,False
27820,0,False,False
102201,0,False,False
178766,0,False,False
15667,0,False,False
144767,0,False,False
81169,0,False,False
121979,0,False,False
13741,0,False,False
55711,0,False,False
114124,0,False,False
81671,0,False,False
79952,0,False,False
133148,0,False,False
159347,0,False,False
77126,0,False,False
98676,0,False,False
113054,0,False,False
87900,2,True,True
20961,0,False,False
39273,0,False,False
107792,0,False,False
186250,0,False,False
79478,1,True,False
60097,0,False,False
73635,0,False,False
77878,0,False,False
31149,0,False,False
77792,0,False,False
74457,0,False,False
73969,0,False,False
74721,0,False,False
76880,0,False,False
110605,0,False,False
50006,0,False,False
184062,0,False,False
149215,0,False,False
139623,0,False,False
135831,0,False,False
94928,0,False,False
3983,0,False,False
47505,0,False,False
160843,0,False,False
109073,0,False,False
51069,0,False,False
166851,0,False,False
164065,0,False,False
7236,0,False,False
92941,1,True,False
114163,1,True,False
162942,0,False,False
132877,0,False,False
62369,0,False,False
145194,0,False,False
9213,0,False,False
57880,0,False,False
74358,0,False,False
30200,0,False,False
45155,0,False,False
26824,0,False,False
133156,0,False,False
101017,0,False,False
28855,0,False,False
138100,0,False,False
60083,0,False,False
161688,0,False,False
141341,0,False,False
27840,0,False,False
4924,0,False,False
12455,0,False,False
168751,0,False,False
81842,0,False,False
93679,0,False,False
113757,0,False,False
136809,0,False,False
107315,0,False,False
118657,0,False,False
7915,0,False,False
84279,0,False,False
93986,0,False,False
14116,0,False,False
52540,0,False,False
106245,0,False,False
146676,0,False,False
179451,3,True,False
12845,0,False,False
47359,0,False,False
59641,9,True,False
131615,0,False,False
23662,0,False,False
65329,0,False,False
126984,0,False,False
91410,0,False,False
65093,0,False,False
9501,0,False,False
173139,1,True,False
109382,0,False,False
146726,0,False,False
169353,0,False,False
58104,0,False,False
86610,3,True,False
116090,0,False,False
1222,0,False,False
10434,0,False,False
42788,0,False,False
98587,0,False,False
42906,0,False,False
132476,0,False,False
99209,0,False,False
31600,0,False,False
139634,0,False,False
103477,0,False,False
125894,0,False,False
133704,0,False,False
106829,0,False,False
142624,0,False,False
154203,0,False,False
78573,1,True,False
52867,0,False,False
110741,0,False,False
11490,0,False,False
92182,0,False,False
16500,0,False,False
88459,0,False,False
79334,0,False,False
102789,0,False,False
12632,0,False,False
180780,1,True,False
99483,0,False,False
125997,0,False,False
8900,0,False,False
152611,0,False,False
91543,2,True,False
111088,0,False,False
7615,0,False,False
82739,0,False,False
39299,0,False,False
59328,0,False,False
136771,0,False,False
104023,0,False,False
32722,0,False,False
24946,0,False,False
24603,0,False,False
67770,0,False,False
5006,0,False,False
128789,0,False,False
56138,0,False,False
75482,0,False,False
114308,0,False,False
90359,0,False,False
57724,0,False,False
50642,3,True,False
81937,2,True,False
35553,0,False,False
117315,0,False,False
80182,0,False,False
167368,0,False,False
140753,0,False,False
122382,0,False,False
53233,0,False,False
51257,3,True,False
16071,0,False,False
9845,0,False,False
114779,0,False,False
80789,1,True,False
15068,0,False,False
29165,0,False,False
67987,0,False,False
168556,0,False,False
56331,0,False,False
85626,0,False,False
165139,0,False,False
137173,0,False,False
80299,0,False,False
154108,0,False,False
67306,0,False,False
17414,0,False,False
128285,0,False,False
168947,0,False,False
13464,0,False,False
47253,0,False,False
10836,0,False,False
140372,0,False,False
15649,1,True,False
3370,0,False,False
130768,0,False,False
42379,2,True,False
55986,0,False,False
82463,0,False,False
178608,0,False,False
85214,0,False,False
149,0,False,False
153991,0,False,False
88551,1,True,False
166639,0,False,False
55806,0,False,False
35115,0,False,False
7818,0,False,False
53831,0,False,False
122717,0,False,False
83209,0,False,False
92913,0,False,False
4757,0,False,False
74123,1,True,False
4866,0,False,False
158650,0,False,False
52703,0,False,False
69534,0,False,False
33,6,True,False
126020,0,False,False
28688,0,False,False
46112,0,False,False
124436,0,False,False
159990,0,False,False
69514,1,True,False
136224,0,False,False
171899,0,False,False
134465,0,False,False
51776,1,True,False
135511,0,False,False
165184,0,False,False
36714,0,False,False
175100,0,False,False
80829,1,True,False
9807,1,True,False
138065,0,False,False
56192,0,False,False
70580,1,True,False
136258,0,False,False
138488,0,False,False
155971,0,False,False
172897,0,False,False
760,0,False,False
46764,0,False,False
87816,0,False,False
114290,0,False,False
21751,0,False,False
139299,0,False,False
133527,0,False,False
85140,0,False,False
123275,0,False,False
169708,0,False,False
52010,0,False,False
135662,0,False,False
41230,0,False,False
122145,0,False,False
108155,0,False,False
144411,0,False,False
173709,0,False,False
180885,14,True,False
27032,0,False,False
151939,0,False,False
161798,0,False,False
62107,0,False,False
56280,0,False,False
92981,0,False,False
108860,0,False,False
99691,0,False,False
121044,0,False,False
95314,4,True,False
114992,0,False,False
40977,0,False,False
116140,0,False,False
59893,0,False,False
155190,0,False,False
11369,0,False,False
82203,0,False,False
175670,0,False,False
149033,0,False,False
66008,0,False,False
16363,0,False,False
27716,0,False,False
104713,0,False,False
49693,0,False,False
167537,0,False,False
147716,0,False,False
72094,0,False,False
176482,0,False,False
167170,0,False,False
176645,0,False,False
39789,0,False,False
4612,0,False,False
25858,0,False,False
86244,0,False,False
123322,0,False,False
60815,3,True,False
2603,0,False,False
46538,0,False,False
64718,0,False,False
90024,0,False,False
155097,0,False,False
163044,0,False,False
92607,0,False,False
90825,1,True,False
10017,0,False,False
180450,0,False,False
72730,0,False,False
49724,0,False,False
53098,0,False,False
117016,0,False,False
146449,0,False,False
116064,0,False,False
11634,1,True,False
4872,0,False,False
56128,0,False,False
185973,0,False,False
58912,0,False,False
44376,0,False,False
3334,0,False,False
156492,0,False,False
119093,1,True,False
157970,0,False,False
12531,14,True,True
170348,0,False,False
69087,3,True,True
99262,0,False,False
46092,0,False,False
15407,3,True,False
112235,0,False,False
16236,1,True,True
65571,0,False,False
185473,0,False,False
45233,0,False,False
85873,0,False,False
65534,0,False,False
131719,0,False,False
96460,0,False,False
121975,0,False,False
4216,0,False,False
44300,0,False,False
90988,0,False,False
100405,0,False,False
2852,0,False,False
119730,0,False,False
114922,0,False,False
72455,0,False,False
60831,0,False,False
161416,0,False,False
77902,0,False,False
156482,0,False,False
167311,0,False,False
18302,0,False,False
35419,0,False,False
34618,0,False,False
137650,0,False,False
147216,0,False,False
79540,0,False,False
55048,0,False,False
171539,0,False,False
155607,0,False,False
160830,0,False,False
20622,0,False,False
82270,0,False,False
157047,0,False,False
46943,0,False,False
166542,0,False,False
99028,0,False,False
118659,0,False,False
121100,0,False,False
178909,0,False,False
53578,0,False,False
181332,0,False,False
84246,0,False,False
106723,0,False,False
147064,0,False,False
28364,0,False,False
170379,2,True,False
61034,0,False,False
88789,4,True,False
159830,0,False,False
183953,0,False,False
23258,1,True,False
69892,0,False,False
30461,0,False,False
122796,0,False,False
78215,1,True,False
137634,0,False,False
44553,0,False,False
177612,0,False,False
10478,0,False,False
142915,0,False,False
121187,0,False,False
9038,0,False,False
129668,0,False,False
102015,0,False,False
187043,0,False,False
128376,0,False,False
164730,0,False,False
21218,0,False,False
115734,0,False,False
151344,0,False,False
187670,0,False,False
41678,0,False,False
29690,0,False,False
78792,0,False,False
47740,0,False,False
37796,0,False,False
178244,0,False,False
13641,0,False,False
20520,0,False,False
32734,0,False,False
115342,0,False,False
89664,0,False,False
55453,0,False,False
83414,1,True,False
183591,0,False,False
165810,0,False,False
188615,0,False,False
179871,0,False,False
97556,0,False,False
8502,0,False,False
59370,0,False,False
151717,0,False,False
87082,0,False,False
80655,0,False,False
122916,0,False,False
166912,0,False,False
82609,0,False,False
103357,0,False,False
111443,0,False,False
174662,0,False,False
74656,0,False,False
155420,0,False,False
127767,0,False,False
178149,0,False,False
172596,0,False,False
155296,0,False,False
38936,0,False,False
130291,0,False,False
23739,1,True,False
153630,0,False,False
133182,0,False,False
63408,0,False,False
124437,0,False,False
112506,0,False,False
81864,0,False,False
4050,0,False,False
401,0,False,False
134807,0,False,False
47687,0,False,False
113222,0,False,False
100374,0,False,False
139243,0,False,False
61558,0,False,False
44737,0,False,False
142490,0,False,False
143229,0,False,False
107733,0,False,False
175383,1,True,False
178521,9,True,True
147671,0,False,False
145863,0,False,False
159631,0,False,False
146931,0,False,False
128525,0,False,False
178472,7,True,False
55442,0,False,False
110774,0,False,False
36520,0,False,False
26233,0,False,False
113698,0,False,False
148814,0,False,False
170459,0,False,False
92391,1,True,True
89882,5,True,False
104915,0,False,False
12799,0,False,False
170031,0,False,False
91945,0,False,False
119634,0,False,False
75633,1,True,False
137825,0,False,False
139146,0,False,False
166430,0,False,False
67331,0,False,False
31695,0,False,False
159338,0,False,False
66912,1,True,False
69509,2,True,False
153235,0,False,False
126929,0,False,False
86780,0,False,False
183133,0,False,False
56903,0,False,False
34383,0,False,False
24131,0,False,False
68921,0,False,False
113166,0,False,False
73325,0,False,False
65398,0,False,False
39678,0,False,False
171523,0,False,False
95803,1,True,False
52231,0,False,False
164938,0,False,False
4946,0,False,False
38002,0,False,False
180432,4,True,False
89654,0,False,False
25280,0,False,False
130715,0,False,False
57782,0,False,False
67566,12,True,False
161669,0,False,False
1471,0,False,False
184182,0,False,False
132807,0,False,False
87803,0,False,False
30770,0,False,False
127054,0,False,False
114587,0,False,False
34910,0,False,False
78095,0,False,False
152356,0,False,False
8186,1,True,False
90149,0,False,False
68023,0,False,False
105845,0,False,False
125611,0,False,False
46990,0,False,False
48646,0,False,False
108906,0,False,False
125666,0,False,False
30345,0,False,False
82519,0,False,False
47789,0,False,False
154216,0,False,False
10910,1,True,False
55381,0,False,False
173521,0,False,False
168347,0,False,False
83019,1,True,False
70853,3,True,False
72981,3,True,False
1097,0,False,False
122420,0,False,False
186651,0,False,False
107087,0,False,False
144308,0,False,False
169857,0,False,False
13284,0,False,False
75298,0,False,False
129383,0,False,False
158501,0,False,False
100387,0,False,False
75529,0,False,False
59912,0,False,False
164235,0,False,False
110976,0,False,False
168480,0,False,False
145621,0,False,False
34970,0,False,False
106502,0,False,False
103530,0,False,False
57893,0,False,False
163988,0,False,False
93700,0,False,False
39852,0,False,False
29149,0,False,False
132163,0,False,False
152780,0,False,False
112387,0,False,False
87411,0,False,False
110686,0,False,False
36256,0,False,False
187425,0,False,False
64587,0,False,False
108015,0,False,False
19185,0,False,False
176370,0,False,False
181475,1,True,False
142297,0,False,False
153213,0,False,False
58804,0,False,False
29694,0,False,False
80863,1,True,False
112864,0,False,False
151638,0,False,False
37734,0,False,False
94493,0,False,False
135797,0,False,False
82069,0,False,False
145777,0,False,False
95633,0,False,False
49781,0,False,False
175480,0,False,False
115878,0,False,False
35283,0,False,False
162649,0,False,False
103527,0,False,False
131135,0,False,False
178033,0,False,False
100515,0,False,False
39909,0,False,False
19825,0,False,False
525,0,False,False
128005,0,False,False
180574,0,False,False
45130,0,False,False
3494,0,False,False
128611,0,False,False
45769,0,False,False
60910,0,False,False
104139,0,False,False
61498,0,False,False
146674,0,False,False
51737,0,False,False
73537,0,False,False
168918,0,False,False
80941,0,False,False
120629,0,False,False
72596,0,False,False
121891,0,False,False
124819,0,False,False
148759,0,False,False
78153,3,True,False
149003,0,False,False
41186,0,False,False
71372,0,False,False
99261,0,False,False
150385,0,False,False
58714,0,False,False
155072,0,False,False
181950,0,False,False
156417,0,False,False
24439,0,False,False
3290,0,False,False
36534,0,False,False
121240,0,False,False
19318,0,False,False
73060,0,False,False
111907,0,False,False
32350,0,False,False
2171,0,False,False
8952,0,False,False
108966,0,False,False
145668,0,False,False
68536,0,False,False
148827,0,False,False
82951,2,True,False
128128,0,False,False
126735,0,False,False
127906,0,False,False
71735,0,False,False
28400,0,False,False
122132,0,False,False
151257,0,False,False
46428,0,False,False
101237,0,False,False
95059,0,False,False
117601,0,False,False
167009,0,False,False
148227,0,False,False
84589,6,True,False
36139,1,True,False
66224,0,False,False
132409,0,False,False
175096,0,False,False
66018,0,False,False
176738,0,False,False
62566,0,False,False
131548,0,False,False
16473,1,True,False
182292,0,False,False
22508,0,False,False
16176,8,True,True
1178,0,False,False
161216,0,False,False
65492,0,False,False
23320,0,False,False
158411,0,False,False
58693,0,False,False
15669,0,False,False
186120,0,False,False
95,0,False,False
71139,0,False,False
15182,0,False,False
40149,0,False,False
144744,0,False,False
55826,0,False,False
115382,0,False,False
51345,0,False,False
46476,0,False,False
167511,0,False,False
25942,0,False,False
10849,0,False,False
177131,0,False,False
134827,0,False,False
1607,0,False,False
30010,0,False,False
170159,0,False,False
188228,0,False,False
91314,0,False,False
120744,0,False,False
115966,0,False,False
144711,0,False,False
91173,0,False,False
56653,0,False,False
39243,0,False,False
87976,0,False,False
73147,0,False,False
124828,0,False,False
61029,0,False,False
22320,0,False,False
54015,0,False,False
8374,0,False,False
157209,0,False,False
127536,0,False,False
176549,0,False,False
172774,2,True,False
118075,0,False,False
155854,0,False,False
69815,0,False,False
39884,0,False,False
25173,0,False,False
178900,0,False,False
70782,0,False,False
173262,0,False,False
182818,1,True,False
58554,0,False,False
157651,0,False,False
99496,0,False,False
69833,0,False,False
80453,0,False,False
121926,0,False,False
180730,0,False,False
179270,2,True,False
91252,2,True,False
154241,0,False,False
2332,0,False,False
71610,0,False,False
5588,5,True,False
49887,0,False,False
114073,0,False,False
54160,0,False,False
183864,0,False,False
27953,0,False,False
20780,0,False,False
132429,0,False,False
104856,0,False,False
99497,0,False,False
53340,0,False,False
9362,0,False,False
51546,0,False,False
54424,0,False,False
66442,0,False,False
174500,0,False,False
89841,0,False,False
168697,0,False,False
93432,0,False,False
167528,0,False,False
28550,0,False,False
9608,0,False,False
165721,0,False,False
42264,0,False,False
163391,0,False,False
153277,0,False,False
180225,0,False,False
163162,0,False,False
131666,0,False,False
35257,0,False,False
153720,0,False,False
129342,0,False,False
93191,1,True,False
187422,0,False,False
49181,0,False,False
45279,0,False,False
132996,0,False,False
84915,0,False,False
100646,0,False,False
25493,0,False,False
80723,3,True,False
132995,0,False,False
130660,0,False,False
113453,0,False,False
83251,0,False,False
137626,0,False,False
111244,0,False,False
112752,0,False,False
106389,0,False,False
69342,1,True,False
16488,0,False,False
2350,0,False,False
1334,0,False,False
44261,0,False,False
46303,0,False,False
163387,0,False,False
151962,0,False,False
21181,0,False,False
11761,0,False,False
86841,0,False,False
62272,2,True,False
97589,0,False,False
21521,0,False,False
136433,0,False,False
68533,0,False,False
139486,0,False,False
16288,1,True,True
128955,0,False,False
28341,0,False,False
113502,0,False,False
163618,0,False,False
111550,0,False,False
77845,0,False,False
9307,1,True,True
45085,0,False,False
64162,0,False,False
60973,0,False,False
93507,0,False,False
119491,0,False,False
10992,0,False,False
71733,0,False,False
152207,0,False,False
82038,0,False,False
107099,0,False,False
89643,0,False,False
123289,0,False,False
138672,0,False,False
29918,0,False,False
43870,11,True,True
114785,0,False,False
130589,0,False,False
88616,1,True,False
10801,0,False,False
91371,0,False,False
13114,0,False,False
13881,0,False,False
79440,0,False,False
112623,0,False,False
44732,0,False,False
55962,0,False,False
104985,0,False,False
153344,0,False,False
10837,0,False,False
181881,0,False,False
47782,0,False,False
15180,0,False,False
161842,0,False,False
67199,0,False,False
109957,0,False,False
33631,0,False,False
167954,0,False,False
165796,0,False,False
65570,0,False,False
109673,0,False,False
20078,0,False,False
116529,0,False,False
103768,0,False,False
163037,0,False,False
26346,0,False,False
118831,0,False,False
78466,0,False,False
135691,0,False,False
132152,0,False,False
131438,0,False,False
184252,0,False,False
147384,0,False,False
145680,0,False,False
185516,0,False,False
16205,3,True,True
105317,0,False,False
118979,0,False,False
107183,0,False,False
160536,0,False,False
93379,0,False,False
10031,1,True,True
95686,9,True,True
20232,0,False,False
145536,0,False,False
54980,0,False,False
180646,0,False,False
13139,0,False,False
80868,2,True,False
97868,0,False,False
11349,0,False,False
8586,0,False,False
68944,0,False,False
94522,0,False,False
26370,0,False,False
92930,0,False,False
134949,0,False,False
92778,0,False,False
148893,0,False,False
16841,0,False,False
92697,0,False,False
154208,0,False,False
11409,0,False,False
101625,0,False,False
31229,0,False,False
74516,0,False,False
185752,0,False,False
12244,0,False,False
100825,0,False,False
164133,0,False,False
40260,0,False,False
135697,0,False,False
109550,0,False,False
165950,0,False,False
105162,0,False,False
94069,0,False,False
103294,0,False,False
80078,0,False,False
182025,0,False,False
30219,0,False,False
157830,0,False,False
147688,0,False,False
20368,0,False,False
150025,0,False,False
35977,0,False,False
97641,0,False,False
120771,0,False,False
186411,0,False,False
17487,0,False,False
62292,2,True,False
21525,0,False,False
161595,0,False,False
42181,0,False,False
72766,0,False,False
144013,0,False,False
40012,0,False,False
115955,0,False,False
64572,0,False,False
14357,0,False,False
57088,0,False,False
151741,0,False,False
64648,0,False,False
40401,0,False,False
48904,0,False,False
116941,0,False,False
56328,0,False,False
81828,0,False,False
62999,0,False,False
61401,1,True,False
40852,1,True,False
73002,0,False,False
9758,0,False,False
46722,0,False,False
122076,0,False,False
156653,0,False,False
89300,0,False,False
89949,0,False,False
188281,0,False,False
75139,0,False,False
168696,0,False,False
134480,0,False,False
127496,0,False,False
103590,0,False,False
181957,2,True,False
60460,0,False,False
67983,0,False,False
67412,0,False,False
82727,0,False,False
184315,0,False,False
106546,0,False,False
120558,0,False,False
180177,5,True,False
67417,0,False,False
104238,0,False,False
94231,3,True,False
177751,0,False,False
169019,0,False,False
38272,0,False,False
59487,0,False,False
66817,0,False,False
177092,0,False,False
149244,0,False,False
130948,0,False,False
70737,0,False,False
30180,0,False,False
28592,0,False,False
100666,0,False,False
186345,0,False,False
7392,1,True,False
90854,0,False,False
98403,0,False,False
55454,0,False,False
137746,0,False,False
81718,0,False,False
53321,0,False,False
128161,0,False,False
151654,0,False,False
3364,0,False,False
151872,0,False,False
31323,0,False,False
145643,0,False,False
19834,0,False,False
89375,2,True,False
182539,0,False,False
52820,1,True,True
164343,0,False,False
140226,0,False,False
156335,0,False,False
46517,2,True,False
164733,0,False,False
150807,0,False,False
103974,0,False,False
57760,0,False,False
161616,0,False,False
19001,0,False,False
75259,0,False,False
42945,0,False,False
146434,0,False,False
632,0,False,False
119936,0,False,False
64149,2,True,False
172308,0,False,False
97187,0,False,False
139580,0,False,False
42155,1,True,False
88143,1,True,False
135894,0,False,False
73566,3,True,False
146298,0,False,False
90333,0,False,False
92319,0,False,False
27598,0,False,False
81775,0,False,False
31677,0,False,False
43793,0,False,False
68830,0,False,False
77303,0,False,False
135570,0,False,False
115170,0,False,False
1562,0,False,False
62027,0,False,False
75902,0,False,False
81193,0,False,False
184012,0,False,False
57731,0,False,False
43047,0,False,False
181067,0,False,False
91348,1,True,False
104517,0,False,False
98793,0,False,False
139393,0,False,False
156738,0,False,False
87553,0,False,False
145231,0,False,False
85697,0,False,False
161770,0,False,False
11172,0,False,False
155172,0,False,False
175084,0,False,False
6422,0,False,False
3246,5,True,False
136723,0,False,False
118387,0,False,False
102783,0,False,False
11998,1,True,False
138014,0,False,False
18889,0,False,False
27905,0,False,False
49432,0,False,False
61262,3,True,False
145248,0,False,False
128772,0,False,False
101001,0,False,False
177752,0,False,False
173756,1,True,False
148343,0,False,False
162685,0,False,False
1425,0,False,False
28204,0,False,False
152269,0,False,False
124282,0,False,False
42555,0,False,False
173183,0,False,False
77852,1,True,False
171426,0,False,False
174228,0,False,False
113327,0,False,False
157269,0,False,False
127077,0,False,False
163757,0,False,False
65706,0,False,False
59980,0,False,False
18968,0,False,False
75252,0,False,False
70497,0,False,False
65469,0,False,False
61886,0,False,False
5799,3,True,False
105688,0,False,False
32992,0,False,False
40452,0,False,False
145385,0,False,False
176511,0,False,False
168495,0,False,False
37714,0,False,False
154649,0,False,False
146863,0,False,False
155558,0,False,False
47198,0,False,False
63946,0,False,False
3386,0,False,False
51470,0,False,False
112147,0,False,False
169575,0,False,False
76358,0,False,False
156508,0,False,False
58933,0,False,False
92206,0,False,False
79497,2,True,False
182369,1,True,False
26485,0,False,False
52935,0,False,False
115401,0,False,False
146665,0,False,False
2170,0,False,False
108510,0,False,False
25849,0,False,False
83496,0,False,False
179061,0,False,False
94833,0,False,False
34456,0,False,False
3627,0,False,False
143561,0,False,False
11009,0,False,False
13918,0,False,False
83522,0,False,False
32581,0,False,False
36986,0,False,False
2049,1,True,False
17619,0,False,False
89440,0,False,False
150242,0,False,False
95144,3,True,True
138478,0,False,False
36505,1,True,False
58345,0,False,False
48848,0,False,False
69302,0,False,False
52044,0,False,False
63477,0,False,False
76623,0,False,False
105439,0,False,False
40318,0,False,False
181528,0,False,False
87910,0,False,False
107000,0,False,False
181162,0,False,False
116393,0,False,False
3506,2,True,False
67230,0,False,False
22845,0,False,False
154621,0,False,False
5472,0,False,False
140400,0,False,False
10534,1,True,False
5210,0,False,False
43209,0,False,False
36004,0,False,False
73,0,False,False
147302,0,False,False
101599,0,False,False
129607,0,False,False
101232,0,False,False
60721,0,False,False
163247,0,False,False
171640,0,False,False
93835,1,True,False
83327,0,False,False
180886,32,True,False
43179,0,False,False
76878,0,False,False
149906,0,False,False
55338,2,True,False
28106,0,False,False
178054,5,True,False
27486,0,False,False
70406,0,False,False
91559,0,False,False
43642,0,False,False
174678,0,False,False
36621,0,False,False
58565,0,False,False
41061,0,False,False
27992,0,False,False
42772,0,False,False
116414,0,False,False
95490,0,False,False
90751,0,False,False
41023,0,False,False
116689,0,False,False
52724,0,False,False
106835,0,False,False
96804,0,False,False
66356,0,False,False
40056,0,False,False
102932,0,False,False
6633,1,True,False
90054,0,False,False
77730,0,False,False
59191,0,False,False
92763,0,False,False
75423,0,False,False
15656,1,True,False
54802,0,False,False
185370,0,False,False
160472,0,False,False
96515,6,True,False
32381,0,False,False
161987,0,False,False
93212,0,False,False
79492,2,True,False
91964,0,False,False
156602,0,False,False
73925,0,False,False
104863,0,False,False
101727,0,False,False
103872,0,False,False
171533,0,False,False
113147,0,False,False
96420,0,False,False
96598,5,True,False
16497,0,False,False
110717,0,False,False
70316,0,False,False
35031,0,False,False
56696,0,False,False
106309,0,False,False
85527,0,False,False
3538,0,False,False
181054,35,True,True
80883,1,True,False
177505,0,False,False
70323,0,False,False
89768,17,True,True
65429,0,False,False
40592,0,False,False
20989,0,False,False
158156,0,False,False
32250,0,False,False
188250,0,False,False
15983,3,True,False
31814,0,False,False
143157,0,False,False
125941,0,False,False
158392,0,False,False
168775,0,False,False
149994,0,False,False
121162,0,False,False
45123,0,False,False
149814,0,False,False
63945,0,False,False
154168,0,False,False
169352,0,False,False
169104,0,False,False
16227,0,False,False
93718,0,False,False
91520,0,False,False
72924,0,False,False
185122,0,False,False
166407,0,False,False
123319,0,False,False
143111,0,False,False
72736,1,True,False
44809,0,False,False
138389,0,False,False
117769,0,False,False
125809,0,False,False
135192,0,False,False
46935,0,False,False
75985,0,False,False
177739,0,False,False
184249,0,False,False
173759,0,False,False
23631,0,False,False
155342,0,False,False
108445,0,False,False
37752,0,False,False
34562,0,False,False
156930,0,False,False
6942,0,False,False
163945,0,False,False
14548,0,False,False
177662,0,False,False
124453,0,False,False
83902,0,False,False
92110,0,False,False
123882,0,False,False
59022,0,False,False
130326,0,False,False
16644,0,False,False
172795,0,False,False
77534,0,False,False
60709,0,False,False
110367,0,False,False
72182,0,False,False
85174,0,False,False
160354,0,False,False
78161,1,True,False
85712,0,False,False
80512,0,False,False
187220,0,False,False
23620,0,False,False
96895,0,False,False
93860,0,False,False
61101,0,False,False
136981,0,False,False
26017,0,False,False
77707,0,False,False
147982,0,False,False
62699,0,False,False
178525,3,True,False
23977,0,False,False
179515,0,False,False
126074,0,False,False
24463,0,False,False
99870,0,False,False
2080,0,False,False
90212,0,False,False
156320,0,False,False
169780,0,False,False
68340,0,False,False
110370,0,False,False
26620,0,False,False
166903,0,False,False
49968,0,False,False
110542,0,False,False
71581,0,False,False
183063,0,False,False
72748,0,False,False
134395,0,False,False
186550,0,False,False
44005,0,False,False
126374,0,False,False
178184,0,False,False
13518,0,False,False
158926,0,False,False
56207,0,False,False
39343,0,False,False
63962,0,False,False
16172,2,True,True
30515,0,False,False
145110,0,False,False
161941,0,False,False
169349,0,False,False
122328,0,False,False
148848,0,False,False
187712,0,False,False
145688,0,False,False
112868,0,False,False
121604,0,False,False
119713,0,False,False
28406,0,False,False
176243,0,False,False
134402,0,False,False
29428,0,False,False
137356,0,False,False
120007,0,False,False
7715,0,False,False
148281,0,False,False
168162,0,False,False
169282,0,False,False
174151,0,False,False
122560,0,False,False
167550,0,False,False
146110,0,False,False
19555,0,False,False
149772,0,False,False
135926,0,False,False
148939,1,True,False
27507,0,False,False
3992,0,False,False
117542,0,False,False
109458,0,False,False
167678,0,False,False
49834,0,False,False
36203,0,False,False
137577,0,False,False
114070,0,False,False
37539,0,False,False
114438,0,False,False
17349,0,False,False
147053,0,False,False
77874,0,False,False
77827,1,True,False
41412,0,False,False
5916,0,False,False
57673,0,False,False
83197,0,False,False
38411,0,False,False
160817,0,False,False
82450,0,False,False
163102,0,False,False
169129,0,False,False
45533,0,False,False
178252,0,False,False
4959,0,False,False
79316,0,False,False
23787,0,False,False
103092,0,False,False
10632,0,False,False
135503,0,False,False
23070,0,False,False
81444,0,False,False
124865,0,False,False
122460,0,False,False
92823,0,False,False
176368,0,False,False
25611,0,False,False
96089,1,True,False
37343,0,False,False
60640,1,True,False
161228,0,False,False
7274,0,False,False
105339,0,False,False
174061,8,True,True
142021,0,False,False
148401,0,False,False
169199,0,False,False
188496,5,True,False
80123,0,False,False
22429,0,False,False
127928,0,False,False
1361,2,True,False
142181,0,False,False
88115,0,False,False
186219,0,False,False
85690,1,True,False
138428,0,False,False
3828,0,False,False
58027,0,False,False
187878,0,False,False
15108,0,False,False
65963,0,False,False
16292,0,False,False
81689,0,False,False
111947,0,False,False
142207,0,False,False
48301,0,False,False
147751,0,False,False
104872,0,False,False
172892,0,False,False
81250,0,False,False
173456,0,False,False
31001,0,False,False
127177,0,False,False
17424,0,False,False
31712,0,False,False
152755,0,False,False
121305,0,False,False
176759,0,False,False
154506,0,False,False
33908,0,False,False
156376,0,False,False
181151,2,True,False
1549,0,False,False
26353,0,False,False
123074,0,False,False
9262,0,False,False
102184,0,False,False
63198,2,True,False
42328,0,False,False
26932,0,False,False
42116,0,False,False
61068,2,True,False
127501,0,False,False
121131,0,False,False
58954,0,False,False
159072,0,False,False
69540,0,False,False
94342,0,False,False
122130,0,False,False
7410,0,False,False
154080,0,False,False
117672,0,False,False
28765,0,False,False
12169,0,False,False
66169,0,False,False
3331,0,False,False
82758,0,False,False
66261,0,False,False
144747,0,False,False
24865,0,False,False
33087,0,False,False
95936,0,False,False
166749,0,False,False
185993,0,False,False
117809,0,False,False
117599,0,False,False
181581,0,False,False
64472,0,False,False
1385,1,True,False
143677,0,False,False
141466,0,False,False
52741,2,True,False
117021,0,False,False
108984,0,False,False
176504,0,False,False
156401,0,False,False
122086,0,False,False
33951,0,False,False
180664,0,False,False
137681,0,False,False
38091,0,False,False
88226,0,False,False
29671,0,False,False
475,0,False,False
134990,0,False,False
121740,0,False,False
87397,0,False,False
79118,0,False,False
49133,2,True,False
35569,0,False,False
88966,0,False,False
168405,0,False,False
80064,0,False,False
6335,1,True,False
55344,0,False,False
166499,0,False,False
118285,0,False,False
56676,0,False,False
89552,1,True,False
63227,0,False,False
149479,0,False,False
165699,2,True,False
35781,0,False,False
162893,0,False,False
40661,0,False,False
103840,0,False,False
148925,0,False,False
167787,0,False,False
101794,0,False,False
45535,0,False,False
9981,0,False,False
149421,0,False,False
138291,0,False,False
121597,0,False,False
95665,0,False,False
36097,0,False,False
1378,0,False,False
28405,0,False,False
107261,0,False,False
116083,0,False,False
32555,0,False,False
126567,0,False,False
80360,1,True,False
42997,0,False,False
123752,0,False,False
90728,0,False,False
45041,0,False,False
184032,0,False,False
77558,0,False,False
1298,0,False,False
134780,0,False,False
143242,0,False,False
44847,0,False,False
166413,0,False,False
30728,0,False,False
92264,0,False,False
155082,0,False,False
160564,0,False,False
127599,0,False,False
161030,0,False,False
136521,0,False,False
44357,0,False,False
144759,0,False,False
55602,0,False,False
178650,0,False,False
79167,0,False,False
100280,0,False,False
145758,0,False,False
31573,0,False,False
126064,0,False,False
166249,0,False,False
1838,0,False,False
69361,0,False,False
44164,0,False,False
65442,0,False,False
80976,0,False,False
104496,0,False,False
160211,0,False,False
3815,0,False,False
36075,0,False,False
183907,0,False,False
141290,0,False,False
115711,0,False,False
148024,0,False,False
185338,0,False,False
42779,0,False,False
67456,0,False,False
104037,0,False,False
29673,0,False,False
123722,0,False,False
116583,0,False,False
126087,0,False,False
123054,0,False,False
123609,0,False,False
116335,0,False,False
85511,0,False,False
159963,0,False,False
142372,0,False,False
46658,7,True,False
134975,0,False,False
75915,47,True,False
14879,0,False,False
155768,0,False,False
62194,0,False,False
41398,0,False,False
134599,0,False,False
130522,0,False,False
6451,0,False,False
17078,0,False,False
35663,0,False,False
103311,0,False,False
114349,0,False,False
120356,0,False,False
76290,1,True,False
170222,0,False,False
25216,0,False,False
168450,0,False,False
106343,0,False,False
80815,1,True,False
100260,0,False,False
86342,0,False,False
37791,0,False,False
150754,0,False,False
101752,0,False,False
62075,0,False,False
88815,0,False,False
4251,0,False,False
169832,0,False,False
11438,0,False,False
98882,0,False,False
36101,0,False,False
182428,25,True,False
161452,0,False,False
49883,0,False,False
21950,0,False,False
19935,0,False,False
112628,3,True,False
38014,0,False,False
94639,0,False,False
68211,0,False,False
104841,0,False,False
102936,0,False,False
38562,0,False,False
12161,0,False,False
173823,0,False,False
137980,0,False,False
161083,0,False,False
46858,0,False,False
148313,0,False,False
44329,0,False,False
24868,0,False,False
38116,0,False,False
89705,0,False,False
126437,0,False,False
71534,0,False,False
187559,0,False,False
69532,3,True,False
137305,0,False,False
170705,0,False,False
16331,0,False,False
135752,0,False,False
114392,0,False,False
92876,0,False,False
58352,0,False,False
48075,0,False,False
4884,0,False,False
62904,0,False,False
151077,0,False,False
60805,0,False,False
35990,0,False,False
65546,0,False,False
176303,0,False,False
33727,0,False,False
127539,0,False,False
160118,0,False,False
129496,0,False,False
85865,0,False,False
102526,0,False,False
147467,0,False,False
149267,0,False,False
87176,0,False,False
111031,0,False,False
184,0,False,False
133687,0,False,False
20864,0,False,False
178640,0,False,False
40115,0,False,False
118694,0,False,False
109347,0,False,False
47541,0,False,False
177079,0,False,False
53385,0,False,False
1424,0,False,False
39352,0,False,False
46934,0,False,False
149859,0,False,False
15575,1,True,False
96995,0,False,False
35478,0,False,False
136957,0,False,False
9236,0,False,False
135119,0,False,False
33424,0,False,False
104817,0,False,False
31107,0,False,False
76543,0,False,False
121507,0,False,False
64106,0,False,False
87404,0,False,False
57188,0,False,False
107368,0,False,False
97502,0,False,False
64316,1,True,False
122366,0,False,False
131786,0,False,False
171213,0,False,False
144972,0,False,False
88197,0,False,False
144991,0,False,False
113084,0,False,False
75392,0,False,False
31572,0,False,False
130348,0,False,False
99159,0,False,False
154394,0,False,False
47481,0,False,False
103445,0,False,False
101527,1,True,False
24408,0,False,False
84600,0,False,False
95580,0,False,False
102805,0,False,False
145428,0,False,False
21896,0,False,False
133047,0,False,False
167435,0,False,False
183595,0,False,False
4006,2,True,True
61898,8,True,False
187842,0,False,False
78186,2,True,False
106075,0,False,False
184672,0,False,False
187866,0,False,False
78816,0,False,False
51995,0,False,False
3094,0,False,False
165714,0,False,False
154288,0,False,False
135723,0,False,False
154417,0,False,False
50389,0,False,False
3119,0,False,False
120907,0,False,False
67305,0,False,False
6493,1,True,False
151932,0,False,False
132680,0,False,False
121844,0,False,False
95188,0,False,False
123380,0,False,False
133260,0,False,False
65240,0,False,False
154694,0,False,False
50851,0,False,False
8377,0,False,False
184298,1,True,False
155177,0,False,False
130446,0,False,False
148795,0,False,False
46805,0,False,False
119673,0,False,False
154408,0,False,False
91038,0,False,False
19040,0,False,False
156506,0,False,False
83362,2,True,False
20600,0,False,False
72839,0,False,False
175043,2,True,False
22205,1,True,False
93219,0,False,False
115845,0,False,False
81684,0,False,False
114153,1,True,False
147909,0,False,False
175150,0,False,False
145975,0,False,False
81522,0,False,False
154625,0,False,False
27542,0,False,False
12822,0,False,False
12763,0,False,False
149520,0,False,False
84524,0,False,False
174193,0,False,False
171805,0,False,False
76217,2,True,False
22159,5,True,False
84221,0,False,False
178356,0,False,False
166652,0,False,False
113593,0,False,False
113164,0,False,False
36183,0,False,False
57476,0,False,False
131707,0,False,False
187608,1,True,False
50253,0,False,False
72597,0,False,False
183009,0,False,False
82401,0,False,False
133403,0,False,False
174727,0,False,False
16656,0,False,False
141743,0,False,False
169993,0,False,False
29927,0,False,False
78309,0,False,False
148709,0,False,False
65579,0,False,False
99080,0,False,False
178653,0,False,False
145178,0,False,False
88007,0,False,False
76779,1,True,False
107355,0,False,False
107905,0,False,False
132586,0,False,False
110291,0,False,False
152459,0,False,False
184586,0,False,False
118042,0,False,False
129859,0,False,False
126540,0,False,False
152308,0,False,False
116724,0,False,False
131040,0,False,False
35998,0,False,False
71392,0,False,False
128721,0,False,False
27022,1,True,False
37383,0,False,False
169911,0,False,False
131665,0,False,False
63493,0,False,False
63682,0,False,False
100795,0,False,False
85781,0,False,False
94521,0,False,False
77798,0,False,False
136003,0,False,False
139237,0,False,False
9577,0,False,False
64612,0,False,False
116626,0,False,False
14774,0,False,False
165510,0,False,False
125806,0,False,False
3393,0,False,False
146612,0,False,False
12702,6,True,False
49777,0,False,False
61057,2,True,False
28302,0,False,False
29049,0,False,False
120794,0,False,False
130998,0,False,False
85088,1,True,False
58393,0,False,False
117385,0,False,False
169150,0,False,False
135635,0,False,False
