unique_id,risk_score,risk_level,n_unsafe_func,n_memcpy_unchecked,n_format_string,n_unchecked_alloc,n_double_free,n_use_after_free,n_size_int_overflow,categories
73752,0,none,0,0,0,0,0,0,0,
54196,0,none,0,0,0,0,0,0,0,
169124,0,none,0,0,0,0,0,0,0,
109551,0,none,0,0,0,0,0,0,0,
78906,0,none,0,0,0,0,0,0,0,
169746,0,none,0,0,0,0,0,0,0,
145939,0,none,0,0,0,0,0,0,0,
154252,0,none,0,0,0,0,0,0,0,
38512,0,none,0,0,0,0,0,0,0,
96336,0,none,0,0,0,0,0,0,0,
123788,0,none,0,0,0,0,0,0,0,
185961,0,none,0,0,0,0,0,0,0,
158921,0,none,0,0,0,0,0,0,0,
28508,0,none,0,0,0,0,0,0,0,
83192,0,none,0,0,0,0,0,0,0,
111482,0,none,0,0,0,0,0,0,0,
35780,0,none,0,0,0,0,0,0,0,
137451,0,none,0,0,0,0,0,0,0,
145716,0,none,0,0,0,0,0,0,0,
113535,0,none,0,0,0,0,0,0,0,
163328,0,none,0,0,0,0,0,0,0,
10336,0,none,0,0,0,0,0,0,0,
99329,0,none,0,0,0,0,0,0,0,
120922,0,none,0,0,0,0,0,0,0,
146584,0,none,0,0,0,0,0,0,0,
164683,0,none,0,0,0,0,0,0,0,
146404,0,none,0,0,0,0,0,0,0,
25240,0,none,0,0,0,0,0,0,0,
157744,0,none,0,0,0,0,0,0,0,
122434,0,none,0,0,0,0,0,0,0,
111495,0,none,0,0,0,0,0,0,0,
63007,0,none,0,0,0,0,0,0,0,
104976,0,none,0,0,0,0,0,0,0,
157963,0,none,0,0,0,0,0,0,0,
119849,0,none,0,0,0,0,0,0,0,
154658,0,none,0,0,0,0,0,0,0,
150349,0,none,0,0,0,0,0,0,0,
81848,0,none,0,0,0,0,0,0,0,
27200,0,none,0,0,0,0,0,0,0,
84129,0,none,0,0,0,0,0,0,0,
58019,0,none,0,0,0,0,0,0,0,
88033,0,none,0,0,0,0,0,0,0,
64809,0,none,0,0,0,0,0,0,0,
6158,0,none,0,0,0,0,0,0,0,
127755,0,none,0,0,0,0,0,0,0,
73161,0,none,0,0,0,0,0,0,0,
1981,0,none,0,0,0,0,0,0,0,
45141,0,none,0,0,0,0,0,0,0,
4741,0,none,0,0,0,0,0,0,0,
1591,0,none,0,0,0,0,0,0,0,
147185,0,none,0,0,0,0,0,0,0,
86705,0,none,0,0,0,0,0,0,0,
46166,0,none,0,0,0,0,0,0,0,
28360,0,none,0,0,0,0,0,0,0,
85178,0,none,0,0,0,0,0,0,0,
107759,0,none,0,0,0,0,0,0,0,
75324,0,none,0,0,0,0,0,0,0,
74494,0,none,0,0,0,0,0,0,0,
126819,0,none,0,0,0,0,0,0,0,
61734,0,none,0,0,0,0,0,0,0,
41293,0,none,0,0,0,0,0,0,0,
9175,0,none,0,0,0,0,0,0,0,
43891,0,none,0,0,0,0,0,0,0,
121151,0,none,0,0,0,0,0,0,0,
177532,0,none,0,0,0,0,0,0,0,
18009,4,medium,0,0,1,0,0,0,0,format_string
178042,3,low,0,1,0,0,0,0,0,memcpy_unchecked
106273,0,none,0,0,0,0,0,0,0,
83077,0,none,0,0,0,0,0,0,0,
163614,0,none,0,0,0,0,0,0,0,
49957,0,none,0,0,0,0,0,0,0,
176065,0,none,0,0,0,0,0,0,0,
119177,0,none,0,0,0,0,0,0,0,
94694,0,none,0,0,0,0,0,0,0,
62371,0,none,0,0,0,0,0,0,0,
71547,0,none,0,0,0,0,0,0,0,
159936,0,none,0,0,0,0,0,0,0,
135596,0,none,0,0,0,0,0,0,0,
126303,0,none,0,0,0,0,0,0,0,
45165,0,none,0,0,0,0,0,0,0,
15796,0,none,0,0,0,0,0,0,0,
72037,0,none,0,0,0,0,0,0,0,
45159,0,none,0,0,0,0,0,0,0,
147939,0,none,0,0,0,0,0,0,0,
152033,0,none,0,0,0,0,0,0,0,
13686,0,none,0,0,0,0,0,0,0,
30596,0,none,0,0,0,0,0,0,0,
30653,0,none,0,0,0,0,0,0,0,
105762,0,none,0,0,0,0,0,0,0,
89422,0,none,0,0,0,0,0,0,0,
98687,0,none,0,0,0,0,0,0,0,
42350,0,none,0,0,0,0,0,0,0,
131791,0,none,0,0,0,0,0,0,0,
123470,0,none,0,0,0,0,0,0,0,
99991,0,none,0,0,0,0,0,0,0,
104283,0,none,0,0,0,0,0,0,0,
147147,0,none,0,0,0,0,0,0,0,
141449,0,none,0,0,0,0,0,0,0,
200,0,none,0,0,0,0,0,0,0,
183429,0,none,0,0,0,0,0,0,0,
8052,0,none,0,0,0,0,0,0,0,
149182,0,none,0,0,0,0,0,0,0,
61530,0,none,0,0,0,0,0,0,0,
179598,0,none,0,0,0,0,0,0,0,
98708,0,none,0,0,0,0,0,0,0,
145106,0,none,0,0,0,0,0,0,0,
19217,0,none,0,0,0,0,0,0,0,
131840,0,none,0,0,0,0,0,0,0,
183848,0,none,0,0,0,0,0,0,0,
95501,0,none,0,0,0,0,0,0,0,
55021,0,none,0,0,0,0,0,0,0,
90832,0,none,0,0,0,0,0,0,0,
17978,0,none,0,0,0,0,0,0,0,
175094,0,none,0,0,0,0,0,0,0,
11427,0,none,0,0,0,0,0,0,0,
65295,0,none,0,0,0,0,0,0,0,
139445,0,none,0,0,0,0,0,0,0,
27479,0,none,0,0,0,0,0,0,0,
117440,0,none,0,0,0,0,0,0,0,
161491,0,none,0,0,0,0,0,0,0,
180915,0,none,0,0,0,0,0,0,0,
120384,0,none,0,0,0,0,0,0,0,
168086,0,none,0,0,0,0,0,0,0,
152976,0,none,0,0,0,0,0,0,0,
40966,0,none,0,0,0,0,0,0,0,
7613,0,none,0,0,0,0,0,0,0,
169485,0,none,0,0,0,0,0,0,0,
109569,0,none,0,0,0,0,0,0,0,
20660,0,none,0,0,0,0,0,0,0,
180750,0,none,0,0,0,0,0,0,0,
178176,0,none,0,0,0,0,0,0,0,
64602,0,none,0,0,0,0,0,0,0,
139028,0,none,0,0,0,0,0,0,0,
113319,0,none,0,0,0,0,0,0,0,
112086,0,none,0,0,0,0,0,0,0,
73383,0,none,0,0,0,0,0,0,0,
2202,0,none,0,0,0,0,0,0,0,
14533,0,none,0,0,0,0,0,0,0,
45276,0,none,0,0,0,0,0,0,0,
37947,0,none,0,0,0,0,0,0,0,
53653,0,none,0,0,0,0,0,0,0,
55846,0,none,0,0,0,0,0,0,0,
182834,0,none,0,0,0,0,0,0,0,
111307,0,none,0,0,0,0,0,0,0,
106665,0,none,0,0,0,0,0,0,0,
104242,0,none,0,0,0,0,0,0,0,
60145,0,none,0,0,0,0,0,0,0,
160408,0,none,0,0,0,0,0,0,0,
88590,0,none,0,0,0,0,0,0,0,
119789,0,none,0,0,0,0,0,0,0,
75959,0,none,0,0,0,0,0,0,0,
44056,0,none,0,0,0,0,0,0,0,
120749,0,none,0,0,0,0,0,0,0,
182307,0,none,0,0,0,0,0,0,0,
659,0,none,0,0,0,0,0,0,0,
56595,0,none,0,0,0,0,0,0,0,
73576,0,none,0,0,0,0,0,0,0,
70527,0,none,0,0,0,0,0,0,0,
121399,0,none,0,0,0,0,0,0,0,
31221,0,none,0,0,0,0,0,0,0,
58741,0,none,0,0,0,0,0,0,0,
33056,0,none,0,0,0,0,0,0,0,
109600,0,none,0,0,0,0,0,0,0,
40686,0,none,0,0,0,0,0,0,0,
86822,0,none,0,0,0,0,0,0,0,
40262,0,none,0,0,0,0,0,0,0,
4744,0,none,0,0,0,0,0,0,0,
185247,0,none,0,0,0,0,0,0,0,
37728,0,none,0,0,0,0,0,0,0,
129654,0,none,0,0,0,0,0,0,0,
26781,0,none,0,0,0,0,0,0,0,
135548,0,none,0,0,0,0,0,0,0,
22411,0,none,0,0,0,0,0,0,0,
180229,0,none,0,0,0,0,0,0,0,
140502,0,none,0,0,0,0,0,0,0,
128681,0,none,0,0,0,0,0,0,0,
75374,0,none,0,0,0,0,0,0,0,
73421,0,none,0,0,0,0,0,0,0,
153647,0,none,0,0,0,0,0,0,0,
115909,0,none,0,0,0,0,0,0,0,
118430,0,none,0,0,0,0,0,0,0,
183705,0,none,0,0,0,0,0,0,0,
49163,0,none,0,0,0,0,0,0,0,
99014,0,none,0,0,0,0,0,0,0,
113275,0,none,0,0,0,0,0,0,0,
152898,0,none,0,0,0,0,0,0,0,
95273,0,none,0,0,0,0,0,0,0,
134499,0,none,0,0,0,0,0,0,0,
154714,0,none,0,0,0,0,0,0,0,
119189,0,none,0,0,0,0,0,0,0,
24356,0,none,0,0,0,0,0,0,0,
182073,0,none,0,0,0,0,0,0,0,
140576,0,none,0,0,0,0,0,0,0,
126463,0,none,0,0,0,0,0,0,0,
4448,0,none,0,0,0,0,0,0,0,
123870,0,none,0,0,0,0,0,0,0,
37391,0,none,0,0,0,0,0,0,0,
17931,0,none,0,0,0,0,0,0,0,
135862,0,none,0,0,0,0,0,0,0,
175730,0,none,0,0,0,0,0,0,0,
89893,0,none,0,0,0,0,0,0,0,
118299,0,none,0,0,0,0,0,0,0,
100539,0,none,0,0,0,0,0,0,0,
178003,0,none,0,0,0,0,0,0,0,
107453,0,none,0,0,0,0,0,0,0,
99613,0,none,0,0,0,0,0,0,0,
187683,0,none,0,0,0,0,0,0,0,
140604,0,none,0,0,0,0,0,0,0,
114652,0,none,0,0,0,0,0,0,0,
114081,0,none,0,0,0,0,0,0,0,
32960,0,none,0,0,0,0,0,0,0,
7432,0,none,0,0,0,0,0,0,0,
8992,0,none,0,0,0,0,0,0,0,
106498,0,none,0,0,0,0,0,0,0,
37781,0,none,0,0,0,0,0,0,0,
35972,0,none,0,0,0,0,0,0,0,
180175,5,medium,0,1,0,0,0,0,1,memcpy_unchecked;size_int_overflow
43416,0,none,0,0,0,0,0,0,0,
45971,17,high,0,0,0,0,3,0,1,double_free;size_int_overflow
88988,0,none,0,0,0,0,0,0,0,
55537,0,none,0,0,0,0,0,0,0,
135943,0,none,0,0,0,0,0,0,0,
65532,0,none,0,0,0,0,0,0,0,
83264,0,none,0,0,0,0,0,0,0,
165978,0,none,0,0,0,0,0,0,0,
165514,0,none,0,0,0,0,0,0,0,
74349,0,none,0,0,0,0,0,0,0,
78065,0,none,0,0,0,0,0,0,0,
21842,0,none,0,0,0,0,0,0,0,
99412,0,none,0,0,0,0,0,0,0,
36445,0,none,0,0,0,0,0,0,0,
18722,0,none,0,0,0,0,0,0,0,
101718,0,none,0,0,0,0,0,0,0,
181611,0,none,0,0,0,0,0,0,0,
132728,0,none,0,0,0,0,0,0,0,
166462,0,none,0,0,0,0,0,0,0,
4611,0,none,0,0,0,0,0,0,0,
143479,0,none,0,0,0,0,0,0,0,
18627,0,none,0,0,0,0,0,0,0,
145921,0,none,0,0,0,0,0,0,0,
88491,0,none,0,0,0,0,0,0,0,
59330,0,none,0,0,0,0,0,0,0,
10657,0,none,0,0,0,0,0,0,0,
84460,0,none,0,0,0,0,0,0,0,
164039,0,none,0,0,0,0,0,0,0,
5181,0,none,0,0,0,0,0,0,0,
531,0,none,0,0,0,0,0,0,0,
104629,0,none,0,0,0,0,0,0,0,
175840,0,none,0,0,0,0,0,0,0,
66218,0,none,0,0,0,0,0,0,0,
186706,0,none,0,0,0,0,0,0,0,
52955,2,low,0,0,0,0,0,0,1,size_int_overflow
101040,0,none,0,0,0,0,0,0,0,
174214,0,none,0,0,0,0,0,0,0,
68409,0,none,0,0,0,0,0,0,0,
16711,0,none,0,0,0,0,0,0,0,
154079,0,none,0,0,0,0,0,0,0,
57950,0,none,0,0,0,0,0,0,0,
96894,0,none,0,0,0,0,0,0,0,
24094,0,none,0,0,0,0,0,0,0,
170017,0,none,0,0,0,0,0,0,0,
82131,0,none,0,0,0,0,0,0,0,
62383,0,none,0,0,0,0,0,0,0,
39278,0,none,0,0,0,0,0,0,0,
136775,0,none,0,0,0,0,0,0,0,
176139,0,none,0,0,0,0,0,0,0,
53804,0,none,0,0,0,0,0,0,0,
96986,0,none,0,0,0,0,0,0,0,
512,0,none,0,0,0,0,0,0,0,
131430,0,none,0,0,0,0,0,0,0,
167385,0,none,0,0,0,0,0,0,0,
25922,0,none,0,0,0,0,0,0,0,
65451,0,none,0,0,0,0,0,0,0,
53491,0,none,0,0,0,0,0,0,0,
89251,0,none,0,0,0,0,0,0,0,
116324,0,none,0,0,0,0,0,0,0,
65685,0,none,0,0,0,0,0,0,0,
91240,3,low,0,1,0,0,0,0,0,memcpy_unchecked
182573,0,none,0,0,0,0,0,0,0,
46973,0,none,0,0,0,0,0,0,0,
48717,0,none,0,0,0,0,0,0,0,
44605,0,none,0,0,0,0,0,0,0,
100024,0,none,0,0,0,0,0,0,0,
158346,0,none,0,0,0,0,0,0,0,
33890,0,none,0,0,0,0,0,0,0,
16042,0,none,0,0,0,0,0,0,0,
133572,0,none,0,0,0,0,0,0,0,
183180,0,none,0,0,0,0,0,0,0,
29911,0,none,0,0,0,0,0,0,0,
169532,0,none,0,0,0,0,0,0,0,
126646,0,none,0,0,0,0,0,0,0,
184660,0,none,0,0,0,0,0,0,0,
52810,0,none,0,0,0,0,0,0,0,
13702,0,none,0,0,0,0,0,0,0,
128746,0,none,0,0,0,0,0,0,0,
165764,0,none,0,0,0,0,0,0,0,
129137,0,none,0,0,0,0,0,0,0,
114177,0,none,0,0,0,0,0,0,0,
149059,0,none,0,0,0,0,0,0,0,
141087,0,none,0,0,0,0,0,0,0,
45998,0,none,0,0,0,0,0,0,0,
38197,0,none,0,0,0,0,0,0,0,
28214,0,none,0,0,0,0,0,0,0,
67391,0,none,0,0,0,0,0,0,0,
84944,0,none,0,0,0,0,0,0,0,
125789,0,none,0,0,0,0,0,0,0,
160548,0,none,0,0,0,0,0,0,0,
183146,0,none,0,0,0,0,0,0,0,
74785,0,none,0,0,0,0,0,0,0,
117712,0,none,0,0,0,0,0,0,0,
127500,0,none,0,0,0,0,0,0,0,
188373,0,none,0,0,0,0,0,0,0,
48478,0,none,0,0,0,0,0,0,0,
140499,0,none,0,0,0,0,0,0,0,
65631,0,none,0,0,0,0,0,0,0,
103792,0,none,0,0,0,0,0,0,0,
113537,0,none,0,0,0,0,0,0,0,
30628,0,none,0,0,0,0,0,0,0,
5878,0,none,0,0,0,0,0,0,0,
35999,0,none,0,0,0,0,0,0,0,
55502,0,none,0,0,0,0,0,0,0,
106931,0,none,0,0,0,0,0,0,0,
57282,0,none,0,0,0,0,0,0,0,
14427,0,none,0,0,0,0,0,0,0,
62094,0,none,0,0,0,0,0,0,0,
104952,0,none,0,0,0,0,0,0,0,
129659,0,none,0,0,0,0,0,0,0,
116576,0,none,0,0,0,0,0,0,0,
170481,0,none,0,0,0,0,0,0,0,
23037,0,none,0,0,0,0,0,0,0,
4972,0,none,0,0,0,0,0,0,0,
41810,0,none,0,0,0,0,0,0,0,
66545,0,none,0,0,0,0,0,0,0,
94753,0,none,0,0,0,0,0,0,0,
162012,0,none,0,0,0,0,0,0,0,
11923,0,none,0,0,0,0,0,0,0,
47405,0,none,0,0,0,0,0,0,0,
13489,0,none,0,0,0,0,0,0,0,
109715,0,none,0,0,0,0,0,0,0,
3043,0,none,0,0,0,0,0,0,0,
80870,0,none,0,0,0,0,0,0,0,
83465,5,medium,0,1,0,1,0,0,0,memcpy_unchecked;unchecked_alloc
116616,0,none,0,0,0,0,0,0,0,
107423,0,none,0,0,0,0,0,0,0,
18712,0,none,0,0,0,0,0,0,0,
57627,0,none,0,0,0,0,0,0,0,
18216,0,none,0,0,0,0,0,0,0,
72089,0,none,0,0,0,0,0,0,0,
105007,0,none,0,0,0,0,0,0,0,
103718,0,none,0,0,0,0,0,0,0,
184962,0,none,0,0,0,0,0,0,0,
108048,0,none,0,0,0,0,0,0,0,
186311,0,none,0,0,0,0,0,0,0,
113615,0,none,0,0,0,0,0,0,0,
38673,0,none,0,0,0,0,0,0,0,
164882,0,none,0,0,0,0,0,0,0,
63341,0,none,0,0,0,0,0,0,0,
128774,0,none,0,0,0,0,0,0,0,
79205,0,none,0,0,0,0,0,0,0,
32325,5,medium,0,0,0,0,0,1,0,use_after_free
11115,0,none,0,0,0,0,0,0,0,
143793,0,none,0,0,0,0,0,0,0,
62801,0,none,0,0,0,0,0,0,0,
165175,0,none,0,0,0,0,0,0,0,
32226,0,none,0,0,0,0,0,0,0,
171423,0,none,0,0,0,0,0,0,0,
58574,0,none,0,0,0,0,0,0,0,
182086,0,none,0,0,0,0,0,0,0,
106855,0,none,0,0,0,0,0,0,0,
141165,0,none,0,0,0,0,0,0,0,
98870,0,none,0,0,0,0,0,0,0,
14326,0,none,0,0,0,0,0,0,0,
157766,0,none,0,0,0,0,0,0,0,
37372,0,none,0,0,0,0,0,0,0,
65010,0,none,0,0,0,0,0,0,0,
65082,0,none,0,0,0,0,0,0,0,
113855,0,none,0,0,0,0,0,0,0,
172522,0,none,0,0,0,0,0,0,0,
183893,0,none,0,0,0,0,0,0,0,
65379,0,none,0,0,0,0,0,0,0,
77713,0,none,0,0,0,0,0,0,0,
7006,0,none,0,0,0,0,0,0,0,
90717,0,none,0,0,0,0,0,0,0,
72633,0,none,0,0,0,0,0,0,0,
170551,0,none,0,0,0,0,0,0,0,
168608,0,none,0,0,0,0,0,0,0,
17723,0,none,0,0,0,0,0,0,0,
86085,0,none,0,0,0,0,0,0,0,
81356,0,none,0,0,0,0,0,0,0,
31265,0,none,0,0,0,0,0,0,0,
180246,0,none,0,0,0,0,0,0,0,
80974,0,none,0,0,0,0,0,0,0,
158217,0,none,0,0,0,0,0,0,0,
4153,9,high,0,6,0,0,0,0,0,memcpy_unchecked
111664,0,none,0,0,0,0,0,0,0,
1709,0,none,0,0,0,0,0,0,0,
123940,0,none,0,0,0,0,0,0,0,
15743,0,none,0,0,0,0,0,0,0,
179721,0,none,0,0,0,0,0,0,0,
17692,0,none,0,0,0,0,0,0,0,
24121,0,none,0,0,0,0,0,0,0,
145145,0,none,0,0,0,0,0,0,0,
164555,0,none,0,0,0,0,0,0,0,
108285,0,none,0,0,0,0,0,0,0,
134936,0,none,0,0,0,0,0,0,0,
128720,0,none,0,0,0,0,0,0,0,
107141,0,none,0,0,0,0,0,0,0,
164867,0,none,0,0,0,0,0,0,0,
24685,0,none,0,0,0,0,0,0,0,
18596,0,none,0,0,0,0,0,0,0,
183593,0,none,0,0,0,0,0,0,0,
87482,0,none,0,0,0,0,0,0,0,
82318,0,none,0,0,0,0,0,0,0,
25181,0,none,0,0,0,0,0,0,0,
124048,0,none,0,0,0,0,0,0,0,
139098,0,none,0,0,0,0,0,0,0,
7100,0,none,0,0,0,0,0,0,0,
27935,0,none,0,0,0,0,0,0,0,
161034,0,none,0,0,0,0,0,0,0,
18241,0,none,0,0,0,0,0,0,0,
53565,2,low,0,0,0,0,0,0,1,size_int_overflow
176374,0,none,0,0,0,0,0,0,0,
131829,0,none,0,0,0,0,0,0,0,
133681,0,none,0,0,0,0,0,0,0,
113734,0,none,0,0,0,0,0,0,0,
44425,0,none,0,0,0,0,0,0,0,
130378,0,none,0,0,0,0,0,0,0,
32752,0,none,0,0,0,0,0,0,0,
17266,0,none,0,0,0,0,0,0,0,
20712,0,none,0,0,0,0,0,0,0,
3643,0,none,0,0,0,0,0,0,0,
160148,0,none,0,0,0,0,0,0,0,
65318,0,none,0,0,0,0,0,0,0,
154531,0,none,0,0,0,0,0,0,0,
112099,0,none,0,0,0,0,0,0,0,
93259,0,none,0,0,0,0,0,0,0,
142763,0,none,0,0,0,0,0,0,0,
3033,0,none,0,0,0,0,0,0,0,
168200,0,none,0,0,0,0,0,0,0,
59472,0,none,0,0,0,0,0,0,0,
109250,0,none,0,0,0,0,0,0,0,
66462,0,none,0,0,0,0,0,0,0,
185352,0,none,0,0,0,0,0,0,0,
85839,0,none,0,0,0,0,0,0,0,
82941,0,none,0,0,0,0,0,0,0,
141787,0,none,0,0,0,0,0,0,0,
2436,0,none,0,0,0,0,0,0,0,
160517,0,none,0,0,0,0,0,0,0,
132140,0,none,0,0,0,0,0,0,0,
180301,0,none,0,0,0,0,0,0,0,
151066,0,none,0,0,0,0,0,0,0,
77939,0,none,0,0,0,0,0,0,0,
11544,0,none,0,0,0,0,0,0,0,
76147,0,none,0,0,0,0,0,0,0,
68007,0,none,0,0,0,0,0,0,0,
19643,0,none,0,0,0,0,0,0,0,
22239,0,none,0,0,0,0,0,0,0,
32300,0,none,0,0,0,0,0,0,0,
185538,0,none,0,0,0,0,0,0,0,
24532,0,none,0,0,0,0,0,0,0,
4540,0,none,0,0,0,0,0,0,0,
38094,0,none,0,0,0,0,0,0,0,
180532,0,none,0,0,0,0,0,0,0,
53985,0,none,0,0,0,0,0,0,0,
163228,0,none,0,0,0,0,0,0,0,
107670,0,none,0,0,0,0,0,0,0,
84494,0,none,0,0,0,0,0,0,0,
63250,0,none,0,0,0,0,0,0,0,
175601,0,none,0,0,0,0,0,0,0,
104416,0,none,0,0,0,0,0,0,0,
94876,0,none,0,0,0,0,0,0,0,
105215,0,none,0,0,0,0,0,0,0,
112015,0,none,0,0,0,0,0,0,0,
41708,0,none,0,0,0,0,0,0,0,
110459,0,none,0,0,0,0,0,0,0,
133340,0,none,0,0,0,0,0,0,0,
91017,0,none,0,0,0,0,0,0,0,
79659,8,medium,1,0,0,0,0,1,0,unsafe_func;use_after_free
12627,0,none,0,0,0,0,0,0,0,
80802,0,none,0,0,0,0,0,0,0,
53187,0,none,0,0,0,0,0,0,0,
170738,0,none,0,0,0,0,0,0,0,
173512,0,none,0,0,0,0,0,0,0,
154407,0,none,0,0,0,0,0,0,0,
105000,0,none,0,0,0,0,0,0,0,
22742,0,none,0,0,0,0,0,0,0,
174257,0,none,0,0,0,0,0,0,0,
70064,0,none,0,0,0,0,0,0,0,
75539,0,none,0,0,0,0,0,0,0,
46745,0,none,0,0,0,0,0,0,0,
27477,0,none,0,0,0,0,0,0,0,
11911,0,none,0,0,0,0,0,0,0,
111435,0,none,0,0,0,0,0,0,0,
114292,0,none,0,0,0,0,0,0,0,
27335,0,none,0,0,0,0,0,0,0,
65194,0,none,0,0,0,0,0,0,0,
49487,0,none,0,0,0,0,0,0,0,
171496,0,none,0,0,0,0,0,0,0,
66076,0,none,0,0,0,0,0,0,0,
178263,0,none,0,0,0,0,0,0,0,
128832,0,none,0,0,0,0,0,0,0,
137095,0,none,0,0,0,0,0,0,0,
92927,0,none,0,0,0,0,0,0,0,
135471,0,none,0,0,0,0,0,0,0,
89172,0,none,0,0,0,0,0,0,0,
127503,0,none,0,0,0,0,0,0,0,
24119,0,none,0,0,0,0,0,0,0,
17418,0,none,0,0,0,0,0,0,0,
154528,0,none,0,0,0,0,0,0,0,
159726,0,none,0,0,0,0,0,0,0,
54053,0,none,0,0,0,0,0,0,0,
38373,3,low,0,1,0,0,0,0,0,memcpy_unchecked
164473,0,none,0,0,0,0,0,0,0,
58448,3,low,1,0,0,0,0,0,0,unsafe_func
109821,0,none,0,0,0,0,0,0,0,
86341,0,none,0,0,0,0,0,0,0,
94049,0,none,0,0,0,0,0,0,0,
130093,0,none,0,0,0,0,0,0,0,
90300,3,low,0,1,0,0,0,0,0,memcpy_unchecked
112478,0,none,0,0,0,0,0,0,0,
35282,0,none,0,0,0,0,0,0,0,
105985,0,none,0,0,0,0,0,0,0,
22983,0,none,0,0,0,0,0,0,0,
160652,0,none,0,0,0,0,0,0,0,
30984,0,none,0,0,0,0,0,0,0,
67221,9,high,0,4,0,0,0,0,0,memcpy_unchecked
64383,0,none,0,0,0,0,0,0,0,
135659,0,none,0,0,0,0,0,0,0,
65488,0,none,0,0,0,0,0,0,0,
66917,0,none,0,0,0,0,0,0,0,
137125,0,none,0,0,0,0,0,0,0,
50126,0,none,0,0,0,0,0,0,0,
70913,0,none,0,0,0,0,0,0,0,
11509,0,none,0,0,0,0,0,0,0,
106912,0,none,0,0,0,0,0,0,0,
64378,0,none,0,0,0,0,0,0,0,
103543,0,none,0,0,0,0,0,0,0,
179306,0,none,0,0,0,0,0,0,0,
128018,0,none,0,0,0,0,0,0,0,
79648,0,none,0,0,0,0,0,0,0,
107778,0,none,0,0,0,0,0,0,0,
162646,0,none,0,0,0,0,0,0,0,
41354,0,none,0,0,0,0,0,0,0,
989,0,none,0,0,0,0,0,0,0,
158061,0,none,0,0,0,0,0,0,0,
151292,0,none,0,0,0,0,0,0,0,
56116,0,none,0,0,0,0,0,0,0,
16752,0,none,0,0,0,0,0,0,0,
161627,0,none,0,0,0,0,0,0,0,
21085,0,none,0,0,0,0,0,0,0,
71823,0,none,0,0,0,0,0,0,0,
8528,0,none,0,0,0,0,0,0,0,
24653,0,none,0,0,0,0,0,0,0,
148777,0,none,0,0,0,0,0,0,0,
113995,0,none,0,0,0,0,0,0,0,
90448,0,none,0,0,0,0,0,0,0,
169171,0,none,0,0,0,0,0,0,0,
77879,0,none,0,0,0,0,0,0,0,
63410,0,none,0,0,0,0,0,0,0,
105277,0,none,0,0,0,0,0,0,0,
38525,0,none,0,0,0,0,0,0,0,
14247,0,none,0,0,0,0,0,0,0,
180707,2,low,0,0,0,0,0,0,1,size_int_overflow
71744,0,none,0,0,0,0,0,0,0,
170279,0,none,0,0,0,0,0,0,0,
145514,0,none,0,0,0,0,0,0,0,
162425,0,none,0,0,0,0,0,0,0,
52628,0,none,0,0,0,0,0,0,0,
46133,0,none,0,0,0,0,0,0,0,
12572,0,none,0,0,0,0,0,0,0,
133313,0,none,0,0,0,0,0,0,0,
83089,0,none,0,0,0,0,0,0,0,
79274,0,none,0,0,0,0,0,0,0,
33874,0,none,0,0,0,0,0,0,0,
60108,0,none,0,0,0,0,0,0,0,
90084,0,none,0,0,0,0,0,0,0,
110316,0,none,0,0,0,0,0,0,0,
26959,2,low,0,0,0,0,0,0,1,size_int_overflow
47780,0,none,0,0,0,0,0,0,0,
121527,0,none,0,0,0,0,0,0,0,
49322,0,none,0,0,0,0,0,0,0,
3702,0,none,0,0,0,0,0,0,0,
28536,0,none,0,0,0,0,0,0,0,
44820,0,none,0,0,0,0,0,0,0,
78244,0,none,0,0,0,0,0,0,0,
68681,0,none,0,0,0,0,0,0,0,
139644,0,none,0,0,0,0,0,0,0,
141373,0,none,0,0,0,0,0,0,0,
169021,0,none,0,0,0,0,0,0,0,
108975,0,none,0,0,0,0,0,0,0,
172054,0,none,0,0,0,0,0,0,0,
34078,0,none,0,0,0,0,0,0,0,
171615,0,none,0,0,0,0,0,0,0,
46400,0,none,0,0,0,0,0,0,0,
97424,0,none,0,0,0,0,0,0,0,
47812,0,none,0,0,0,0,0,0,0,
45186,3,low,0,1,0,0,0,0,0,memcpy_unchecked
74451,0,none,0,0,0,0,0,0,0,
66847,0,none,0,0,0,0,0,0,0,
20570,0,none,0,0,0,0,0,0,0,
165642,0,none,0,0,0,0,0,0,0,
128190,0,none,0,0,0,0,0,0,0,
173682,0,none,0,0,0,0,0,0,0,
53345,0,none,0,0,0,0,0,0,0,
19914,0,none,0,0,0,0,0,0,0,
120745,0,none,0,0,0,0,0,0,0,
73371,0,none,0,0,0,0,0,0,0,
44290,0,none,0,0,0,0,0,0,0,
178422,0,none,0,0,0,0,0,0,0,
151285,0,none,0,0,0,0,0,0,0,
43818,3,low,0,1,0,0,0,0,0,memcpy_unchecked
123070,0,none,0,0,0,0,0,0,0,
68368,0,none,0,0,0,0,0,0,0,
136934,0,none,0,0,0,0,0,0,0,
134012,0,none,0,0,0,0,0,0,0,
179643,0,none,0,0,0,0,0,0,0,
5783,0,none,0,0,0,0,0,0,0,
185602,0,none,0,0,0,0,0,0,0,
53533,0,none,0,0,0,0,0,0,0,
106779,0,none,0,0,0,0,0,0,0,
36619,3,low,1,0,0,0,0,0,0,unsafe_func
81299,2,low,0,0,0,0,0,0,1,size_int_overflow
24574,0,none,0,0,0,0,0,0,0,
1786,0,none,0,0,0,0,0,0,0,
117204,0,none,0,0,0,0,0,0,0,
133119,0,none,0,0,0,0,0,0,0,
118469,0,none,0,0,0,0,0,0,0,
120702,0,none,0,0,0,0,0,0,0,
148275,0,none,0,0,0,0,0,0,0,
188453,0,none,0,0,0,0,0,0,0,
128515,0,none,0,0,0,0,0,0,0,
175036,0,none,0,0,0,0,0,0,0,
33003,0,none,0,0,0,0,0,0,0,
167004,0,none,0,0,0,0,0,0,0,
37488,0,none,0,0,0,0,0,0,0,
21042,0,none,0,0,0,0,0,0,0,
152317,0,none,0,0,0,0,0,0,0,
53348,0,none,0,0,0,0,0,0,0,
135830,0,none,0,0,0,0,0,0,0,
144970,0,none,0,0,0,0,0,0,0,
76965,0,none,0,0,0,0,0,0,0,
156,0,none,0,0,0,0,0,0,0,
64179,0,none,0,0,0,0,0,0,0,
58317,2,low,0,0,0,0,0,0,1,size_int_overflow
2738,0,none,0,0,0,0,0,0,0,
111453,0,none,0,0,0,0,0,0,0,
61404,0,none,0,0,0,0,0,0,0,
185343,0,none,0,0,0,0,0,0,0,
138041,0,none,0,0,0,0,0,0,0,
84649,0,none,0,0,0,0,0,0,0,
8954,0,none,0,0,0,0,0,0,0,
27024,0,none,0,0,0,0,0,0,0,
35170,0,none,0,0,0,0,0,0,0,
21700,0,none,0,0,0,0,0,0,0,
59305,0,none,0,0,0,0,0,0,0,
141062,0,none,0,0,0,0,0,0,0,
132045,0,none,0,0,0,0,0,0,0,
112000,0,none,0,0,0,0,0,0,0,
1917,0,none,0,0,0,0,0,0,0,
49625,0,none,0,0,0,0,0,0,0,
42615,0,none,0,0,0,0,0,0,0,
72340,0,none,0,0,0,0,0,0,0,
77711,0,none,0,0,0,0,0,0,0,
36160,0,none,0,0,0,0,0,0,0,
69875,0,none,0,0,0,0,0,0,0,
3347,0,none,0,0,0,0,0,0,0,
113520,0,none,0,0,0,0,0,0,0,
77243,0,none,0,0,0,0,0,0,0,
175596,0,none,0,0,0,0,0,0,0,
115770,0,none,0,0,0,0,0,0,0,
164924,0,none,0,0,0,0,0,0,0,
129410,0,none,0,0,0,0,0,0,0,
84385,0,none,0,0,0,0,0,0,0,
9651,0,none,0,0,0,0,0,0,0,
57728,0,none,0,0,0,0,0,0,0,
77709,0,none,0,0,0,0,0,0,0,
134844,0,none,0,0,0,0,0,0,0,
12683,0,none,0,0,0,0,0,0,0,
135312,0,none,0,0,0,0,0,0,0,
50993,0,none,0,0,0,0,0,0,0,
154027,0,none,0,0,0,0,0,0,0,
171602,0,none,0,0,0,0,0,0,0,
32227,0,none,0,0,0,0,0,0,0,
63126,0,none,0,0,0,0,0,0,0,
160358,0,none,0,0,0,0,0,0,0,
119161,0,none,0,0,0,0,0,0,0,
15756,0,none,0,0,0,0,0,0,0,
117547,0,none,0,0,0,0,0,0,0,
8009,0,none,0,0,0,0,0,0,0,
161984,0,none,0,0,0,0,0,0,0,
1852,0,none,0,0,0,0,0,0,0,
180240,0,none,0,0,0,0,0,0,0,
21193,0,none,0,0,0,0,0,0,0,
101086,0,none,0,0,0,0,0,0,0,
163183,0,none,0,0,0,0,0,0,0,
172067,0,none,0,0,0,0,0,0,0,
150696,0,none,0,0,0,0,0,0,0,
122899,0,none,0,0,0,0,0,0,0,
183072,0,none,0,0,0,0,0,0,0,
53015,0,none,0,0,0,0,0,0,0,
89119,0,none,0,0,0,0,0,0,0,
135138,0,none,0,0,0,0,0,0,0,
59426,0,none,0,0,0,0,0,0,0,
24483,0,none,0,0,0,0,0,0,0,
150758,0,none,0,0,0,0,0,0,0,
48373,0,none,0,0,0,0,0,0,0,
148335,0,none,0,0,0,0,0,0,0,
107353,0,none,0,0,0,0,0,0,0,
66061,0,none,0,0,0,0,0,0,0,
87586,0,none,0,0,0,0,0,0,0,
145601,0,none,0,0,0,0,0,0,0,
122582,0,none,0,0,0,0,0,0,0,
126292,0,none,0,0,0,0,0,0,0,
32391,0,none,0,0,0,0,0,0,0,
177056,0,none,0,0,0,0,0,0,0,
143847,0,none,0,0,0,0,0,0,0,
1944,0,none,0,0,0,0,0,0,0,
157034,0,none,0,0,0,0,0,0,0,
60050,0,none,0,0,0,0,0,0,0,
96860,0,none,0,0,0,0,0,0,0,
155990,0,none,0,0,0,0,0,0,0,
46652,0,none,0,0,0,0,0,0,0,
3439,0,none,0,0,0,0,0,0,0,
160904,0,none,0,0,0,0,0,0,0,
171900,0,none,0,0,0,0,0,0,0,
121469,0,none,0,0,0,0,0,0,0,
13965,0,none,0,0,0,0,0,0,0,
43822,0,none,0,0,0,0,0,0,0,
88991,0,none,0,0,0,0,0,0,0,
141510,0,none,0,0,0,0,0,0,0,
110529,0,none,0,0,0,0,0,0,0,
144606,0,none,0,0,0,0,0,0,0,
175632,0,none,0,0,0,0,0,0,0,
141695,0,none,0,0,0,0,0,0,0,
155861,0,none,0,0,0,0,0,0,0,
185846,0,none,0,0,0,0,0,0,0,
143472,0,none,0,0,0,0,0,0,0,
139538,0,none,0,0,0,0,0,0,0,
143471,0,none,0,0,0,0,0,0,0,
98539,0,none,0,0,0,0,0,0,0,
120916,0,none,0,0,0,0,0,0,0,
33472,0,none,0,0,0,0,0,0,0,
26159,0,none,0,0,0,0,0,0,0,
177671,0,none,0,0,0,0,0,0,0,
91778,0,none,0,0,0,0,0,0,0,
81420,0,none,0,0,0,0,0,0,0,
56519,0,none,0,0,0,0,0,0,0,
59536,0,none,0,0,0,0,0,0,0,
16179,12,high,2,0,0,4,0,0,0,unsafe_func;unchecked_alloc
142679,0,none,0,0,0,0,0,0,0,
129631,0,none,0,0,0,0,0,0,0,
96942,0,none,0,0,0,0,0,0,0,
126503,0,none,0,0,0,0,0,0,0,
101769,0,none,0,0,0,0,0,0,0,
103457,0,none,0,0,0,0,0,0,0,
178021,0,none,0,0,0,0,0,0,0,
84461,0,none,0,0,0,0,0,0,0,
121336,0,none,0,0,0,0,0,0,0,
2519,0,none,0,0,0,0,0,0,0,
167378,0,none,0,0,0,0,0,0,0,
83203,0,none,0,0,0,0,0,0,0,
130626,0,none,0,0,0,0,0,0,0,
107928,0,none,0,0,0,0,0,0,0,
93723,0,none,0,0,0,0,0,0,0,
185354,0,none,0,0,0,0,0,0,0,
11510,0,none,0,0,0,0,0,0,0,
39683,0,none,0,0,0,0,0,0,0,
8537,0,none,0,0,0,0,0,0,0,
187723,6,medium,2,0,0,0,0,0,0,unsafe_func
167959,0,none,0,0,0,0,0,0,0,
54110,0,none,0,0,0,0,0,0,0,
183662,0,none,0,0,0,0,0,0,0,
100513,0,none,0,0,0,0,0,0,0,
97435,0,none,0,0,0,0,0,0,0,
29627,0,none,0,0,0,0,0,0,0,
44790,0,none,0,0,0,0,0,0,0,
111446,0,none,0,0,0,0,0,0,0,
91172,0,none,0,0,0,0,0,0,0,
123723,0,none,0,0,0,0,0,0,0,
143114,0,none,0,0,0,0,0,0,0,
136177,0,none,0,0,0,0,0,0,0,
107961,0,none,0,0,0,0,0,0,0,
69419,0,none,0,0,0,0,0,0,0,
27369,0,none,0,0,0,0,0,0,0,
141634,0,none,0,0,0,0,0,0,0,
69248,0,none,0,0,0,0,0,0,0,
40507,0,none,0,0,0,0,0,0,0,
55676,0,none,0,0,0,0,0,0,0,
44182,0,none,0,0,0,0,0,0,0,
35882,0,none,0,0,0,0,0,0,0,
38778,0,none,0,0,0,0,0,0,0,
46007,0,none,0,0,0,0,0,0,0,
98224,0,none,0,0,0,0,0,0,0,
118584,0,none,0,0,0,0,0,0,0,
87002,0,none,0,0,0,0,0,0,0,
97926,0,none,0,0,0,0,0,0,0,
123265,0,none,0,0,0,0,0,0,0,
66410,0,none,0,0,0,0,0,0,0,
10279,0,none,0,0,0,0,0,0,0,
91916,0,none,0,0,0,0,0,0,0,
17974,0,none,0,0,0,0,0,0,0,
46653,3,low,0,1,0,0,0,0,0,memcpy_unchecked
145236,0,none,0,0,0,0,0,0,0,
141139,0,none,0,0,0,0,0,0,0,
83356,3,low,0,1,0,0,0,0,0,memcpy_unchecked
171250,0,none,0,0,0,0,0,0,0,
119260,0,none,0,0,0,0,0,0,0,
55718,0,none,0,0,0,0,0,0,0,
48961,0,none,0,0,0,0,0,0,0,
107578,0,none,0,0,0,0,0,0,0,
94032,0,none,0,0,0,0,0,0,0,
135090,0,none,0,0,0,0,0,0,0,
45679,0,none,0,0,0,0,0,0,0,
15709,0,none,0,0,0,0,0,0,0,
6524,0,none,0,0,0,0,0,0,0,
55952,0,none,0,0,0,0,0,0,0,
119761,0,none,0,0,0,0,0,0,0,
129530,0,none,0,0,0,0,0,0,0,
75971,0,none,0,0,0,0,0,0,0,
57518,0,none,0,0,0,0,0,0,0,
60287,5,medium,1,0,0,0,0,0,1,unsafe_func;size_int_overflow
37101,0,none,0,0,0,0,0,0,0,
63297,0,none,0,0,0,0,0,0,0,
154509,0,none,0,0,0,0,0,0,0,
18863,2,low,0,0,0,0,0,0,1,size_int_overflow
176272,0,none,0,0,0,0,0,0,0,
159541,0,none,0,0,0,0,0,0,0,
17895,0,none,0,0,0,0,0,0,0,
45262,0,none,0,0,0,0,0,0,0,
74627,0,none,0,0,0,0,0,0,0,
97220,0,none,0,0,0,0,0,0,0,
25081,0,none,0,0,0,0,0,0,0,
110959,0,none,0,0,0,0,0,0,0,
128027,0,none,0,0,0,0,0,0,0,
181799,0,none,0,0,0,0,0,0,0,
138938,0,none,0,0,0,0,0,0,0,
33675,0,none,0,0,0,0,0,0,0,
153263,0,none,0,0,0,0,0,0,0,
48190,0,none,0,0,0,0,0,0,0,
30654,0,none,0,0,0,0,0,0,0,
36892,0,none,0,0,0,0,0,0,0,
88892,0,none,0,0,0,0,0,0,0,
71378,0,none,0,0,0,0,0,0,0,
132475,0,none,0,0,0,0,0,0,0,
148941,0,none,0,0,0,0,0,0,0,
28712,0,none,0,0,0,0,0,0,0,
47779,0,none,0,0,0,0,0,0,0,
92770,0,none,0,0,0,0,0,0,0,
103776,0,none,0,0,0,0,0,0,0,
17738,0,none,0,0,0,0,0,0,0,
126511,0,none,0,0,0,0,0,0,0,
166243,0,none,0,0,0,0,0,0,0,
36408,0,none,0,0,0,0,0,0,0,
184316,0,none,0,0,0,0,0,0,0,
63390,0,none,0,0,0,0,0,0,0,
13362,0,none,0,0,0,0,0,0,0,
104109,0,none,0,0,0,0,0,0,0,
67538,0,none,0,0,0,0,0,0,0,
140600,0,none,0,0,0,0,0,0,0,
184222,0,none,0,0,0,0,0,0,0,
165942,0,none,0,0,0,0,0,0,0,
63418,0,none,0,0,0,0,0,0,0,
177190,0,none,0,0,0,0,0,0,0,
171593,0,none,0,0,0,0,0,0,0,
38233,0,none,0,0,0,0,0,0,0,
46440,0,none,0,0,0,0,0,0,0,
22071,0,none,0,0,0,0,0,0,0,
136450,0,none,0,0,0,0,0,0,0,
41519,0,none,0,0,0,0,0,0,0,
58789,0,none,0,0,0,0,0,0,0,
17728,0,none,0,0,0,0,0,0,0,
127505,0,none,0,0,0,0,0,0,0,
5612,0,none,0,0,0,0,0,0,0,
137283,0,none,0,0,0,0,0,0,0,
62044,0,none,0,0,0,0,0,0,0,
145229,0,none,0,0,0,0,0,0,0,
3632,0,none,0,0,0,0,0,0,0,
87399,0,none,0,0,0,0,0,0,0,
100578,0,none,0,0,0,0,0,0,0,
31645,0,none,0,0,0,0,0,0,0,
102577,0,none,0,0,0,0,0,0,0,
69640,0,none,0,0,0,0,0,0,0,
56112,0,none,0,0,0,0,0,0,0,
179963,0,none,0,0,0,0,0,0,0,
110846,0,none,0,0,0,0,0,0,0,
139392,0,none,0,0,0,0,0,0,0,
85552,0,none,0,0,0,0,0,0,0,
60993,0,none,0,0,0,0,0,0,0,
22314,0,none,0,0,0,0,0,0,0,
21439,0,none,0,0,0,0,0,0,0,
38760,0,none,0,0,0,0,0,0,0,
44411,0,none,0,0,0,0,0,0,0,
59671,4,medium,0,0,0,0,0,0,2,size_int_overflow
58315,0,none,0,0,0,0,0,0,0,
175452,0,none,0,0,0,0,0,0,0,
62446,0,none,0,0,0,0,0,0,0,
150293,0,none,0,0,0,0,0,0,0,
46039,0,none,0,0,0,0,0,0,0,
139041,0,none,0,0,0,0,0,0,0,
23892,0,none,0,0,0,0,0,0,0,
60528,0,none,0,0,0,0,0,0,0,
133773,0,none,0,0,0,0,0,0,0,
117427,0,none,0,0,0,0,0,0,0,
99276,0,none,0,0,0,0,0,0,0,
116669,0,none,0,0,0,0,0,0,0,
104207,0,none,0,0,0,0,0,0,0,
92106,0,none,0,0,0,0,0,0,0,
3737,0,none,0,0,0,0,0,0,0,
2118,0,none,0,0,0,0,0,0,0,
67750,0,none,0,0,0,0,0,0,0,
52305,0,none,0,0,0,0,0,0,0,
177144,0,none,0,0,0,0,0,0,0,
119327,0,none,0,0,0,0,0,0,0,
122425,0,none,0,0,0,0,0,0,0,
23981,0,none,0,0,0,0,0,0,0,
26010,0,none,0,0,0,0,0,0,0,
184688,0,none,0,0,0,0,0,0,0,
172820,0,none,0,0,0,0,0,0,0,
27672,0,none,0,0,0,0,0,0,0,
118320,0,none,0,0,0,0,0,0,0,
27300,0,none,0,0,0,0,0,0,0,
143665,0,none,0,0,0,0,0,0,0,
35684,0,none,0,0,0,0,0,0,0,
182770,0,none,0,0,0,0,0,0,0,
62048,0,none,0,0,0,0,0,0,0,
21025,0,none,0,0,0,0,0,0,0,
20129,0,none,0,0,0,0,0,0,0,
94289,0,none,0,0,0,0,0,0,0,
84297,0,none,0,0,0,0,0,0,0,
51713,0,none,0,0,0,0,0,0,0,
178826,0,none,0,0,0,0,0,0,0,
152841,0,none,0,0,0,0,0,0,0,
140209,0,none,0,0,0,0,0,0,0,
186397,0,none,0,0,0,0,0,0,0,
82207,0,none,0,0,0,0,0,0,0,
131605,0,none,0,0,0,0,0,0,0,
122474,0,none,0,0,0,0,0,0,0,
34637,0,none,0,0,0,0,0,0,0,
25740,0,none,0,0,0,0,0,0,0,
4324,0,none,0,0,0,0,0,0,0,
47954,0,none,0,0,0,0,0,0,0,
118569,0,none,0,0,0,0,0,0,0,
160481,0,none,0,0,0,0,0,0,0,
94216,2,low,0,0,0,1,0,0,0,unchecked_alloc
181773,0,none,0,0,0,0,0,0,0,
182421,25,high,0,1,0,1,3,1,0,memcpy_unchecked;unchecked_alloc;double_free;use_after_free
55646,0,none,0,0,0,0,0,0,0,
70546,0,none,0,0,0,0,0,0,0,
100684,0,none,0,0,0,0,0,0,0,
40021,0,none,0,0,0,0,0,0,0,
169012,0,none,0,0,0,0,0,0,0,
184581,0,none,0,0,0,0,0,0,0,
37811,0,none,0,0,0,0,0,0,0,
106180,0,none,0,0,0,0,0,0,0,
121794,0,none,0,0,0,0,0,0,0,
184074,0,none,0,0,0,0,0,0,0,
34035,0,none,0,0,0,0,0,0,0,
115590,0,none,0,0,0,0,0,0,0,
116457,0,none,0,0,0,0,0,0,0,
28748,0,none,0,0,0,0,0,0,0,
101787,0,none,0,0,0,0,0,0,0,
92678,0,none,0,0,0,0,0,0,0,
24894,11,high,3,0,0,0,0,0,1,unsafe_func;size_int_overflow
141942,0,none,0,0,0,0,0,0,0,
34517,0,none,0,0,0,0,0,0,0,
91361,0,none,0,0,0,0,0,0,0,
48596,7,medium,0,0,0,0,0,1,1,use_after_free;size_int_overflow
2034,0,none,0,0,0,0,0,0,0,
28695,0,none,0,0,0,0,0,0,0,
52474,0,none,0,0,0,0,0,0,0,
181518,4,medium,0,0,0,0,0,0,2,size_int_overflow
96079,0,none,0,0,0,0,0,0,0,
186157,0,none,0,0,0,0,0,0,0,
139461,0,none,0,0,0,0,0,0,0,
146697,0,none,0,0,0,0,0,0,0,
38260,0,none,0,0,0,0,0,0,0,
134891,0,none,0,0,0,0,0,0,0,
115132,0,none,0,0,0,0,0,0,0,
601,0,none,0,0,0,0,0,0,0,
44652,0,none,0,0,0,0,0,0,0,
178094,0,none,0,0,0,0,0,0,0,
35292,0,none,0,0,0,0,0,0,0,
139571,0,none,0,0,0,0,0,0,0,
126289,0,none,0,0,0,0,0,0,0,
35722,0,none,0,0,0,0,0,0,0,
36852,0,none,0,0,0,0,0,0,0,
23370,0,none,0,0,0,0,0,0,0,
139894,0,none,0,0,0,0,0,0,0,
156822,0,none,0,0,0,0,0,0,0,
95420,0,none,0,0,0,0,0,0,0,
82043,0,none,0,0,0,0,0,0,0,
170475,0,none,0,0,0,0,0,0,0,
147513,0,none,0,0,0,0,0,0,0,
149966,0,none,0,0,0,0,0,0,0,
154837,0,none,0,0,0,0,0,0,0,
59102,0,none,0,0,0,0,0,0,0,
129090,0,none,0,0,0,0,0,0,0,
73304,0,none,0,0,0,0,0,0,0,
137896,0,none,0,0,0,0,0,0,0,
120439,0,none,0,0,0,0,0,0,0,
147370,0,none,0,0,0,0,0,0,0,
130590,0,none,0,0,0,0,0,0,0,
164632,0,none,0,0,0,0,0,0,0,
57444,0,none,0,0,0,0,0,0,0,
148589,0,none,0,0,0,0,0,0,0,
74422,0,none,0,0,0,0,0,0,0,
174957,0,none,0,0,0,0,0,0,0,
132676,0,none,0,0,0,0,0,0,0,
15273,0,none,0,0,0,0,0,0,0,
149792,0,none,0,0,0,0,0,0,0,
172883,0,none,0,0,0,0,0,0,0,
69967,0,none,0,0,0,0,0,0,0,
79429,0,none,0,0,0,0,0,0,0,
4909,0,none,0,0,0,0,0,0,0,
182012,6,medium,0,0,0,0,0,0,3,size_int_overflow
99916,0,none,0,0,0,0,0,0,0,
105586,0,none,0,0,0,0,0,0,0,
74021,0,none,0,0,0,0,0,0,0,
26773,0,none,0,0,0,0,0,0,0,
78028,0,none,0,0,0,0,0,0,0,
102327,0,none,0,0,0,0,0,0,0,
4426,0,none,0,0,0,0,0,0,0,
178638,0,none,0,0,0,0,0,0,0,
159866,0,none,0,0,0,0,0,0,0,
161493,0,none,0,0,0,0,0,0,0,
13711,0,none,0,0,0,0,0,0,0,
92433,0,none,0,0,0,0,0,0,0,
27729,0,none,0,0,0,0,0,0,0,
111383,0,none,0,0,0,0,0,0,0,
104167,0,none,0,0,0,0,0,0,0,
74581,0,none,0,0,0,0,0,0,0,
61832,0,none,0,0,0,0,0,0,0,
150957,0,none,0,0,0,0,0,0,0,
136699,0,none,0,0,0,0,0,0,0,
179624,0,none,0,0,0,0,0,0,0,
43431,0,none,0,0,0,0,0,0,0,
2820,0,none,0,0,0,0,0,0,0,
133775,0,none,0,0,0,0,0,0,0,
9631,0,none,0,0,0,0,0,0,0,
128219,0,none,0,0,0,0,0,0,0,
88720,0,none,0,0,0,0,0,0,0,
187285,0,none,0,0,0,0,0,0,0,
122608,0,none,0,0,0,0,0,0,0,
44772,0,none,0,0,0,0,0,0,0,
31248,0,none,0,0,0,0,0,0,0,
123076,0,none,0,0,0,0,0,0,0,
115154,0,none,0,0,0,0,0,0,0,
154607,0,none,0,0,0,0,0,0,0,
35491,0,none,0,0,0,0,0,0,0,
78454,0,none,0,0,0,0,0,0,0,
129365,0,none,0,0,0,0,0,0,0,
184339,0,none,0,0,0,0,0,0,0,
153001,3,low,0,1,0,0,0,0,0,memcpy_unchecked
33380,0,none,0,0,0,0,0,0,0,
138210,0,none,0,0,0,0,0,0,0,
44618,0,none,0,0,0,0,0,0,0,
166664,0,none,0,0,0,0,0,0,0,
136658,0,none,0,0,0,0,0,0,0,
35804,0,none,0,0,0,0,0,0,0,
98390,0,none,0,0,0,0,0,0,0,
148140,0,none,0,0,0,0,0,0,0,
41643,0,none,0,0,0,0,0,0,0,
57298,0,none,0,0,0,0,0,0,0,
136664,0,none,0,0,0,0,0,0,0,
141436,0,none,0,0,0,0,0,0,0,
33913,0,none,0,0,0,0,0,0,0,
13844,0,none,0,0,0,0,0,0,0,
163096,0,none,0,0,0,0,0,0,0,
32939,0,none,0,0,0,0,0,0,0,
21365,0,none,0,0,0,0,0,0,0,
11101,0,none,0,0,0,0,0,0,0,
178360,0,none,0,0,0,0,0,0,0,
37098,0,none,0,0,0,0,0,0,0,
30110,0,none,0,0,0,0,0,0,0,
106053,0,none,0,0,0,0,0,0,0,
64326,0,none,0,0,0,0,0,0,0,
186273,0,none,0,0,0,0,0,0,0,
175639,0,none,0,0,0,0,0,0,0,
162302,0,none,0,0,0,0,0,0,0,
141302,0,none,0,0,0,0,0,0,0,
57708,3,low,0,1,0,0,0,0,0,memcpy_unchecked
103739,0,none,0,0,0,0,0,0,0,
74406,0,none,0,0,0,0,0,0,0,
48601,0,none,0,0,0,0,0,0,0,
114189,0,none,0,0,0,0,0,0,0,
26654,0,none,0,0,0,0,0,0,0,
23875,3,low,1,0,0,0,0,0,0,unsafe_func
110328,0,none,0,0,0,0,0,0,0,
67343,0,none,0,0,0,0,0,0,0,
138133,0,none,0,0,0,0,0,0,0,
142149,0,none,0,0,0,0,0,0,0,
158286,0,none,0,0,0,0,0,0,0,
61839,0,none,0,0,0,0,0,0,0,
94378,0,none,0,0,0,0,0,0,0,
161402,0,none,0,0,0,0,0,0,0,
27412,0,none,0,0,0,0,0,0,0,
96965,0,none,0,0,0,0,0,0,0,
113331,0,none,0,0,0,0,0,0,0,
168634,0,none,0,0,0,0,0,0,0,
14806,0,none,0,0,0,0,0,0,0,
180791,7,medium,1,0,0,0,0,0,2,unsafe_func;size_int_overflow
137766,0,none,0,0,0,0,0,0,0,
76289,0,none,0,0,0,0,0,0,0,
83511,0,none,0,0,0,0,0,0,0,
54697,0,none,0,0,0,0,0,0,0,
59528,0,none,0,0,0,0,0,0,0,
58811,0,none,0,0,0,0,0,0,0,
2543,3,low,0,1,0,0,0,0,0,memcpy_unchecked
84848,2,low,0,0,0,0,0,0,1,size_int_overflow
165795,0,none,0,0,0,0,0,0,0,
39175,0,none,0,0,0,0,0,0,0,
170592,0,none,0,0,0,0,0,0,0,
166028,0,none,0,0,0,0,0,0,0,
161121,0,none,0,0,0,0,0,0,0,
56284,0,none,0,0,0,0,0,0,0,
24646,0,none,0,0,0,0,0,0,0,
75597,0,none,0,0,0,0,0,0,0,
180394,0,none,0,0,0,0,0,0,0,
146426,0,none,0,0,0,0,0,0,0,
60668,0,none,0,0,0,0,0,0,0,
92333,0,none,0,0,0,0,0,0,0,
132658,0,none,0,0,0,0,0,0,0,
1438,0,none,0,0,0,0,0,0,0,
122614,0,none,0,0,0,0,0,0,0,
59445,0,none,0,0,0,0,0,0,0,
1537,0,none,0,0,0,0,0,0,0,
12850,0,none,0,0,0,0,0,0,0,
10356,0,none,0,0,0,0,0,0,0,
29,0,none,0,0,0,0,0,0,0,
176779,0,none,0,0,0,0,0,0,0,
47167,0,none,0,0,0,0,0,0,0,
84960,0,none,0,0,0,0,0,0,0,
106871,0,none,0,0,0,0,0,0,0,
4195,0,none,0,0,0,0,0,0,0,
140907,0,none,0,0,0,0,0,0,0,
77025,0,none,0,0,0,0,0,0,0,
93696,0,none,0,0,0,0,0,0,0,
20708,0,none,0,0,0,0,0,0,0,
139202,0,none,0,0,0,0,0,0,0,
75981,0,none,0,0,0,0,0,0,0,
35467,0,none,0,0,0,0,0,0,0,
7838,0,none,0,0,0,0,0,0,0,
2901,0,none,0,0,0,0,0,0,0,
137116,0,none,0,0,0,0,0,0,0,
53918,0,none,0,0,0,0,0,0,0,
87095,0,none,0,0,0,0,0,0,0,
56293,3,low,0,1,0,0,0,0,0,memcpy_unchecked
66854,0,none,0,0,0,0,0,0,0,
111961,0,none,0,0,0,0,0,0,0,
21310,0,none,0,0,0,0,0,0,0,
123391,0,none,0,0,0,0,0,0,0,
175841,0,none,0,0,0,0,0,0,0,
50213,0,none,0,0,0,0,0,0,0,
186521,0,none,0,0,0,0,0,0,0,
154975,0,none,0,0,0,0,0,0,0,
136442,0,none,0,0,0,0,0,0,0,
153749,0,none,0,0,0,0,0,0,0,
164006,0,none,0,0,0,0,0,0,0,
89640,0,none,0,0,0,0,0,0,0,
22494,0,none,0,0,0,0,0,0,0,
22388,0,none,0,0,0,0,0,0,0,
40333,0,none,0,0,0,0,0,0,0,
63688,0,none,0,0,0,0,0,0,0,
15183,0,none,0,0,0,0,0,0,0,
131094,0,none,0,0,0,0,0,0,0,
163005,0,none,0,0,0,0,0,0,0,
148678,0,none,0,0,0,0,0,0,0,
112706,0,none,0,0,0,0,0,0,0,
43778,0,none,0,0,0,0,0,0,0,
116868,0,none,0,0,0,0,0,0,0,
97024,0,none,0,0,0,0,0,0,0,
125077,0,none,0,0,0,0,0,0,0,
70306,0,none,0,0,0,0,0,0,0,
185297,0,none,0,0,0,0,0,0,0,
38087,0,none,0,0,0,0,0,0,0,
71200,0,none,0,0,0,0,0,0,0,
73540,0,none,0,0,0,0,0,0,0,
176640,0,none,0,0,0,0,0,0,0,
182407,0,none,0,0,0,0,0,0,0,
159074,0,none,0,0,0,0,0,0,0,
61787,0,none,0,0,0,0,0,0,0,
160771,0,none,0,0,0,0,0,0,0,
142499,0,none,0,0,0,0,0,0,0,
157060,0,none,0,0,0,0,0,0,0,
115247,0,none,0,0,0,0,0,0,0,
179294,0,none,0,0,0,0,0,0,0,
53867,0,none,0,0,0,0,0,0,0,
171762,0,none,0,0,0,0,0,0,0,
183913,0,none,0,0,0,0,0,0,0,
57330,0,none,0,0,0,0,0,0,0,
29269,0,none,0,0,0,0,0,0,0,
78557,0,none,0,0,0,0,0,0,0,
140713,0,none,0,0,0,0,0,0,0,
147763,0,none,0,0,0,0,0,0,0,
50697,0,none,0,0,0,0,0,0,0,
44022,0,none,0,0,0,0,0,0,0,
38237,0,none,0,0,0,0,0,0,0,
111801,0,none,0,0,0,0,0,0,0,
159051,0,none,0,0,0,0,0,0,0,
102738,0,none,0,0,0,0,0,0,0,
78844,0,none,0,0,0,0,0,0,0,
186923,0,none,0,0,0,0,0,0,0,
129760,0,none,0,0,0,0,0,0,0,
105025,0,none,0,0,0,0,0,0,0,
21691,0,none,0,0,0,0,0,0,0,
77794,0,none,0,0,0,0,0,0,0,
6766,0,none,0,0,0,0,0,0,0,
34921,0,none,0,0,0,0,0,0,0,
111764,0,none,0,0,0,0,0,0,0,
149116,0,none,0,0,0,0,0,0,0,
169172,0,none,0,0,0,0,0,0,0,
142535,0,none,0,0,0,0,0,0,0,
1501,0,none,0,0,0,0,0,0,0,
75908,0,none,0,0,0,0,0,0,0,
145894,0,none,0,0,0,0,0,0,0,
141357,0,none,0,0,0,0,0,0,0,
99237,0,none,0,0,0,0,0,0,0,
82831,0,none,0,0,0,0,0,0,0,
13988,0,none,0,0,0,0,0,0,0,
172075,0,none,0,0,0,0,0,0,0,
117118,0,none,0,0,0,0,0,0,0,
90047,0,none,0,0,0,0,0,0,0,
97285,0,none,0,0,0,0,0,0,0,
94558,0,none,0,0,0,0,0,0,0,
112405,0,none,0,0,0,0,0,0,0,
151338,0,none,0,0,0,0,0,0,0,
48305,0,none,0,0,0,0,0,0,0,
53750,0,none,0,0,0,0,0,0,0,
145336,0,none,0,0,0,0,0,0,0,
107986,0,none,0,0,0,0,0,0,0,
131259,0,none,0,0,0,0,0,0,0,
128375,0,none,0,0,0,0,0,0,0,
97026,0,none,0,0,0,0,0,0,0,
34832,0,none,0,0,0,0,0,0,0,
150872,0,none,0,0,0,0,0,0,0,
28787,0,none,0,0,0,0,0,0,0,
86952,0,none,0,0,0,0,0,0,0,
175159,3,low,0,1,0,0,0,0,0,memcpy_unchecked
103901,0,none,0,0,0,0,0,0,0,
185107,0,none,0,0,0,0,0,0,0,
37043,0,none,0,0,0,0,0,0,0,
117689,0,none,0,0,0,0,0,0,0,
24932,0,none,0,0,0,0,0,0,0,
38721,0,none,0,0,0,0,0,0,0,
91047,0,none,0,0,0,0,0,0,0,
93230,6,medium,0,2,0,0,0,0,0,memcpy_unchecked
108806,0,none,0,0,0,0,0,0,0,
148407,0,none,0,0,0,0,0,0,0,
88705,0,none,0,0,0,0,0,0,0,
125496,0,none,0,0,0,0,0,0,0,
26527,0,none,0,0,0,0,0,0,0,
167555,0,none,0,0,0,0,0,0,0,
116358,0,none,0,0,0,0,0,0,0,
112933,0,none,0,0,0,0,0,0,0,
55154,0,none,0,0,0,0,0,0,0,
174422,0,none,0,0,0,0,0,0,0,
102210,0,none,0,0,0,0,0,0,0,
125129,0,none,0,0,0,0,0,0,0,
43800,0,none,0,0,0,0,0,0,0,
137537,0,none,0,0,0,0,0,0,0,
149631,0,none,0,0,0,0,0,0,0,
68210,0,none,0,0,0,0,0,0,0,
187929,0,none,0,0,0,0,0,0,0,
184234,0,none,0,0,0,0,0,0,0,
131275,0,none,0,0,0,0,0,0,0,
24651,0,none,0,0,0,0,0,0,0,
65353,0,none,0,0,0,0,0,0,0,
77735,0,none,0,0,0,0,0,0,0,
52530,0,none,0,0,0,0,0,0,0,
123029,0,none,0,0,0,0,0,0,0,
67761,0,none,0,0,0,0,0,0,0,
15526,0,none,0,0,0,0,0,0,0,
7383,0,none,0,0,0,0,0,0,0,
168451,0,none,0,0,0,0,0,0,0,
142741,0,none,0,0,0,0,0,0,0,
161647,0,none,0,0,0,0,0,0,0,
18392,0,none,0,0,0,0,0,0,0,
42049,0,none,0,0,0,0,0,0,0,
21359,0,none,0,0,0,0,0,0,0,
15767,0,none,0,0,0,0,0,0,0,
83143,0,none,0,0,0,0,0,0,0,
159343,0,none,0,0,0,0,0,0,0,
174630,0,none,0,0,0,0,0,0,0,
185031,0,none,0,0,0,0,0,0,0,
165022,0,none,0,0,0,0,0,0,0,
11090,0,none,0,0,0,0,0,0,0,
83289,0,none,0,0,0,0,0,0,0,
164044,0,none,0,0,0,0,0,0,0,
183750,0,none,0,0,0,0,0,0,0,
107964,0,none,0,0,0,0,0,0,0,
156557,0,none,0,0,0,0,0,0,0,
188422,0,none,0,0,0,0,0,0,0,
60600,0,none,0,0,0,0,0,0,0,
60945,0,none,0,0,0,0,0,0,0,
82409,0,none,0,0,0,0,0,0,0,
43484,0,none,0,0,0,0,0,0,0,
6693,0,none,0,0,0,0,0,0,0,
81028,0,none,0,0,0,0,0,0,0,
17461,0,none,0,0,0,0,0,0,0,
98645,0,none,0,0,0,0,0,0,0,
148591,0,none,0,0,0,0,0,0,0,
129662,0,none,0,0,0,0,0,0,0,
142056,0,none,0,0,0,0,0,0,0,
112361,0,none,0,0,0,0,0,0,0,
175711,0,none,0,0,0,0,0,0,0,
30738,0,none,0,0,0,0,0,0,0,
162928,0,none,0,0,0,0,0,0,0,
66684,0,none,0,0,0,0,0,0,0,
84378,0,none,0,0,0,0,0,0,0,
106929,0,none,0,0,0,0,0,0,0,
48901,0,none,0,0,0,0,0,0,0,
99847,0,none,0,0,0,0,0,0,0,
158309,0,none,0,0,0,0,0,0,0,
86543,0,none,0,0,0,0,0,0,0,
146264,0,none,0,0,0,0,0,0,0,
3740,0,none,0,0,0,0,0,0,0,
166892,0,none,0,0,0,0,0,0,0,
33038,0,none,0,0,0,0,0,0,0,
167875,0,none,0,0,0,0,0,0,0,
54417,0,none,0,0,0,0,0,0,0,
71340,0,none,0,0,0,0,0,0,0,
33762,0,none,0,0,0,0,0,0,0,
113649,0,none,0,0,0,0,0,0,0,
46580,0,none,0,0,0,0,0,0,0,
82677,0,none,0,0,0,0,0,0,0,
21036,0,none,0,0,0,0,0,0,0,
4830,0,none,0,0,0,0,0,0,0,
47373,0,none,0,0,0,0,0,0,0,
179221,0,none,0,0,0,0,0,0,0,
80278,0,none,0,0,0,0,0,0,0,
7673,0,none,0,0,0,0,0,0,0,
173241,0,none,0,0,0,0,0,0,0,
8163,0,none,0,0,0,0,0,0,0,
49742,0,none,0,0,0,0,0,0,0,
28829,0,none,0,0,0,0,0,0,0,
80282,0,none,0,0,0,0,0,0,0,
88876,0,none,0,0,0,0,0,0,0,
163961,0,none,0,0,0,0,0,0,0,
548,0,none,0,0,0,0,0,0,0,
43610,0,none,0,0,0,0,0,0,0,
103708,0,none,0,0,0,0,0,0,0,
151209,0,none,0,0,0,0,0,0,0,
149255,0,none,0,0,0,0,0,0,0,
124056,0,none,0,0,0,0,0,0,0,
110391,0,none,0,0,0,0,0,0,0,
104251,0,none,0,0,0,0,0,0,0,
116949,0,none,0,0,0,0,0,0,0,
154773,0,none,0,0,0,0,0,0,0,
49364,0,none,0,0,0,0,0,0,0,
93198,0,none,0,0,0,0,0,0,0,
85129,0,none,0,0,0,0,0,0,0,
84811,0,none,0,0,0,0,0,0,0,
66888,0,none,0,0,0,0,0,0,0,
15574,0,none,0,0,0,0,0,0,0,
115339,0,none,0,0,0,0,0,0,0,
165160,0,none,0,0,0,0,0,0,0,
43317,4,medium,0,0,0,1,0,0,1,unchecked_alloc;size_int_overflow
181419,3,low,0,1,0,0,0,0,0,memcpy_unchecked
166106,0,none,0,0,0,0,0,0,0,
125398,0,none,0,0,0,0,0,0,0,
76122,0,none,0,0,0,0,0,0,0,
86395,0,none,0,0,0,0,0,0,0,
184006,0,none,0,0,0,0,0,0,0,
106589,0,none,0,0,0,0,0,0,0,
33333,0,none,0,0,0,0,0,0,0,
98857,0,none,0,0,0,0,0,0,0,
132223,0,none,0,0,0,0,0,0,0,
84957,0,none,0,0,0,0,0,0,0,
61425,0,none,0,0,0,0,0,0,0,
182397,13,high,0,0,0,2,0,1,2,unchecked_alloc;use_after_free;size_int_overflow
176620,0,none,0,0,0,0,0,0,0,
49474,0,none,0,0,0,0,0,0,0,
5552,0,none,0,0,0,0,0,0,0,
170309,0,none,0,0,0,0,0,0,0,
187288,0,none,0,0,0,0,0,0,0,
170204,0,none,0,0,0,0,0,0,0,
55434,0,none,0,0,0,0,0,0,0,
167791,0,none,0,0,0,0,0,0,0,
4260,0,none,0,0,0,0,0,0,0,
61451,0,none,0,0,0,0,0,0,0,
112316,0,none,0,0,0,0,0,0,0,
154718,0,none,0,0,0,0,0,0,0,
72088,0,none,0,0,0,0,0,0,0,
49464,0,none,0,0,0,0,0,0,0,
145027,0,none,0,0,0,0,0,0,0,
53430,0,none,0,0,0,0,0,0,0,
187874,0,none,0,0,0,0,0,0,0,
8450,0,none,0,0,0,0,0,0,0,
97315,0,none,0,0,0,0,0,0,0,
95632,0,none,0,0,0,0,0,0,0,
50557,0,none,0,0,0,0,0,0,0,
108387,0,none,0,0,0,0,0,0,0,
101398,0,none,0,0,0,0,0,0,0,
188265,0,none,0,0,0,0,0,0,0,
187820,0,none,0,0,0,0,0,0,0,
4676,0,none,0,0,0,0,0,0,0,
39408,0,none,0,0,0,0,0,0,0,
35652,0,none,0,0,0,0,0,0,0,
58236,0,none,0,0,0,0,0,0,0,
19687,0,none,0,0,0,0,0,0,0,
2155,0,none,0,0,0,0,0,0,0,
169345,0,none,0,0,0,0,0,0,0,
124263,0,none,0,0,0,0,0,0,0,
131925,0,none,0,0,0,0,0,0,0,
185237,0,none,0,0,0,0,0,0,0,
125475,0,none,0,0,0,0,0,0,0,
40436,0,none,0,0,0,0,0,0,0,
5960,0,none,0,0,0,0,0,0,0,
117492,0,none,0,0,0,0,0,0,0,
181024,0,none,0,0,0,0,0,0,0,
135793,0,none,0,0,0,0,0,0,0,
130905,0,none,0,0,0,0,0,0,0,
56521,2,low,0,0,0,0,0,0,1,size_int_overflow
180218,0,none,0,0,0,0,0,0,0,
131081,0,none,0,0,0,0,0,0,0,
131234,0,none,0,0,0,0,0,0,0,
135558,0,none,0,0,0,0,0,0,0,
170805,0,none,0,0,0,0,0,0,0,
29387,0,none,0,0,0,0,0,0,0,
169025,0,none,0,0,0,0,0,0,0,
176198,0,none,0,0,0,0,0,0,0,
126827,0,none,0,0,0,0,0,0,0,
27561,0,none,0,0,0,0,0,0,0,
102983,0,none,0,0,0,0,0,0,0,
102229,0,none,0,0,0,0,0,0,0,
17013,0,none,0,0,0,0,0,0,0,
125834,0,none,0,0,0,0,0,0,0,
88835,0,none,0,0,0,0,0,0,0,
110743,0,none,0,0,0,0,0,0,0,
80626,0,none,0,0,0,0,0,0,0,
164093,0,none,0,0,0,0,0,0,0,
106775,0,none,0,0,0,0,0,0,0,
134924,0,none,0,0,0,0,0,0,0,
54026,0,none,0,0,0,0,0,0,0,
131509,0,none,0,0,0,0,0,0,0,
47483,0,none,0,0,0,0,0,0,0,
82088,0,none,0,0,0,0,0,0,0,
127140,0,none,0,0,0,0,0,0,0,
38421,0,none,0,0,0,0,0,0,0,
105741,0,none,0,0,0,0,0,0,0,
122488,0,none,0,0,0,0,0,0,0,
22988,0,none,0,0,0,0,0,0,0,
79965,0,none,0,0,0,0,0,0,0,
84678,0,none,0,0,0,0,0,0,0,
22524,0,none,0,0,0,0,0,0,0,
53597,0,none,0,0,0,0,0,0,0,
40911,0,none,0,0,0,0,0,0,0,
127351,0,none,0,0,0,0,0,0,0,
12444,2,low,0,0,0,0,0,0,1,size_int_overflow
46451,0,none,0,0,0,0,0,0,0,
101561,0,none,0,0,0,0,0,0,0,
23946,0,none,0,0,0,0,0,0,0,
85541,0,none,0,0,0,0,0,0,0,
147889,0,none,0,0,0,0,0,0,0,
56289,0,none,0,0,0,0,0,0,0,
19726,0,none,0,0,0,0,0,0,0,
119026,0,none,0,0,0,0,0,0,0,
2413,0,none,0,0,0,0,0,0,0,
38078,0,none,0,0,0,0,0,0,0,
134049,0,none,0,0,0,0,0,0,0,
418,0,none,0,0,0,0,0,0,0,
125664,0,none,0,0,0,0,0,0,0,
9078,0,none,0,0,0,0,0,0,0,
55878,0,none,0,0,0,0,0,0,0,
2266,0,none,0,0,0,0,0,0,0,
55014,0,none,0,0,0,0,0,0,0,
160000,0,none,0,0,0,0,0,0,0,
135494,0,none,0,0,0,0,0,0,0,
160363,0,none,0,0,0,0,0,0,0,
10371,0,none,0,0,0,0,0,0,0,
174180,0,none,0,0,0,0,0,0,0,
139567,0,none,0,0,0,0,0,0,0,
97448,0,none,0,0,0,0,0,0,0,
150829,0,none,0,0,0,0,0,0,0,
19279,0,none,0,0,0,0,0,0,0,
162549,0,none,0,0,0,0,0,0,0,
36894,0,none,0,0,0,0,0,0,0,
157763,0,none,0,0,0,0,0,0,0,
86985,0,none,0,0,0,0,0,0,0,
12671,0,none,0,0,0,0,0,0,0,
186170,0,none,0,0,0,0,0,0,0,
96589,0,none,0,0,0,0,0,0,0,
123736,0,none,0,0,0,0,0,0,0,
147401,0,none,0,0,0,0,0,0,0,
47075,0,none,0,0,0,0,0,0,0,
41369,0,none,0,0,0,0,0,0,0,
176021,0,none,0,0,0,0,0,0,0,
79520,0,none,0,0,0,0,0,0,0,
144868,0,none,0,0,0,0,0,0,0,
59418,0,none,0,0,0,0,0,0,0,
16206,10,high,2,0,0,2,0,0,0,unsafe_func;unchecked_alloc
122271,0,none,0,0,0,0,0,0,0,
112270,0,none,0,0,0,0,0,0,0,
105235,0,none,0,0,0,0,0,0,0,
133506,0,none,0,0,0,0,0,0,0,
87203,0,none,0,0,0,0,0,0,0,
174330,0,none,0,0,0,0,0,0,0,
183301,12,high,2,0,0,3,0,0,0,unsafe_func;unchecked_alloc
149217,0,none,0,0,0,0,0,0,0,
66270,0,none,0,0,0,0,0,0,0,
65959,0,none,0,0,0,0,0,0,0,
113071,0,none,0,0,0,0,0,0,0,
53687,3,low,0,1,0,0,0,0,0,memcpy_unchecked
59233,0,none,0,0,0,0,0,0,0,
3968,0,none,0,0,0,0,0,0,0,
170323,0,none,0,0,0,0,0,0,0,
4175,0,none,0,0,0,0,0,0,0,
42080,0,none,0,0,0,0,0,0,0,
29521,0,none,0,0,0,0,0,0,0,
136129,0,none,0,0,0,0,0,0,0,
112366,0,none,0,0,0,0,0,0,0,
119661,0,none,0,0,0,0,0,0,0,
26667,0,none,0,0,0,0,0,0,0,
164690,0,none,0,0,0,0,0,0,0,
146450,0,none,0,0,0,0,0,0,0,
114903,0,none,0,0,0,0,0,0,0,
80585,0,none,0,0,0,0,0,0,0,
186611,0,none,0,0,0,0,0,0,0,
96991,0,none,0,0,0,0,0,0,0,
100781,0,none,0,0,0,0,0,0,0,
98038,0,none,0,0,0,0,0,0,0,
8388,0,none,0,0,0,0,0,0,0,
121139,0,none,0,0,0,0,0,0,0,
61323,0,none,0,0,0,0,0,0,0,
76603,0,none,0,0,0,0,0,0,0,
111633,0,none,0,0,0,0,0,0,0,
147665,0,none,0,0,0,0,0,0,0,
113754,0,none,0,0,0,0,0,0,0,
64813,0,none,0,0,0,0,0,0,0,
58242,0,none,0,0,0,0,0,0,0,
167998,0,none,0,0,0,0,0,0,0,
28464,4,medium,0,0,1,0,0,0,0,format_string
7271,0,none,0,0,0,0,0,0,0,
13630,0,none,0,0,0,0,0,0,0,
133924,0,none,0,0,0,0,0,0,0,
145744,0,none,0,0,0,0,0,0,0,
126689,0,none,0,0,0,0,0,0,0,
139345,0,none,0,0,0,0,0,0,0,
162692,0,none,0,0,0,0,0,0,0,
71042,0,none,0,0,0,0,0,0,0,
46705,0,none,0,0,0,0,0,0,0,
2417,0,none,0,0,0,0,0,0,0,
183639,0,none,0,0,0,0,0,0,0,
101217,0,none,0,0,0,0,0,0,0,
100460,0,none,0,0,0,0,0,0,0,
123534,0,none,0,0,0,0,0,0,0,
145753,0,none,0,0,0,0,0,0,0,
63970,0,none,0,0,0,0,0,0,0,
29359,0,none,0,0,0,0,0,0,0,
18236,0,none,0,0,0,0,0,0,0,
184780,0,none,0,0,0,0,0,0,0,
138532,0,none,0,0,0,0,0,0,0,
68946,0,none,0,0,0,0,0,0,0,
148942,0,none,0,0,0,0,0,0,0,
8157,0,none,0,0,0,0,0,0,0,
86459,0,none,0,0,0,0,0,0,0,
162790,0,none,0,0,0,0,0,0,0,
101196,0,none,0,0,0,0,0,0,0,
174738,0,none,0,0,0,0,0,0,0,
36574,0,none,0,0,0,0,0,0,0,
125822,0,none,0,0,0,0,0,0,0,
32009,0,none,0,0,0,0,0,0,0,
38422,3,low,1,0,0,0,0,0,0,unsafe_func
48270,9,high,3,0,0,0,0,0,0,unsafe_func
57551,0,none,0,0,0,0,0,0,0,
153431,0,none,0,0,0,0,0,0,0,
54394,0,none,0,0,0,0,0,0,0,
178441,0,none,0,0,0,0,0,0,0,
75561,0,none,0,0,0,0,0,0,0,
62273,0,none,0,0,0,0,0,0,0,
68408,0,none,0,0,0,0,0,0,0,
71836,0,none,0,0,0,0,0,0,0,
113938,0,none,0,0,0,0,0,0,0,
13226,0,none,0,0,0,0,0,0,0,
57177,2,low,0,0,0,0,0,0,1,size_int_overflow
79587,0,none,0,0,0,0,0,0,0,
114321,0,none,0,0,0,0,0,0,0,
506,0,none,0,0,0,0,0,0,0,
126551,0,none,0,0,0,0,0,0,0,
82257,0,none,0,0,0,0,0,0,0,
47095,0,none,0,0,0,0,0,0,0,
48636,0,none,0,0,0,0,0,0,0,
50095,0,none,0,0,0,0,0,0,0,
10922,0,none,0,0,0,0,0,0,0,
67919,0,none,0,0,0,0,0,0,0,
110729,0,none,0,0,0,0,0,0,0,
158486,0,none,0,0,0,0,0,0,0,
1800,0,none,0,0,0,0,0,0,0,
17783,0,none,0,0,0,0,0,0,0,
40517,0,none,0,0,0,0,0,0,0,
105532,0,none,0,0,0,0,0,0,0,
171143,0,none,0,0,0,0,0,0,0,
75724,0,none,0,0,0,0,0,0,0,
29127,3,low,0,1,0,0,0,0,0,memcpy_unchecked
126139,0,none,0,0,0,0,0,0,0,
155553,0,none,0,0,0,0,0,0,0,
128325,0,none,0,0,0,0,0,0,0,
170699,0,none,0,0,0,0,0,0,0,
132396,0,none,0,0,0,0,0,0,0,
173142,0,none,0,0,0,0,0,0,0,
26717,0,none,0,0,0,0,0,0,0,
32484,0,none,0,0,0,0,0,0,0,
54288,0,none,0,0,0,0,0,0,0,
96076,0,none,0,0,0,0,0,0,0,
61256,0,none,0,0,0,0,0,0,0,
94721,0,none,0,0,0,0,0,0,0,
7298,0,none,0,0,0,0,0,0,0,
101215,0,none,0,0,0,0,0,0,0,
72967,0,none,0,0,0,0,0,0,0,
1621,0,none,0,0,0,0,0,0,0,
4022,0,none,0,0,0,0,0,0,0,
29685,0,none,0,0,0,0,0,0,0,
84478,0,none,0,0,0,0,0,0,0,
53475,0,none,0,0,0,0,0,0,0,
20136,0,none,0,0,0,0,0,0,0,
112694,0,none,0,0,0,0,0,0,0,
84528,0,none,0,0,0,0,0,0,0,
156789,0,none,0,0,0,0,0,0,0,
95509,0,none,0,0,0,0,0,0,0,
142781,0,none,0,0,0,0,0,0,0,
164656,0,none,0,0,0,0,0,0,0,
64269,0,none,0,0,0,0,0,0,0,
154040,0,none,0,0,0,0,0,0,0,
20154,0,none,0,0,0,0,0,0,0,
105021,0,none,0,0,0,0,0,0,0,
188033,0,none,0,0,0,0,0,0,0,
147582,0,none,0,0,0,0,0,0,0,
121969,0,none,0,0,0,0,0,0,0,
42093,0,none,0,0,0,0,0,0,0,
53940,0,none,0,0,0,0,0,0,0,
35037,0,none,0,0,0,0,0,0,0,
19967,0,none,0,0,0,0,0,0,0,
108726,3,low,0,1,0,0,0,0,0,memcpy_unchecked
65659,0,none,0,0,0,0,0,0,0,
173646,0,none,0,0,0,0,0,0,0,
5470,0,none,0,0,0,0,0,0,0,
144755,0,none,0,0,0,0,0,0,0,
116332,0,none,0,0,0,0,0,0,0,
77284,0,none,0,0,0,0,0,0,0,
172234,0,none,0,0,0,0,0,0,0,
93481,0,none,0,0,0,0,0,0,0,
146622,0,none,0,0,0,0,0,0,0,
27870,0,none,0,0,0,0,0,0,0,
33337,0,none,0,0,0,0,0,0,0,
71285,0,none,0,0,0,0,0,0,0,
12410,0,none,0,0,0,0,0,0,0,
65842,5,medium,0,1,0,1,0,0,0,memcpy_unchecked;unchecked_alloc
30955,0,none,0,0,0,0,0,0,0,
128491,0,none,0,0,0,0,0,0,0,
36881,0,none,0,0,0,0,0,0,0,
18540,0,none,0,0,0,0,0,0,0,
41917,0,none,0,0,0,0,0,0,0,
85123,0,none,0,0,0,0,0,0,0,
171157,0,none,0,0,0,0,0,0,0,
180338,0,none,0,0,0,0,0,0,0,
40615,0,none,0,0,0,0,0,0,0,
96811,0,none,0,0,0,0,0,0,0,
181267,2,low,0,0,0,1,0,0,0,unchecked_alloc
46696,0,none,0,0,0,0,0,0,0,
85625,0,none,0,0,0,0,0,0,0,
167123,0,none,0,0,0,0,0,0,0,
22496,0,none,0,0,0,0,0,0,0,
127596,0,none,0,0,0,0,0,0,0,
163354,0,none,0,0,0,0,0,0,0,
113036,0,none,0,0,0,0,0,0,0,
88505,0,none,0,0,0,0,0,0,0,
42930,0,none,0,0,0,0,0,0,0,
160803,0,none,0,0,0,0,0,0,0,
28683,0,none,0,0,0,0,0,0,0,
63830,3,low,1,0,0,0,0,0,0,unsafe_func
142812,0,none,0,0,0,0,0,0,0,
10564,0,none,0,0,0,0,0,0,0,
13173,0,none,0,0,0,0,0,0,0,
5681,0,none,0,0,0,0,0,0,0,
100749,0,none,0,0,0,0,0,0,0,
101598,0,none,0,0,0,0,0,0,0,
15249,0,none,0,0,0,0,0,0,0,
170576,4,medium,0,0,0,1,0,0,1,unchecked_alloc;size_int_overflow
98472,0,none,0,0,0,0,0,0,0,
174060,0,none,0,0,0,0,0,0,0,
54647,0,none,0,0,0,0,0,0,0,
184855,0,none,0,0,0,0,0,0,0,
158065,0,none,0,0,0,0,0,0,0,
26166,0,none,0,0,0,0,0,0,0,
42685,0,none,0,0,0,0,0,0,0,
751,0,none,0,0,0,0,0,0,0,
103019,0,none,0,0,0,0,0,0,0,
113403,0,none,0,0,0,0,0,0,0,
170397,0,none,0,0,0,0,0,0,0,
177025,0,none,0,0,0,0,0,0,0,
107881,0,none,0,0,0,0,0,0,0,
22276,0,none,0,0,0,0,0,0,0,
108943,0,none,0,0,0,0,0,0,0,
88086,0,none,0,0,0,0,0,0,0,
39913,0,none,0,0,0,0,0,0,0,
78051,0,none,0,0,0,0,0,0,0,
153944,0,none,0,0,0,0,0,0,0,
28875,0,none,0,0,0,0,0,0,0,
132732,0,none,0,0,0,0,0,0,0,
139566,0,none,0,0,0,0,0,0,0,
77011,0,none,0,0,0,0,0,0,0,
62788,0,none,0,0,0,0,0,0,0,
152988,0,none,0,0,0,0,0,0,0,
92692,0,none,0,0,0,0,0,0,0,
143925,0,none,0,0,0,0,0,0,0,
122305,0,none,0,0,0,0,0,0,0,
25694,0,none,0,0,0,0,0,0,0,
139886,0,none,0,0,0,0,0,0,0,
158551,0,none,0,0,0,0,0,0,0,
123235,0,none,0,0,0,0,0,0,0,
184296,0,none,0,0,0,0,0,0,0,
116216,0,none,0,0,0,0,0,0,0,
84522,0,none,0,0,0,0,0,0,0,
123761,0,none,0,0,0,0,0,0,0,
185814,0,none,0,0,0,0,0,0,0,
68436,0,none,0,0,0,0,0,0,0,
98346,0,none,0,0,0,0,0,0,0,
47635,0,none,0,0,0,0,0,0,0,
77399,0,none,0,0,0,0,0,0,0,
81072,0,none,0,0,0,0,0,0,0,
69044,0,none,0,0,0,0,0,0,0,
9047,0,none,0,0,0,0,0,0,0,
108562,0,none,0,0,0,0,0,0,0,
94696,6,medium,0,2,0,0,0,0,0,memcpy_unchecked
3257,0,none,0,0,0,0,0,0,0,
87331,0,none,0,0,0,0,0,0,0,
28735,0,none,0,0,0,0,0,0,0,
92400,0,none,0,0,0,0,0,0,0,
138665,0,none,0,0,0,0,0,0,0,
47290,0,none,0,0,0,0,0,0,0,
45564,0,none,0,0,0,0,0,0,0,
50765,0,none,0,0,0,0,0,0,0,
177084,0,none,0,0,0,0,0,0,0,
59809,0,none,0,0,0,0,0,0,0,
164010,0,none,0,0,0,0,0,0,0,
12695,0,none,0,0,0,0,0,0,0,
119847,0,none,0,0,0,0,0,0,0,
131069,0,none,0,0,0,0,0,0,0,
157152,0,none,0,0,0,0,0,0,0,
19891,0,none,0,0,0,0,0,0,0,
40057,0,none,0,0,0,0,0,0,0,
56690,0,none,0,0,0,0,0,0,0,
152557,0,none,0,0,0,0,0,0,0,
50290,0,none,0,0,0,0,0,0,0,
170384,0,none,0,0,0,0,0,0,0,
102919,0,none,0,0,0,0,0,0,0,
78328,0,none,0,0,0,0,0,0,0,
103562,0,none,0,0,0,0,0,0,0,
22929,0,none,0,0,0,0,0,0,0,
115409,0,none,0,0,0,0,0,0,0,
42501,0,none,0,0,0,0,0,0,0,
93729,0,none,0,0,0,0,0,0,0,
9097,0,none,0,0,0,0,0,0,0,
157026,0,none,0,0,0,0,0,0,0,
36079,0,none,0,0,0,0,0,0,0,
87739,0,none,0,0,0,0,0,0,0,
128905,0,none,0,0,0,0,0,0,0,
67856,0,none,0,0,0,0,0,0,0,
79056,0,none,0,0,0,0,0,0,0,
79007,2,low,0,0,0,0,0,0,1,size_int_overflow
117305,0,none,0,0,0,0,0,0,0,
156696,0,none,0,0,0,0,0,0,0,
111798,0,none,0,0,0,0,0,0,0,
9414,0,none,0,0,0,0,0,0,0,
4739,0,none,0,0,0,0,0,0,0,
42869,0,none,0,0,0,0,0,0,0,
91914,2,low,0,0,0,0,0,0,1,size_int_overflow
184199,0,none,0,0,0,0,0,0,0,
126138,0,none,0,0,0,0,0,0,0,
68079,0,none,0,0,0,0,0,0,0,
22659,0,none,0,0,0,0,0,0,0,
158951,0,none,0,0,0,0,0,0,0,
121098,0,none,0,0,0,0,0,0,0,
151380,0,none,0,0,0,0,0,0,0,
90842,0,none,0,0,0,0,0,0,0,
17478,0,none,0,0,0,0,0,0,0,
160007,0,none,0,0,0,0,0,0,0,
133760,0,none,0,0,0,0,0,0,0,
63263,0,none,0,0,0,0,0,0,0,
77376,0,none,0,0,0,0,0,0,0,
13303,0,none,0,0,0,0,0,0,0,
131185,0,none,0,0,0,0,0,0,0,
25332,0,none,0,0,0,0,0,0,0,
21130,0,none,0,0,0,0,0,0,0,
87736,0,none,0,0,0,0,0,0,0,
24494,0,none,0,0,0,0,0,0,0,
122413,0,none,0,0,0,0,0,0,0,
161322,0,none,0,0,0,0,0,0,0,
13279,0,none,0,0,0,0,0,0,0,
166789,0,none,0,0,0,0,0,0,0,
16759,0,none,0,0,0,0,0,0,0,
106830,0,none,0,0,0,0,0,0,0,
25465,0,none,0,0,0,0,0,0,0,
176100,0,none,0,0,0,0,0,0,0,
128956,0,none,0,0,0,0,0,0,0,
109867,0,none,0,0,0,0,0,0,0,
13525,0,none,0,0,0,0,0,0,0,
134566,0,none,0,0,0,0,0,0,0,
179853,0,none,0,0,0,0,0,0,0,
160194,0,none,0,0,0,0,0,0,0,
126243,0,none,0,0,0,0,0,0,0,
149863,0,none,0,0,0,0,0,0,0,
142225,0,none,0,0,0,0,0,0,0,
53374,0,none,0,0,0,0,0,0,0,
21794,0,none,0,0,0,0,0,0,0,
88923,0,none,0,0,0,0,0,0,0,
57163,0,none,0,0,0,0,0,0,0,
138367,0,none,0,0,0,0,0,0,0,
16248,0,none,0,0,0,0,0,0,0,
187034,0,none,0,0,0,0,0,0,0,
183603,0,none,0,0,0,0,0,0,0,
148559,0,none,0,0,0,0,0,0,0,
4584,0,none,0,0,0,0,0,0,0,
178828,0,none,0,0,0,0,0,0,0,
174220,0,none,0,0,0,0,0,0,0,
95512,0,none,0,0,0,0,0,0,0,
96382,0,none,0,0,0,0,0,0,0,
49412,0,none,0,0,0,0,0,0,0,
46931,0,none,0,0,0,0,0,0,0,
10585,0,none,0,0,0,0,0,0,0,
156372,0,none,0,0,0,0,0,0,0,
56071,0,none,0,0,0,0,0,0,0,
67533,0,none,0,0,0,0,0,0,0,
97983,0,none,0,0,0,0,0,0,0,
165834,0,none,0,0,0,0,0,0,0,
38468,0,none,0,0,0,0,0,0,0,
150368,0,none,0,0,0,0,0,0,0,
140594,0,none,0,0,0,0,0,0,0,
11144,0,none,0,0,0,0,0,0,0,
185934,0,none,0,0,0,0,0,0,0,
181163,3,low,1,0,0,0,0,0,0,unsafe_func
174566,0,none,0,0,0,0,0,0,0,
13869,0,none,0,0,0,0,0,0,0,
170623,0,none,0,0,0,0,0,0,0,
93333,6,medium,2,0,0,0,0,0,0,unsafe_func
96923,0,none,0,0,0,0,0,0,0,
53832,0,none,0,0,0,0,0,0,0,
36049,0,none,0,0,0,0,0,0,0,
133567,0,none,0,0,0,0,0,0,0,
112225,0,none,0,0,0,0,0,0,0,
43608,0,none,0,0,0,0,0,0,0,
57928,0,none,0,0,0,0,0,0,0,
31175,0,none,0,0,0,0,0,0,0,
127978,0,none,0,0,0,0,0,0,0,
152550,0,none,0,0,0,0,0,0,0,
181474,0,none,0,0,0,0,0,0,0,
26691,0,none,0,0,0,0,0,0,0,
88575,0,none,0,0,0,0,0,0,0,
70171,0,none,0,0,0,0,0,0,0,
52912,0,none,0,0,0,0,0,0,0,
188540,0,none,0,0,0,0,0,0,0,
55985,0,none,0,0,0,0,0,0,0,
131071,0,none,0,0,0,0,0,0,0,
140256,0,none,0,0,0,0,0,0,0,
159007,0,none,0,0,0,0,0,0,0,
182792,0,none,0,0,0,0,0,0,0,
7918,0,none,0,0,0,0,0,0,0,
24554,0,none,0,0,0,0,0,0,0,
104376,0,none,0,0,0,0,0,0,0,
93445,0,none,0,0,0,0,0,0,0,
166493,0,none,0,0,0,0,0,0,0,
14391,0,none,0,0,0,0,0,0,0,
64145,0,none,0,0,0,0,0,0,0,
108456,0,none,0,0,0,0,0,0,0,
86454,7,medium,0,0,0,0,0,1,1,use_after_free;size_int_overflow
58786,0,none,0,0,0,0,0,0,0,
181224,0,none,0,0,0,0,0,0,0,
62746,0,none,0,0,0,0,0,0,0,
82900,0,none,0,0,0,0,0,0,0,
130438,0,none,0,0,0,0,0,0,0,
170486,0,none,0,0,0,0,0,0,0,
29800,0,none,0,0,0,0,0,0,0,
119717,0,none,0,0,0,0,0,0,0,
134953,0,none,0,0,0,0,0,0,0,
107608,0,none,0,0,0,0,0,0,0,
89077,0,none,0,0,0,0,0,0,0,
28191,0,none,0,0,0,0,0,0,0,
147104,0,none,0,0,0,0,0,0,0,
57959,0,none,0,0,0,0,0,0,0,
60058,0,none,0,0,0,0,0,0,0,
112968,0,none,0,0,0,0,0,0,0,
88062,0,none,0,0,0,0,0,0,0,
23576,7,medium,0,0,0,0,0,1,1,use_after_free;size_int_overflow
183371,0,none,0,0,0,0,0,0,0,
19129,0,none,0,0,0,0,0,0,0,
39119,0,none,0,0,0,0,0,0,0,
92343,0,none,0,0,0,0,0,0,0,
98715,0,none,0,0,0,0,0,0,0,
1855,0,none,0,0,0,0,0,0,0,
110430,0,none,0,0,0,0,0,0,0,
84319,0,none,0,0,0,0,0,0,0,
181545,0,none,0,0,0,0,0,0,0,
129592,0,none,0,0,0,0,0,0,0,
81413,0,none,0,0,0,0,0,0,0,
183362,0,none,0,0,0,0,0,0,0,
45121,0,none,0,0,0,0,0,0,0,
44194,0,none,0,0,0,0,0,0,0,
85487,0,none,0,0,0,0,0,0,0,
172403,0,none,0,0,0,0,0,0,0,
153852,0,none,0,0,0,0,0,0,0,
185635,0,none,0,0,0,0,0,0,0,
55397,0,none,0,0,0,0,0,0,0,
159724,0,none,0,0,0,0,0,0,0,
79349,0,none,0,0,0,0,0,0,0,
36287,0,none,0,0,0,0,0,0,0,
157554,0,none,0,0,0,0,0,0,0,
54267,0,none,0,0,0,0,0,0,0,
181777,0,none,0,0,0,0,0,0,0,
2020,0,none,0,0,0,0,0,0,0,
8132,0,none,0,0,0,0,0,0,0,
174027,0,none,0,0,0,0,0,0,0,
103076,0,none,0,0,0,0,0,0,0,
122550,0,none,0,0,0,0,0,0,0,
148918,0,none,0,0,0,0,0,0,0,
178424,7,medium,0,1,0,1,0,0,1,memcpy_unchecked;unchecked_alloc;size_int_overflow
185039,0,none,0,0,0,0,0,0,0,
136349,0,none,0,0,0,0,0,0,0,
45229,0,none,0,0,0,0,0,0,0,
63907,0,none,0,0,0,0,0,0,0,
30905,0,none,0,0,0,0,0,0,0,
112403,0,none,0,0,0,0,0,0,0,
182538,0,none,0,0,0,0,0,0,0,
113101,0,none,0,0,0,0,0,0,0,
109141,0,none,0,0,0,0,0,0,0,
60653,0,none,0,0,0,0,0,0,0,
118119,0,none,0,0,0,0,0,0,0,
90750,0,none,0,0,0,0,0,0,0,
188413,0,none,0,0,0,0,0,0,0,
150168,0,none,0,0,0,0,0,0,0,
11653,0,none,0,0,0,0,0,0,0,
58653,0,none,0,0,0,0,0,0,0,
63750,0,none,0,0,0,0,0,0,0,
94081,0,none,0,0,0,0,0,0,0,
92779,0,none,0,0,0,0,0,0,0,
10338,0,none,0,0,0,0,0,0,0,
110827,0,none,0,0,0,0,0,0,0,
408,0,none,0,0,0,0,0,0,0,
165962,0,none,0,0,0,0,0,0,0,
162053,0,none,0,0,0,0,0,0,0,
85047,2,low,0,0,0,1,0,0,0,unchecked_alloc
169683,0,none,0,0,0,0,0,0,0,
187795,0,none,0,0,0,0,0,0,0,
90233,0,none,0,0,0,0,0,0,0,
111235,0,none,0,0,0,0,0,0,0,
133352,0,none,0,0,0,0,0,0,0,
83830,0,none,0,0,0,0,0,0,0,
76322,0,none,0,0,0,0,0,0,0,
175278,0,none,0,0,0,0,0,0,0,
116060,0,none,0,0,0,0,0,0,0,
70150,0,none,0,0,0,0,0,0,0,
49472,0,none,0,0,0,0,0,0,0,
157838,0,none,0,0,0,0,0,0,0,
117800,0,none,0,0,0,0,0,0,0,
99759,0,none,0,0,0,0,0,0,0,
154564,0,none,0,0,0,0,0,0,0,
68737,3,low,0,1,0,0,0,0,0,memcpy_unchecked
90955,0,none,0,0,0,0,0,0,0,
75893,0,none,0,0,0,0,0,0,0,
81723,0,none,0,0,0,0,0,0,0,
179718,0,none,0,0,0,0,0,0,0,
55929,0,none,0,0,0,0,0,0,0,
151856,0,none,0,0,0,0,0,0,0,
183820,0,none,0,0,0,0,0,0,0,
15804,0,none,0,0,0,0,0,0,0,
162098,0,none,0,0,0,0,0,0,0,
133925,0,none,0,0,0,0,0,0,0,
102784,0,none,0,0,0,0,0,0,0,
52625,0,none,0,0,0,0,0,0,0,
158990,0,none,0,0,0,0,0,0,0,
157025,0,none,0,0,0,0,0,0,0,
142044,0,none,0,0,0,0,0,0,0,
65400,0,none,0,0,0,0,0,0,0,
97768,0,none,0,0,0,0,0,0,0,
151187,0,none,0,0,0,0,0,0,0,
129393,0,none,0,0,0,0,0,0,0,
45631,0,none,0,0,0,0,0,0,0,
150995,0,none,0,0,0,0,0,0,0,
165819,0,none,0,0,0,0,0,0,0,
27324,0,none,0,0,0,0,0,0,0,
47447,0,none,0,0,0,0,0,0,0,
33824,0,none,0,0,0,0,0,0,0,
53448,0,none,0,0,0,0,0,0,0,
19272,0,none,0,0,0,0,0,0,0,
182500,0,none,0,0,0,0,0,0,0,
78272,0,none,0,0,0,0,0,0,0,
160451,0,none,0,0,0,0,0,0,0,
61782,0,none,0,0,0,0,0,0,0,
154260,0,none,0,0,0,0,0,0,0,
16684,0,none,0,0,0,0,0,0,0,
150525,0,none,0,0,0,0,0,0,0,
107481,0,none,0,0,0,0,0,0,0,
45719,0,none,0,0,0,0,0,0,0,
4500,0,none,0,0,0,0,0,0,0,
107951,0,none,0,0,0,0,0,0,0,
55326,3,low,0,1,0,0,0,0,0,memcpy_unchecked
173326,0,none,0,0,0,0,0,0,0,
162829,0,none,0,0,0,0,0,0,0,
47037,0,none,0,0,0,0,0,0,0,
115361,0,none,0,0,0,0,0,0,0,
84328,0,none,0,0,0,0,0,0,0,
149377,0,none,0,0,0,0,0,0,0,
29913,0,none,0,0,0,0,0,0,0,
82577,0,none,0,0,0,0,0,0,0,
159825,0,none,0,0,0,0,0,0,0,
101796,0,none,0,0,0,0,0,0,0,
41435,0,none,0,0,0,0,0,0,0,
48683,0,none,0,0,0,0,0,0,0,
137098,0,none,0,0,0,0,0,0,0,
174524,0,none,0,0,0,0,0,0,0,
18115,0,none,0,0,0,0,0,0,0,
64743,0,none,0,0,0,0,0,0,0,
50168,0,none,0,0,0,0,0,0,0,
84238,0,none,0,0,0,0,0,0,0,
33554,0,none,0,0,0,0,0,0,0,
118236,0,none,0,0,0,0,0,0,0,
154908,0,none,0,0,0,0,0,0,0,
176284,0,none,0,0,0,0,0,0,0,
46520,0,none,0,0,0,0,0,0,0,
73343,0,none,0,0,0,0,0,0,0,
282,0,none,0,0,0,0,0,0,0,
168352,0,none,0,0,0,0,0,0,0,
179803,0,none,0,0,0,0,0,0,0,
123071,0,none,0,0,0,0,0,0,0,
39632,0,none,0,0,0,0,0,0,0,
178780,0,none,0,0,0,0,0,0,0,
91777,0,none,0,0,0,0,0,0,0,
179262,0,none,0,0,0,0,0,0,0,
175409,0,none,0,0,0,0,0,0,0,
182290,3,low,0,1,0,0,0,0,0,memcpy_unchecked
153996,0,none,0,0,0,0,0,0,0,
80929,0,none,0,0,0,0,0,0,0,
93610,0,none,0,0,0,0,0,0,0,
101031,0,none,0,0,0,0,0,0,0,
119587,0,none,0,0,0,0,0,0,0,
126034,0,none,0,0,0,0,0,0,0,
142902,0,none,0,0,0,0,0,0,0,
717,3,low,0,1,0,0,0,0,0,memcpy_unchecked
73751,0,none,0,0,0,0,0,0,0,
87960,0,none,0,0,0,0,0,0,0,
111562,0,none,0,0,0,0,0,0,0,
178100,0,none,0,0,0,0,0,0,0,
87939,0,none,0,0,0,0,0,0,0,
143397,0,none,0,0,0,0,0,0,0,
144364,0,none,0,0,0,0,0,0,0,
105181,0,none,0,0,0,0,0,0,0,
139507,0,none,0,0,0,0,0,0,0,
108584,0,none,0,0,0,0,0,0,0,
148726,0,none,0,0,0,0,0,0,0,
82478,0,none,0,0,0,0,0,0,0,
144829,0,none,0,0,0,0,0,0,0,
137084,0,none,0,0,0,0,0,0,0,
6978,0,none,0,0,0,0,0,0,0,
93147,0,none,0,0,0,0,0,0,0,
57466,0,none,0,0,0,0,0,0,0,
168955,0,none,0,0,0,0,0,0,0,
177239,0,none,0,0,0,0,0,0,0,
21416,0,none,0,0,0,0,0,0,0,
164107,0,none,0,0,0,0,0,0,0,
169555,0,none,0,0,0,0,0,0,0,
105020,0,none,0,0,0,0,0,0,0,
27308,0,none,0,0,0,0,0,0,0,
126962,0,none,0,0,0,0,0,0,0,
46627,0,none,0,0,0,0,0,0,0,
170797,0,none,0,0,0,0,0,0,0,
121763,0,none,0,0,0,0,0,0,0,
112097,0,none,0,0,0,0,0,0,0,
60889,0,none,0,0,0,0,0,0,0,
152778,0,none,0,0,0,0,0,0,0,
60868,0,none,0,0,0,0,0,0,0,
66702,0,none,0,0,0,0,0,0,0,
112303,0,none,0,0,0,0,0,0,0,
118582,0,none,0,0,0,0,0,0,0,
129021,0,none,0,0,0,0,0,0,0,
149262,0,none,0,0,0,0,0,0,0,
153956,0,none,0,0,0,0,0,0,0,
40544,0,none,0,0,0,0,0,0,0,
6867,0,none,0,0,0,0,0,0,0,
12084,0,none,0,0,0,0,0,0,0,
48705,0,none,0,0,0,0,0,0,0,
83412,0,none,0,0,0,0,0,0,0,
33781,0,none,0,0,0,0,0,0,0,
92713,0,none,0,0,0,0,0,0,0,
24684,0,none,0,0,0,0,0,0,0,
93663,0,none,0,0,0,0,0,0,0,
16673,0,none,0,0,0,0,0,0,0,
22970,0,none,0,0,0,0,0,0,0,
130495,0,none,0,0,0,0,0,0,0,
60665,0,none,0,0,0,0,0,0,0,
133720,0,none,0,0,0,0,0,0,0,
179542,0,none,0,0,0,0,0,0,0,
44149,0,none,0,0,0,0,0,0,0,
144824,0,none,0,0,0,0,0,0,0,
115142,0,none,0,0,0,0,0,0,0,
59069,2,low,0,0,0,0,0,0,1,size_int_overflow
82205,0,none,0,0,0,0,0,0,0,
85153,0,none,0,0,0,0,0,0,0,
109731,0,none,0,0,0,0,0,0,0,
182416,0,none,0,0,0,0,0,0,0,
163844,0,none,0,0,0,0,0,0,0,
170493,0,none,0,0,0,0,0,0,0,
154800,0,none,0,0,0,0,0,0,0,
58662,3,low,0,1,0,0,0,0,0,memcpy_unchecked
50560,0,none,0,0,0,0,0,0,0,
4723,0,none,0,0,0,0,0,0,0,
32238,0,none,0,0,0,0,0,0,0,
107547,0,none,0,0,0,0,0,0,0,
111322,0,none,0,0,0,0,0,0,0,
77074,0,none,0,0,0,0,0,0,0,
37604,0,none,0,0,0,0,0,0,0,
88396,0,none,0,0,0,0,0,0,0,
155347,0,none,0,0,0,0,0,0,0,
9185,0,none,0,0,0,0,0,0,0,
19681,3,low,1,0,0,0,0,0,0,unsafe_func
61227,0,none,0,0,0,0,0,0,0,
46594,0,none,0,0,0,0,0,0,0,
143110,0,none,0,0,0,0,0,0,0,
52938,2,low,0,0,0,0,0,0,1,size_int_overflow
41081,0,none,0,0,0,0,0,0,0,
148152,0,none,0,0,0,0,0,0,0,
187060,0,none,0,0,0,0,0,0,0,
115258,0,none,0,0,0,0,0,0,0,
153772,0,none,0,0,0,0,0,0,0,
117172,0,none,0,0,0,0,0,0,0,
116769,0,none,0,0,0,0,0,0,0,
92422,0,none,0,0,0,0,0,0,0,
20851,0,none,0,0,0,0,0,0,0,
154614,0,none,0,0,0,0,0,0,0,
95177,0,none,0,0,0,0,0,0,0,
152070,0,none,0,0,0,0,0,0,0,
6536,0,none,0,0,0,0,0,0,0,
131402,0,none,0,0,0,0,0,0,0,
169032,0,none,0,0,0,0,0,0,0,
155880,0,none,0,0,0,0,0,0,0,
176737,0,none,0,0,0,0,0,0,0,
93794,0,none,0,0,0,0,0,0,0,
23189,0,none,0,0,0,0,0,0,0,
139229,0,none,0,0,0,0,0,0,0,
7255,0,none,0,0,0,0,0,0,0,
140677,0,none,0,0,0,0,0,0,0,
118816,0,none,0,0,0,0,0,0,0,
115808,0,none,0,0,0,0,0,0,0,
113822,0,none,0,0,0,0,0,0,0,
107093,0,none,0,0,0,0,0,0,0,
68240,0,none,0,0,0,0,0,0,0,
114715,0,none,0,0,0,0,0,0,0,
5779,0,none,0,0,0,0,0,0,0,
33173,0,none,0,0,0,0,0,0,0,
157878,0,none,0,0,0,0,0,0,0,
164272,0,none,0,0,0,0,0,0,0,
84401,0,none,0,0,0,0,0,0,0,
80329,0,none,0,0,0,0,0,0,0,
127479,0,none,0,0,0,0,0,0,0,
103067,0,none,0,0,0,0,0,0,0,
31259,0,none,0,0,0,0,0,0,0,
164783,0,none,0,0,0,0,0,0,0,
15316,0,none,0,0,0,0,0,0,0,
122638,0,none,0,0,0,0,0,0,0,
93543,0,none,0,0,0,0,0,0,0,
173606,0,none,0,0,0,0,0,0,0,
9349,0,none,0,0,0,0,0,0,0,
40009,0,none,0,0,0,0,0,0,0,
136814,0,none,0,0,0,0,0,0,0,
93846,0,none,0,0,0,0,0,0,0,
92465,0,none,0,0,0,0,0,0,0,
33013,0,none,0,0,0,0,0,0,0,
14198,0,none,0,0,0,0,0,0,0,
83462,0,none,0,0,0,0,0,0,0,
187271,0,none,0,0,0,0,0,0,0,
67828,0,none,0,0,0,0,0,0,0,
148936,0,none,0,0,0,0,0,0,0,
174549,0,none,0,0,0,0,0,0,0,
36823,0,none,0,0,0,0,0,0,0,
170306,0,none,0,0,0,0,0,0,0,
143582,0,none,0,0,0,0,0,0,0,
60891,0,none,0,0,0,0,0,0,0,
59902,0,none,0,0,0,0,0,0,0,
107574,0,none,0,0,0,0,0,0,0,
41337,0,none,0,0,0,0,0,0,0,
135275,0,none,0,0,0,0,0,0,0,
98521,0,none,0,0,0,0,0,0,0,
154666,0,none,0,0,0,0,0,0,0,
117333,0,none,0,0,0,0,0,0,0,
148506,0,none,0,0,0,0,0,0,0,
132595,0,none,0,0,0,0,0,0,0,
154320,0,none,0,0,0,0,0,0,0,
104001,0,none,0,0,0,0,0,0,0,
7080,0,none,0,0,0,0,0,0,0,
52276,0,none,0,0,0,0,0,0,0,
55855,0,none,0,0,0,0,0,0,0,
69131,0,none,0,0,0,0,0,0,0,
142970,0,none,0,0,0,0,0,0,0,
143182,0,none,0,0,0,0,0,0,0,
130739,0,none,0,0,0,0,0,0,0,
146799,0,none,0,0,0,0,0,0,0,
155599,0,none,0,0,0,0,0,0,0,
4840,0,none,0,0,0,0,0,0,0,
53906,0,none,0,0,0,0,0,0,0,
118779,0,none,0,0,0,0,0,0,0,
134789,0,none,0,0,0,0,0,0,0,
178988,0,none,0,0,0,0,0,0,0,
176762,0,none,0,0,0,0,0,0,0,
177094,0,none,0,0,0,0,0,0,0,
104006,0,none,0,0,0,0,0,0,0,
84036,0,none,0,0,0,0,0,0,0,
114368,0,none,0,0,0,0,0,0,0,
90817,0,none,0,0,0,0,0,0,0,
83183,0,none,0,0,0,0,0,0,0,
128472,0,none,0,0,0,0,0,0,0,
168676,0,none,0,0,0,0,0,0,0,
98465,0,none,0,0,0,0,0,0,0,
13623,0,none,0,0,0,0,0,0,0,
172766,0,none,0,0,0,0,0,0,0,
15246,0,none,0,0,0,0,0,0,0,
64537,0,none,0,0,0,0,0,0,0,
144478,0,none,0,0,0,0,0,0,0,
923,0,none,0,0,0,0,0,0,0,
48980,0,none,0,0,0,0,0,0,0,
40856,0,none,0,0,0,0,0,0,0,
4819,0,none,0,0,0,0,0,0,0,
52901,0,none,0,0,0,0,0,0,0,
149057,0,none,0,0,0,0,0,0,0,
176895,0,none,0,0,0,0,0,0,0,
1531,0,none,0,0,0,0,0,0,0,
152343,0,none,0,0,0,0,0,0,0,
149937,0,none,0,0,0,0,0,0,0,
45716,0,none,0,0,0,0,0,0,0,
49500,0,none,0,0,0,0,0,0,0,
187577,0,none,0,0,0,0,0,0,0,
21746,0,none,0,0,0,0,0,0,0,
45100,0,none,0,0,0,0,0,0,0,
182412,0,none,0,0,0,0,0,0,0,
75928,0,none,0,0,0,0,0,0,0,
113399,0,none,0,0,0,0,0,0,0,
132516,0,none,0,0,0,0,0,0,0,
96496,0,none,0,0,0,0,0,0,0,
3125,0,none,0,0,0,0,0,0,0,
42977,0,none,0,0,0,0,0,0,0,
104430,0,none,0,0,0,0,0,0,0,
38314,0,none,0,0,0,0,0,0,0,
51594,0,none,0,0,0,0,0,0,0,
149456,0,none,0,0,0,0,0,0,0,
98783,0,none,0,0,0,0,0,0,0,
45841,0,none,0,0,0,0,0,0,0,
36777,0,none,0,0,0,0,0,0,0,
73659,0,none,0,0,0,0,0,0,0,
155036,0,none,0,0,0,0,0,0,0,
10125,0,none,0,0,0,0,0,0,0,
136343,0,none,0,0,0,0,0,0,0,
40868,0,none,0,0,0,0,0,0,0,
51903,0,none,0,0,0,0,0,0,0,
130419,0,none,0,0,0,0,0,0,0,
106009,0,none,0,0,0,0,0,0,0,
157793,0,none,0,0,0,0,0,0,0,
184569,0,none,0,0,0,0,0,0,0,
72116,0,none,0,0,0,0,0,0,0,
120993,0,none,0,0,0,0,0,0,0,
87762,0,none,0,0,0,0,0,0,0,
652,0,none,0,0,0,0,0,0,0,
136507,0,none,0,0,0,0,0,0,0,
186875,0,none,0,0,0,0,0,0,0,
94989,0,none,0,0,0,0,0,0,0,
47309,0,none,0,0,0,0,0,0,0,
158579,0,none,0,0,0,0,0,0,0,
145324,0,none,0,0,0,0,0,0,0,
138072,0,none,0,0,0,0,0,0,0,
154012,0,none,0,0,0,0,0,0,0,
125162,0,none,0,0,0,0,0,0,0,
137485,0,none,0,0,0,0,0,0,0,
151011,0,none,0,0,0,0,0,0,0,
87236,0,none,0,0,0,0,0,0,0,
105077,0,none,0,0,0,0,0,0,0,
143021,0,none,0,0,0,0,0,0,0,
112760,0,none,0,0,0,0,0,0,0,
76920,0,none,0,0,0,0,0,0,0,
29571,0,none,0,0,0,0,0,0,0,
176901,0,none,0,0,0,0,0,0,0,
79450,0,none,0,0,0,0,0,0,0,
143213,0,none,0,0,0,0,0,0,0,
146952,0,none,0,0,0,0,0,0,0,
128578,0,none,0,0,0,0,0,0,0,
90201,0,none,0,0,0,0,0,0,0,
91270,0,none,0,0,0,0,0,0,0,
158548,0,none,0,0,0,0,0,0,0,
185907,0,none,0,0,0,0,0,0,0,
135240,0,none,0,0,0,0,0,0,0,
123399,0,none,0,0,0,0,0,0,0,
183369,0,none,0,0,0,0,0,0,0,
20327,0,none,0,0,0,0,0,0,0,
2806,0,none,0,0,0,0,0,0,0,
95590,0,none,0,0,0,0,0,0,0,
74297,0,none,0,0,0,0,0,0,0,
87086,0,none,0,0,0,0,0,0,0,
153633,0,none,0,0,0,0,0,0,0,
16122,0,none,0,0,0,0,0,0,0,
69817,0,none,0,0,0,0,0,0,0,
34999,0,none,0,0,0,0,0,0,0,
150759,0,none,0,0,0,0,0,0,0,
115913,0,none,0,0,0,0,0,0,0,
74552,0,none,0,0,0,0,0,0,0,
16338,0,none,0,0,0,0,0,0,0,
52372,0,none,0,0,0,0,0,0,0,
102781,0,none,0,0,0,0,0,0,0,
116853,0,none,0,0,0,0,0,0,0,
139045,0,none,0,0,0,0,0,0,0,
82240,0,none,0,0,0,0,0,0,0,
113151,0,none,0,0,0,0,0,0,0,
53785,0,none,0,0,0,0,0,0,0,
142924,0,none,0,0,0,0,0,0,0,
61062,0,none,0,0,0,0,0,0,0,
99510,0,none,0,0,0,0,0,0,0,
185778,0,none,0,0,0,0,0,0,0,
64631,0,none,0,0,0,0,0,0,0,
72793,0,none,0,0,0,0,0,0,0,
170228,0,none,0,0,0,0,0,0,0,
163806,0,none,0,0,0,0,0,0,0,
141702,0,none,0,0,0,0,0,0,0,
518,0,none,0,0,0,0,0,0,0,
50276,0,none,0,0,0,0,0,0,0,
69128,0,none,0,0,0,0,0,0,0,
20371,0,none,0,0,0,0,0,0,0,
9707,0,none,0,0,0,0,0,0,0,
123458,0,none,0,0,0,0,0,0,0,
109429,0,none,0,0,0,0,0,0,0,
187918,0,none,0,0,0,0,0,0,0,
81834,0,none,0,0,0,0,0,0,0,
149837,0,none,0,0,0,0,0,0,0,
115824,0,none,0,0,0,0,0,0,0,
103252,0,none,0,0,0,0,0,0,0,
10769,0,none,0,0,0,0,0,0,0,
34505,0,none,0,0,0,0,0,0,0,
166980,0,none,0,0,0,0,0,0,0,
87644,0,none,0,0,0,0,0,0,0,
99975,0,none,0,0,0,0,0,0,0,
61139,0,none,0,0,0,0,0,0,0,
25088,0,none,0,0,0,0,0,0,0,
77090,0,none,0,0,0,0,0,0,0,
168321,0,none,0,0,0,0,0,0,0,
45929,0,none,0,0,0,0,0,0,0,
144500,0,none,0,0,0,0,0,0,0,
182771,0,none,0,0,0,0,0,0,0,
33433,0,none,0,0,0,0,0,0,0,
16484,0,none,0,0,0,0,0,0,0,
183206,0,none,0,0,0,0,0,0,0,
131607,0,none,0,0,0,0,0,0,0,
57820,0,none,0,0,0,0,0,0,0,
35328,0,none,0,0,0,0,0,0,0,
107314,0,none,0,0,0,0,0,0,0,
5221,0,none,0,0,0,0,0,0,0,
107596,0,none,0,0,0,0,0,0,0,
75976,0,none,0,0,0,0,0,0,0,
135323,0,none,0,0,0,0,0,0,0,
49073,0,none,0,0,0,0,0,0,0,
42974,0,none,0,0,0,0,0,0,0,
149480,0,none,0,0,0,0,0,0,0,
9949,0,none,0,0,0,0,0,0,0,
58567,0,none,0,0,0,0,0,0,0,
17984,10,high,0,0,0,0,2,0,0,double_free
10742,0,none,0,0,0,0,0,0,0,
114804,0,none,0,0,0,0,0,0,0,
147393,0,none,0,0,0,0,0,0,0,
49226,0,none,0,0,0,0,0,0,0,
107428,0,none,0,0,0,0,0,0,0,
163211,0,none,0,0,0,0,0,0,0,
111206,0,none,0,0,0,0,0,0,0,
49044,0,none,0,0,0,0,0,0,0,
35919,0,none,0,0,0,0,0,0,0,
117154,0,none,0,0,0,0,0,0,0,
65106,0,none,0,0,0,0,0,0,0,
114731,0,none,0,0,0,0,0,0,0,
154622,0,none,0,0,0,0,0,0,0,
177812,3,low,0,1,0,0,0,0,0,memcpy_unchecked
71758,0,none,0,0,0,0,0,0,0,
17615,0,none,0,0,0,0,0,0,0,
122345,0,none,0,0,0,0,0,0,0,
187880,0,none,0,0,0,0,0,0,0,
128912,0,none,0,0,0,0,0,0,0,
106145,0,none,0,0,0,0,0,0,0,
92816,0,none,0,0,0,0,0,0,0,
2353,0,none,0,0,0,0,0,0,0,
128143,0,none,0,0,0,0,0,0,0,
69228,0,none,0,0,0,0,0,0,0,
81737,0,none,0,0,0,0,0,0,0,
46854,0,none,0,0,0,0,0,0,0,
132184,0,none,0,0,0,0,0,0,0,
148263,0,none,0,0,0,0,0,0,0,
12943,0,none,0,0,0,0,0,0,0,
103622,0,none,0,0,0,0,0,0,0,
187625,0,none,0,0,0,0,0,0,0,
28903,0,none,0,0,0,0,0,0,0,
140361,0,none,0,0,0,0,0,0,0,
49858,0,none,0,0,0,0,0,0,0,
71599,0,none,0,0,0,0,0,0,0,
61253,0,none,0,0,0,0,0,0,0,
139071,0,none,0,0,0,0,0,0,0,
60014,0,none,0,0,0,0,0,0,0,
36887,0,none,0,0,0,0,0,0,0,
40571,0,none,0,0,0,0,0,0,0,
70921,0,none,0,0,0,0,0,0,0,
39969,0,none,0,0,0,0,0,0,0,
53935,0,none,0,0,0,0,0,0,0,
48914,0,none,0,0,0,0,0,0,0,
137180,0,none,0,0,0,0,0,0,0,
166569,0,none,0,0,0,0,0,0,0,
175245,3,low,0,1,0,0,0,0,0,memcpy_unchecked
145285,0,none,0,0,0,0,0,0,0,
55530,0,none,0,0,0,0,0,0,0,
156642,0,none,0,0,0,0,0,0,0,
77628,0,none,0,0,0,0,0,0,0,
115559,0,none,0,0,0,0,0,0,0,
145616,0,none,0,0,0,0,0,0,0,
187096,0,none,0,0,0,0,0,0,0,
50881,0,none,0,0,0,0,0,0,0,
63396,0,none,0,0,0,0,0,0,0,
43781,0,none,0,0,0,0,0,0,0,
29453,0,none,0,0,0,0,0,0,0,
17216,0,none,0,0,0,0,0,0,0,
166718,0,none,0,0,0,0,0,0,0,
187473,0,none,0,0,0,0,0,0,0,
41380,0,none,0,0,0,0,0,0,0,
41165,0,none,0,0,0,0,0,0,0,
178401,0,none,0,0,0,0,0,0,0,
163986,0,none,0,0,0,0,0,0,0,
74387,0,none,0,0,0,0,0,0,0,
6295,0,none,0,0,0,0,0,0,0,
8098,0,none,0,0,0,0,0,0,0,
81588,0,none,0,0,0,0,0,0,0,
55160,0,none,0,0,0,0,0,0,0,
11363,0,none,0,0,0,0,0,0,0,
77942,0,none,0,0,0,0,0,0,0,
77650,0,none,0,0,0,0,0,0,0,
25876,0,none,0,0,0,0,0,0,0,
63180,0,none,0,0,0,0,0,0,0,
93656,0,none,0,0,0,0,0,0,0,
175489,0,none,0,0,0,0,0,0,0,
46256,0,none,0,0,0,0,0,0,0,
58376,0,none,0,0,0,0,0,0,0,
96378,0,none,0,0,0,0,0,0,0,
170294,0,none,0,0,0,0,0,0,0,
26879,0,none,0,0,0,0,0,0,0,
16583,0,none,0,0,0,0,0,0,0,
66337,0,none,0,0,0,0,0,0,0,
139617,0,none,0,0,0,0,0,0,0,
91911,0,none,0,0,0,0,0,0,0,
2920,0,none,0,0,0,0,0,0,0,
100762,0,none,0,0,0,0,0,0,0,
141319,0,none,0,0,0,0,0,0,0,
104264,0,none,0,0,0,0,0,0,0,
164323,0,none,0,0,0,0,0,0,0,
157725,0,none,0,0,0,0,0,0,0,
84426,0,none,0,0,0,0,0,0,0,
15382,0,none,0,0,0,0,0,0,0,
101842,0,none,0,0,0,0,0,0,0,
93570,0,none,0,0,0,0,0,0,0,
36315,0,none,0,0,0,0,0,0,0,
111493,0,none,0,0,0,0,0,0,0,
57788,0,none,0,0,0,0,0,0,0,
124416,0,none,0,0,0,0,0,0,0,
138564,0,none,0,0,0,0,0,0,0,
182977,0,none,0,0,0,0,0,0,0,
22865,0,none,0,0,0,0,0,0,0,
19871,2,low,0,0,0,0,0,0,1,size_int_overflow
132533,0,none,0,0,0,0,0,0,0,
6182,3,low,0,1,0,0,0,0,0,memcpy_unchecked
106804,0,none,0,0,0,0,0,0,0,
149656,0,none,0,0,0,0,0,0,0,
54415,0,none,0,0,0,0,0,0,0,
155527,0,none,0,0,0,0,0,0,0,
149359,0,none,0,0,0,0,0,0,0,
38072,0,none,0,0,0,0,0,0,0,
162642,0,none,0,0,0,0,0,0,0,
21013,0,none,0,0,0,0,0,0,0,
17425,0,none,0,0,0,0,0,0,0,
89537,0,none,0,0,0,0,0,0,0,
181205,0,none,0,0,0,0,0,0,0,
113584,0,none,0,0,0,0,0,0,0,
174522,3,low,0,1,0,0,0,0,0,memcpy_unchecked
163359,0,none,0,0,0,0,0,0,0,
45931,0,none,0,0,0,0,0,0,0,
178620,0,none,0,0,0,0,0,0,0,
92835,0,none,0,0,0,0,0,0,0,
158863,0,none,0,0,0,0,0,0,0,
168515,0,none,0,0,0,0,0,0,0,
123542,0,none,0,0,0,0,0,0,0,
122980,0,none,0,0,0,0,0,0,0,
10441,0,none,0,0,0,0,0,0,0,
167075,0,none,0,0,0,0,0,0,0,
141148,0,none,0,0,0,0,0,0,0,
175095,0,none,0,0,0,0,0,0,0,
124972,0,none,0,0,0,0,0,0,0,
62245,0,none,0,0,0,0,0,0,0,
25275,0,none,0,0,0,0,0,0,0,
183419,3,low,1,0,0,0,0,0,0,unsafe_func
184497,0,none,0,0,0,0,0,0,0,
150726,0,none,0,0,0,0,0,0,0,
130412,0,none,0,0,0,0,0,0,0,
107042,0,none,0,0,0,0,0,0,0,
133351,0,none,0,0,0,0,0,0,0,
37578,0,none,0,0,0,0,0,0,0,
79416,0,none,0,0,0,0,0,0,0,
25939,0,none,0,0,0,0,0,0,0,
43330,0,none,0,0,0,0,0,0,0,
122263,0,none,0,0,0,0,0,0,0,
156716,0,none,0,0,0,0,0,0,0,
41499,0,none,0,0,0,0,0,0,0,
106926,0,none,0,0,0,0,0,0,0,
123563,0,none,0,0,0,0,0,0,0,
92810,0,none,0,0,0,0,0,0,0,
72801,0,none,0,0,0,0,0,0,0,
78853,0,none,0,0,0,0,0,0,0,
174732,0,none,0,0,0,0,0,0,0,
100392,0,none,0,0,0,0,0,0,0,
144670,0,none,0,0,0,0,0,0,0,
71857,0,none,0,0,0,0,0,0,0,
40744,0,none,0,0,0,0,0,0,0,
95558,0,none,0,0,0,0,0,0,0,
26505,0,none,0,0,0,0,0,0,0,
103865,0,none,0,0,0,0,0,0,0,
153057,0,none,0,0,0,0,0,0,0,
106792,0,none,0,0,0,0,0,0,0,
52202,0,none,0,0,0,0,0,0,0,
69935,0,none,0,0,0,0,0,0,0,
146878,0,none,0,0,0,0,0,0,0,
89061,0,none,0,0,0,0,0,0,0,
2815,0,none,0,0,0,0,0,0,0,
186239,0,none,0,0,0,0,0,0,0,
83236,0,none,0,0,0,0,0,0,0,
112209,0,none,0,0,0,0,0,0,0,
48828,0,none,0,0,0,0,0,0,0,
183634,0,none,0,0,0,0,0,0,0,
60260,0,none,0,0,0,0,0,0,0,
50480,0,none,0,0,0,0,0,0,0,
89964,0,none,0,0,0,0,0,0,0,
22975,0,none,0,0,0,0,0,0,0,
105690,0,none,0,0,0,0,0,0,0,
148497,0,none,0,0,0,0,0,0,0,
118065,0,none,0,0,0,0,0,0,0,
77202,0,none,0,0,0,0,0,0,0,
97616,0,none,0,0,0,0,0,0,0,
159193,0,none,0,0,0,0,0,0,0,
120393,0,none,0,0,0,0,0,0,0,
110628,0,none,0,0,0,0,0,0,0,
164185,0,none,0,0,0,0,0,0,0,
124544,0,none,0,0,0,0,0,0,0,
118208,0,none,0,0,0,0,0,0,0,
129374,0,none,0,0,0,0,0,0,0,
113106,0,none,0,0,0,0,0,0,0,
172773,0,none,0,0,0,0,0,0,0,
170899,0,none,0,0,0,0,0,0,0,
147442,0,none,0,0,0,0,0,0,0,
62519,0,none,0,0,0,0,0,0,0,
911,0,none,0,0,0,0,0,0,0,
176341,0,none,0,0,0,0,0,0,0,
139087,0,none,0,0,0,0,0,0,0,
46545,0,none,0,0,0,0,0,0,0,
153766,0,none,0,0,0,0,0,0,0,
51445,0,none,0,0,0,0,0,0,0,
144725,0,none,0,0,0,0,0,0,0,
66217,0,none,0,0,0,0,0,0,0,
47554,0,none,0,0,0,0,0,0,0,
182180,0,none,0,0,0,0,0,0,0,
188371,0,none,0,0,0,0,0,0,0,
116211,0,none,0,0,0,0,0,0,0,
169244,0,none,0,0,0,0,0,0,0,
152319,0,none,0,0,0,0,0,0,0,
145312,0,none,0,0,0,0,0,0,0,
9457,0,none,0,0,0,0,0,0,0,
148647,0,none,0,0,0,0,0,0,0,
166160,0,none,0,0,0,0,0,0,0,
34950,0,none,0,0,0,0,0,0,0,
130086,0,none,0,0,0,0,0,0,0,
44277,0,none,0,0,0,0,0,0,0,
135217,0,none,0,0,0,0,0,0,0,
134823,0,none,0,0,0,0,0,0,0,
182435,0,none,0,0,0,0,0,0,0,
121371,0,none,0,0,0,0,0,0,0,
40657,0,none,0,0,0,0,0,0,0,
135754,0,none,0,0,0,0,0,0,0,
176421,0,none,0,0,0,0,0,0,0,
35425,0,none,0,0,0,0,0,0,0,
130143,0,none,0,0,0,0,0,0,0,
66441,0,none,0,0,0,0,0,0,0,
177027,0,none,0,0,0,0,0,0,0,
39303,0,none,0,0,0,0,0,0,0,
168343,0,none,0,0,0,0,0,0,0,
60590,0,none,0,0,0,0,0,0,0,
171443,0,none,0,0,0,0,0,0,0,
65864,0,none,0,0,0,0,0,0,0,
182074,0,none,0,0,0,0,0,0,0,
89791,0,none,0,0,0,0,0,0,0,
102545,0,none,0,0,0,0,0,0,0,
42203,0,none,0,0,0,0,0,0,0,
40193,0,none,0,0,0,0,0,0,0,
78641,6,medium,0,2,0,0,0,0,0,memcpy_unchecked
77993,0,none,0,0,0,0,0,0,0,
5175,0,none,0,0,0,0,0,0,0,
164005,0,none,0,0,0,0,0,0,0,
122059,0,none,0,0,0,0,0,0,0,
36045,0,none,0,0,0,0,0,0,0,
150519,0,none,0,0,0,0,0,0,0,
144286,0,none,0,0,0,0,0,0,0,
186788,0,none,0,0,0,0,0,0,0,
51378,0,none,0,0,0,0,0,0,0,
158090,0,none,0,0,0,0,0,0,0,
130034,0,none,0,0,0,0,0,0,0,
7791,0,none,0,0,0,0,0,0,0,
115046,0,none,0,0,0,0,0,0,0,
129888,0,none,0,0,0,0,0,0,0,
34132,0,none,0,0,0,0,0,0,0,
71430,0,none,0,0,0,0,0,0,0,
165711,0,none,0,0,0,0,0,0,0,
57606,0,none,0,0,0,0,0,0,0,
45902,0,none,0,0,0,0,0,0,0,
117048,0,none,0,0,0,0,0,0,0,
85640,0,none,0,0,0,0,0,0,0,
168337,0,none,0,0,0,0,0,0,0,
148541,0,none,0,0,0,0,0,0,0,
95802,3,low,1,0,0,0,0,0,0,unsafe_func
181793,0,none,0,0,0,0,0,0,0,
181311,0,none,0,0,0,0,0,0,0,
174217,0,none,0,0,0,0,0,0,0,
95131,0,none,0,0,0,0,0,0,0,
137149,0,none,0,0,0,0,0,0,0,
136538,0,none,0,0,0,0,0,0,0,
137272,0,none,0,0,0,0,0,0,0,
26257,4,medium,0,0,0,0,0,0,2,size_int_overflow
48031,0,none,0,0,0,0,0,0,0,
169912,0,none,0,0,0,0,0,0,0,
68467,0,none,0,0,0,0,0,0,0,
106812,0,none,0,0,0,0,0,0,0,
20941,0,none,0,0,0,0,0,0,0,
136568,0,none,0,0,0,0,0,0,0,
108580,0,none,0,0,0,0,0,0,0,
49673,3,low,1,0,0,0,0,0,0,unsafe_func
26831,0,none,0,0,0,0,0,0,0,
103753,0,none,0,0,0,0,0,0,0,
60021,0,none,0,0,0,0,0,0,0,
137873,0,none,0,0,0,0,0,0,0,
138525,0,none,0,0,0,0,0,0,0,
80656,0,none,0,0,0,0,0,0,0,
50400,0,none,0,0,0,0,0,0,0,
142807,0,none,0,0,0,0,0,0,0,
124346,0,none,0,0,0,0,0,0,0,
39589,0,none,0,0,0,0,0,0,0,
166045,0,none,0,0,0,0,0,0,0,
69196,0,none,0,0,0,0,0,0,0,
42026,0,none,0,0,0,0,0,0,0,
67491,3,low,1,0,0,0,0,0,0,unsafe_func
187311,0,none,0,0,0,0,0,0,0,
36282,0,none,0,0,0,0,0,0,0,
140229,0,none,0,0,0,0,0,0,0,
25487,0,none,0,0,0,0,0,0,0,
65654,0,none,0,0,0,0,0,0,0,
92273,0,none,0,0,0,0,0,0,0,
17258,0,none,0,0,0,0,0,0,0,
86313,0,none,0,0,0,0,0,0,0,
153246,0,none,0,0,0,0,0,0,0,
149354,0,none,0,0,0,0,0,0,0,
184312,0,none,0,0,0,0,0,0,0,
187936,0,none,0,0,0,0,0,0,0,
121208,0,none,0,0,0,0,0,0,0,
124567,0,none,0,0,0,0,0,0,0,
87515,0,none,0,0,0,0,0,0,0,
118161,0,none,0,0,0,0,0,0,0,
159194,0,none,0,0,0,0,0,0,0,
40332,5,medium,0,0,0,0,0,1,0,use_after_free
73532,0,none,0,0,0,0,0,0,0,
17201,0,none,0,0,0,0,0,0,0,
148849,0,none,0,0,0,0,0,0,0,
176861,0,none,0,0,0,0,0,0,0,
19808,0,none,0,0,0,0,0,0,0,
59273,0,none,0,0,0,0,0,0,0,
114647,0,none,0,0,0,0,0,0,0,
5264,0,none,0,0,0,0,0,0,0,
5996,0,none,0,0,0,0,0,0,0,
182950,0,none,0,0,0,0,0,0,0,
140881,0,none,0,0,0,0,0,0,0,
9054,0,none,0,0,0,0,0,0,0,
37246,0,none,0,0,0,0,0,0,0,
51460,0,none,0,0,0,0,0,0,0,
68496,2,low,0,0,0,1,0,0,0,unchecked_alloc
147563,0,none,0,0,0,0,0,0,0,
153704,0,none,0,0,0,0,0,0,0,
17469,0,none,0,0,0,0,0,0,0,
107153,0,none,0,0,0,0,0,0,0,
133902,0,none,0,0,0,0,0,0,0,
34173,0,none,0,0,0,0,0,0,0,
100295,0,none,0,0,0,0,0,0,0,
147274,0,none,0,0,0,0,0,0,0,
35930,0,none,0,0,0,0,0,0,0,
95913,0,none,0,0,0,0,0,0,0,
84132,0,none,0,0,0,0,0,0,0,
46433,0,none,0,0,0,0,0,0,0,
3789,0,none,0,0,0,0,0,0,0,
47467,0,none,0,0,0,0,0,0,0,
65558,0,none,0,0,0,0,0,0,0,
45906,0,none,0,0,0,0,0,0,0,
61342,0,none,0,0,0,0,0,0,0,
30530,0,none,0,0,0,0,0,0,0,
35098,0,none,0,0,0,0,0,0,0,
17852,0,none,0,0,0,0,0,0,0,
128145,0,none,0,0,0,0,0,0,0,
126628,0,none,0,0,0,0,0,0,0,
91862,0,none,0,0,0,0,0,0,0,
122116,0,none,0,0,0,0,0,0,0,
7869,0,none,0,0,0,0,0,0,0,
156392,0,none,0,0,0,0,0,0,0,
132782,0,none,0,0,0,0,0,0,0,
83121,0,none,0,0,0,0,0,0,0,
162756,0,none,0,0,0,0,0,0,0,
93866,0,none,0,0,0,0,0,0,0,
98911,0,none,0,0,0,0,0,0,0,
168848,0,none,0,0,0,0,0,0,0,
20308,0,none,0,0,0,0,0,0,0,
17315,0,none,0,0,0,0,0,0,0,
69426,0,none,0,0,0,0,0,0,0,
159327,0,none,0,0,0,0,0,0,0,
75377,0,none,0,0,0,0,0,0,0,
7822,0,none,0,0,0,0,0,0,0,
131876,0,none,0,0,0,0,0,0,0,
148390,0,none,0,0,0,0,0,0,0,
79365,0,none,0,0,0,0,0,0,0,
105361,0,none,0,0,0,0,0,0,0,
1056,0,none,0,0,0,0,0,0,0,
113987,0,none,0,0,0,0,0,0,0,
2487,0,none,0,0,0,0,0,0,0,
168445,0,none,0,0,0,0,0,0,0,
18608,0,none,0,0,0,0,0,0,0,
171595,0,none,0,0,0,0,0,0,0,
158487,0,none,0,0,0,0,0,0,0,
46174,0,none,0,0,0,0,0,0,0,
71515,0,none,0,0,0,0,0,0,0,
159088,0,none,0,0,0,0,0,0,0,
162173,0,none,0,0,0,0,0,0,0,
77110,0,none,0,0,0,0,0,0,0,
179053,0,none,0,0,0,0,0,0,0,
42221,0,none,0,0,0,0,0,0,0,
168794,0,none,0,0,0,0,0,0,0,
186438,0,none,0,0,0,0,0,0,0,
87901,0,none,0,0,0,0,0,0,0,
5429,0,none,0,0,0,0,0,0,0,
62449,0,none,0,0,0,0,0,0,0,
28674,0,none,0,0,0,0,0,0,0,
131102,0,none,0,0,0,0,0,0,0,
119366,0,none,0,0,0,0,0,0,0,
105896,0,none,0,0,0,0,0,0,0,
105342,0,none,0,0,0,0,0,0,0,
131636,0,none,0,0,0,0,0,0,0,
166124,0,none,0,0,0,0,0,0,0,
62781,0,none,0,0,0,0,0,0,0,
13795,0,none,0,0,0,0,0,0,0,
129341,0,none,0,0,0,0,0,0,0,
178455,0,none,0,0,0,0,0,0,0,
54531,0,none,0,0,0,0,0,0,0,
53257,0,none,0,0,0,0,0,0,0,
171485,0,none,0,0,0,0,0,0,0,
85947,0,none,0,0,0,0,0,0,0,
76191,0,none,0,0,0,0,0,0,0,
19236,0,none,0,0,0,0,0,0,0,
154013,0,none,0,0,0,0,0,0,0,
54682,0,none,0,0,0,0,0,0,0,
81303,0,none,0,0,0,0,0,0,0,
70400,0,none,0,0,0,0,0,0,0,
178096,0,none,0,0,0,0,0,0,0,
133690,0,none,0,0,0,0,0,0,0,
157563,0,none,0,0,0,0,0,0,0,
18634,0,none,0,0,0,0,0,0,0,
112256,0,none,0,0,0,0,0,0,0,
40529,0,none,0,0,0,0,0,0,0,
108900,0,none,0,0,0,0,0,0,0,
122659,0,none,0,0,0,0,0,0,0,
51561,0,none,0,0,0,0,0,0,0,
157069,0,none,0,0,0,0,0,0,0,
80452,0,none,0,0,0,0,0,0,0,
87620,0,none,0,0,0,0,0,0,0,
82735,0,none,0,0,0,0,0,0,0,
7891,0,none,0,0,0,0,0,0,0,
63310,0,none,0,0,0,0,0,0,0,
50685,0,none,0,0,0,0,0,0,0,
66761,0,none,0,0,0,0,0,0,0,
61121,0,none,0,0,0,0,0,0,0,
184255,0,none,0,0,0,0,0,0,0,
157130,0,none,0,0,0,0,0,0,0,
24779,0,none,0,0,0,0,0,0,0,
64651,0,none,0,0,0,0,0,0,0,
125798,0,none,0,0,0,0,0,0,0,
89798,0,none,0,0,0,0,0,0,0,
44681,4,medium,0,0,1,0,0,0,0,format_string
32665,0,none,0,0,0,0,0,0,0,
23273,0,none,0,0,0,0,0,0,0,
135780,0,none,0,0,0,0,0,0,0,
88587,0,none,0,0,0,0,0,0,0,
38566,0,none,0,0,0,0,0,0,0,
7500,0,none,0,0,0,0,0,0,0,
71652,0,none,0,0,0,0,0,0,0,
154182,0,none,0,0,0,0,0,0,0,
125905,0,none,0,0,0,0,0,0,0,
105485,0,none,0,0,0,0,0,0,0,
186476,0,none,0,0,0,0,0,0,0,
66560,0,none,0,0,0,0,0,0,0,
3902,0,none,0,0,0,0,0,0,0,
76238,0,none,0,0,0,0,0,0,0,
137581,0,none,0,0,0,0,0,0,0,
151927,0,none,0,0,0,0,0,0,0,
128752,0,none,0,0,0,0,0,0,0,
119951,0,none,0,0,0,0,0,0,0,
159468,0,none,0,0,0,0,0,0,0,
30098,0,none,0,0,0,0,0,0,0,
154469,0,none,0,0,0,0,0,0,0,
60455,0,none,0,0,0,0,0,0,0,
46723,0,none,0,0,0,0,0,0,0,
24537,0,none,0,0,0,0,0,0,0,
14804,0,none,0,0,0,0,0,0,0,
95971,0,none,0,0,0,0,0,0,0,
104904,0,none,0,0,0,0,0,0,0,
60269,0,none,0,0,0,0,0,0,0,
144125,0,none,0,0,0,0,0,0,0,
60766,0,none,0,0,0,0,0,0,0,
164408,0,none,0,0,0,0,0,0,0,
179638,3,low,0,1,0,0,0,0,0,memcpy_unchecked
175193,0,none,0,0,0,0,0,0,0,
88933,0,none,0,0,0,0,0,0,0,
148477,0,none,0,0,0,0,0,0,0,
177019,0,none,0,0,0,0,0,0,0,
67146,0,none,0,0,0,0,0,0,0,
142577,0,none,0,0,0,0,0,0,0,
36970,0,none,0,0,0,0,0,0,0,
46798,0,none,0,0,0,0,0,0,0,
165008,0,none,0,0,0,0,0,0,0,
100095,0,none,0,0,0,0,0,0,0,
139387,0,none,0,0,0,0,0,0,0,
102452,0,none,0,0,0,0,0,0,0,
52363,0,none,0,0,0,0,0,0,0,
104206,0,none,0,0,0,0,0,0,0,
184742,0,none,0,0,0,0,0,0,0,
96750,0,none,0,0,0,0,0,0,0,
102603,0,none,0,0,0,0,0,0,0,
101297,0,none,0,0,0,0,0,0,0,
167431,0,none,0,0,0,0,0,0,0,
134604,0,none,0,0,0,0,0,0,0,
50284,12,high,0,0,4,0,0,0,0,format_string
76204,0,none,0,0,0,0,0,0,0,
119808,0,none,0,0,0,0,0,0,0,
72220,0,none,0,0,0,0,0,0,0,
179651,0,none,0,0,0,0,0,0,0,
110302,0,none,0,0,0,0,0,0,0,
993,0,none,0,0,0,0,0,0,0,
17095,0,none,0,0,0,0,0,0,0,
168838,0,none,0,0,0,0,0,0,0,
167308,0,none,0,0,0,0,0,0,0,
94848,0,none,0,0,0,0,0,0,0,
123506,0,none,0,0,0,0,0,0,0,
90764,0,none,0,0,0,0,0,0,0,
143684,0,none,0,0,0,0,0,0,0,
119857,0,none,0,0,0,0,0,0,0,
138385,0,none,0,0,0,0,0,0,0,
186050,0,none,0,0,0,0,0,0,0,
123871,0,none,0,0,0,0,0,0,0,
62146,0,none,0,0,0,0,0,0,0,
182662,0,none,0,0,0,0,0,0,0,
115627,0,none,0,0,0,0,0,0,0,
80420,0,none,0,0,0,0,0,0,0,
29052,0,none,0,0,0,0,0,0,0,
441,0,none,0,0,0,0,0,0,0,
42413,0,none,0,0,0,0,0,0,0,
33584,0,none,0,0,0,0,0,0,0,
9338,0,none,0,0,0,0,0,0,0,
110770,0,none,0,0,0,0,0,0,0,
128585,0,none,0,0,0,0,0,0,0,
50362,0,none,0,0,0,0,0,0,0,
22936,0,none,0,0,0,0,0,0,0,
32404,0,none,0,0,0,0,0,0,0,
99689,0,none,0,0,0,0,0,0,0,
18205,0,none,0,0,0,0,0,0,0,
110491,0,none,0,0,0,0,0,0,0,
3963,0,none,0,0,0,0,0,0,0,
62282,0,none,0,0,0,0,0,0,0,
142513,0,none,0,0,0,0,0,0,0,
3262,0,none,0,0,0,0,0,0,0,
4293,0,none,0,0,0,0,0,0,0,
172982,0,none,0,0,0,0,0,0,0,
86621,0,none,0,0,0,0,0,0,0,
85247,0,none,0,0,0,0,0,0,0,
149426,0,none,0,0,0,0,0,0,0,
136908,0,none,0,0,0,0,0,0,0,
153925,0,none,0,0,0,0,0,0,0,
56474,0,none,0,0,0,0,0,0,0,
6912,0,none,0,0,0,0,0,0,0,
112020,0,none,0,0,0,0,0,0,0,
130371,0,none,0,0,0,0,0,0,0,
127566,0,none,0,0,0,0,0,0,0,
12132,0,none,0,0,0,0,0,0,0,
150603,0,none,0,0,0,0,0,0,0,
33711,0,none,0,0,0,0,0,0,0,
102563,0,none,0,0,0,0,0,0,0,
87811,0,none,0,0,0,0,0,0,0,
20755,0,none,0,0,0,0,0,0,0,
158445,0,none,0,0,0,0,0,0,0,
152789,0,none,0,0,0,0,0,0,0,
18925,0,none,0,0,0,0,0,0,0,
58400,0,none,0,0,0,0,0,0,0,
15057,0,none,0,0,0,0,0,0,0,
136922,0,none,0,0,0,0,0,0,0,
183024,0,none,0,0,0,0,0,0,0,
145503,0,none,0,0,0,0,0,0,0,
176813,0,none,0,0,0,0,0,0,0,
133600,0,none,0,0,0,0,0,0,0,
87250,0,none,0,0,0,0,0,0,0,
98343,0,none,0,0,0,0,0,0,0,
146942,0,none,0,0,0,0,0,0,0,
104423,0,none,0,0,0,0,0,0,0,
91061,0,none,0,0,0,0,0,0,0,
73420,0,none,0,0,0,0,0,0,0,
72555,0,none,0,0,0,0,0,0,0,
163954,0,none,0,0,0,0,0,0,0,
165409,0,none,0,0,0,0,0,0,0,
74583,0,none,0,0,0,0,0,0,0,
127036,0,none,0,0,0,0,0,0,0,
75587,0,none,0,0,0,0,0,0,0,
11114,0,none,0,0,0,0,0,0,0,
112590,0,none,0,0,0,0,0,0,0,
89734,0,none,0,0,0,0,0,0,0,
29585,2,low,0,0,0,0,0,0,1,size_int_overflow
21106,0,none,0,0,0,0,0,0,0,
141239,0,none,0,0,0,0,0,0,0,
134439,0,none,0,0,0,0,0,0,0,
67433,0,none,0,0,0,0,0,0,0,
51411,0,none,0,0,0,0,0,0,0,
74117,0,none,0,0,0,0,0,0,0,
100734,0,none,0,0,0,0,0,0,0,
144018,0,none,0,0,0,0,0,0,0,
130550,0,none,0,0,0,0,0,0,0,
122719,0,none,0,0,0,0,0,0,0,
129688,0,none,0,0,0,0,0,0,0,
48746,2,low,0,0,0,0,0,0,1,size_int_overflow
157108,0,none,0,0,0,0,0,0,0,
176917,0,none,0,0,0,0,0,0,0,
89108,0,none,0,0,0,0,0,0,0,
168559,0,none,0,0,0,0,0,0,0,
121731,0,none,0,0,0,0,0,0,0,
67567,0,none,0,0,0,0,0,0,0,
94209,4,medium,0,0,0,0,0,0,2,size_int_overflow
76202,0,none,0,0,0,0,0,0,0,
56270,0,none,0,0,0,0,0,0,0,
66502,0,none,0,0,0,0,0,0,0,
173049,0,none,0,0,0,0,0,0,0,
52349,0,none,0,0,0,0,0,0,0,
128164,0,none,0,0,0,0,0,0,0,
171851,0,none,0,0,0,0,0,0,0,
115053,0,none,0,0,0,0,0,0,0,
183539,0,none,0,0,0,0,0,0,0,
147362,0,none,0,0,0,0,0,0,0,
185848,0,none,0,0,0,0,0,0,0,
152022,0,none,0,0,0,0,0,0,0,
172485,0,none,0,0,0,0,0,0,0,
126115,0,none,0,0,0,0,0,0,0,
129171,0,none,0,0,0,0,0,0,0,
51355,0,none,0,0,0,0,0,0,0,
64571,0,none,0,0,0,0,0,0,0,
85260,0,none,0,0,0,0,0,0,0,
131484,0,none,0,0,0,0,0,0,0,
148136,0,none,0,0,0,0,0,0,0,
164521,0,none,0,0,0,0,0,0,0,
52815,0,none,0,0,0,0,0,0,0,
166983,0,none,0,0,0,0,0,0,0,
6096,0,none,0,0,0,0,0,0,0,
29372,0,none,0,0,0,0,0,0,0,
24727,0,none,0,0,0,0,0,0,0,
55015,0,none,0,0,0,0,0,0,0,
121973,0,none,0,0,0,0,0,0,0,
15699,0,none,0,0,0,0,0,0,0,
53945,0,none,0,0,0,0,0,0,0,
13740,0,none,0,0,0,0,0,0,0,
180788,0,none,0,0,0,0,0,0,0,
12138,0,none,0,0,0,0,0,0,0,
29917,0,none,0,0,0,0,0,0,0,
18750,0,none,0,0,0,0,0,0,0,
45184,0,none,0,0,0,0,0,0,0,
65098,0,none,0,0,0,0,0,0,0,
62289,0,none,0,0,0,0,0,0,0,
138332,0,none,0,0,0,0,0,0,0,
85547,0,none,0,0,0,0,0,0,0,
34225,0,none,0,0,0,0,0,0,0,
81073,0,none,0,0,0,0,0,0,0,
83559,0,none,0,0,0,0,0,0,0,
29218,2,low,0,0,0,0,0,0,1,size_int_overflow
77615,0,none,0,0,0,0,0,0,0,
111880,0,none,0,0,0,0,0,0,0,
16683,0,none,0,0,0,0,0,0,0,
100744,0,none,0,0,0,0,0,0,0,
80095,0,none,0,0,0,0,0,0,0,
102137,0,none,0,0,0,0,0,0,0,
137153,0,none,0,0,0,0,0,0,0,
87959,0,none,0,0,0,0,0,0,0,
50972,0,none,0,0,0,0,0,0,0,
62212,0,none,0,0,0,0,0,0,0,
7375,0,none,0,0,0,0,0,0,0,
123979,0,none,0,0,0,0,0,0,0,
80886,0,none,0,0,0,0,0,0,0,
114726,0,none,0,0,0,0,0,0,0,
121011,0,none,0,0,0,0,0,0,0,
164760,0,none,0,0,0,0,0,0,0,
158404,0,none,0,0,0,0,0,0,0,
82013,0,none,0,0,0,0,0,0,0,
22638,0,none,0,0,0,0,0,0,0,
90245,0,none,0,0,0,0,0,0,0,
74964,0,none,0,0,0,0,0,0,0,
2277,0,none,0,0,0,0,0,0,0,
138316,0,none,0,0,0,0,0,0,0,
1634,0,none,0,0,0,0,0,0,0,
62480,0,none,0,0,0,0,0,0,0,
22661,0,none,0,0,0,0,0,0,0,
73813,0,none,0,0,0,0,0,0,0,
103917,0,none,0,0,0,0,0,0,0,
12371,0,none,0,0,0,0,0,0,0,
180149,0,none,0,0,0,0,0,0,0,
171911,0,none,0,0,0,0,0,0,0,
65464,0,none,0,0,0,0,0,0,0,
186152,0,none,0,0,0,0,0,0,0,
73137,0,none,0,0,0,0,0,0,0,
127224,0,none,0,0,0,0,0,0,0,
174966,0,none,0,0,0,0,0,0,0,
25798,0,none,0,0,0,0,0,0,0,
12378,0,none,0,0,0,0,0,0,0,
154848,0,none,0,0,0,0,0,0,0,
147777,0,none,0,0,0,0,0,0,0,
107220,0,none,0,0,0,0,0,0,0,
185655,0,none,0,0,0,0,0,0,0,
143048,0,none,0,0,0,0,0,0,0,
155224,0,none,0,0,0,0,0,0,0,
181947,0,none,0,0,0,0,0,0,0,
89689,0,none,0,0,0,0,0,0,0,
157184,0,none,0,0,0,0,0,0,0,
41373,2,low,0,0,0,0,0,0,1,size_int_overflow
20287,0,none,0,0,0,0,0,0,0,
50444,0,none,0,0,0,0,0,0,0,
55567,0,none,0,0,0,0,0,0,0,
118294,0,none,0,0,0,0,0,0,0,
84266,0,none,0,0,0,0,0,0,0,
13544,0,none,0,0,0,0,0,0,0,
149932,0,none,0,0,0,0,0,0,0,
138001,0,none,0,0,0,0,0,0,0,
96476,0,none,0,0,0,0,0,0,0,
161553,0,none,0,0,0,0,0,0,0,
5285,0,none,0,0,0,0,0,0,0,
5517,0,none,0,0,0,0,0,0,0,
78629,0,none,0,0,0,0,0,0,0,
120980,0,none,0,0,0,0,0,0,0,
40893,0,none,0,0,0,0,0,0,0,
19629,0,none,0,0,0,0,0,0,0,
40201,0,none,0,0,0,0,0,0,0,
101014,0,none,0,0,0,0,0,0,0,
68463,0,none,0,0,0,0,0,0,0,
96745,0,none,0,0,0,0,0,0,0,
74756,0,none,0,0,0,0,0,0,0,
105861,0,none,0,0,0,0,0,0,0,
156066,0,none,0,0,0,0,0,0,0,
161199,0,none,0,0,0,0,0,0,0,
87104,0,none,0,0,0,0,0,0,0,
172971,4,medium,0,0,0,0,0,0,2,size_int_overflow
168707,0,none,0,0,0,0,0,0,0,
86679,0,none,0,0,0,0,0,0,0,
147891,0,none,0,0,0,0,0,0,0,
11244,0,none,0,0,0,0,0,0,0,
3343,0,none,0,0,0,0,0,0,0,
77146,0,none,0,0,0,0,0,0,0,
23288,0,none,0,0,0,0,0,0,0,
44661,2,low,0,0,0,0,0,0,1,size_int_overflow
42186,0,none,0,0,0,0,0,0,0,
46057,0,none,0,0,0,0,0,0,0,
46207,0,none,0,0,0,0,0,0,0,
69697,0,none,0,0,0,0,0,0,0,
128593,0,none,0,0,0,0,0,0,0,
23554,0,none,0,0,0,0,0,0,0,
52180,0,none,0,0,0,0,0,0,0,
175857,0,none,0,0,0,0,0,0,0,
56938,0,none,0,0,0,0,0,0,0,
177104,0,none,0,0,0,0,0,0,0,
151660,0,none,0,0,0,0,0,0,0,
89222,0,none,0,0,0,0,0,0,0,
52429,0,none,0,0,0,0,0,0,0,
43770,0,none,0,0,0,0,0,0,0,
134665,3,low,0,1,0,0,0,0,0,memcpy_unchecked
92259,6,medium,0,2,0,0,0,0,0,memcpy_unchecked
98191,0,none,0,0,0,0,0,0,0,
122841,0,none,0,0,0,0,0,0,0,
148602,0,none,0,0,0,0,0,0,0,
41356,0,none,0,0,0,0,0,0,0,
41039,0,none,0,0,0,0,0,0,0,
82183,0,none,0,0,0,0,0,0,0,
24803,0,none,0,0,0,0,0,0,0,
84496,0,none,0,0,0,0,0,0,0,
139648,0,none,0,0,0,0,0,0,0,
141381,0,none,0,0,0,0,0,0,0,
116640,0,none,0,0,0,0,0,0,0,
167914,0,none,0,0,0,0,0,0,0,
180830,0,none,0,0,0,0,0,0,0,
17865,0,none,0,0,0,0,0,0,0,
91658,0,none,0,0,0,0,0,0,0,
27166,0,none,0,0,0,0,0,0,0,
84490,0,none,0,0,0,0,0,0,0,
86081,0,none,0,0,0,0,0,0,0,
96386,0,none,0,0,0,0,0,0,0,
80366,0,none,0,0,0,0,0,0,0,
161213,0,none,0,0,0,0,0,0,0,
138558,0,none,0,0,0,0,0,0,0,
60526,0,none,0,0,0,0,0,0,0,
53794,0,none,0,0,0,0,0,0,0,
172972,6,medium,0,0,1,0,0,0,1,format_string;size_int_overflow
97996,0,none,0,0,0,0,0,0,0,
118740,0,none,0,0,0,0,0,0,0,
154743,0,none,0,0,0,0,0,0,0,
5655,0,none,0,0,0,0,0,0,0,
65603,0,none,0,0,0,0,0,0,0,
1908,0,none,0,0,0,0,0,0,0,
65039,0,none,0,0,0,0,0,0,0,
19059,0,none,0,0,0,0,0,0,0,
53914,0,none,0,0,0,0,0,0,0,
31951,0,none,0,0,0,0,0,0,0,
68342,0,none,0,0,0,0,0,0,0,
106005,0,none,0,0,0,0,0,0,0,
70402,6,medium,2,0,0,0,0,0,0,unsafe_func
167246,0,none,0,0,0,0,0,0,0,
184775,0,none,0,0,0,0,0,0,0,
149950,0,none,0,0,0,0,0,0,0,
76981,0,none,0,0,0,0,0,0,0,
13354,0,none,0,0,0,0,0,0,0,
105199,0,none,0,0,0,0,0,0,0,
136191,0,none,0,0,0,0,0,0,0,
106246,0,none,0,0,0,0,0,0,0,
112860,0,none,0,0,0,0,0,0,0,
75631,0,none,0,0,0,0,0,0,0,
99488,0,none,0,0,0,0,0,0,0,
71826,0,none,0,0,0,0,0,0,0,
39220,0,none,0,0,0,0,0,0,0,
11931,0,none,0,0,0,0,0,0,0,
164602,0,none,0,0,0,0,0,0,0,
67902,0,none,0,0,0,0,0,0,0,
183537,0,none,0,0,0,0,0,0,0,
178206,0,none,0,0,0,0,0,0,0,
13037,0,none,0,0,0,0,0,0,0,
43502,0,none,0,0,0,0,0,0,0,
91931,0,none,0,0,0,0,0,0,0,
2969,3,low,0,1,0,0,0,0,0,memcpy_unchecked
87857,0,none,0,0,0,0,0,0,0,
126790,0,none,0,0,0,0,0,0,0,
41047,0,none,0,0,0,0,0,0,0,
177497,0,none,0,0,0,0,0,0,0,
14832,0,none,0,0,0,0,0,0,0,
29183,0,none,0,0,0,0,0,0,0,
185693,0,none,0,0,0,0,0,0,0,
42247,0,none,0,0,0,0,0,0,0,
181521,0,none,0,0,0,0,0,0,0,
60031,0,none,0,0,0,0,0,0,0,
21058,0,none,0,0,0,0,0,0,0,
145698,0,none,0,0,0,0,0,0,0,
49985,0,none,0,0,0,0,0,0,0,
9005,0,none,0,0,0,0,0,0,0,
177136,0,none,0,0,0,0,0,0,0,
184001,0,none,0,0,0,0,0,0,0,
50287,4,medium,0,0,1,0,0,0,0,format_string
53113,0,none,0,0,0,0,0,0,0,
71741,0,none,0,0,0,0,0,0,0,
165253,0,none,0,0,0,0,0,0,0,
39930,0,none,0,0,0,0,0,0,0,
30538,9,high,0,3,0,0,0,0,0,memcpy_unchecked
155968,0,none,0,0,0,0,0,0,0,
113947,0,none,0,0,0,0,0,0,0,
107665,0,none,0,0,0,0,0,0,0,
46744,0,none,0,0,0,0,0,0,0,
125436,0,none,0,0,0,0,0,0,0,
5457,0,none,0,0,0,0,0,0,0,
186044,0,none,0,0,0,0,0,0,0,
118526,0,none,0,0,0,0,0,0,0,
115263,0,none,0,0,0,0,0,0,0,
136705,0,none,0,0,0,0,0,0,0,
6386,0,none,0,0,0,0,0,0,0,
181608,0,none,0,0,0,0,0,0,0,
82432,0,none,0,0,0,0,0,0,0,
135324,0,none,0,0,0,0,0,0,0,
156005,0,none,0,0,0,0,0,0,0,
142507,0,none,0,0,0,0,0,0,0,
141732,0,none,0,0,0,0,0,0,0,
43559,0,none,0,0,0,0,0,0,0,
89823,0,none,0,0,0,0,0,0,0,
147678,0,none,0,0,0,0,0,0,0,
73708,0,none,0,0,0,0,0,0,0,
163847,0,none,0,0,0,0,0,0,0,
122729,0,none,0,0,0,0,0,0,0,
147833,0,none,0,0,0,0,0,0,0,
66438,0,none,0,0,0,0,0,0,0,
178169,6,medium,2,0,0,0,0,0,0,unsafe_func
131305,0,none,0,0,0,0,0,0,0,
174776,0,none,0,0,0,0,0,0,0,
59602,0,none,0,0,0,0,0,0,0,
21065,0,none,0,0,0,0,0,0,0,
185834,0,none,0,0,0,0,0,0,0,
136674,0,none,0,0,0,0,0,0,0,
75970,0,none,0,0,0,0,0,0,0,
29522,0,none,0,0,0,0,0,0,0,
183242,0,none,0,0,0,0,0,0,0,
115011,0,none,0,0,0,0,0,0,0,
7742,4,medium,0,0,0,2,0,0,0,unchecked_alloc
25891,0,none,0,0,0,0,0,0,0,
112322,0,none,0,0,0,0,0,0,0,
155672,0,none,0,0,0,0,0,0,0,
23491,0,none,0,0,0,0,0,0,0,
110361,0,none,0,0,0,0,0,0,0,
168926,0,none,0,0,0,0,0,0,0,
152244,0,none,0,0,0,0,0,0,0,
102998,0,none,0,0,0,0,0,0,0,
157714,0,none,0,0,0,0,0,0,0,
78151,0,none,0,0,0,0,0,0,0,
73484,0,none,0,0,0,0,0,0,0,
19938,0,none,0,0,0,0,0,0,0,
64834,0,none,0,0,0,0,0,0,0,
141978,0,none,0,0,0,0,0,0,0,
77098,0,none,0,0,0,0,0,0,0,
169592,0,none,0,0,0,0,0,0,0,
13652,0,none,0,0,0,0,0,0,0,
72747,0,none,0,0,0,0,0,0,0,
46728,0,none,0,0,0,0,0,0,0,
38598,0,none,0,0,0,0,0,0,0,
2882,0,none,0,0,0,0,0,0,0,
141597,0,none,0,0,0,0,0,0,0,
60936,0,none,0,0,0,0,0,0,0,
1249,0,none,0,0,0,0,0,0,0,
7081,0,none,0,0,0,0,0,0,0,
178394,0,none,0,0,0,0,0,0,0,
112754,0,none,0,0,0,0,0,0,0,
66434,0,none,0,0,0,0,0,0,0,
135557,0,none,0,0,0,0,0,0,0,
82728,0,none,0,0,0,0,0,0,0,
85891,0,none,0,0,0,0,0,0,0,
150608,0,none,0,0,0,0,0,0,0,
7567,0,none,0,0,0,0,0,0,0,
66885,0,none,0,0,0,0,0,0,0,
118793,0,none,0,0,0,0,0,0,0,
5754,0,none,0,0,0,0,0,0,0,
68893,0,none,0,0,0,0,0,0,0,
5835,0,none,0,0,0,0,0,0,0,
85806,0,none,0,0,0,0,0,0,0,
88868,0,none,0,0,0,0,0,0,0,
125349,0,none,0,0,0,0,0,0,0,
135630,0,none,0,0,0,0,0,0,0,
107269,0,none,0,0,0,0,0,0,0,
109766,0,none,0,0,0,0,0,0,0,
41322,0,none,0,0,0,0,0,0,0,
104740,0,none,0,0,0,0,0,0,0,
137346,0,none,0,0,0,0,0,0,0,
107642,0,none,0,0,0,0,0,0,0,
70766,4,medium,0,0,1,0,0,0,0,format_string
162129,0,none,0,0,0,0,0,0,0,
97071,0,none,0,0,0,0,0,0,0,
152762,0,none,0,0,0,0,0,0,0,
100478,0,none,0,0,0,0,0,0,0,
137400,0,none,0,0,0,0,0,0,0,
94171,3,low,1,0,0,0,0,0,0,unsafe_func
168961,0,none,0,0,0,0,0,0,0,
169039,0,none,0,0,0,0,0,0,0,
13587,0,none,0,0,0,0,0,0,0,
179299,0,none,0,0,0,0,0,0,0,
123290,0,none,0,0,0,0,0,0,0,
116598,0,none,0,0,0,0,0,0,0,
162946,0,none,0,0,0,0,0,0,0,
60188,0,none,0,0,0,0,0,0,0,
173460,0,none,0,0,0,0,0,0,0,
95496,0,none,0,0,0,0,0,0,0,
10409,0,none,0,0,0,0,0,0,0,
16310,0,none,0,0,0,0,0,0,0,
57960,0,none,0,0,0,0,0,0,0,
48654,0,none,0,0,0,0,0,0,0,
146102,0,none,0,0,0,0,0,0,0,
47162,0,none,0,0,0,0,0,0,0,
34958,0,none,0,0,0,0,0,0,0,
10429,0,none,0,0,0,0,0,0,0,
3131,0,none,0,0,0,0,0,0,0,
131388,0,none,0,0,0,0,0,0,0,
52091,0,none,0,0,0,0,0,0,0,
80621,0,none,0,0,0,0,0,0,0,
22521,0,none,0,0,0,0,0,0,0,
29642,0,none,0,0,0,0,0,0,0,
23919,0,none,0,0,0,0,0,0,0,
106177,0,none,0,0,0,0,0,0,0,
4834,0,none,0,0,0,0,0,0,0,
171362,0,none,0,0,0,0,0,0,0,
174935,0,none,0,0,0,0,0,0,0,
42277,0,none,0,0,0,0,0,0,0,
101910,0,none,0,0,0,0,0,0,0,
74156,0,none,0,0,0,0,0,0,0,
134328,0,none,0,0,0,0,0,0,0,
154396,0,none,0,0,0,0,0,0,0,
149245,0,none,0,0,0,0,0,0,0,
115307,0,none,0,0,0,0,0,0,0,
14848,0,none,0,0,0,0,0,0,0,
169289,0,none,0,0,0,0,0,0,0,
34467,0,none,0,0,0,0,0,0,0,
89091,0,none,0,0,0,0,0,0,0,
147926,0,none,0,0,0,0,0,0,0,
117615,0,none,0,0,0,0,0,0,0,
16377,0,none,0,0,0,0,0,0,0,
24239,0,none,0,0,0,0,0,0,0,
120909,0,none,0,0,0,0,0,0,0,
22779,0,none,0,0,0,0,0,0,0,
44146,0,none,0,0,0,0,0,0,0,
20291,0,none,0,0,0,0,0,0,0,
139169,0,none,0,0,0,0,0,0,0,
143403,0,none,0,0,0,0,0,0,0,
92509,0,none,0,0,0,0,0,0,0,
41580,0,none,0,0,0,0,0,0,0,
114387,0,none,0,0,0,0,0,0,0,
10959,0,none,0,0,0,0,0,0,0,
130491,0,none,0,0,0,0,0,0,0,
8282,0,none,0,0,0,0,0,0,0,
42407,3,low,1,0,0,0,0,0,0,unsafe_func
144938,0,none,0,0,0,0,0,0,0,
80615,0,none,0,0,0,0,0,0,0,
114748,0,none,0,0,0,0,0,0,0,
10011,0,none,0,0,0,0,0,0,0,
162138,0,none,0,0,0,0,0,0,0,
4780,0,none,0,0,0,0,0,0,0,
49176,0,none,0,0,0,0,0,0,0,
77278,0,none,0,0,0,0,0,0,0,
120946,0,none,0,0,0,0,0,0,0,
142967,0,none,0,0,0,0,0,0,0,
137421,0,none,0,0,0,0,0,0,0,
168876,0,none,0,0,0,0,0,0,0,
3149,0,none,0,0,0,0,0,0,0,
69040,0,none,0,0,0,0,0,0,0,
98235,0,none,0,0,0,0,0,0,0,
175904,0,none,0,0,0,0,0,0,0,
14242,0,none,0,0,0,0,0,0,0,
141426,0,none,0,0,0,0,0,0,0,
8740,0,none,0,0,0,0,0,0,0,
4267,0,none,0,0,0,0,0,0,0,
58460,4,medium,0,0,0,1,0,0,1,unchecked_alloc;size_int_overflow
155963,0,none,0,0,0,0,0,0,0,
169676,0,none,0,0,0,0,0,0,0,
182898,0,none,0,0,0,0,0,0,0,
188027,0,none,0,0,0,0,0,0,0,
18939,0,none,0,0,0,0,0,0,0,
139325,0,none,0,0,0,0,0,0,0,
179453,0,none,0,0,0,0,0,0,0,
137285,0,none,0,0,0,0,0,0,0,
122069,0,none,0,0,0,0,0,0,0,
161206,0,none,0,0,0,0,0,0,0,
13625,0,none,0,0,0,0,0,0,0,
92338,0,none,0,0,0,0,0,0,0,
160572,0,none,0,0,0,0,0,0,0,
158279,0,none,0,0,0,0,0,0,0,
169155,0,none,0,0,0,0,0,0,0,
188156,0,none,0,0,0,0,0,0,0,
58991,0,none,0,0,0,0,0,0,0,
168210,0,none,0,0,0,0,0,0,0,
148147,0,none,0,0,0,0,0,0,0,
131777,0,none,0,0,0,0,0,0,0,
78883,0,none,0,0,0,0,0,0,0,
789,0,none,0,0,0,0,0,0,0,
96148,0,none,0,0,0,0,0,0,0,
40525,0,none,0,0,0,0,0,0,0,
155641,0,none,0,0,0,0,0,0,0,
84650,0,none,0,0,0,0,0,0,0,
65968,0,none,0,0,0,0,0,0,0,
34185,0,none,0,0,0,0,0,0,0,
27103,0,none,0,0,0,0,0,0,0,
169163,0,none,0,0,0,0,0,0,0,
74587,0,none,0,0,0,0,0,0,0,
142287,0,none,0,0,0,0,0,0,0,
58982,3,low,0,1,0,0,0,0,0,memcpy_unchecked
136058,0,none,0,0,0,0,0,0,0,
180701,2,low,0,0,0,1,0,0,0,unchecked_alloc
108158,0,none,0,0,0,0,0,0,0,
173718,0,none,0,0,0,0,0,0,0,
92827,0,none,0,0,0,0,0,0,0,
67472,0,none,0,0,0,0,0,0,0,
59619,0,none,0,0,0,0,0,0,0,
175951,3,low,0,1,0,0,0,0,0,memcpy_unchecked
60584,0,none,0,0,0,0,0,0,0,
152908,0,none,0,0,0,0,0,0,0,
181774,0,none,0,0,0,0,0,0,0,
28134,0,none,0,0,0,0,0,0,0,
125071,0,none,0,0,0,0,0,0,0,
53215,0,none,0,0,0,0,0,0,0,
121650,0,none,0,0,0,0,0,0,0,
102532,0,none,0,0,0,0,0,0,0,
93779,0,none,0,0,0,0,0,0,0,
19615,0,none,0,0,0,0,0,0,0,
144946,0,none,0,0,0,0,0,0,0,
156431,0,none,0,0,0,0,0,0,0,
103662,0,none,0,0,0,0,0,0,0,
124681,0,none,0,0,0,0,0,0,0,
119883,0,none,0,0,0,0,0,0,0,
58069,0,none,0,0,0,0,0,0,0,
63026,0,none,0,0,0,0,0,0,0,
101934,0,none,0,0,0,0,0,0,0,
78615,0,none,0,0,0,0,0,0,0,
173058,0,none,0,0,0,0,0,0,0,
299,0,none,0,0,0,0,0,0,0,
104072,0,none,0,0,0,0,0,0,0,
147150,0,none,0,0,0,0,0,0,0,
168433,0,none,0,0,0,0,0,0,0,
125415,0,none,0,0,0,0,0,0,0,
97858,0,none,0,0,0,0,0,0,0,
136826,0,none,0,0,0,0,0,0,0,
173446,0,none,0,0,0,0,0,0,0,
7848,0,none,0,0,0,0,0,0,0,
46106,0,none,0,0,0,0,0,0,0,
57505,0,none,0,0,0,0,0,0,0,
55691,0,none,0,0,0,0,0,0,0,
114325,0,none,0,0,0,0,0,0,0,
166709,0,none,0,0,0,0,0,0,0,
145598,0,none,0,0,0,0,0,0,0,
26886,3,low,1,0,0,0,0,0,0,unsafe_func
81189,0,none,0,0,0,0,0,0,0,
111822,0,none,0,0,0,0,0,0,0,
135159,0,none,0,0,0,0,0,0,0,
140943,0,none,0,0,0,0,0,0,0,
11872,0,none,0,0,0,0,0,0,0,
133201,0,none,0,0,0,0,0,0,0,
33086,3,low,1,0,0,0,0,0,0,unsafe_func
89458,0,none,0,0,0,0,0,0,0,
68371,0,none,0,0,0,0,0,0,0,
152951,0,none,0,0,0,0,0,0,0,
179892,0,none,0,0,0,0,0,0,0,
169294,0,none,0,0,0,0,0,0,0,
25787,0,none,0,0,0,0,0,0,0,
40639,0,none,0,0,0,0,0,0,0,
25061,0,none,0,0,0,0,0,0,0,
115797,0,none,0,0,0,0,0,0,0,
5447,0,none,0,0,0,0,0,0,0,
49489,0,none,0,0,0,0,0,0,0,
75788,0,none,0,0,0,0,0,0,0,
107822,0,none,0,0,0,0,0,0,0,
122520,0,none,0,0,0,0,0,0,0,
98795,0,none,0,0,0,0,0,0,0,
140044,0,none,0,0,0,0,0,0,0,
135043,0,none,0,0,0,0,0,0,0,
16931,0,none,0,0,0,0,0,0,0,
76510,0,none,0,0,0,0,0,0,0,
24184,0,none,0,0,0,0,0,0,0,
146075,0,none,0,0,0,0,0,0,0,
160910,0,none,0,0,0,0,0,0,0,
67500,0,none,0,0,0,0,0,0,0,
94127,0,none,0,0,0,0,0,0,0,
129114,0,none,0,0,0,0,0,0,0,
123236,0,none,0,0,0,0,0,0,0,
143817,0,none,0,0,0,0,0,0,0,
161229,0,none,0,0,0,0,0,0,0,
91832,2,low,0,0,0,1,0,0,0,unchecked_alloc
185049,0,none,0,0,0,0,0,0,0,
120970,0,none,0,0,0,0,0,0,0,
11607,0,none,0,0,0,0,0,0,0,
171510,0,none,0,0,0,0,0,0,0,
21883,0,none,0,0,0,0,0,0,0,
24388,0,none,0,0,0,0,0,0,0,
98451,0,none,0,0,0,0,0,0,0,
51820,0,none,0,0,0,0,0,0,0,
76803,0,none,0,0,0,0,0,0,0,
77039,0,none,0,0,0,0,0,0,0,
170967,0,none,0,0,0,0,0,0,0,
143946,0,none,0,0,0,0,0,0,0,
79707,0,none,0,0,0,0,0,0,0,
4319,0,none,0,0,0,0,0,0,0,
164018,0,none,0,0,0,0,0,0,0,
15605,0,none,0,0,0,0,0,0,0,
161970,0,none,0,0,0,0,0,0,0,
36057,0,none,0,0,0,0,0,0,0,
168212,0,none,0,0,0,0,0,0,0,
20484,0,none,0,0,0,0,0,0,0,
29905,0,none,0,0,0,0,0,0,0,
35532,3,low,0,1,0,0,0,0,0,memcpy_unchecked
21108,0,none,0,0,0,0,0,0,0,
132762,0,none,0,0,0,0,0,0,0,
68640,0,none,0,0,0,0,0,0,0,
70509,0,none,0,0,0,0,0,0,0,
134335,0,none,0,0,0,0,0,0,0,
154233,0,none,0,0,0,0,0,0,0,
37540,0,none,0,0,0,0,0,0,0,
138378,0,none,0,0,0,0,0,0,0,
49750,0,none,0,0,0,0,0,0,0,
142693,0,none,0,0,0,0,0,0,0,
175390,0,none,0,0,0,0,0,0,0,
155597,0,none,0,0,0,0,0,0,0,
170426,0,none,0,0,0,0,0,0,0,
16864,0,none,0,0,0,0,0,0,0,
4281,0,none,0,0,0,0,0,0,0,
121861,0,none,0,0,0,0,0,0,0,
84261,0,none,0,0,0,0,0,0,0,
124696,0,none,0,0,0,0,0,0,0,
20666,0,none,0,0,0,0,0,0,0,
67605,0,none,0,0,0,0,0,0,0,
4730,0,none,0,0,0,0,0,0,0,
40347,0,none,0,0,0,0,0,0,0,
112014,0,none,0,0,0,0,0,0,0,
10875,0,none,0,0,0,0,0,0,0,
95884,0,none,0,0,0,0,0,0,0,
77001,0,none,0,0,0,0,0,0,0,
186621,0,none,0,0,0,0,0,0,0,
142084,0,none,0,0,0,0,0,0,0,
39898,0,none,0,0,0,0,0,0,0,
137964,0,none,0,0,0,0,0,0,0,
104810,0,none,0,0,0,0,0,0,0,
96359,0,none,0,0,0,0,0,0,0,
122254,0,none,0,0,0,0,0,0,0,
142870,0,none,0,0,0,0,0,0,0,
19569,0,none,0,0,0,0,0,0,0,
151205,0,none,0,0,0,0,0,0,0,
173907,0,none,0,0,0,0,0,0,0,
149980,0,none,0,0,0,0,0,0,0,
114449,0,none,0,0,0,0,0,0,0,
144337,0,none,0,0,0,0,0,0,0,
156049,0,none,0,0,0,0,0,0,0,
69619,0,none,0,0,0,0,0,0,0,
32438,0,none,0,0,0,0,0,0,0,
152947,0,none,0,0,0,0,0,0,0,
184592,0,none,0,0,0,0,0,0,0,
164978,0,none,0,0,0,0,0,0,0,
62643,0,none,0,0,0,0,0,0,0,
49523,0,none,0,0,0,0,0,0,0,
116054,0,none,0,0,0,0,0,0,0,
175513,0,none,0,0,0,0,0,0,0,
117010,0,none,0,0,0,0,0,0,0,
42892,0,none,0,0,0,0,0,0,0,
118199,0,none,0,0,0,0,0,0,0,
100533,0,none,0,0,0,0,0,0,0,
78378,0,none,0,0,0,0,0,0,0,
33747,0,none,0,0,0,0,0,0,0,
16133,0,none,0,0,0,0,0,0,0,
139213,0,none,0,0,0,0,0,0,0,
73009,0,none,0,0,0,0,0,0,0,
169890,0,none,0,0,0,0,0,0,0,
31900,0,none,0,0,0,0,0,0,0,
96613,0,none,0,0,0,0,0,0,0,
116814,0,none,0,0,0,0,0,0,0,
11493,0,none,0,0,0,0,0,0,0,
123128,0,none,0,0,0,0,0,0,0,
147163,0,none,0,0,0,0,0,0,0,
61703,0,none,0,0,0,0,0,0,0,
96433,0,none,0,0,0,0,0,0,0,
110034,0,none,0,0,0,0,0,0,0,
36844,0,none,0,0,0,0,0,0,0,
63232,0,none,0,0,0,0,0,0,0,
102944,0,none,0,0,0,0,0,0,0,
27413,0,none,0,0,0,0,0,0,0,
19145,0,none,0,0,0,0,0,0,0,
53859,0,none,0,0,0,0,0,0,0,
110469,0,none,0,0,0,0,0,0,0,
115882,0,none,0,0,0,0,0,0,0,
140585,0,none,0,0,0,0,0,0,0,
98791,0,none,0,0,0,0,0,0,0,
134778,0,none,0,0,0,0,0,0,0,
66390,0,none,0,0,0,0,0,0,0,
112474,0,none,0,0,0,0,0,0,0,
23459,0,none,0,0,0,0,0,0,0,
95609,0,none,0,0,0,0,0,0,0,
152200,0,none,0,0,0,0,0,0,0,
39130,0,none,0,0,0,0,0,0,0,
84390,0,none,0,0,0,0,0,0,0,
33287,0,none,0,0,0,0,0,0,0,
70621,3,low,0,1,0,0,0,0,0,memcpy_unchecked
89795,0,none,0,0,0,0,0,0,0,
954,0,none,0,0,0,0,0,0,0,
181304,0,none,0,0,0,0,0,0,0,
162208,0,none,0,0,0,0,0,0,0,
59241,5,medium,0,0,0,0,1,0,0,double_free
46675,9,high,0,3,0,0,0,0,0,memcpy_unchecked
25193,0,none,0,0,0,0,0,0,0,
2070,0,none,0,0,0,0,0,0,0,
116886,0,none,0,0,0,0,0,0,0,
18872,0,none,0,0,0,0,0,0,0,
44123,0,none,0,0,0,0,0,0,0,
99428,0,none,0,0,0,0,0,0,0,
166524,0,none,0,0,0,0,0,0,0,
170831,0,none,0,0,0,0,0,0,0,
28905,0,none,0,0,0,0,0,0,0,
139170,0,none,0,0,0,0,0,0,0,
26721,0,none,0,0,0,0,0,0,0,
17696,0,none,0,0,0,0,0,0,0,
134090,0,none,0,0,0,0,0,0,0,
96622,0,none,0,0,0,0,0,0,0,
168637,0,none,0,0,0,0,0,0,0,
8684,3,low,0,1,0,0,0,0,0,memcpy_unchecked
173727,0,none,0,0,0,0,0,0,0,
104956,0,none,0,0,0,0,0,0,0,
17831,0,none,0,0,0,0,0,0,0,
115889,0,none,0,0,0,0,0,0,0,
116442,0,none,0,0,0,0,0,0,0,
142104,0,none,0,0,0,0,0,0,0,
137171,0,none,0,0,0,0,0,0,0,
2932,0,none,0,0,0,0,0,0,0,
155602,0,none,0,0,0,0,0,0,0,
165820,0,none,0,0,0,0,0,0,0,
56498,0,none,0,0,0,0,0,0,0,
31535,5,medium,0,1,0,0,0,0,1,memcpy_unchecked;size_int_overflow
97311,0,none,0,0,0,0,0,0,0,
143639,0,none,0,0,0,0,0,0,0,
93482,0,none,0,0,0,0,0,0,0,
160133,0,none,0,0,0,0,0,0,0,
72800,0,none,0,0,0,0,0,0,0,
154389,0,none,0,0,0,0,0,0,0,
86164,0,none,0,0,0,0,0,0,0,
74734,0,none,0,0,0,0,0,0,0,
57454,0,none,0,0,0,0,0,0,0,
7467,0,none,0,0,0,0,0,0,0,
134700,0,none,0,0,0,0,0,0,0,
177996,7,medium,0,1,1,0,0,0,0,memcpy_unchecked;format_string
93251,0,none,0,0,0,0,0,0,0,
132656,0,none,0,0,0,0,0,0,0,
176698,0,none,0,0,0,0,0,0,0,
183199,0,none,0,0,0,0,0,0,0,
19167,0,none,0,0,0,0,0,0,0,
145968,0,none,0,0,0,0,0,0,0,
116333,0,none,0,0,0,0,0,0,0,
56265,0,none,0,0,0,0,0,0,0,
116804,0,none,0,0,0,0,0,0,0,
125686,0,none,0,0,0,0,0,0,0,
759,0,none,0,0,0,0,0,0,0,
155107,0,none,0,0,0,0,0,0,0,
83173,0,none,0,0,0,0,0,0,0,
70255,0,none,0,0,0,0,0,0,0,
67797,0,none,0,0,0,0,0,0,0,
132400,0,none,0,0,0,0,0,0,0,
76890,0,none,0,0,0,0,0,0,0,
30739,3,low,0,1,0,0,0,0,0,memcpy_unchecked
76593,0,none,0,0,0,0,0,0,0,
115599,0,none,0,0,0,0,0,0,0,
123174,0,none,0,0,0,0,0,0,0,
11473,0,none,0,0,0,0,0,0,0,
164995,0,none,0,0,0,0,0,0,0,
81822,0,none,0,0,0,0,0,0,0,
44072,0,none,0,0,0,0,0,0,0,
15788,0,none,0,0,0,0,0,0,0,
25379,0,none,0,0,0,0,0,0,0,
60376,0,none,0,0,0,0,0,0,0,
127535,0,none,0,0,0,0,0,0,0,
105740,0,none,0,0,0,0,0,0,0,
184754,0,none,0,0,0,0,0,0,0,
121854,0,none,0,0,0,0,0,0,0,
24630,0,none,0,0,0,0,0,0,0,
163114,0,none,0,0,0,0,0,0,0,
39954,2,low,0,0,0,0,0,0,1,size_int_overflow
173414,0,none,0,0,0,0,0,0,0,
6468,0,none,0,0,0,0,0,0,0,
145661,0,none,0,0,0,0,0,0,0,
117661,0,none,0,0,0,0,0,0,0,
87184,0,none,0,0,0,0,0,0,0,
53060,0,none,0,0,0,0,0,0,0,
172776,0,none,0,0,0,0,0,0,0,
9916,0,none,0,0,0,0,0,0,0,
165197,0,none,0,0,0,0,0,0,0,
134362,0,none,0,0,0,0,0,0,0,
124301,0,none,0,0,0,0,0,0,0,
135247,0,none,0,0,0,0,0,0,0,
154764,0,none,0,0,0,0,0,0,0,
74599,0,none,0,0,0,0,0,0,0,
19987,0,none,0,0,0,0,0,0,0,
59526,0,none,0,0,0,0,0,0,0,
77150,0,none,0,0,0,0,0,0,0,
17578,0,none,0,0,0,0,0,0,0,
138357,0,none,0,0,0,0,0,0,0,
22688,0,none,0,0,0,0,0,0,0,
186112,0,none,0,0,0,0,0,0,0,
10523,0,none,0,0,0,0,0,0,0,
71518,0,none,0,0,0,0,0,0,0,
74050,0,none,0,0,0,0,0,0,0,
136518,0,none,0,0,0,0,0,0,0,
9894,0,none,0,0,0,0,0,0,0,
157478,0,none,0,0,0,0,0,0,0,
170582,0,none,0,0,0,0,0,0,0,
30729,0,none,0,0,0,0,0,0,0,
50641,0,none,0,0,0,0,0,0,0,
42940,0,none,0,0,0,0,0,0,0,
76241,0,none,0,0,0,0,0,0,0,
91798,0,none,0,0,0,0,0,0,0,
123495,0,none,0,0,0,0,0,0,0,
160951,0,none,0,0,0,0,0,0,0,
26659,0,none,0,0,0,0,0,0,0,
160571,0,none,0,0,0,0,0,0,0,
81557,0,none,0,0,0,0,0,0,0,
53850,0,none,0,0,0,0,0,0,0,
21363,0,none,0,0,0,0,0,0,0,
107763,0,none,0,0,0,0,0,0,0,
133982,0,none,0,0,0,0,0,0,0,
25378,0,none,0,0,0,0,0,0,0,
188441,0,none,0,0,0,0,0,0,0,
114595,0,none,0,0,0,0,0,0,0,
47730,0,none,0,0,0,0,0,0,0,
116412,0,none,0,0,0,0,0,0,0,
125695,0,none,0,0,0,0,0,0,0,
82087,0,none,0,0,0,0,0,0,0,
188107,6,medium,0,2,0,0,0,0,0,memcpy_unchecked
24833,0,none,0,0,0,0,0,0,0,
129905,0,none,0,0,0,0,0,0,0,
38148,0,none,0,0,0,0,0,0,0,
150501,0,none,0,0,0,0,0,0,0,
13454,0,none,0,0,0,0,0,0,0,
66274,0,none,0,0,0,0,0,0,0,
51250,0,none,0,0,0,0,0,0,0,
21282,0,none,0,0,0,0,0,0,0,
169902,0,none,0,0,0,0,0,0,0,
75053,0,none,0,0,0,0,0,0,0,
34927,0,none,0,0,0,0,0,0,0,
131726,0,none,0,0,0,0,0,0,0,
118848,0,none,0,0,0,0,0,0,0,
40677,0,none,0,0,0,0,0,0,0,
185980,0,none,0,0,0,0,0,0,0,
77038,0,none,0,0,0,0,0,0,0,
108213,0,none,0,0,0,0,0,0,0,
40540,0,none,0,0,0,0,0,0,0,
49928,0,none,0,0,0,0,0,0,0,
9110,0,none,0,0,0,0,0,0,0,
82056,0,none,0,0,0,0,0,0,0,
150149,0,none,0,0,0,0,0,0,0,
82997,0,none,0,0,0,0,0,0,0,
114850,0,none,0,0,0,0,0,0,0,
144527,0,none,0,0,0,0,0,0,0,
48897,0,none,0,0,0,0,0,0,0,
107915,0,none,0,0,0,0,0,0,0,
92533,0,none,0,0,0,0,0,0,0,
76668,0,none,0,0,0,0,0,0,0,
65062,0,none,0,0,0,0,0,0,0,
15686,0,none,0,0,0,0,0,0,0,
124097,0,none,0,0,0,0,0,0,0,
118884,0,none,0,0,0,0,0,0,0,
174264,0,none,0,0,0,0,0,0,0,
157788,0,none,0,0,0,0,0,0,0,
101262,0,none,0,0,0,0,0,0,0,
170461,0,none,0,0,0,0,0,0,0,
56420,0,none,0,0,0,0,0,0,0,
40054,9,high,13,0,0,0,0,0,0,unsafe_func
155285,0,none,0,0,0,0,0,0,0,
53242,0,none,0,0,0,0,0,0,0,
95624,0,none,0,0,0,0,0,0,0,
23860,0,none,0,0,0,0,0,0,0,
97516,0,none,0,0,0,0,0,0,0,
164146,0,none,0,0,0,0,0,0,0,
111416,0,none,0,0,0,0,0,0,0,
72016,0,none,0,0,0,0,0,0,0,
130090,0,none,0,0,0,0,0,0,0,
89829,0,none,0,0,0,0,0,0,0,
157872,0,none,0,0,0,0,0,0,0,
118934,0,none,0,0,0,0,0,0,0,
182911,2,low,0,0,0,1,0,0,0,unchecked_alloc
32052,5,medium,0,1,0,0,0,0,1,memcpy_unchecked;size_int_overflow
58784,0,none,0,0,0,0,0,0,0,
121592,0,none,0,0,0,0,0,0,0,
128470,0,none,0,0,0,0,0,0,0,
29583,0,none,0,0,0,0,0,0,0,
99305,0,none,0,0,0,0,0,0,0,
119963,0,none,0,0,0,0,0,0,0,
85612,0,none,0,0,0,0,0,0,0,
3365,0,none,0,0,0,0,0,0,0,
81265,0,none,0,0,0,0,0,0,0,
152772,0,none,0,0,0,0,0,0,0,
103829,0,none,0,0,0,0,0,0,0,
87993,0,none,0,0,0,0,0,0,0,
129858,0,none,0,0,0,0,0,0,0,
131599,0,none,0,0,0,0,0,0,0,
175228,0,none,0,0,0,0,0,0,0,
176681,0,none,0,0,0,0,0,0,0,
24139,0,none,0,0,0,0,0,0,0,
56992,0,none,0,0,0,0,0,0,0,
115670,0,none,0,0,0,0,0,0,0,
32811,0,none,0,0,0,0,0,0,0,
27619,0,none,0,0,0,0,0,0,0,
164091,0,none,0,0,0,0,0,0,0,
149424,0,none,0,0,0,0,0,0,0,
57766,0,none,0,0,0,0,0,0,0,
68675,0,none,0,0,0,0,0,0,0,
169465,0,none,0,0,0,0,0,0,0,
104454,0,none,0,0,0,0,0,0,0,
167719,0,none,0,0,0,0,0,0,0,
90554,0,none,0,0,0,0,0,0,0,
116273,0,none,0,0,0,0,0,0,0,
45537,0,none,0,0,0,0,0,0,0,
49549,0,none,0,0,0,0,0,0,0,
36952,0,none,0,0,0,0,0,0,0,
53219,0,none,0,0,0,0,0,0,0,
83553,0,none,0,0,0,0,0,0,0,
165463,0,none,0,0,0,0,0,0,0,
73471,0,none,0,0,0,0,0,0,0,
171943,0,none,0,0,0,0,0,0,0,
22734,0,none,0,0,0,0,0,0,0,
128438,0,none,0,0,0,0,0,0,0,
152047,0,none,0,0,0,0,0,0,0,
84123,0,none,0,0,0,0,0,0,0,
31111,0,none,0,0,0,0,0,0,0,
57413,0,none,0,0,0,0,0,0,0,
44318,0,none,0,0,0,0,0,0,0,
160682,0,none,0,0,0,0,0,0,0,
111532,0,none,0,0,0,0,0,0,0,
129750,0,none,0,0,0,0,0,0,0,
3048,0,none,0,0,0,0,0,0,0,
185860,0,none,0,0,0,0,0,0,0,
157133,0,none,0,0,0,0,0,0,0,
133843,0,none,0,0,0,0,0,0,0,
85526,0,none,0,0,0,0,0,0,0,
70896,0,none,0,0,0,0,0,0,0,
124480,0,none,0,0,0,0,0,0,0,
165596,0,none,0,0,0,0,0,0,0,
95195,0,none,0,0,0,0,0,0,0,
57595,0,none,0,0,0,0,0,0,0,
158774,0,none,0,0,0,0,0,0,0,
124982,0,none,0,0,0,0,0,0,0,
75717,0,none,0,0,0,0,0,0,0,
78351,0,none,0,0,0,0,0,0,0,
43459,0,none,0,0,0,0,0,0,0,
154762,0,none,0,0,0,0,0,0,0,
88265,0,none,0,0,0,0,0,0,0,
184310,0,none,0,0,0,0,0,0,0,
141876,0,none,0,0,0,0,0,0,0,
102200,0,none,0,0,0,0,0,0,0,
66237,0,none,0,0,0,0,0,0,0,
125867,0,none,0,0,0,0,0,0,0,
114317,0,none,0,0,0,0,0,0,0,
129907,0,none,0,0,0,0,0,0,0,
14105,0,none,0,0,0,0,0,0,0,
160747,0,none,0,0,0,0,0,0,0,
161729,0,none,0,0,0,0,0,0,0,
4956,0,none,0,0,0,0,0,0,0,
54550,0,none,0,0,0,0,0,0,0,
61920,0,none,0,0,0,0,0,0,0,
1885,0,none,0,0,0,0,0,0,0,
156123,0,none,0,0,0,0,0,0,0,
34963,0,none,0,0,0,0,0,0,0,
58427,0,none,0,0,0,0,0,0,0,
23306,0,none,0,0,0,0,0,0,0,
87242,0,none,0,0,0,0,0,0,0,
30636,0,none,0,0,0,0,0,0,0,
69451,0,none,0,0,0,0,0,0,0,
96610,9,high,0,0,0,2,0,1,0,unchecked_alloc;use_after_free
10719,0,none,0,0,0,0,0,0,0,
158171,0,none,0,0,0,0,0,0,0,
38657,0,none,0,0,0,0,0,0,0,
40264,0,none,0,0,0,0,0,0,0,
30727,0,none,0,0,0,0,0,0,0,
5102,0,none,0,0,0,0,0,0,0,
48699,0,none,0,0,0,0,0,0,0,
98599,0,none,0,0,0,0,0,0,0,
167633,0,none,0,0,0,0,0,0,0,
15241,0,none,0,0,0,0,0,0,0,
167542,0,none,0,0,0,0,0,0,0,
24618,0,none,0,0,0,0,0,0,0,
151232,0,none,0,0,0,0,0,0,0,
1088,0,none,0,0,0,0,0,0,0,
121112,0,none,0,0,0,0,0,0,0,
44213,0,none,0,0,0,0,0,0,0,
2047,0,none,0,0,0,0,0,0,0,
109994,0,none,0,0,0,0,0,0,0,
166441,0,none,0,0,0,0,0,0,0,
5983,0,none,0,0,0,0,0,0,0,
31589,0,none,0,0,0,0,0,0,0,
145579,0,none,0,0,0,0,0,0,0,
162732,0,none,0,0,0,0,0,0,0,
76549,0,none,0,0,0,0,0,0,0,
70336,0,none,0,0,0,0,0,0,0,
18860,0,none,0,0,0,0,0,0,0,
182922,20,high,0,0,0,4,1,1,2,unchecked_alloc;double_free;use_after_free;size_int_overflow
138964,0,none,0,0,0,0,0,0,0,
86143,0,none,0,0,0,0,0,0,0,
41341,0,none,0,0,0,0,0,0,0,
64150,0,none,0,0,0,0,0,0,0,
54925,0,none,0,0,0,0,0,0,0,
178134,0,none,0,0,0,0,0,0,0,
31941,0,none,0,0,0,0,0,0,0,
74302,0,none,0,0,0,0,0,0,0,
135915,0,none,0,0,0,0,0,0,0,
178690,0,none,0,0,0,0,0,0,0,
117080,0,none,0,0,0,0,0,0,0,
15375,0,none,0,0,0,0,0,0,0,
111821,0,none,0,0,0,0,0,0,0,
90895,0,none,0,0,0,0,0,0,0,
130636,0,none,0,0,0,0,0,0,0,
129565,0,none,0,0,0,0,0,0,0,
46414,0,none,0,0,0,0,0,0,0,
32085,0,none,0,0,0,0,0,0,0,
157275,0,none,0,0,0,0,0,0,0,
5874,0,none,0,0,0,0,0,0,0,
161800,0,none,0,0,0,0,0,0,0,
40722,0,none,0,0,0,0,0,0,0,
88974,0,none,0,0,0,0,0,0,0,
96766,0,none,0,0,0,0,0,0,0,
77373,0,none,0,0,0,0,0,0,0,
180939,0,none,0,0,0,0,0,0,0,
161117,0,none,0,0,0,0,0,0,0,
35090,0,none,0,0,0,0,0,0,0,
164052,0,none,0,0,0,0,0,0,0,
51129,0,none,0,0,0,0,0,0,0,
101088,0,none,0,0,0,0,0,0,0,
15433,0,none,0,0,0,0,0,0,0,
29516,0,none,0,0,0,0,0,0,0,
157398,0,none,0,0,0,0,0,0,0,
88641,0,none,0,0,0,0,0,0,0,
38257,3,low,0,1,0,0,0,0,0,memcpy_unchecked
25031,0,none,0,0,0,0,0,0,0,
148369,0,none,0,0,0,0,0,0,0,
46351,0,none,0,0,0,0,0,0,0,
119054,0,none,0,0,0,0,0,0,0,
251,0,none,0,0,0,0,0,0,0,
8347,0,none,0,0,0,0,0,0,0,
127847,0,none,0,0,0,0,0,0,0,
148410,0,none,0,0,0,0,0,0,0,
89402,0,none,0,0,0,0,0,0,0,
18374,0,none,0,0,0,0,0,0,0,
39528,0,none,0,0,0,0,0,0,0,
124891,0,none,0,0,0,0,0,0,0,
94149,3,low,0,1,0,0,0,0,0,memcpy_unchecked
170261,0,none,0,0,0,0,0,0,0,
140238,0,none,0,0,0,0,0,0,0,
24039,0,none,0,0,0,0,0,0,0,
112714,0,none,0,0,0,0,0,0,0,
65576,0,none,0,0,0,0,0,0,0,
42937,0,none,0,0,0,0,0,0,0,
98202,0,none,0,0,0,0,0,0,0,
49912,0,none,0,0,0,0,0,0,0,
30369,0,none,0,0,0,0,0,0,0,
135181,0,none,0,0,0,0,0,0,0,
186650,0,none,0,0,0,0,0,0,0,
1762,0,none,0,0,0,0,0,0,0,
165808,0,none,0,0,0,0,0,0,0,
78964,0,none,0,0,0,0,0,0,0,
11966,0,none,0,0,0,0,0,0,0,
16126,6,medium,2,0,0,0,0,0,0,unsafe_func
105370,0,none,0,0,0,0,0,0,0,
29951,0,none,0,0,0,0,0,0,0,
80647,0,none,0,0,0,0,0,0,0,
118815,0,none,0,0,0,0,0,0,0,
157723,0,none,0,0,0,0,0,0,0,
25916,0,none,0,0,0,0,0,0,0,
170569,0,none,0,0,0,0,0,0,0,
105834,0,none,0,0,0,0,0,0,0,
107281,0,none,0,0,0,0,0,0,0,
113820,0,none,0,0,0,0,0,0,0,
171430,0,none,0,0,0,0,0,0,0,
93604,0,none,0,0,0,0,0,0,0,
151442,0,none,0,0,0,0,0,0,0,
60745,0,none,0,0,0,0,0,0,0,
163447,0,none,0,0,0,0,0,0,0,
20671,0,none,0,0,0,0,0,0,0,
30249,0,none,0,0,0,0,0,0,0,
63898,0,none,0,0,0,0,0,0,0,
120495,0,none,0,0,0,0,0,0,0,
96685,0,none,0,0,0,0,0,0,0,
16914,0,none,0,0,0,0,0,0,0,
33926,0,none,0,0,0,0,0,0,0,
23447,0,none,0,0,0,0,0,0,0,
145272,0,none,0,0,0,0,0,0,0,
60683,0,none,0,0,0,0,0,0,0,
106255,0,none,0,0,0,0,0,0,0,
156311,0,none,0,0,0,0,0,0,0,
98043,0,none,0,0,0,0,0,0,0,
60405,0,none,0,0,0,0,0,0,0,
98622,0,none,0,0,0,0,0,0,0,
143894,0,none,0,0,0,0,0,0,0,
97578,0,none,0,0,0,0,0,0,0,
166200,0,none,0,0,0,0,0,0,0,
84996,0,none,0,0,0,0,0,0,0,
59226,0,none,0,0,0,0,0,0,0,
32733,0,none,0,0,0,0,0,0,0,
1182,0,none,0,0,0,0,0,0,0,
127359,0,none,0,0,0,0,0,0,0,
70389,0,none,0,0,0,0,0,0,0,
3203,0,none,0,0,0,0,0,0,0,
107029,0,none,0,0,0,0,0,0,0,
42210,0,none,0,0,0,0,0,0,0,
74888,0,none,0,0,0,0,0,0,0,
49165,0,none,0,0,0,0,0,0,0,
115811,0,none,0,0,0,0,0,0,0,
142232,0,none,0,0,0,0,0,0,0,
125954,0,none,0,0,0,0,0,0,0,
25228,0,none,0,0,0,0,0,0,0,
91792,0,none,0,0,0,0,0,0,0,
42584,0,none,0,0,0,0,0,0,0,
48419,0,none,0,0,0,0,0,0,0,
82384,0,none,0,0,0,0,0,0,0,
60199,0,none,0,0,0,0,0,0,0,
137220,0,none,0,0,0,0,0,0,0,
116797,0,none,0,0,0,0,0,0,0,
142804,0,none,0,0,0,0,0,0,0,
101241,0,none,0,0,0,0,0,0,0,
88031,0,none,0,0,0,0,0,0,0,
127409,0,none,0,0,0,0,0,0,0,
50377,0,none,0,0,0,0,0,0,0,
182923,20,high,0,0,0,4,1,1,2,unchecked_alloc;double_free;use_after_free;size_int_overflow
87097,0,none,0,0,0,0,0,0,0,
117213,0,none,0,0,0,0,0,0,0,
103749,0,none,0,0,0,0,0,0,0,
52605,0,none,0,0,0,0,0,0,0,
46179,0,none,0,0,0,0,0,0,0,
89464,0,none,0,0,0,0,0,0,0,
2953,0,none,0,0,0,0,0,0,0,
63317,0,none,0,0,0,0,0,0,0,
20823,0,none,0,0,0,0,0,0,0,
24489,0,none,0,0,0,0,0,0,0,
188553,0,none,0,0,0,0,0,0,0,
1586,0,none,0,0,0,0,0,0,0,
76257,0,none,0,0,0,0,0,0,0,
158052,0,none,0,0,0,0,0,0,0,
98846,0,none,0,0,0,0,0,0,0,
94276,0,none,0,0,0,0,0,0,0,
12973,0,none,0,0,0,0,0,0,0,
30013,0,none,0,0,0,0,0,0,0,
130106,0,none,0,0,0,0,0,0,0,
47825,0,none,0,0,0,0,0,0,0,
118136,0,none,0,0,0,0,0,0,0,
45331,0,none,0,0,0,0,0,0,0,
1323,0,none,0,0,0,0,0,0,0,
30061,0,none,0,0,0,0,0,0,0,
116501,0,none,0,0,0,0,0,0,0,
164356,0,none,0,0,0,0,0,0,0,
81195,0,none,0,0,0,0,0,0,0,
28142,0,none,0,0,0,0,0,0,0,
10739,0,none,0,0,0,0,0,0,0,
61136,0,none,0,0,0,0,0,0,0,
151420,0,none,0,0,0,0,0,0,0,
69344,3,low,0,1,0,0,0,0,0,memcpy_unchecked
64946,0,none,0,0,0,0,0,0,0,
144352,0,none,0,0,0,0,0,0,0,
64139,0,none,0,0,0,0,0,0,0,
155763,0,none,0,0,0,0,0,0,0,
113887,0,none,0,0,0,0,0,0,0,
50143,0,none,0,0,0,0,0,0,0,
22663,0,none,0,0,0,0,0,0,0,
83299,0,none,0,0,0,0,0,0,0,
20321,0,none,0,0,0,0,0,0,0,
148347,0,none,0,0,0,0,0,0,0,
22009,0,none,0,0,0,0,0,0,0,
12406,0,none,0,0,0,0,0,0,0,
73083,0,none,0,0,0,0,0,0,0,
137753,0,none,0,0,0,0,0,0,0,
181897,0,none,0,0,0,0,0,0,0,
21833,0,none,0,0,0,0,0,0,0,
117037,0,none,0,0,0,0,0,0,0,
85400,0,none,0,0,0,0,0,0,0,
183385,0,none,0,0,0,0,0,0,0,
173496,0,none,0,0,0,0,0,0,0,
18817,0,none,0,0,0,0,0,0,0,
118730,0,none,0,0,0,0,0,0,0,
105177,0,none,0,0,0,0,0,0,0,
35570,0,none,0,0,0,0,0,0,0,
120301,0,none,0,0,0,0,0,0,0,
102833,0,none,0,0,0,0,0,0,0,
125220,0,none,0,0,0,0,0,0,0,
34708,0,none,0,0,0,0,0,0,0,
163754,0,none,0,0,0,0,0,0,0,
110694,0,none,0,0,0,0,0,0,0,
141648,0,none,0,0,0,0,0,0,0,
132902,0,none,0,0,0,0,0,0,0,
39280,2,low,0,0,0,0,0,0,1,size_int_overflow
11737,0,none,0,0,0,0,0,0,0,
169459,0,none,0,0,0,0,0,0,0,
12798,0,none,0,0,0,0,0,0,0,
130688,0,none,0,0,0,0,0,0,0,
2105,0,none,0,0,0,0,0,0,0,
147984,0,none,0,0,0,0,0,0,0,
64751,0,none,0,0,0,0,0,0,0,
72284,0,none,0,0,0,0,0,0,0,
14125,0,none,0,0,0,0,0,0,0,
148937,0,none,0,0,0,0,0,0,0,
97296,0,none,0,0,0,0,0,0,0,
38886,0,none,0,0,0,0,0,0,0,
84354,0,none,0,0,0,0,0,0,0,
73572,0,none,0,0,0,0,0,0,0,
6156,0,none,0,0,0,0,0,0,0,
50866,0,none,0,0,0,0,0,0,0,
28622,0,none,0,0,0,0,0,0,0,
30958,0,none,0,0,0,0,0,0,0,
176565,0,none,0,0,0,0,0,0,0,
136966,0,none,0,0,0,0,0,0,0,
8031,0,none,0,0,0,0,0,0,0,
10374,0,none,0,0,0,0,0,0,0,
81601,0,none,0,0,0,0,0,0,0,
174171,0,none,0,0,0,0,0,0,0,
186502,0,none,0,0,0,0,0,0,0,
46161,0,none,0,0,0,0,0,0,0,
1143,0,none,0,0,0,0,0,0,0,
73830,0,none,0,0,0,0,0,0,0,
55205,0,none,0,0,0,0,0,0,0,
7292,0,none,0,0,0,0,0,0,0,
137217,0,none,0,0,0,0,0,0,0,
152379,0,none,0,0,0,0,0,0,0,
40602,0,none,0,0,0,0,0,0,0,
112466,0,none,0,0,0,0,0,0,0,
48398,0,none,0,0,0,0,0,0,0,
101434,0,none,0,0,0,0,0,0,0,
102349,0,none,0,0,0,0,0,0,0,
26020,0,none,0,0,0,0,0,0,0,
152732,0,none,0,0,0,0,0,0,0,
46298,0,none,0,0,0,0,0,0,0,
159891,0,none,0,0,0,0,0,0,0,
161232,0,none,0,0,0,0,0,0,0,
164609,0,none,0,0,0,0,0,0,0,
164722,0,none,0,0,0,0,0,0,0,
100506,0,none,0,0,0,0,0,0,0,
162707,0,none,0,0,0,0,0,0,0,
143215,0,none,0,0,0,0,0,0,0,
161183,0,none,0,0,0,0,0,0,0,
133953,0,none,0,0,0,0,0,0,0,
73983,0,none,0,0,0,0,0,0,0,
18340,0,none,0,0,0,0,0,0,0,
6979,0,none,0,0,0,0,0,0,0,
147400,0,none,0,0,0,0,0,0,0,
82848,17,high,0,3,0,2,0,0,2,memcpy_unchecked;unchecked_alloc;size_int_overflow
85001,3,low,1,0,0,0,0,0,0,unsafe_func
134185,0,none,0,0,0,0,0,0,0,
113477,0,none,0,0,0,0,0,0,0,
14591,0,none,0,0,0,0,0,0,0,
96411,5,medium,0,0,0,0,1,0,0,double_free
134485,0,none,0,0,0,0,0,0,0,
169620,0,none,0,0,0,0,0,0,0,
25654,0,none,0,0,0,0,0,0,0,
97442,0,none,0,0,0,0,0,0,0,
177465,0,none,0,0,0,0,0,0,0,
15255,0,none,0,0,0,0,0,0,0,
79294,0,none,0,0,0,0,0,0,0,
87663,0,none,0,0,0,0,0,0,0,
157437,0,none,0,0,0,0,0,0,0,
181455,0,none,0,0,0,0,0,0,0,
79803,2,low,0,0,0,0,0,0,1,size_int_overflow
149660,0,none,0,0,0,0,0,0,0,
36406,0,none,0,0,0,0,0,0,0,
9879,0,none,0,0,0,0,0,0,0,
66389,0,none,0,0,0,0,0,0,0,
185627,0,none,0,0,0,0,0,0,0,
131546,0,none,0,0,0,0,0,0,0,
52604,0,none,0,0,0,0,0,0,0,
80099,0,none,0,0,0,0,0,0,0,
10944,0,none,0,0,0,0,0,0,0,
116695,0,none,0,0,0,0,0,0,0,
30170,0,none,0,0,0,0,0,0,0,
183238,0,none,0,0,0,0,0,0,0,
29260,0,none,0,0,0,0,0,0,0,
32,12,high,0,0,5,0,0,0,0,format_string
75654,0,none,0,0,0,0,0,0,0,
182001,15,high,0,16,0,8,0,0,0,memcpy_unchecked;unchecked_alloc
27270,0,none,0,0,0,0,0,0,0,
4711,0,none,0,0,0,0,0,0,0,
69185,0,none,0,0,0,0,0,0,0,
35137,0,none,0,0,0,0,0,0,0,
108772,0,none,0,0,0,0,0,0,0,
98917,0,none,0,0,0,0,0,0,0,
56972,0,none,0,0,0,0,0,0,0,
2478,0,none,0,0,0,0,0,0,0,
7778,0,none,0,0,0,0,0,0,0,
67144,0,none,0,0,0,0,0,0,0,
43695,0,none,0,0,0,0,0,0,0,
100595,0,none,0,0,0,0,0,0,0,
135271,0,none,0,0,0,0,0,0,0,
43679,0,none,0,0,0,0,0,0,0,
73787,0,none,0,0,0,0,0,0,0,
131740,0,none,0,0,0,0,0,0,0,
160313,0,none,0,0,0,0,0,0,0,
18153,0,none,0,0,0,0,0,0,0,
83747,0,none,0,0,0,0,0,0,0,
167776,0,none,0,0,0,0,0,0,0,
168201,0,none,0,0,0,0,0,0,0,
20516,3,low,0,1,0,0,0,0,0,memcpy_unchecked
122997,0,none,0,0,0,0,0,0,0,
163171,0,none,0,0,0,0,0,0,0,
118548,0,none,0,0,0,0,0,0,0,
140336,0,none,0,0,0,0,0,0,0,
50990,0,none,0,0,0,0,0,0,0,
169174,0,none,0,0,0,0,0,0,0,
170651,0,none,0,0,0,0,0,0,0,
83392,0,none,0,0,0,0,0,0,0,
157869,0,none,0,0,0,0,0,0,0,
118195,0,none,0,0,0,0,0,0,0,
28398,2,low,0,0,0,0,0,0,1,size_int_overflow
67192,0,none,0,0,0,0,0,0,0,
91201,0,none,0,0,0,0,0,0,0,
5551,0,none,0,0,0,0,0,0,0,
42860,0,none,0,0,0,0,0,0,0,
173737,0,none,0,0,0,0,0,0,0,
136807,0,none,0,0,0,0,0,0,0,
21472,0,none,0,0,0,0,0,0,0,
73365,0,none,0,0,0,0,0,0,0,
107598,0,none,0,0,0,0,0,0,0,
26619,0,none,0,0,0,0,0,0,0,
150323,0,none,0,0,0,0,0,0,0,
16930,3,low,0,1,0,0,0,0,0,memcpy_unchecked
105328,0,none,0,0,0,0,0,0,0,
80176,0,none,0,0,0,0,0,0,0,
174654,0,none,0,0,0,0,0,0,0,
75292,0,none,0,0,0,0,0,0,0,
28923,0,none,0,0,0,0,0,0,0,
4290,0,none,0,0,0,0,0,0,0,
125113,0,none,0,0,0,0,0,0,0,
94897,0,none,0,0,0,0,0,0,0,
52534,0,none,0,0,0,0,0,0,0,
180824,0,none,0,0,0,0,0,0,0,
169269,0,none,0,0,0,0,0,0,0,
31008,3,low,0,1,0,0,0,0,0,memcpy_unchecked
1201,0,none,0,0,0,0,0,0,0,
126372,0,none,0,0,0,0,0,0,0,
67063,0,none,0,0,0,0,0,0,0,
174650,0,none,0,0,0,0,0,0,0,
2744,0,none,0,0,0,0,0,0,0,
96897,0,none,0,0,0,0,0,0,0,
129208,0,none,0,0,0,0,0,0,0,
48546,0,none,0,0,0,0,0,0,0,
183902,0,none,0,0,0,0,0,0,0,
9011,0,none,0,0,0,0,0,0,0,
188370,0,none,0,0,0,0,0,0,0,
172980,6,medium,0,0,1,0,0,0,1,format_string;size_int_overflow
103678,0,none,0,0,0,0,0,0,0,
138180,0,none,0,0,0,0,0,0,0,
53468,0,none,0,0,0,0,0,0,0,
178060,0,none,0,0,0,0,0,0,0,
175710,0,none,0,0,0,0,0,0,0,
34556,0,none,0,0,0,0,0,0,0,
174249,0,none,0,0,0,0,0,0,0,
15631,0,none,0,0,0,0,0,0,0,
67839,0,none,0,0,0,0,0,0,0,
111175,0,none,0,0,0,0,0,0,0,
25485,0,none,0,0,0,0,0,0,0,
85809,0,none,0,0,0,0,0,0,0,
166453,0,none,0,0,0,0,0,0,0,
62455,0,none,0,0,0,0,0,0,0,
185160,0,none,0,0,0,0,0,0,0,
24276,0,none,0,0,0,0,0,0,0,
22105,0,none,0,0,0,0,0,0,0,
128094,0,none,0,0,0,0,0,0,0,
71040,0,none,0,0,0,0,0,0,0,
122181,0,none,0,0,0,0,0,0,0,
154335,0,none,0,0,0,0,0,0,0,
119803,0,none,0,0,0,0,0,0,0,
153927,0,none,0,0,0,0,0,0,0,
112028,0,none,0,0,0,0,0,0,0,
136082,0,none,0,0,0,0,0,0,0,
52159,0,none,0,0,0,0,0,0,0,
104136,0,none,0,0,0,0,0,0,0,
179817,0,none,0,0,0,0,0,0,0,
160650,0,none,0,0,0,0,0,0,0,
114536,0,none,0,0,0,0,0,0,0,
114583,0,none,0,0,0,0,0,0,0,
133878,0,none,0,0,0,0,0,0,0,
118928,0,none,0,0,0,0,0,0,0,
130756,0,none,0,0,0,0,0,0,0,
122217,0,none,0,0,0,0,0,0,0,
141397,0,none,0,0,0,0,0,0,0,
23529,0,none,0,0,0,0,0,0,0,
44939,0,none,0,0,0,0,0,0,0,
17176,0,none,0,0,0,0,0,0,0,
45958,0,none,0,0,0,0,0,0,0,
56197,0,none,0,0,0,0,0,0,0,
184517,0,none,0,0,0,0,0,0,0,
66663,0,none,0,0,0,0,0,0,0,
115651,0,none,0,0,0,0,0,0,0,
143022,0,none,0,0,0,0,0,0,0,
21850,0,none,0,0,0,0,0,0,0,
6367,0,none,0,0,0,0,0,0,0,
108065,0,none,0,0,0,0,0,0,0,
88957,0,none,0,0,0,0,0,0,0,
182718,4,medium,0,0,0,1,0,0,1,unchecked_alloc;size_int_overflow
72684,0,none,0,0,0,0,0,0,0,
140089,0,none,0,0,0,0,0,0,0,
74505,0,none,0,0,0,0,0,0,0,
38114,0,none,0,0,0,0,0,0,0,
166211,0,none,0,0,0,0,0,0,0,
144754,0,none,0,0,0,0,0,0,0,
144367,0,none,0,0,0,0,0,0,0,
141208,0,none,0,0,0,0,0,0,0,
45111,0,none,0,0,0,0,0,0,0,
69340,0,none,0,0,0,0,0,0,0,
60929,0,none,0,0,0,0,0,0,0,
166895,0,none,0,0,0,0,0,0,0,
177103,0,none,0,0,0,0,0,0,0,
179356,6,medium,0,2,0,0,0,0,0,memcpy_unchecked
13087,0,none,0,0,0,0,0,0,0,
154973,0,none,0,0,0,0,0,0,0,
148130,0,none,0,0,0,0,0,0,0,
17021,0,none,0,0,0,0,0,0,0,
33498,0,none,0,0,0,0,0,0,0,
133755,0,none,0,0,0,0,0,0,0,
79110,0,none,0,0,0,0,0,0,0,
74450,0,none,0,0,0,0,0,0,0,
96343,0,none,0,0,0,0,0,0,0,
118172,0,none,0,0,0,0,0,0,0,
118765,0,none,0,0,0,0,0,0,0,
134150,0,none,0,0,0,0,0,0,0,
354,0,none,0,0,0,0,0,0,0,
139520,0,none,0,0,0,0,0,0,0,
65145,0,none,0,0,0,0,0,0,0,
177456,0,none,0,0,0,0,0,0,0,
112737,0,none,0,0,0,0,0,0,0,
147753,0,none,0,0,0,0,0,0,0,
172220,0,none,0,0,0,0,0,0,0,
87492,0,none,0,0,0,0,0,0,0,
57810,0,none,0,0,0,0,0,0,0,
109506,0,none,0,0,0,0,0,0,0,
143292,0,none,0,0,0,0,0,0,0,
151154,0,none,0,0,0,0,0,0,0,
77265,0,none,0,0,0,0,0,0,0,
144624,0,none,0,0,0,0,0,0,0,
162726,0,none,0,0,0,0,0,0,0,
186036,0,none,0,0,0,0,0,0,0,
152999,0,none,0,0,0,0,0,0,0,
64853,0,none,0,0,0,0,0,0,0,
91214,0,none,0,0,0,0,0,0,0,
62679,0,none,0,0,0,0,0,0,0,
185512,0,none,0,0,0,0,0,0,0,
96964,0,none,0,0,0,0,0,0,0,
141986,0,none,0,0,0,0,0,0,0,
147691,0,none,0,0,0,0,0,0,0,
112707,0,none,0,0,0,0,0,0,0,
108744,0,none,0,0,0,0,0,0,0,
83602,0,none,0,0,0,0,0,0,0,
19031,4,medium,0,0,0,0,0,0,2,size_int_overflow
116506,0,none,0,0,0,0,0,0,0,
84518,0,none,0,0,0,0,0,0,0,
88167,0,none,0,0,0,0,0,0,0,
44204,0,none,0,0,0,0,0,0,0,
86317,0,none,0,0,0,0,0,0,0,
25966,0,none,0,0,0,0,0,0,0,
1829,0,none,0,0,0,0,0,0,0,
55958,0,none,0,0,0,0,0,0,0,
50673,0,none,0,0,0,0,0,0,0,
32827,0,none,0,0,0,0,0,0,0,
156665,0,none,0,0,0,0,0,0,0,
1100,0,none,0,0,0,0,0,0,0,
148583,0,none,0,0,0,0,0,0,0,
156652,0,none,0,0,0,0,0,0,0,
184668,0,none,0,0,0,0,0,0,0,
24364,0,none,0,0,0,0,0,0,0,
53092,0,none,0,0,0,0,0,0,0,
68093,0,none,0,0,0,0,0,0,0,
32659,0,none,0,0,0,0,0,0,0,
111265,0,none,0,0,0,0,0,0,0,
53510,0,none,0,0,0,0,0,0,0,
136951,0,none,0,0,0,0,0,0,0,
47103,0,none,0,0,0,0,0,0,0,
140310,0,none,0,0,0,0,0,0,0,
108496,0,none,0,0,0,0,0,0,0,
53476,0,none,0,0,0,0,0,0,0,
810,0,none,0,0,0,0,0,0,0,
38503,0,none,0,0,0,0,0,0,0,
116883,0,none,0,0,0,0,0,0,0,
109926,0,none,0,0,0,0,0,0,0,
133382,0,none,0,0,0,0,0,0,0,
179867,0,none,0,0,0,0,0,0,0,
123531,0,none,0,0,0,0,0,0,0,
65657,0,none,0,0,0,0,0,0,0,
125637,0,none,0,0,0,0,0,0,0,
59227,2,low,0,0,0,0,0,0,1,size_int_overflow
176741,0,none,0,0,0,0,0,0,0,
48375,0,none,0,0,0,0,0,0,0,
27527,0,none,0,0,0,0,0,0,0,
142951,0,none,0,0,0,0,0,0,0,
52352,0,none,0,0,0,0,0,0,0,
39545,0,none,0,0,0,0,0,0,0,
28189,0,none,0,0,0,0,0,0,0,
28844,0,none,0,0,0,0,0,0,0,
5413,0,none,0,0,0,0,0,0,0,
186537,0,none,0,0,0,0,0,0,0,
115488,0,none,0,0,0,0,0,0,0,
22788,0,none,0,0,0,0,0,0,0,
118636,0,none,0,0,0,0,0,0,0,
103761,0,none,0,0,0,0,0,0,0,
145550,0,none,0,0,0,0,0,0,0,
43495,0,none,0,0,0,0,0,0,0,
119298,0,none,0,0,0,0,0,0,0,
161769,0,none,0,0,0,0,0,0,0,
10320,0,none,0,0,0,0,0,0,0,
53496,0,none,0,0,0,0,0,0,0,
105423,0,none,0,0,0,0,0,0,0,
70965,0,none,0,0,0,0,0,0,0,
6476,0,none,0,0,0,0,0,0,0,
138561,0,none,0,0,0,0,0,0,0,
164914,0,none,0,0,0,0,0,0,0,
155650,0,none,0,0,0,0,0,0,0,
149405,0,none,0,0,0,0,0,0,0,
100300,0,none,0,0,0,0,0,0,0,
43606,0,none,0,0,0,0,0,0,0,
73792,27,high,2,60,0,32,0,0,32,unsafe_func;memcpy_unchecked;unchecked_alloc;size_int_overflow
174737,0,none,0,0,0,0,0,0,0,
177713,0,none,0,0,0,0,0,0,0,
56732,0,none,0,0,0,0,0,0,0,
58057,0,none,0,0,0,0,0,0,0,
4982,0,none,0,0,0,0,0,0,0,
70945,0,none,0,0,0,0,0,0,0,
28778,0,none,0,0,0,0,0,0,0,
169470,0,none,0,0,0,0,0,0,0,
63832,0,none,0,0,0,0,0,0,0,
123358,0,none,0,0,0,0,0,0,0,
19263,0,none,0,0,0,0,0,0,0,
154513,0,none,0,0,0,0,0,0,0,
81144,0,none,0,0,0,0,0,0,0,
112905,0,none,0,0,0,0,0,0,0,
28018,0,none,0,0,0,0,0,0,0,
167024,0,none,0,0,0,0,0,0,0,
99423,0,none,0,0,0,0,0,0,0,
112274,0,none,0,0,0,0,0,0,0,
8864,0,none,0,0,0,0,0,0,0,
161479,0,none,0,0,0,0,0,0,0,
29203,0,none,0,0,0,0,0,0,0,
38278,0,none,0,0,0,0,0,0,0,
62895,0,none,0,0,0,0,0,0,0,
166813,0,none,0,0,0,0,0,0,0,
151650,0,none,0,0,0,0,0,0,0,
83541,0,none,0,0,0,0,0,0,0,
110526,0,none,0,0,0,0,0,0,0,
125927,0,none,0,0,0,0,0,0,0,
26783,0,none,0,0,0,0,0,0,0,
11561,0,none,0,0,0,0,0,0,0,
122649,0,none,0,0,0,0,0,0,0,
115477,0,none,0,0,0,0,0,0,0,
11393,0,none,0,0,0,0,0,0,0,
10659,0,none,0,0,0,0,0,0,0,
18931,0,none,0,0,0,0,0,0,0,
155302,0,none,0,0,0,0,0,0,0,
48959,0,none,0,0,0,0,0,0,0,
91666,0,none,0,0,0,0,0,0,0,
41182,0,none,0,0,0,0,0,0,0,
57999,0,none,0,0,0,0,0,0,0,
88883,0,none,0,0,0,0,0,0,0,
9764,0,none,0,0,0,0,0,0,0,
133374,0,none,0,0,0,0,0,0,0,
144027,0,none,0,0,0,0,0,0,0,
143914,0,none,0,0,0,0,0,0,0,
124058,0,none,0,0,0,0,0,0,0,
5204,0,none,0,0,0,0,0,0,0,
74906,0,none,0,0,0,0,0,0,0,
136708,0,none,0,0,0,0,0,0,0,
151915,0,none,0,0,0,0,0,0,0,
169923,0,none,0,0,0,0,0,0,0,
102926,0,none,0,0,0,0,0,0,0,
140240,0,none,0,0,0,0,0,0,0,
68089,0,none,0,0,0,0,0,0,0,
75385,0,none,0,0,0,0,0,0,0,
155811,0,none,0,0,0,0,0,0,0,
104929,0,none,0,0,0,0,0,0,0,
19100,0,none,0,0,0,0,0,0,0,
100194,0,none,0,0,0,0,0,0,0,
101388,0,none,0,0,0,0,0,0,0,
88800,0,none,0,0,0,0,0,0,0,
46506,0,none,0,0,0,0,0,0,0,
137541,0,none,0,0,0,0,0,0,0,
121920,0,none,0,0,0,0,0,0,0,
29078,0,none,0,0,0,0,0,0,0,
17222,0,none,0,0,0,0,0,0,0,
148687,0,none,0,0,0,0,0,0,0,
121387,0,none,0,0,0,0,0,0,0,
157141,0,none,0,0,0,0,0,0,0,
4743,0,none,0,0,0,0,0,0,0,
171249,0,none,0,0,0,0,0,0,0,
131323,0,none,0,0,0,0,0,0,0,
91072,0,none,0,0,0,0,0,0,0,
28163,0,none,0,0,0,0,0,0,0,
170316,0,none,0,0,0,0,0,0,0,
98109,0,none,0,0,0,0,0,0,0,
135561,0,none,0,0,0,0,0,0,0,
81915,0,none,0,0,0,0,0,0,0,
77235,0,none,0,0,0,0,0,0,0,
71253,0,none,0,0,0,0,0,0,0,
53662,0,none,0,0,0,0,0,0,0,
129643,0,none,0,0,0,0,0,0,0,
114525,0,none,0,0,0,0,0,0,0,
6626,0,none,0,0,0,0,0,0,0,
66318,0,none,0,0,0,0,0,0,0,
140318,0,none,0,0,0,0,0,0,0,
134785,0,none,0,0,0,0,0,0,0,
20071,3,low,1,0,0,0,0,0,0,unsafe_func
38880,0,none,0,0,0,0,0,0,0,
151729,0,none,0,0,0,0,0,0,0,
89941,0,none,0,0,0,0,0,0,0,
62491,0,none,0,0,0,0,0,0,0,
114157,0,none,0,0,0,0,0,0,0,
9735,0,none,0,0,0,0,0,0,0,
63824,0,none,0,0,0,0,0,0,0,
86152,0,none,0,0,0,0,0,0,0,
22933,0,none,0,0,0,0,0,0,0,
148612,0,none,0,0,0,0,0,0,0,
168121,0,none,0,0,0,0,0,0,0,
85359,0,none,0,0,0,0,0,0,0,
30203,0,none,0,0,0,0,0,0,0,
147562,0,none,0,0,0,0,0,0,0,
60461,0,none,0,0,0,0,0,0,0,
81275,0,none,0,0,0,0,0,0,0,
148086,0,none,0,0,0,0,0,0,0,
27157,0,none,0,0,0,0,0,0,0,
155258,0,none,0,0,0,0,0,0,0,
171312,0,none,0,0,0,0,0,0,0,
141756,0,none,0,0,0,0,0,0,0,
23356,0,none,0,0,0,0,0,0,0,
31129,0,none,0,0,0,0,0,0,0,
186623,0,none,0,0,0,0,0,0,0,
182131,0,none,0,0,0,0,0,0,0,
137253,0,none,0,0,0,0,0,0,0,
7484,0,none,0,0,0,0,0,0,0,
155381,0,none,0,0,0,0,0,0,0,
22194,0,none,0,0,0,0,0,0,0,
58779,0,none,0,0,0,0,0,0,0,
152741,0,none,0,0,0,0,0,0,0,
140207,0,none,0,0,0,0,0,0,0,
7460,0,none,0,0,0,0,0,0,0,
138981,0,none,0,0,0,0,0,0,0,
69686,0,none,0,0,0,0,0,0,0,
165329,0,none,0,0,0,0,0,0,0,
117045,0,none,0,0,0,0,0,0,0,
133324,0,none,0,0,0,0,0,0,0,
104769,0,none,0,0,0,0,0,0,0,
29820,0,none,0,0,0,0,0,0,0,
90397,0,none,0,0,0,0,0,0,0,
171987,0,none,0,0,0,0,0,0,0,
143642,0,none,0,0,0,0,0,0,0,
31007,0,none,0,0,0,0,0,0,0,
69950,0,none,0,0,0,0,0,0,0,
181360,0,none,0,0,0,0,0,0,0,
151954,0,none,0,0,0,0,0,0,0,
82797,0,none,0,0,0,0,0,0,0,
126001,0,none,0,0,0,0,0,0,0,
102865,0,none,0,0,0,0,0,0,0,
110009,0,none,0,0,0,0,0,0,0,
136184,0,none,0,0,0,0,0,0,0,
109634,0,none,0,0,0,0,0,0,0,
176761,0,none,0,0,0,0,0,0,0,
151918,0,none,0,0,0,0,0,0,0,
179355,0,none,0,0,0,0,0,0,0,
144553,0,none,0,0,0,0,0,0,0,
113939,0,none,0,0,0,0,0,0,0,
44153,0,none,0,0,0,0,0,0,0,
112985,0,none,0,0,0,0,0,0,0,
42471,0,none,0,0,0,0,0,0,0,
147594,0,none,0,0,0,0,0,0,0,
94518,0,none,0,0,0,0,0,0,0,
108045,0,none,0,0,0,0,0,0,0,
132942,0,none,0,0,0,0,0,0,0,
158836,0,none,0,0,0,0,0,0,0,
158011,0,none,0,0,0,0,0,0,0,
22993,0,none,0,0,0,0,0,0,0,
92520,0,none,0,0,0,0,0,0,0,
116993,0,none,0,0,0,0,0,0,0,
174331,0,none,0,0,0,0,0,0,0,
116947,0,none,0,0,0,0,0,0,0,
142194,0,none,0,0,0,0,0,0,0,
165365,0,none,0,0,0,0,0,0,0,
157009,0,none,0,0,0,0,0,0,0,
95269,0,none,0,0,0,0,0,0,0,
113407,0,none,0,0,0,0,0,0,0,
158800,0,none,0,0,0,0,0,0,0,
157789,0,none,0,0,0,0,0,0,0,
170042,0,none,0,0,0,0,0,0,0,
17788,0,none,0,0,0,0,0,0,0,
96540,0,none,0,0,0,0,0,0,0,
44671,0,none,0,0,0,0,0,0,0,
34015,0,none,0,0,0,0,0,0,0,
72005,0,none,0,0,0,0,0,0,0,
186543,0,none,0,0,0,0,0,0,0,
105282,0,none,0,0,0,0,0,0,0,
41049,0,none,0,0,0,0,0,0,0,
10492,3,low,0,1,0,0,0,0,0,memcpy_unchecked
49099,5,medium,0,1,0,0,0,0,1,memcpy_unchecked;size_int_overflow
30972,0,none,0,0,0,0,0,0,0,
42963,0,none,0,0,0,0,0,0,0,
138641,0,none,0,0,0,0,0,0,0,
169878,0,none,0,0,0,0,0,0,0,
119477,0,none,0,0,0,0,0,0,0,
59904,0,none,0,0,0,0,0,0,0,
99600,0,none,0,0,0,0,0,0,0,
111468,0,none,0,0,0,0,0,0,0,
129503,0,none,0,0,0,0,0,0,0,
88788,0,none,0,0,0,0,0,0,0,
83052,0,none,0,0,0,0,0,0,0,
159091,0,none,0,0,0,0,0,0,0,
83782,0,none,0,0,0,0,0,0,0,
42056,0,none,0,0,0,0,0,0,0,
47918,0,none,0,0,0,0,0,0,0,
43097,0,none,0,0,0,0,0,0,0,
180776,0,none,0,0,0,0,0,0,0,
145695,0,none,0,0,0,0,0,0,0,
56177,0,none,0,0,0,0,0,0,0,
54180,0,none,0,0,0,0,0,0,0,
94573,0,none,0,0,0,0,0,0,0,
58456,7,medium,1,0,1,0,0,0,0,unsafe_func;format_string
117864,0,none,0,0,0,0,0,0,0,
136844,0,none,0,0,0,0,0,0,0,
79069,0,none,0,0,0,0,0,0,0,
132792,0,none,0,0,0,0,0,0,0,
138779,0,none,0,0,0,0,0,0,0,
35642,0,none,0,0,0,0,0,0,0,
54707,0,none,0,0,0,0,0,0,0,
171786,0,none,0,0,0,0,0,0,0,
119740,0,none,0,0,0,0,0,0,0,
142574,0,none,0,0,0,0,0,0,0,
173161,0,none,0,0,0,0,0,0,0,
29322,0,none,0,0,0,0,0,0,0,
174351,0,none,0,0,0,0,0,0,0,
116363,0,none,0,0,0,0,0,0,0,
110379,0,none,0,0,0,0,0,0,0,
82335,0,none,0,0,0,0,0,0,0,
1070,0,none,0,0,0,0,0,0,0,
75432,0,none,0,0,0,0,0,0,0,
31528,0,none,0,0,0,0,0,0,0,
103338,0,none,0,0,0,0,0,0,0,
181125,0,none,0,0,0,0,0,0,0,
152750,0,none,0,0,0,0,0,0,0,
71182,0,none,0,0,0,0,0,0,0,
58112,0,none,0,0,0,0,0,0,0,
157767,0,none,0,0,0,0,0,0,0,
88302,0,none,0,0,0,0,0,0,0,
32712,0,none,0,0,0,0,0,0,0,
116693,0,none,0,0,0,0,0,0,0,
3695,0,none,0,0,0,0,0,0,0,
133185,0,none,0,0,0,0,0,0,0,
186466,0,none,0,0,0,0,0,0,0,
29852,2,low,0,0,0,0,0,0,1,size_int_overflow
34623,0,none,0,0,0,0,0,0,0,
165738,0,none,0,0,0,0,0,0,0,
108789,0,none,0,0,0,0,0,0,0,
113099,0,none,0,0,0,0,0,0,0,
28384,0,none,0,0,0,0,0,0,0,
1447,0,none,0,0,0,0,0,0,0,
21217,0,none,0,0,0,0,0,0,0,
66132,0,none,0,0,0,0,0,0,0,
178937,0,none,0,0,0,0,0,0,0,
152196,0,none,0,0,0,0,0,0,0,
161631,0,none,0,0,0,0,0,0,0,
160308,0,none,0,0,0,0,0,0,0,
169221,0,none,0,0,0,0,0,0,0,
139433,0,none,0,0,0,0,0,0,0,
120128,0,none,0,0,0,0,0,0,0,
26276,0,none,0,0,0,0,0,0,0,
134179,0,none,0,0,0,0,0,0,0,
164368,0,none,0,0,0,0,0,0,0,
1557,0,none,0,0,0,0,0,0,0,
175303,0,none,0,0,0,0,0,0,0,
179913,0,none,0,0,0,0,0,0,0,
38333,0,none,0,0,0,0,0,0,0,
21914,0,none,0,0,0,0,0,0,0,
166120,0,none,0,0,0,0,0,0,0,
178123,0,none,0,0,0,0,0,0,0,
16209,6,medium,2,0,0,0,0,0,0,unsafe_func
169070,0,none,0,0,0,0,0,0,0,
31126,0,none,0,0,0,0,0,0,0,
79616,0,none,0,0,0,0,0,0,0,
172173,0,none,0,0,0,0,0,0,0,
150531,0,none,0,0,0,0,0,0,0,
7951,3,low,0,1,0,0,0,0,0,memcpy_unchecked
59357,0,none,0,0,0,0,0,0,0,
14958,0,none,0,0,0,0,0,0,0,
183475,0,none,0,0,0,0,0,0,0,
117708,0,none,0,0,0,0,0,0,0,
10965,0,none,0,0,0,0,0,0,0,
178396,6,medium,0,2,0,0,0,0,0,memcpy_unchecked
136361,0,none,0,0,0,0,0,0,0,
185219,0,none,0,0,0,0,0,0,0,
4607,0,none,0,0,0,0,0,0,0,
39064,0,none,0,0,0,0,0,0,0,
68751,0,none,0,0,0,0,0,0,0,
10752,0,none,0,0,0,0,0,0,0,
88828,0,none,0,0,0,0,0,0,0,
15354,0,none,0,0,0,0,0,0,0,
153623,0,none,0,0,0,0,0,0,0,
160100,0,none,0,0,0,0,0,0,0,
171359,0,none,0,0,0,0,0,0,0,
8241,0,none,0,0,0,0,0,0,0,
99231,0,none,0,0,0,0,0,0,0,
172815,0,none,0,0,0,0,0,0,0,
92838,0,none,0,0,0,0,0,0,0,
95791,6,medium,2,0,0,0,0,0,0,unsafe_func
142971,0,none,0,0,0,0,0,0,0,
178043,0,none,0,0,0,0,0,0,0,
151234,0,none,0,0,0,0,0,0,0,
58792,0,none,0,0,0,0,0,0,0,
87060,0,none,0,0,0,0,0,0,0,
169860,0,none,0,0,0,0,0,0,0,
39426,0,none,0,0,0,0,0,0,0,
154636,0,none,0,0,0,0,0,0,0,
68293,0,none,0,0,0,0,0,0,0,
87672,0,none,0,0,0,0,0,0,0,
167503,0,none,0,0,0,0,0,0,0,
110174,0,none,0,0,0,0,0,0,0,
113540,0,none,0,0,0,0,0,0,0,
104869,0,none,0,0,0,0,0,0,0,
121342,0,none,0,0,0,0,0,0,0,
29474,0,none,0,0,0,0,0,0,0,
97332,0,none,0,0,0,0,0,0,0,
78570,3,low,0,1,0,0,0,0,0,memcpy_unchecked
115774,0,none,0,0,0,0,0,0,0,
97446,0,none,0,0,0,0,0,0,0,
29345,0,none,0,0,0,0,0,0,0,
60016,0,none,0,0,0,0,0,0,0,
126744,0,none,0,0,0,0,0,0,0,
80862,0,none,0,0,0,0,0,0,0,
151102,0,none,0,0,0,0,0,0,0,
156597,0,none,0,0,0,0,0,0,0,
57711,0,none,0,0,0,0,0,0,0,
30557,0,none,0,0,0,0,0,0,0,
119753,0,none,0,0,0,0,0,0,0,
31032,0,none,0,0,0,0,0,0,0,
161442,0,none,0,0,0,0,0,0,0,
170688,0,none,0,0,0,0,0,0,0,
22230,0,none,0,0,0,0,0,0,0,
60308,0,none,0,0,0,0,0,0,0,
129314,0,none,0,0,0,0,0,0,0,
24509,0,none,0,0,0,0,0,0,0,
84696,0,none,0,0,0,0,0,0,0,
38352,0,none,0,0,0,0,0,0,0,
160598,0,none,0,0,0,0,0,0,0,
47897,0,none,0,0,0,0,0,0,0,
40506,0,none,0,0,0,0,0,0,0,
144398,0,none,0,0,0,0,0,0,0,
109726,0,none,0,0,0,0,0,0,0,
84724,0,none,0,0,0,0,0,0,0,
125661,0,none,0,0,0,0,0,0,0,
34988,0,none,0,0,0,0,0,0,0,
114692,0,none,0,0,0,0,0,0,0,
174091,0,none,0,0,0,0,0,0,0,
47724,0,none,0,0,0,0,0,0,0,
56494,0,none,0,0,0,0,0,0,0,
98166,0,none,0,0,0,0,0,0,0,
81409,0,none,0,0,0,0,0,0,0,
75950,0,none,0,0,0,0,0,0,0,
57650,0,none,0,0,0,0,0,0,0,
1909,0,none,0,0,0,0,0,0,0,
42962,0,none,0,0,0,0,0,0,0,
102776,0,none,0,0,0,0,0,0,0,
69768,0,none,0,0,0,0,0,0,0,
152742,0,none,0,0,0,0,0,0,0,
17683,0,none,0,0,0,0,0,0,0,
37794,0,none,0,0,0,0,0,0,0,
25356,0,none,0,0,0,0,0,0,0,
58534,0,none,0,0,0,0,0,0,0,
181537,0,none,0,0,0,0,0,0,0,
97015,0,none,0,0,0,0,0,0,0,
71157,3,low,0,1,0,0,0,0,0,memcpy_unchecked
165372,0,none,0,0,0,0,0,0,0,
4212,0,none,0,0,0,0,0,0,0,
46387,0,none,0,0,0,0,0,0,0,
29500,0,none,0,0,0,0,0,0,0,
110805,0,none,0,0,0,0,0,0,0,
119309,0,none,0,0,0,0,0,0,0,
11687,0,none,0,0,0,0,0,0,0,
182006,0,none,0,0,0,0,0,0,0,
114880,0,none,0,0,0,0,0,0,0,
154953,0,none,0,0,0,0,0,0,0,
114026,0,none,0,0,0,0,0,0,0,
23940,0,none,0,0,0,0,0,0,0,
129075,0,none,0,0,0,0,0,0,0,
121681,0,none,0,0,0,0,0,0,0,
103195,0,none,0,0,0,0,0,0,0,
125375,0,none,0,0,0,0,0,0,0,
88376,0,none,0,0,0,0,0,0,0,
70504,0,none,0,0,0,0,0,0,0,
102461,0,none,0,0,0,0,0,0,0,
90830,0,none,0,0,0,0,0,0,0,
87536,0,none,0,0,0,0,0,0,0,
118791,0,none,0,0,0,0,0,0,0,
109642,0,none,0,0,0,0,0,0,0,
16095,0,none,0,0,0,0,0,0,0,
144014,0,none,0,0,0,0,0,0,0,
106355,0,none,0,0,0,0,0,0,0,
145999,0,none,0,0,0,0,0,0,0,
146650,0,none,0,0,0,0,0,0,0,
28937,0,none,0,0,0,0,0,0,0,
61629,0,none,0,0,0,0,0,0,0,
134320,0,none,0,0,0,0,0,0,0,
39834,0,none,0,0,0,0,0,0,0,
39708,0,none,0,0,0,0,0,0,0,
27180,0,none,0,0,0,0,0,0,0,
177881,0,none,0,0,0,0,0,0,0,
184981,0,none,0,0,0,0,0,0,0,
69923,0,none,0,0,0,0,0,0,0,
170630,0,none,0,0,0,0,0,0,0,
46243,0,none,0,0,0,0,0,0,0,
61730,0,none,0,0,0,0,0,0,0,
139551,0,none,0,0,0,0,0,0,0,
169006,0,none,0,0,0,0,0,0,0,
126976,0,none,0,0,0,0,0,0,0,
150136,0,none,0,0,0,0,0,0,0,
47429,0,none,0,0,0,0,0,0,0,
68127,0,none,0,0,0,0,0,0,0,
125121,0,none,0,0,0,0,0,0,0,
167651,0,none,0,0,0,0,0,0,0,
129716,0,none,0,0,0,0,0,0,0,
38239,0,none,0,0,0,0,0,0,0,
20173,0,none,0,0,0,0,0,0,0,
123631,0,none,0,0,0,0,0,0,0,
73719,0,none,0,0,0,0,0,0,0,
179017,0,none,0,0,0,0,0,0,0,
155833,0,none,0,0,0,0,0,0,0,
134059,0,none,0,0,0,0,0,0,0,
152106,0,none,0,0,0,0,0,0,0,
183158,7,medium,0,0,0,0,0,1,1,use_after_free;size_int_overflow
76300,0,none,0,0,0,0,0,0,0,
95586,3,low,1,0,0,0,0,0,0,unsafe_func
141304,0,none,0,0,0,0,0,0,0,
171113,0,none,0,0,0,0,0,0,0,
41713,0,none,0,0,0,0,0,0,0,
61593,0,none,0,0,0,0,0,0,0,
17465,0,none,0,0,0,0,0,0,0,
11918,0,none,0,0,0,0,0,0,0,
116085,0,none,0,0,0,0,0,0,0,
12599,0,none,0,0,0,0,0,0,0,
4715,0,none,0,0,0,0,0,0,0,
120419,0,none,0,0,0,0,0,0,0,
164081,0,none,0,0,0,0,0,0,0,
129093,0,none,0,0,0,0,0,0,0,
95394,0,none,0,0,0,0,0,0,0,
156179,0,none,0,0,0,0,0,0,0,
108940,0,none,0,0,0,0,0,0,0,
184489,0,none,0,0,0,0,0,0,0,
98919,0,none,0,0,0,0,0,0,0,
115057,0,none,0,0,0,0,0,0,0,
151828,0,none,0,0,0,0,0,0,0,
22010,0,none,0,0,0,0,0,0,0,
117986,0,none,0,0,0,0,0,0,0,
159121,0,none,0,0,0,0,0,0,0,
42909,0,none,0,0,0,0,0,0,0,
100714,0,none,0,0,0,0,0,0,0,
29942,0,none,0,0,0,0,0,0,0,
32260,0,none,0,0,0,0,0,0,0,
186849,0,none,0,0,0,0,0,0,0,
87618,0,none,0,0,0,0,0,0,0,
106466,0,none,0,0,0,0,0,0,0,
15251,0,none,0,0,0,0,0,0,0,
115722,0,none,0,0,0,0,0,0,0,
20748,0,none,0,0,0,0,0,0,0,
11345,0,none,0,0,0,0,0,0,0,
105292,0,none,0,0,0,0,0,0,0,
66140,0,none,0,0,0,0,0,0,0,
28665,0,none,0,0,0,0,0,0,0,
46674,0,none,0,0,0,0,0,0,0,
146216,0,none,0,0,0,0,0,0,0,
33107,0,none,0,0,0,0,0,0,0,
181555,0,none,0,0,0,0,0,0,0,
103015,0,none,0,0,0,0,0,0,0,
166009,0,none,0,0,0,0,0,0,0,
132667,0,none,0,0,0,0,0,0,0,
174022,0,none,0,0,0,0,0,0,0,
56344,0,none,0,0,0,0,0,0,0,
163351,0,none,0,0,0,0,0,0,0,
178827,2,low,0,0,0,0,0,0,1,size_int_overflow
60970,0,none,0,0,0,0,0,0,0,
139651,0,none,0,0,0,0,0,0,0,
77515,0,none,0,0,0,0,0,0,0,
24572,0,none,0,0,0,0,0,0,0,
180438,0,none,0,0,0,0,0,0,0,
64240,0,none,0,0,0,0,0,0,0,
87680,0,none,0,0,0,0,0,0,0,
16182,0,none,0,0,0,0,0,0,0,
69011,0,none,0,0,0,0,0,0,0,
103953,0,none,0,0,0,0,0,0,0,
45514,0,none,0,0,0,0,0,0,0,
170468,0,none,0,0,0,0,0,0,0,
105338,0,none,0,0,0,0,0,0,0,
149094,0,none,0,0,0,0,0,0,0,
33814,0,none,0,0,0,0,0,0,0,
186713,0,none,0,0,0,0,0,0,0,
78729,0,none,0,0,0,0,0,0,0,
42241,0,none,0,0,0,0,0,0,0,
126719,0,none,0,0,0,0,0,0,0,
43337,16,high,2,2,0,1,0,0,1,unsafe_func;memcpy_unchecked;unchecked_alloc;size_int_overflow
170869,0,none,0,0,0,0,0,0,0,
83678,0,none,0,0,0,0,0,0,0,
23489,0,none,0,0,0,0,0,0,0,
153783,0,none,0,0,0,0,0,0,0,
32051,0,none,0,0,0,0,0,0,0,
30136,0,none,0,0,0,0,0,0,0,
128498,0,none,0,0,0,0,0,0,0,
40322,0,none,0,0,0,0,0,0,0,
23107,0,none,0,0,0,0,0,0,0,
154534,0,none,0,0,0,0,0,0,0,
78946,0,none,0,0,0,0,0,0,0,
39940,0,none,0,0,0,0,0,0,0,
51953,0,none,0,0,0,0,0,0,0,
14753,0,none,0,0,0,0,0,0,0,
88826,0,none,0,0,0,0,0,0,0,
47104,0,none,0,0,0,0,0,0,0,
71231,0,none,0,0,0,0,0,0,0,
146421,0,none,0,0,0,0,0,0,0,
38911,0,none,0,0,0,0,0,0,0,
153096,0,none,0,0,0,0,0,0,0,
112601,0,none,0,0,0,0,0,0,0,
3656,0,none,0,0,0,0,0,0,0,
95482,3,low,0,1,0,0,0,0,0,memcpy_unchecked
170380,0,none,0,0,0,0,0,0,0,
32586,0,none,0,0,0,0,0,0,0,
140942,0,none,0,0,0,0,0,0,0,
70373,0,none,0,0,0,0,0,0,0,
147275,0,none,0,0,0,0,0,0,0,
177035,0,none,0,0,0,0,0,0,0,
175449,0,none,0,0,0,0,0,0,0,
12215,0,none,0,0,0,0,0,0,0,
92903,0,none,0,0,0,0,0,0,0,
7987,0,none,0,0,0,0,0,0,0,
1652,0,none,0,0,0,0,0,0,0,
20711,0,none,0,0,0,0,0,0,0,
135734,0,none,0,0,0,0,0,0,0,
72469,0,none,0,0,0,0,0,0,0,
136000,0,none,0,0,0,0,0,0,0,
168267,0,none,0,0,0,0,0,0,0,
165606,0,none,0,0,0,0,0,0,0,
62050,0,none,0,0,0,0,0,0,0,
5043,0,none,0,0,0,0,0,0,0,
128083,0,none,0,0,0,0,0,0,0,
178911,0,none,0,0,0,0,0,0,0,
146246,0,none,0,0,0,0,0,0,0,
25400,0,none,0,0,0,0,0,0,0,
38399,0,none,0,0,0,0,0,0,0,
51526,0,none,0,0,0,0,0,0,0,
1110,0,none,0,0,0,0,0,0,0,
12729,0,none,0,0,0,0,0,0,0,
81058,0,none,0,0,0,0,0,0,0,
169971,0,none,0,0,0,0,0,0,0,
110978,0,none,0,0,0,0,0,0,0,
111351,0,none,0,0,0,0,0,0,0,
129832,0,none,0,0,0,0,0,0,0,
58378,6,medium,2,0,0,0,0,0,0,unsafe_func
127368,0,none,0,0,0,0,0,0,0,
137064,0,none,0,0,0,0,0,0,0,
126079,0,none,0,0,0,0,0,0,0,
163873,0,none,0,0,0,0,0,0,0,
67811,0,none,0,0,0,0,0,0,0,
168407,0,none,0,0,0,0,0,0,0,
140137,0,none,0,0,0,0,0,0,0,
24425,0,none,0,0,0,0,0,0,0,
87970,0,none,0,0,0,0,0,0,0,
169126,0,none,0,0,0,0,0,0,0,
133911,0,none,0,0,0,0,0,0,0,
165048,0,none,0,0,0,0,0,0,0,
58946,0,none,0,0,0,0,0,0,0,
121411,0,none,0,0,0,0,0,0,0,
66432,0,none,0,0,0,0,0,0,0,
61997,0,none,0,0,0,0,0,0,0,
166712,0,none,0,0,0,0,0,0,0,
128171,0,none,0,0,0,0,0,0,0,
40083,0,none,0,0,0,0,0,0,0,
154734,0,none,0,0,0,0,0,0,0,
63943,0,none,0,0,0,0,0,0,0,
93642,0,none,0,0,0,0,0,0,0,
122685,0,none,0,0,0,0,0,0,0,
21471,0,none,0,0,0,0,0,0,0,
38549,0,none,0,0,0,0,0,0,0,
168037,0,none,0,0,0,0,0,0,0,
62434,0,none,0,0,0,0,0,0,0,
56758,0,none,0,0,0,0,0,0,0,
174002,0,none,0,0,0,0,0,0,0,
174219,0,none,0,0,0,0,0,0,0,
184365,0,none,0,0,0,0,0,0,0,
139307,0,none,0,0,0,0,0,0,0,
121284,0,none,0,0,0,0,0,0,0,
121934,0,none,0,0,0,0,0,0,0,
128621,0,none,0,0,0,0,0,0,0,
58749,0,none,0,0,0,0,0,0,0,
65316,0,none,0,0,0,0,0,0,0,
72789,0,none,0,0,0,0,0,0,0,
181386,0,none,0,0,0,0,0,0,0,
46718,0,none,0,0,0,0,0,0,0,
80152,0,none,0,0,0,0,0,0,0,
56208,0,none,0,0,0,0,0,0,0,
17764,0,none,0,0,0,0,0,0,0,
21281,0,none,0,0,0,0,0,0,0,
55228,3,low,1,0,0,0,0,0,0,unsafe_func
89267,0,none,0,0,0,0,0,0,0,
53088,0,none,0,0,0,0,0,0,0,
94317,0,none,0,0,0,0,0,0,0,
164673,0,none,0,0,0,0,0,0,0,
148766,0,none,0,0,0,0,0,0,0,
106179,0,none,0,0,0,0,0,0,0,
126434,0,none,0,0,0,0,0,0,0,
37504,0,none,0,0,0,0,0,0,0,
38330,0,none,0,0,0,0,0,0,0,
163580,6,medium,2,0,0,0,0,0,0,unsafe_func
54814,0,none,0,0,0,0,0,0,0,
65690,0,none,0,0,0,0,0,0,0,
35319,6,medium,0,2,0,0,0,0,0,memcpy_unchecked
94730,0,none,0,0,0,0,0,0,0,
171070,0,none,0,0,0,0,0,0,0,
98925,0,none,0,0,0,0,0,0,0,
53145,0,none,0,0,0,0,0,0,0,
1651,0,none,0,0,0,0,0,0,0,
149440,0,none,0,0,0,0,0,0,0,
15339,0,none,0,0,0,0,0,0,0,
71803,0,none,0,0,0,0,0,0,0,
155719,0,none,0,0,0,0,0,0,0,
175813,6,medium,0,2,0,0,0,0,0,memcpy_unchecked
144506,0,none,0,0,0,0,0,0,0,
156286,0,none,0,0,0,0,0,0,0,
58084,9,high,0,0,0,0,0,1,2,use_after_free;size_int_overflow
20694,0,none,0,0,0,0,0,0,0,
180764,0,none,0,0,0,0,0,0,0,
18065,0,none,0,0,0,0,0,0,0,
125157,0,none,0,0,0,0,0,0,0,
6053,0,none,0,0,0,0,0,0,0,
844,0,none,0,0,0,0,0,0,0,
122699,0,none,0,0,0,0,0,0,0,
97254,0,none,0,0,0,0,0,0,0,
39325,3,low,1,0,0,0,0,0,0,unsafe_func
5219,0,none,0,0,0,0,0,0,0,
173013,0,none,0,0,0,0,0,0,0,
112687,0,none,0,0,0,0,0,0,0,
105040,0,none,0,0,0,0,0,0,0,
113057,0,none,0,0,0,0,0,0,0,
7525,0,none,0,0,0,0,0,0,0,
103657,0,none,0,0,0,0,0,0,0,
1863,0,none,0,0,0,0,0,0,0,
45029,0,none,0,0,0,0,0,0,0,
62188,0,none,0,0,0,0,0,0,0,
48624,0,none,0,0,0,0,0,0,0,
104579,0,none,0,0,0,0,0,0,0,
131437,0,none,0,0,0,0,0,0,0,
41150,0,none,0,0,0,0,0,0,0,
186812,0,none,0,0,0,0,0,0,0,
64833,0,none,0,0,0,0,0,0,0,
125707,0,none,0,0,0,0,0,0,0,
181876,0,none,0,0,0,0,0,0,0,
38016,0,none,0,0,0,0,0,0,0,
4401,0,none,0,0,0,0,0,0,0,
137680,0,none,0,0,0,0,0,0,0,
112374,0,none,0,0,0,0,0,0,0,
57011,0,none,0,0,0,0,0,0,0,
111900,0,none,0,0,0,0,0,0,0,
42309,3,low,1,0,0,0,0,0,0,unsafe_func
77695,0,none,0,0,0,0,0,0,0,
118523,0,none,0,0,0,0,0,0,0,
76019,0,none,0,0,0,0,0,0,0,
20675,0,none,0,0,0,0,0,0,0,
184336,0,none,0,0,0,0,0,0,0,
182102,0,none,0,0,0,0,0,0,0,
45783,0,none,0,0,0,0,0,0,0,
30223,0,none,0,0,0,0,0,0,0,
120121,0,none,0,0,0,0,0,0,0,
86035,0,none,0,0,0,0,0,0,0,
98175,0,none,0,0,0,0,0,0,0,
164037,0,none,0,0,0,0,0,0,0,
114151,0,none,0,0,0,0,0,0,0,
5373,0,none,0,0,0,0,0,0,0,
18537,0,none,0,0,0,0,0,0,0,
94494,0,none,0,0,0,0,0,0,0,
43483,0,none,0,0,0,0,0,0,0,
53451,0,none,0,0,0,0,0,0,0,
22980,0,none,0,0,0,0,0,0,0,
19918,0,none,0,0,0,0,0,0,0,
125117,0,none,0,0,0,0,0,0,0,
87091,0,none,0,0,0,0,0,0,0,
39282,0,none,0,0,0,0,0,0,0,
23138,0,none,0,0,0,0,0,0,0,
142762,0,none,0,0,0,0,0,0,0,
173751,0,none,0,0,0,0,0,0,0,
158949,0,none,0,0,0,0,0,0,0,
6231,0,none,0,0,0,0,0,0,0,
79517,0,none,0,0,0,0,0,0,0,
103115,0,none,0,0,0,0,0,0,0,
66397,0,none,0,0,0,0,0,0,0,
81047,0,none,0,0,0,0,0,0,0,
31991,0,none,0,0,0,0,0,0,0,
40097,0,none,0,0,0,0,0,0,0,
87282,0,none,0,0,0,0,0,0,0,
155695,0,none,0,0,0,0,0,0,0,
84471,0,none,0,0,0,0,0,0,0,
125014,0,none,0,0,0,0,0,0,0,
147936,0,none,0,0,0,0,0,0,0,
61606,0,none,0,0,0,0,0,0,0,
171803,3,low,1,0,0,0,0,0,0,unsafe_func
8622,3,low,0,1,0,0,0,0,0,memcpy_unchecked
170564,0,none,0,0,0,0,0,0,0,
69736,0,none,0,0,0,0,0,0,0,
28165,0,none,0,0,0,0,0,0,0,
162364,0,none,0,0,0,0,0,0,0,
15979,0,none,0,0,0,0,0,0,0,
90643,0,none,0,0,0,0,0,0,0,
163133,0,none,0,0,0,0,0,0,0,
37211,0,none,0,0,0,0,0,0,0,
608,0,none,0,0,0,0,0,0,0,
32336,0,none,0,0,0,0,0,0,0,
28971,0,none,0,0,0,0,0,0,0,
95860,0,none,0,0,0,0,0,0,0,
165012,0,none,0,0,0,0,0,0,0,
38220,0,none,0,0,0,0,0,0,0,
63095,0,none,0,0,0,0,0,0,0,
16411,14,high,2,0,2,0,0,0,0,unsafe_func;format_string
13983,0,none,0,0,0,0,0,0,0,
185056,0,none,0,0,0,0,0,0,0,
100547,0,none,0,0,0,0,0,0,0,
123606,0,none,0,0,0,0,0,0,0,
21172,0,none,0,0,0,0,0,0,0,
141026,0,none,0,0,0,0,0,0,0,
46849,0,none,0,0,0,0,0,0,0,
92620,0,none,0,0,0,0,0,0,0,
100047,0,none,0,0,0,0,0,0,0,
24014,0,none,0,0,0,0,0,0,0,
117159,0,none,0,0,0,0,0,0,0,
67719,0,none,0,0,0,0,0,0,0,
22893,0,none,0,0,0,0,0,0,0,
142772,0,none,0,0,0,0,0,0,0,
40451,0,none,0,0,0,0,0,0,0,
161913,0,none,0,0,0,0,0,0,0,
87064,0,none,0,0,0,0,0,0,0,
100183,0,none,0,0,0,0,0,0,0,
4563,0,none,0,0,0,0,0,0,0,
149073,0,none,0,0,0,0,0,0,0,
73550,0,none,0,0,0,0,0,0,0,
67634,0,none,0,0,0,0,0,0,0,
65797,0,none,0,0,0,0,0,0,0,
50147,0,none,0,0,0,0,0,0,0,
91321,0,none,0,0,0,0,0,0,0,
37494,0,none,0,0,0,0,0,0,0,
11351,0,none,0,0,0,0,0,0,0,
94672,0,none,0,0,0,0,0,0,0,
10617,0,none,0,0,0,0,0,0,0,
93536,0,none,0,0,0,0,0,0,0,
173229,0,none,0,0,0,0,0,0,0,
114964,0,none,0,0,0,0,0,0,0,
138956,0,none,0,0,0,0,0,0,0,
162252,0,none,0,0,0,0,0,0,0,
21248,0,none,0,0,0,0,0,0,0,
110239,0,none,0,0,0,0,0,0,0,
134178,0,none,0,0,0,0,0,0,0,
117762,0,none,0,0,0,0,0,0,0,
56304,0,none,0,0,0,0,0,0,0,
43666,0,none,0,0,0,0,0,0,0,
14249,0,none,0,0,0,0,0,0,0,
171507,0,none,0,0,0,0,0,0,0,
99177,0,none,0,0,0,0,0,0,0,
57449,0,none,0,0,0,0,0,0,0,
113794,0,none,0,0,0,0,0,0,0,
90400,0,none,0,0,0,0,0,0,0,
133200,0,none,0,0,0,0,0,0,0,
48995,0,none,0,0,0,0,0,0,0,
97572,0,none,0,0,0,0,0,0,0,
57209,0,none,0,0,0,0,0,0,0,
34372,2,low,0,0,0,0,0,0,1,size_int_overflow
187947,0,none,0,0,0,0,0,0,0,
115198,0,none,0,0,0,0,0,0,0,
124588,0,none,0,0,0,0,0,0,0,
51153,0,none,0,0,0,0,0,0,0,
104296,0,none,0,0,0,0,0,0,0,
59034,0,none,0,0,0,0,0,0,0,
166781,0,none,0,0,0,0,0,0,0,
96368,0,none,0,0,0,0,0,0,0,
140434,0,none,0,0,0,0,0,0,0,
178959,0,none,0,0,0,0,0,0,0,
18815,0,none,0,0,0,0,0,0,0,
167783,0,none,0,0,0,0,0,0,0,
187859,0,none,0,0,0,0,0,0,0,
144549,0,none,0,0,0,0,0,0,0,
128642,0,none,0,0,0,0,0,0,0,
8905,0,none,0,0,0,0,0,0,0,
50732,0,none,0,0,0,0,0,0,0,
187711,0,none,0,0,0,0,0,0,0,
162650,0,none,0,0,0,0,0,0,0,
1721,0,none,0,0,0,0,0,0,0,
867,0,none,0,0,0,0,0,0,0,
21582,0,none,0,0,0,0,0,0,0,
62960,0,none,0,0,0,0,0,0,0,
179999,3,low,0,1,0,0,0,0,0,memcpy_unchecked
145673,0,none,0,0,0,0,0,0,0,
179597,0,none,0,0,0,0,0,0,0,
44408,0,none,0,0,0,0,0,0,0,
111467,0,none,0,0,0,0,0,0,0,
154238,0,none,0,0,0,0,0,0,0,
62244,0,none,0,0,0,0,0,0,0,
68017,0,none,0,0,0,0,0,0,0,
12193,0,none,0,0,0,0,0,0,0,
8543,0,none,0,0,0,0,0,0,0,
67912,0,none,0,0,0,0,0,0,0,
46338,0,none,0,0,0,0,0,0,0,
71769,0,none,0,0,0,0,0,0,0,
178748,0,none,0,0,0,0,0,0,0,
137972,0,none,0,0,0,0,0,0,0,
116573,0,none,0,0,0,0,0,0,0,
165828,0,none,0,0,0,0,0,0,0,
70559,0,none,0,0,0,0,0,0,0,
114154,0,none,0,0,0,0,0,0,0,
8413,0,none,0,0,0,0,0,0,0,
96855,0,none,0,0,0,0,0,0,0,
64615,0,none,0,0,0,0,0,0,0,
137600,0,none,0,0,0,0,0,0,0,
176438,0,none,0,0,0,0,0,0,0,
29291,0,none,0,0,0,0,0,0,0,
133560,0,none,0,0,0,0,0,0,0,
106,0,none,0,0,0,0,0,0,0,
72311,0,none,0,0,0,0,0,0,0,
49338,0,none,0,0,0,0,0,0,0,
27568,0,none,0,0,0,0,0,0,0,
45901,0,none,0,0,0,0,0,0,0,
89092,0,none,0,0,0,0,0,0,0,
41593,0,none,0,0,0,0,0,0,0,
110909,0,none,0,0,0,0,0,0,0,
124225,0,none,0,0,0,0,0,0,0,
40791,0,none,0,0,0,0,0,0,0,
93776,0,none,0,0,0,0,0,0,0,
32078,0,none,0,0,0,0,0,0,0,
53273,0,none,0,0,0,0,0,0,0,
132180,0,none,0,0,0,0,0,0,0,
164123,0,none,0,0,0,0,0,0,0,
48404,0,none,0,0,0,0,0,0,0,
5870,0,none,0,0,0,0,0,0,0,
104511,0,none,0,0,0,0,0,0,0,
76751,0,none,0,0,0,0,0,0,0,
167727,0,none,0,0,0,0,0,0,0,
152572,0,none,0,0,0,0,0,0,0,
48867,0,none,0,0,0,0,0,0,0,
101918,0,none,0,0,0,0,0,0,0,
149560,0,none,0,0,0,0,0,0,0,
90464,0,none,0,0,0,0,0,0,0,
187014,0,none,0,0,0,0,0,0,0,
83889,0,none,0,0,0,0,0,0,0,
20225,0,none,0,0,0,0,0,0,0,
108779,0,none,0,0,0,0,0,0,0,
37651,0,none,0,0,0,0,0,0,0,
28026,0,none,0,0,0,0,0,0,0,
176525,0,none,0,0,0,0,0,0,0,
173329,0,none,0,0,0,0,0,0,0,
150746,0,none,0,0,0,0,0,0,0,
48976,0,none,0,0,0,0,0,0,0,
83564,0,none,0,0,0,0,0,0,0,
66045,0,none,0,0,0,0,0,0,0,
99470,0,none,0,0,0,0,0,0,0,
34928,0,none,0,0,0,0,0,0,0,
123321,0,none,0,0,0,0,0,0,0,
122598,0,none,0,0,0,0,0,0,0,
124068,0,none,0,0,0,0,0,0,0,
35602,0,none,0,0,0,0,0,0,0,
97430,0,none,0,0,0,0,0,0,0,
186275,0,none,0,0,0,0,0,0,0,
44352,0,none,0,0,0,0,0,0,0,
3314,0,none,0,0,0,0,0,0,0,
25158,0,none,0,0,0,0,0,0,0,
29397,0,none,0,0,0,0,0,0,0,
164158,0,none,0,0,0,0,0,0,0,
68971,0,none,0,0,0,0,0,0,0,
162480,0,none,0,0,0,0,0,0,0,
66388,0,none,0,0,0,0,0,0,0,
134028,0,none,0,0,0,0,0,0,0,
26093,0,none,0,0,0,0,0,0,0,
24778,0,none,0,0,0,0,0,0,0,
88135,0,none,0,0,0,0,0,0,0,
10141,0,none,0,0,0,0,0,0,0,
95664,0,none,0,0,0,0,0,0,0,
88422,0,none,0,0,0,0,0,0,0,
65025,0,none,0,0,0,0,0,0,0,
104026,0,none,0,0,0,0,0,0,0,
80753,0,none,0,0,0,0,0,0,0,
103763,0,none,0,0,0,0,0,0,0,
150912,0,none,0,0,0,0,0,0,0,
150849,0,none,0,0,0,0,0,0,0,
6934,0,none,0,0,0,0,0,0,0,
8621,0,none,0,0,0,0,0,0,0,
89419,0,none,0,0,0,0,0,0,0,
143039,0,none,0,0,0,0,0,0,0,
3908,0,none,0,0,0,0,0,0,0,
95541,0,none,0,0,0,0,0,0,0,
31361,0,none,0,0,0,0,0,0,0,
64065,0,none,0,0,0,0,0,0,0,
40600,0,none,0,0,0,0,0,0,0,
8957,0,none,0,0,0,0,0,0,0,
114695,0,none,0,0,0,0,0,0,0,
71013,0,none,0,0,0,0,0,0,0,
26591,0,none,0,0,0,0,0,0,0,
143261,0,none,0,0,0,0,0,0,0,
5044,0,none,0,0,0,0,0,0,0,
181255,0,none,0,0,0,0,0,0,0,
127210,0,none,0,0,0,0,0,0,0,
22678,0,none,0,0,0,0,0,0,0,
127384,0,none,0,0,0,0,0,0,0,
132526,0,none,0,0,0,0,0,0,0,
13972,0,none,0,0,0,0,0,0,0,
38020,0,none,0,0,0,0,0,0,0,
129849,0,none,0,0,0,0,0,0,0,
171776,0,none,0,0,0,0,0,0,0,
131254,0,none,0,0,0,0,0,0,0,
77356,0,none,0,0,0,0,0,0,0,
35359,3,low,1,0,0,0,0,0,0,unsafe_func
157779,0,none,0,0,0,0,0,0,0,
96741,0,none,0,0,0,0,0,0,0,
86272,0,none,0,0,0,0,0,0,0,
153663,0,none,0,0,0,0,0,0,0,
158707,0,none,0,0,0,0,0,0,0,
156858,0,none,0,0,0,0,0,0,0,
5395,0,none,0,0,0,0,0,0,0,
33483,0,none,0,0,0,0,0,0,0,
27153,0,none,0,0,0,0,0,0,0,
126444,0,none,0,0,0,0,0,0,0,
8153,0,none,0,0,0,0,0,0,0,
64826,0,none,0,0,0,0,0,0,0,
182838,0,none,0,0,0,0,0,0,0,
107809,0,none,0,0,0,0,0,0,0,
177458,0,none,0,0,0,0,0,0,0,
20602,3,low,0,1,0,0,0,0,0,memcpy_unchecked
51207,0,none,0,0,0,0,0,0,0,
107075,0,none,0,0,0,0,0,0,0,
115727,0,none,0,0,0,0,0,0,0,
117645,0,none,0,0,0,0,0,0,0,
111437,0,none,0,0,0,0,0,0,0,
187295,0,none,0,0,0,0,0,0,0,
46601,0,none,0,0,0,0,0,0,0,
180309,0,none,0,0,0,0,0,0,0,
67549,0,none,0,0,0,0,0,0,0,
10628,0,none,0,0,0,0,0,0,0,
61967,0,none,0,0,0,0,0,0,0,
168415,0,none,0,0,0,0,0,0,0,
172109,0,none,0,0,0,0,0,0,0,
106530,0,none,0,0,0,0,0,0,0,
138631,0,none,0,0,0,0,0,0,0,
79708,0,none,0,0,0,0,0,0,0,
156891,0,none,0,0,0,0,0,0,0,
47576,0,none,0,0,0,0,0,0,0,
73826,3,low,0,1,0,0,0,0,0,memcpy_unchecked
36681,0,none,0,0,0,0,0,0,0,
51927,0,none,0,0,0,0,0,0,0,
96587,0,none,0,0,0,0,0,0,0,
126436,0,none,0,0,0,0,0,0,0,
121524,0,none,0,0,0,0,0,0,0,
24613,0,none,0,0,0,0,0,0,0,
133895,0,none,0,0,0,0,0,0,0,
152700,0,none,0,0,0,0,0,0,0,
92302,0,none,0,0,0,0,0,0,0,
138849,0,none,0,0,0,0,0,0,0,
35626,0,none,0,0,0,0,0,0,0,
134600,0,none,0,0,0,0,0,0,0,
86040,0,none,0,0,0,0,0,0,0,
40464,6,medium,0,2,0,0,0,0,0,memcpy_unchecked
181114,0,none,0,0,0,0,0,0,0,
165120,0,none,0,0,0,0,0,0,0,
138187,0,none,0,0,0,0,0,0,0,
60176,0,none,0,0,0,0,0,0,0,
64380,0,none,0,0,0,0,0,0,0,
144455,0,none,0,0,0,0,0,0,0,
14158,0,none,0,0,0,0,0,0,0,
107202,0,none,0,0,0,0,0,0,0,
62720,0,none,0,0,0,0,0,0,0,
57929,0,none,0,0,0,0,0,0,0,
145396,0,none,0,0,0,0,0,0,0,
73478,0,none,0,0,0,0,0,0,0,
31920,0,none,0,0,0,0,0,0,0,
140173,0,none,0,0,0,0,0,0,0,
91396,0,none,0,0,0,0,0,0,0,
20838,0,none,0,0,0,0,0,0,0,
68621,0,none,0,0,0,0,0,0,0,
56321,0,none,0,0,0,0,0,0,0,
8480,0,none,0,0,0,0,0,0,0,
49418,0,none,0,0,0,0,0,0,0,
6283,0,none,0,0,0,0,0,0,0,
9628,0,none,0,0,0,0,0,0,0,
104853,0,none,0,0,0,0,0,0,0,
66651,0,none,0,0,0,0,0,0,0,
121710,0,none,0,0,0,0,0,0,0,
41885,0,none,0,0,0,0,0,0,0,
82030,0,none,0,0,0,0,0,0,0,
6463,0,none,0,0,0,0,0,0,0,
168024,0,none,0,0,0,0,0,0,0,
162163,0,none,0,0,0,0,0,0,0,
170772,0,none,0,0,0,0,0,0,0,
69853,0,none,0,0,0,0,0,0,0,
34405,0,none,0,0,0,0,0,0,0,
122866,0,none,0,0,0,0,0,0,0,
6787,0,none,0,0,0,0,0,0,0,
49372,0,none,0,0,0,0,0,0,0,
128011,0,none,0,0,0,0,0,0,0,
109142,0,none,0,0,0,0,0,0,0,
123823,0,none,0,0,0,0,0,0,0,
88323,0,none,0,0,0,0,0,0,0,
164967,0,none,0,0,0,0,0,0,0,
128680,0,none,0,0,0,0,0,0,0,
181508,0,none,0,0,0,0,0,0,0,
44650,0,none,0,0,0,0,0,0,0,
99214,0,none,0,0,0,0,0,0,0,
155664,0,none,0,0,0,0,0,0,0,
151371,0,none,0,0,0,0,0,0,0,
148856,0,none,0,0,0,0,0,0,0,
177108,0,none,0,0,0,0,0,0,0,
97915,0,none,0,0,0,0,0,0,0,
161668,0,none,0,0,0,0,0,0,0,
173878,0,none,0,0,0,0,0,0,0,
41637,0,none,0,0,0,0,0,0,0,
180733,0,none,0,0,0,0,0,0,0,
174283,0,none,0,0,0,0,0,0,0,
170905,0,none,0,0,0,0,0,0,0,
52631,0,none,0,0,0,0,0,0,0,
91143,0,none,0,0,0,0,0,0,0,
92098,0,none,0,0,0,0,0,0,0,
53481,0,none,0,0,0,0,0,0,0,
110049,0,none,0,0,0,0,0,0,0,
125219,0,none,0,0,0,0,0,0,0,
74327,0,none,0,0,0,0,0,0,0,
94354,2,low,0,0,0,0,0,0,1,size_int_overflow
135972,0,none,0,0,0,0,0,0,0,
157038,0,none,0,0,0,0,0,0,0,
79870,0,none,0,0,0,0,0,0,0,
76265,0,none,0,0,0,0,0,0,0,
17262,0,none,0,0,0,0,0,0,0,
82213,0,none,0,0,0,0,0,0,0,
23016,0,none,0,0,0,0,0,0,0,
109195,0,none,0,0,0,0,0,0,0,
23520,0,none,0,0,0,0,0,0,0,
119264,0,none,0,0,0,0,0,0,0,
34050,0,none,0,0,0,0,0,0,0,
168454,0,none,0,0,0,0,0,0,0,
19518,0,none,0,0,0,0,0,0,0,
22279,0,none,0,0,0,0,0,0,0,
103343,0,none,0,0,0,0,0,0,0,
32059,0,none,0,0,0,0,0,0,0,
4895,0,none,0,0,0,0,0,0,0,
106405,0,none,0,0,0,0,0,0,0,
177159,0,none,0,0,0,0,0,0,0,
5029,0,none,0,0,0,0,0,0,0,
146287,0,none,0,0,0,0,0,0,0,
53908,0,none,0,0,0,0,0,0,0,
49057,0,none,0,0,0,0,0,0,0,
39010,0,none,0,0,0,0,0,0,0,
96505,0,none,0,0,0,0,0,0,0,
147102,0,none,0,0,0,0,0,0,0,
113864,0,none,0,0,0,0,0,0,0,
74198,0,none,0,0,0,0,0,0,0,
117197,0,none,0,0,0,0,0,0,0,
173543,0,none,0,0,0,0,0,0,0,
51273,0,none,0,0,0,0,0,0,0,
20980,0,none,0,0,0,0,0,0,0,
127853,0,none,0,0,0,0,0,0,0,
8475,0,none,0,0,0,0,0,0,0,
42418,0,none,0,0,0,0,0,0,0,
163996,0,none,0,0,0,0,0,0,0,
162593,0,none,0,0,0,0,0,0,0,
147191,0,none,0,0,0,0,0,0,0,
55066,0,none,0,0,0,0,0,0,0,
87063,0,none,0,0,0,0,0,0,0,
185005,0,none,0,0,0,0,0,0,0,
150130,0,none,0,0,0,0,0,0,0,
74162,0,none,0,0,0,0,0,0,0,
54380,0,none,0,0,0,0,0,0,0,
147461,0,none,0,0,0,0,0,0,0,
30338,0,none,0,0,0,0,0,0,0,
124256,0,none,0,0,0,0,0,0,0,
64708,0,none,0,0,0,0,0,0,0,
133095,0,none,0,0,0,0,0,0,0,
153609,0,none,0,0,0,0,0,0,0,
90459,0,none,0,0,0,0,0,0,0,
145378,0,none,0,0,0,0,0,0,0,
26757,0,none,0,0,0,0,0,0,0,
171247,0,none,0,0,0,0,0,0,0,
110242,0,none,0,0,0,0,0,0,0,
144499,0,none,0,0,0,0,0,0,0,
66321,0,none,0,0,0,0,0,0,0,
162731,0,none,0,0,0,0,0,0,0,
34592,0,none,0,0,0,0,0,0,0,
36487,0,none,0,0,0,0,0,0,0,
17962,0,none,0,0,0,0,0,0,0,
94854,0,none,0,0,0,0,0,0,0,
6935,0,none,0,0,0,0,0,0,0,
61497,0,none,0,0,0,0,0,0,0,
145766,0,none,0,0,0,0,0,0,0,
119184,0,none,0,0,0,0,0,0,0,
122722,0,none,0,0,0,0,0,0,0,
3736,0,none,0,0,0,0,0,0,0,
107060,0,none,0,0,0,0,0,0,0,
63286,0,none,0,0,0,0,0,0,0,
47621,0,none,0,0,0,0,0,0,0,
74695,0,none,0,0,0,0,0,0,0,
86502,0,none,0,0,0,0,0,0,0,
82291,0,none,0,0,0,0,0,0,0,
125293,0,none,0,0,0,0,0,0,0,
181928,0,none,0,0,0,0,0,0,0,
120576,0,none,0,0,0,0,0,0,0,
4697,0,none,0,0,0,0,0,0,0,
3358,0,none,0,0,0,0,0,0,0,
111796,0,none,0,0,0,0,0,0,0,
6017,0,none,0,0,0,0,0,0,0,
172744,0,none,0,0,0,0,0,0,0,
173639,0,none,0,0,0,0,0,0,0,
113479,0,none,0,0,0,0,0,0,0,
40685,0,none,0,0,0,0,0,0,0,
134727,0,none,0,0,0,0,0,0,0,
158985,0,none,0,0,0,0,0,0,0,
81956,0,none,0,0,0,0,0,0,0,
124758,0,none,0,0,0,0,0,0,0,
114350,0,none,0,0,0,0,0,0,0,
41401,0,none,0,0,0,0,0,0,0,
44312,0,none,0,0,0,0,0,0,0,
47051,0,none,0,0,0,0,0,0,0,
95086,0,none,0,0,0,0,0,0,0,
131497,0,none,0,0,0,0,0,0,0,
146414,0,none,0,0,0,0,0,0,0,
7391,0,none,0,0,0,0,0,0,0,
112439,0,none,0,0,0,0,0,0,0,
26141,0,none,0,0,0,0,0,0,0,
115393,0,none,0,0,0,0,0,0,0,
84070,0,none,0,0,0,0,0,0,0,
185966,0,none,0,0,0,0,0,0,0,
82571,0,none,0,0,0,0,0,0,0,
164441,0,none,0,0,0,0,0,0,0,
12306,0,none,0,0,0,0,0,0,0,
139766,0,none,0,0,0,0,0,0,0,
10167,0,none,0,0,0,0,0,0,0,
124557,0,none,0,0,0,0,0,0,0,
127161,0,none,0,0,0,0,0,0,0,
119262,0,none,0,0,0,0,0,0,0,
151240,0,none,0,0,0,0,0,0,0,
60134,0,none,0,0,0,0,0,0,0,
102122,0,none,0,0,0,0,0,0,0,
7546,0,none,0,0,0,0,0,0,0,
187397,0,none,0,0,0,0,0,0,0,
8361,0,none,0,0,0,0,0,0,0,
14373,0,none,0,0,0,0,0,0,0,
155005,0,none,0,0,0,0,0,0,0,
67872,0,none,0,0,0,0,0,0,0,
50109,0,none,0,0,0,0,0,0,0,
28478,4,medium,0,0,0,1,0,0,1,unchecked_alloc;size_int_overflow
144029,0,none,0,0,0,0,0,0,0,
175697,0,none,0,0,0,0,0,0,0,
117575,0,none,0,0,0,0,0,0,0,
104320,0,none,0,0,0,0,0,0,0,
86526,0,none,0,0,0,0,0,0,0,
21056,0,none,0,0,0,0,0,0,0,
83994,0,none,0,0,0,0,0,0,0,
5443,0,none,0,0,0,0,0,0,0,
172410,0,none,0,0,0,0,0,0,0,
26376,0,none,0,0,0,0,0,0,0,
68073,0,none,0,0,0,0,0,0,0,
74299,0,none,0,0,0,0,0,0,0,
120640,0,none,0,0,0,0,0,0,0,
90690,0,none,0,0,0,0,0,0,0,
134228,0,none,0,0,0,0,0,0,0,
136836,0,none,0,0,0,0,0,0,0,
14284,0,none,0,0,0,0,0,0,0,
3072,0,none,0,0,0,0,0,0,0,
77358,0,none,0,0,0,0,0,0,0,
27583,0,none,0,0,0,0,0,0,0,
84171,0,none,0,0,0,0,0,0,0,
155001,0,none,0,0,0,0,0,0,0,
58570,0,none,0,0,0,0,0,0,0,
146940,0,none,0,0,0,0,0,0,0,
102496,0,none,0,0,0,0,0,0,0,
10774,0,none,0,0,0,0,0,0,0,
45235,0,none,0,0,0,0,0,0,0,
12830,3,low,0,1,0,0,0,0,0,memcpy_unchecked
23851,0,none,0,0,0,0,0,0,0,
82095,0,none,0,0,0,0,0,0,0,
179594,0,none,0,0,0,0,0,0,0,
72584,0,none,0,0,0,0,0,0,0,
43646,0,none,0,0,0,0,0,0,0,
7334,0,none,0,0,0,0,0,0,0,
56341,0,none,0,0,0,0,0,0,0,
57071,0,none,0,0,0,0,0,0,0,
80335,0,none,0,0,0,0,0,0,0,
122642,0,none,0,0,0,0,0,0,0,
29084,0,none,0,0,0,0,0,0,0,
10076,0,none,0,0,0,0,0,0,0,
185645,0,none,0,0,0,0,0,0,0,
143966,0,none,0,0,0,0,0,0,0,
26693,0,none,0,0,0,0,0,0,0,
3910,0,none,0,0,0,0,0,0,0,
180668,0,none,0,0,0,0,0,0,0,
181922,0,none,0,0,0,0,0,0,0,
95185,0,none,0,0,0,0,0,0,0,
148203,0,none,0,0,0,0,0,0,0,
171142,0,none,0,0,0,0,0,0,0,
9376,0,none,0,0,0,0,0,0,0,
128929,0,none,0,0,0,0,0,0,0,
15810,0,none,0,0,0,0,0,0,0,
11082,0,none,0,0,0,0,0,0,0,
107602,0,none,0,0,0,0,0,0,0,
108761,0,none,0,0,0,0,0,0,0,
123731,0,none,0,0,0,0,0,0,0,
28050,0,none,0,0,0,0,0,0,0,
37914,0,none,0,0,0,0,0,0,0,
85593,0,none,0,0,0,0,0,0,0,
78962,2,low,0,0,0,0,0,0,1,size_int_overflow
164947,0,none,0,0,0,0,0,0,0,
126898,0,none,0,0,0,0,0,0,0,
33931,0,none,0,0,0,0,0,0,0,
136648,0,none,0,0,0,0,0,0,0,
123250,0,none,0,0,0,0,0,0,0,
57686,0,none,0,0,0,0,0,0,0,
116515,0,none,0,0,0,0,0,0,0,
107492,0,none,0,0,0,0,0,0,0,
112791,0,none,0,0,0,0,0,0,0,
98907,0,none,0,0,0,0,0,0,0,
36569,0,none,0,0,0,0,0,0,0,
127416,0,none,0,0,0,0,0,0,0,
17871,0,none,0,0,0,0,0,0,0,
3769,0,none,0,0,0,0,0,0,0,
171051,0,none,0,0,0,0,0,0,0,
152634,0,none,0,0,0,0,0,0,0,
88477,0,none,0,0,0,0,0,0,0,
151246,0,none,0,0,0,0,0,0,0,
142289,0,none,0,0,0,0,0,0,0,
15073,0,none,0,0,0,0,0,0,0,
146065,0,none,0,0,0,0,0,0,0,
88679,0,none,0,0,0,0,0,0,0,
19666,0,none,0,0,0,0,0,0,0,
109066,0,none,0,0,0,0,0,0,0,
121333,0,none,0,0,0,0,0,0,0,
164977,0,none,0,0,0,0,0,0,0,
186588,0,none,0,0,0,0,0,0,0,
174342,0,none,0,0,0,0,0,0,0,
4130,0,none,0,0,0,0,0,0,0,
86866,0,none,0,0,0,0,0,0,0,
92041,0,none,0,0,0,0,0,0,0,
162474,0,none,0,0,0,0,0,0,0,
65418,0,none,0,0,0,0,0,0,0,
5832,0,none,0,0,0,0,0,0,0,
113105,0,none,0,0,0,0,0,0,0,
10221,0,none,0,0,0,0,0,0,0,
161144,0,none,0,0,0,0,0,0,0,
47471,0,none,0,0,0,0,0,0,0,
72347,0,none,0,0,0,0,0,0,0,
165531,0,none,0,0,0,0,0,0,0,
167861,0,none,0,0,0,0,0,0,0,
7827,0,none,0,0,0,0,0,0,0,
70955,0,none,0,0,0,0,0,0,0,
149167,0,none,0,0,0,0,0,0,0,
11704,0,none,0,0,0,0,0,0,0,
15819,0,none,0,0,0,0,0,0,0,
18012,0,none,0,0,0,0,0,0,0,
94600,0,none,0,0,0,0,0,0,0,
170813,0,none,0,0,0,0,0,0,0,
158281,0,none,0,0,0,0,0,0,0,
1297,0,none,0,0,0,0,0,0,0,
24545,0,none,0,0,0,0,0,0,0,
36000,0,none,0,0,0,0,0,0,0,
132616,0,none,0,0,0,0,0,0,0,
110446,0,none,0,0,0,0,0,0,0,
130088,0,none,0,0,0,0,0,0,0,
50957,0,none,0,0,0,0,0,0,0,
140649,0,none,0,0,0,0,0,0,0,
131588,0,none,0,0,0,0,0,0,0,
114313,0,none,0,0,0,0,0,0,0,
47928,0,none,0,0,0,0,0,0,0,
168716,0,none,0,0,0,0,0,0,0,
139259,0,none,0,0,0,0,0,0,0,
82454,0,none,0,0,0,0,0,0,0,
37366,0,none,0,0,0,0,0,0,0,
51314,0,none,0,0,0,0,0,0,0,
111042,0,none,0,0,0,0,0,0,0,
166617,0,none,0,0,0,0,0,0,0,
109241,0,none,0,0,0,0,0,0,0,
180079,0,none,0,0,0,0,0,0,0,
172093,0,none,0,0,0,0,0,0,0,
73472,0,none,0,0,0,0,0,0,0,
79974,0,none,0,0,0,0,0,0,0,
138594,0,none,0,0,0,0,0,0,0,
169815,0,none,0,0,0,0,0,0,0,
171594,0,none,0,0,0,0,0,0,0,
103149,0,none,0,0,0,0,0,0,0,
169250,0,none,0,0,0,0,0,0,0,
52023,0,none,0,0,0,0,0,0,0,
83735,0,none,0,0,0,0,0,0,0,
185187,0,none,0,0,0,0,0,0,0,
45476,0,none,0,0,0,0,0,0,0,
17560,0,none,0,0,0,0,0,0,0,
153025,0,none,0,0,0,0,0,0,0,
78487,0,none,0,0,0,0,0,0,0,
80762,0,none,0,0,0,0,0,0,0,
150180,0,none,0,0,0,0,0,0,0,
64637,6,medium,0,2,0,0,0,0,0,memcpy_unchecked
107388,0,none,0,0,0,0,0,0,0,
115551,0,none,0,0,0,0,0,0,0,
16614,0,none,0,0,0,0,0,0,0,
110690,0,none,0,0,0,0,0,0,0,
171100,0,none,0,0,0,0,0,0,0,
59889,5,medium,0,1,0,0,0,0,1,memcpy_unchecked;size_int_overflow
116767,0,none,0,0,0,0,0,0,0,
142899,0,none,0,0,0,0,0,0,0,
76600,0,none,0,0,0,0,0,0,0,
184035,0,none,0,0,0,0,0,0,0,
178818,0,none,0,0,0,0,0,0,0,
111363,0,none,0,0,0,0,0,0,0,
161126,0,none,0,0,0,0,0,0,0,
162833,0,none,0,0,0,0,0,0,0,
171635,0,none,0,0,0,0,0,0,0,
113634,0,none,0,0,0,0,0,0,0,
135617,0,none,0,0,0,0,0,0,0,
6296,0,none,0,0,0,0,0,0,0,
34878,0,none,0,0,0,0,0,0,0,
104978,0,none,0,0,0,0,0,0,0,
9431,0,none,0,0,0,0,0,0,0,
52898,2,low,0,0,0,0,0,0,1,size_int_overflow
162274,0,none,0,0,0,0,0,0,0,
112774,0,none,0,0,0,0,0,0,0,
127281,0,none,0,0,0,0,0,0,0,
95613,0,none,0,0,0,0,0,0,0,
169718,0,none,0,0,0,0,0,0,0,
77967,0,none,0,0,0,0,0,0,0,
90814,0,none,0,0,0,0,0,0,0,
100334,0,none,0,0,0,0,0,0,0,
182217,0,none,0,0,0,0,0,0,0,
106484,0,none,0,0,0,0,0,0,0,
89276,0,none,0,0,0,0,0,0,0,
94684,0,none,0,0,0,0,0,0,0,
157400,0,none,0,0,0,0,0,0,0,
114185,0,none,0,0,0,0,0,0,0,
91364,0,none,0,0,0,0,0,0,0,
113344,0,none,0,0,0,0,0,0,0,
65230,0,none,0,0,0,0,0,0,0,
166280,0,none,0,0,0,0,0,0,0,
184916,0,none,0,0,0,0,0,0,0,
100518,0,none,0,0,0,0,0,0,0,
141694,0,none,0,0,0,0,0,0,0,
173522,0,none,0,0,0,0,0,0,0,
67973,0,none,0,0,0,0,0,0,0,
82794,0,none,0,0,0,0,0,0,0,
75943,6,medium,0,2,0,0,0,0,0,memcpy_unchecked
87729,0,none,0,0,0,0,0,0,0,
143813,0,none,0,0,0,0,0,0,0,
186203,0,none,0,0,0,0,0,0,0,
113258,0,none,0,0,0,0,0,0,0,
58115,0,none,0,0,0,0,0,0,0,
32091,0,none,0,0,0,0,0,0,0,
5140,0,none,0,0,0,0,0,0,0,
86627,0,none,0,0,0,0,0,0,0,
142546,0,none,0,0,0,0,0,0,0,
10237,0,none,0,0,0,0,0,0,0,
67183,0,none,0,0,0,0,0,0,0,
60175,0,none,0,0,0,0,0,0,0,
21375,0,none,0,0,0,0,0,0,0,
173651,0,none,0,0,0,0,0,0,0,
10145,0,none,0,0,0,0,0,0,0,
9635,0,none,0,0,0,0,0,0,0,
152652,0,none,0,0,0,0,0,0,0,
115306,0,none,0,0,0,0,0,0,0,
59950,0,none,0,0,0,0,0,0,0,
148406,0,none,0,0,0,0,0,0,0,
100497,0,none,0,0,0,0,0,0,0,
136987,0,none,0,0,0,0,0,0,0,
156079,0,none,0,0,0,0,0,0,0,
62139,0,none,0,0,0,0,0,0,0,
103661,0,none,0,0,0,0,0,0,0,
185794,0,none,0,0,0,0,0,0,0,
41422,0,none,0,0,0,0,0,0,0,
43076,0,none,0,0,0,0,0,0,0,
27830,0,none,0,0,0,0,0,0,0,
121088,0,none,0,0,0,0,0,0,0,
84613,0,none,0,0,0,0,0,0,0,
174131,0,none,0,0,0,0,0,0,0,
135927,0,none,0,0,0,0,0,0,0,
59298,0,none,0,0,0,0,0,0,0,
47082,0,none,0,0,0,0,0,0,0,
159813,0,none,0,0,0,0,0,0,0,
8101,0,none,0,0,0,0,0,0,0,
171848,0,none,0,0,0,0,0,0,0,
186614,0,none,0,0,0,0,0,0,0,
73480,0,none,0,0,0,0,0,0,0,
42851,0,none,0,0,0,0,0,0,0,
2554,3,low,0,1,0,0,0,0,0,memcpy_unchecked
166787,0,none,0,0,0,0,0,0,0,
112060,0,none,0,0,0,0,0,0,0,
135971,0,none,0,0,0,0,0,0,0,
1234,0,none,0,0,0,0,0,0,0,
184772,0,none,0,0,0,0,0,0,0,
60705,0,none,0,0,0,0,0,0,0,
7930,0,none,0,0,0,0,0,0,0,
30695,0,none,0,0,0,0,0,0,0,
23558,0,none,0,0,0,0,0,0,0,
42627,0,none,0,0,0,0,0,0,0,
141761,0,none,0,0,0,0,0,0,0,
132876,0,none,0,0,0,0,0,0,0,
128449,0,none,0,0,0,0,0,0,0,
117991,0,none,0,0,0,0,0,0,0,
59223,0,none,0,0,0,0,0,0,0,
111262,0,none,0,0,0,0,0,0,0,
42867,0,none,0,0,0,0,0,0,0,
34226,0,none,0,0,0,0,0,0,0,
119492,0,none,0,0,0,0,0,0,0,
159808,0,none,0,0,0,0,0,0,0,
25397,0,none,0,0,0,0,0,0,0,
81778,0,none,0,0,0,0,0,0,0,
175068,0,none,0,0,0,0,0,0,0,
73743,0,none,0,0,0,0,0,0,0,
66258,0,none,0,0,0,0,0,0,0,
14987,0,none,0,0,0,0,0,0,0,
45684,0,none,0,0,0,0,0,0,0,
175537,0,none,0,0,0,0,0,0,0,
5827,0,none,0,0,0,0,0,0,0,
140072,0,none,0,0,0,0,0,0,0,
139721,0,none,0,0,0,0,0,0,0,
52629,0,none,0,0,0,0,0,0,0,
177183,0,none,0,0,0,0,0,0,0,
6091,0,none,0,0,0,0,0,0,0,
9987,0,none,0,0,0,0,0,0,0,
77881,0,none,0,0,0,0,0,0,0,
96785,0,none,0,0,0,0,0,0,0,
40473,3,low,0,1,0,0,0,0,0,memcpy_unchecked
24362,0,none,0,0,0,0,0,0,0,
89706,0,none,0,0,0,0,0,0,0,
20805,0,none,0,0,0,0,0,0,0,
117058,0,none,0,0,0,0,0,0,0,
169795,0,none,0,0,0,0,0,0,0,
16134,0,none,0,0,0,0,0,0,0,
94872,0,none,0,0,0,0,0,0,0,
127228,0,none,0,0,0,0,0,0,0,
28774,0,none,0,0,0,0,0,0,0,
48006,0,none,0,0,0,0,0,0,0,
43025,0,none,0,0,0,0,0,0,0,
19296,0,none,0,0,0,0,0,0,0,
134089,0,none,0,0,0,0,0,0,0,
99502,0,none,0,0,0,0,0,0,0,
36737,0,none,0,0,0,0,0,0,0,
124492,0,none,0,0,0,0,0,0,0,
144319,0,none,0,0,0,0,0,0,0,
122522,0,none,0,0,0,0,0,0,0,
15814,0,none,0,0,0,0,0,0,0,
48320,0,none,0,0,0,0,0,0,0,
16922,0,none,0,0,0,0,0,0,0,
106865,0,none,0,0,0,0,0,0,0,
2745,0,none,0,0,0,0,0,0,0,
148069,0,none,0,0,0,0,0,0,0,
127963,0,none,0,0,0,0,0,0,0,
89271,0,none,0,0,0,0,0,0,0,
42083,0,none,0,0,0,0,0,0,0,
33353,0,none,0,0,0,0,0,0,0,
123192,0,none,0,0,0,0,0,0,0,
52015,0,none,0,0,0,0,0,0,0,
61647,0,none,0,0,0,0,0,0,0,
83807,0,none,0,0,0,0,0,0,0,
126971,0,none,0,0,0,0,0,0,0,
144551,0,none,0,0,0,0,0,0,0,
79358,0,none,0,0,0,0,0,0,0,
59041,0,none,0,0,0,0,0,0,0,
130382,0,none,0,0,0,0,0,0,0,
170632,0,none,0,0,0,0,0,0,0,
147744,0,none,0,0,0,0,0,0,0,
153904,0,none,0,0,0,0,0,0,0,
138720,0,none,0,0,0,0,0,0,0,
76646,0,none,0,0,0,0,0,0,0,
96115,0,none,0,0,0,0,0,0,0,
45974,0,none,0,0,0,0,0,0,0,
130822,0,none,0,0,0,0,0,0,0,
174675,0,none,0,0,0,0,0,0,0,
124727,0,none,0,0,0,0,0,0,0,
158555,0,none,0,0,0,0,0,0,0,
177432,0,none,0,0,0,0,0,0,0,
3261,0,none,0,0,0,0,0,0,0,
145886,0,none,0,0,0,0,0,0,0,
127732,0,none,0,0,0,0,0,0,0,
108579,0,none,0,0,0,0,0,0,0,
181213,0,none,0,0,0,0,0,0,0,
70549,0,none,0,0,0,0,0,0,0,
31475,0,none,0,0,0,0,0,0,0,
87429,0,none,0,0,0,0,0,0,0,
149386,0,none,0,0,0,0,0,0,0,
89902,0,none,0,0,0,0,0,0,0,
45812,0,none,0,0,0,0,0,0,0,
16494,21,high,3,0,3,0,0,0,0,unsafe_func;format_string
9390,0,none,0,0,0,0,0,0,0,
156006,0,none,0,0,0,0,0,0,0,
27668,0,none,0,0,0,0,0,0,0,
51240,0,none,0,0,0,0,0,0,0,
140846,0,none,0,0,0,0,0,0,0,
160005,0,none,0,0,0,0,0,0,0,
43897,0,none,0,0,0,0,0,0,0,
161757,0,none,0,0,0,0,0,0,0,
2290,0,none,0,0,0,0,0,0,0,
112189,0,none,0,0,0,0,0,0,0,
36418,0,none,0,0,0,0,0,0,0,
140551,0,none,0,0,0,0,0,0,0,
99486,0,none,0,0,0,0,0,0,0,
51716,0,none,0,0,0,0,0,0,0,
157161,0,none,0,0,0,0,0,0,0,
163416,0,none,0,0,0,0,0,0,0,
31514,0,none,0,0,0,0,0,0,0,
7016,0,none,0,0,0,0,0,0,0,
30798,0,none,0,0,0,0,0,0,0,
35893,0,none,0,0,0,0,0,0,0,
186631,0,none,0,0,0,0,0,0,0,
92911,0,none,0,0,0,0,0,0,0,
102120,0,none,0,0,0,0,0,0,0,
162221,0,none,0,0,0,0,0,0,0,
110653,0,none,0,0,0,0,0,0,0,
179789,0,none,0,0,0,0,0,0,0,
71250,0,none,0,0,0,0,0,0,0,
176069,0,none,0,0,0,0,0,0,0,
176732,0,none,0,0,0,0,0,0,0,
85463,0,none,0,0,0,0,0,0,0,
54796,0,none,0,0,0,0,0,0,0,
125251,0,none,0,0,0,0,0,0,0,
61683,0,none,0,0,0,0,0,0,0,
87844,0,none,0,0,0,0,0,0,0,
107540,0,none,0,0,0,0,0,0,0,
114838,0,none,0,0,0,0,0,0,0,
158019,0,none,0,0,0,0,0,0,0,
104466,0,none,0,0,0,0,0,0,0,
18663,0,none,0,0,0,0,0,0,0,
110251,3,low,0,1,0,0,0,0,0,memcpy_unchecked
57838,0,none,0,0,0,0,0,0,0,
39543,0,none,0,0,0,0,0,0,0,
184259,0,none,0,0,0,0,0,0,0,
3014,0,none,0,0,0,0,0,0,0,
71914,0,none,0,0,0,0,0,0,0,
141848,0,none,0,0,0,0,0,0,0,
141395,0,none,0,0,0,0,0,0,0,
159190,0,none,0,0,0,0,0,0,0,
180046,9,high,33,0,0,0,0,0,0,unsafe_func
66324,0,none,0,0,0,0,0,0,0,
90427,0,none,0,0,0,0,0,0,0,
137895,0,none,0,0,0,0,0,0,0,
99826,0,none,0,0,0,0,0,0,0,
6882,0,none,0,0,0,0,0,0,0,
176844,0,none,0,0,0,0,0,0,0,
24873,0,none,0,0,0,0,0,0,0,
132201,0,none,0,0,0,0,0,0,0,
70655,0,none,0,0,0,0,0,0,0,
148680,0,none,0,0,0,0,0,0,0,
100686,0,none,0,0,0,0,0,0,0,
45985,0,none,0,0,0,0,0,0,0,
130591,0,none,0,0,0,0,0,0,0,
50901,0,none,0,0,0,0,0,0,0,
7045,0,none,0,0,0,0,0,0,0,
143551,0,none,0,0,0,0,0,0,0,
812,0,none,0,0,0,0,0,0,0,
130635,0,none,0,0,0,0,0,0,0,
120366,0,none,0,0,0,0,0,0,0,
137585,0,none,0,0,0,0,0,0,0,
50517,0,none,0,0,0,0,0,0,0,
162596,0,none,0,0,0,0,0,0,0,
172058,0,none,0,0,0,0,0,0,0,
48606,0,none,0,0,0,0,0,0,0,
63534,0,none,0,0,0,0,0,0,0,
58204,0,none,0,0,0,0,0,0,0,
32103,0,none,0,0,0,0,0,0,0,
2029,0,none,0,0,0,0,0,0,0,
163549,0,none,0,0,0,0,0,0,0,
146050,0,none,0,0,0,0,0,0,0,
102169,0,none,0,0,0,0,0,0,0,
38736,0,none,0,0,0,0,0,0,0,
72841,0,none,0,0,0,0,0,0,0,
132100,0,none,0,0,0,0,0,0,0,
91839,0,none,0,0,0,0,0,0,0,
78592,0,none,0,0,0,0,0,0,0,
52871,0,none,0,0,0,0,0,0,0,
135939,0,none,0,0,0,0,0,0,0,
13810,0,none,0,0,0,0,0,0,0,
106450,0,none,0,0,0,0,0,0,0,
129067,0,none,0,0,0,0,0,0,0,
43614,0,none,0,0,0,0,0,0,0,
129731,0,none,0,0,0,0,0,0,0,
53698,0,none,0,0,0,0,0,0,0,
6496,0,none,0,0,0,0,0,0,0,
28886,0,none,0,0,0,0,0,0,0,
148669,0,none,0,0,0,0,0,0,0,
95271,0,none,0,0,0,0,0,0,0,
60394,0,none,0,0,0,0,0,0,0,
105589,0,none,0,0,0,0,0,0,0,
67743,0,none,0,0,0,0,0,0,0,
29612,0,none,0,0,0,0,0,0,0,
4302,0,none,0,0,0,0,0,0,0,
2207,0,none,0,0,0,0,0,0,0,
6227,0,none,0,0,0,0,0,0,0,
99158,0,none,0,0,0,0,0,0,0,
34161,0,none,0,0,0,0,0,0,0,
14011,0,none,0,0,0,0,0,0,0,
168701,0,none,0,0,0,0,0,0,0,
15229,3,low,0,1,0,0,0,0,0,memcpy_unchecked
84327,0,none,0,0,0,0,0,0,0,
89566,0,none,0,0,0,0,0,0,0,
162462,0,none,0,0,0,0,0,0,0,
61923,0,none,0,0,0,0,0,0,0,
38346,0,none,0,0,0,0,0,0,0,
157578,0,none,0,0,0,0,0,0,0,
80914,0,none,0,0,0,0,0,0,0,
110984,0,none,0,0,0,0,0,0,0,
123103,0,none,0,0,0,0,0,0,0,
108565,0,none,0,0,0,0,0,0,0,
157533,0,none,0,0,0,0,0,0,0,
171988,0,none,0,0,0,0,0,0,0,
151991,0,none,0,0,0,0,0,0,0,
126596,0,none,0,0,0,0,0,0,0,
53937,3,low,0,1,0,0,0,0,0,memcpy_unchecked
83345,0,none,0,0,0,0,0,0,0,
131186,0,none,0,0,0,0,0,0,0,
165723,0,none,0,0,0,0,0,0,0,
90850,0,none,0,0,0,0,0,0,0,
151570,0,none,0,0,0,0,0,0,0,
131757,0,none,0,0,0,0,0,0,0,
116567,0,none,0,0,0,0,0,0,0,
143395,0,none,0,0,0,0,0,0,0,
183165,0,none,0,0,0,0,0,0,0,
37936,0,none,0,0,0,0,0,0,0,
163915,0,none,0,0,0,0,0,0,0,
20334,0,none,0,0,0,0,0,0,0,
188155,0,none,0,0,0,0,0,0,0,
9183,0,none,0,0,0,0,0,0,0,
177598,0,none,0,0,0,0,0,0,0,
75663,0,none,0,0,0,0,0,0,0,
42397,0,none,0,0,0,0,0,0,0,
40091,0,none,0,0,0,0,0,0,0,
144741,0,none,0,0,0,0,0,0,0,
19416,0,none,0,0,0,0,0,0,0,
42085,0,none,0,0,0,0,0,0,0,
41176,0,none,0,0,0,0,0,0,0,
59909,0,none,0,0,0,0,0,0,0,
142847,0,none,0,0,0,0,0,0,0,
94012,0,none,0,0,0,0,0,0,0,
76947,0,none,0,0,0,0,0,0,0,
1581,0,none,0,0,0,0,0,0,0,
94596,0,none,0,0,0,0,0,0,0,
107494,0,none,0,0,0,0,0,0,0,
175522,0,none,0,0,0,0,0,0,0,
21327,0,none,0,0,0,0,0,0,0,
178866,0,none,0,0,0,0,0,0,0,
25542,0,none,0,0,0,0,0,0,0,
164798,0,none,0,0,0,0,0,0,0,
13393,0,none,0,0,0,0,0,0,0,
158444,0,none,0,0,0,0,0,0,0,
113968,0,none,0,0,0,0,0,0,0,
163927,0,none,0,0,0,0,0,0,0,
15817,0,none,0,0,0,0,0,0,0,
28725,0,none,0,0,0,0,0,0,0,
64666,0,none,0,0,0,0,0,0,0,
5483,0,none,0,0,0,0,0,0,0,
46352,0,none,0,0,0,0,0,0,0,
94859,0,none,0,0,0,0,0,0,0,
118768,0,none,0,0,0,0,0,0,0,
123018,0,none,0,0,0,0,0,0,0,
160460,0,none,0,0,0,0,0,0,0,
61033,0,none,0,0,0,0,0,0,0,
26990,0,none,0,0,0,0,0,0,0,
122901,0,none,0,0,0,0,0,0,0,
29969,0,none,0,0,0,0,0,0,0,
98232,0,none,0,0,0,0,0,0,0,
115701,0,none,0,0,0,0,0,0,0,
91208,0,none,0,0,0,0,0,0,0,
138703,0,none,0,0,0,0,0,0,0,
39187,0,none,0,0,0,0,0,0,0,
140955,0,none,0,0,0,0,0,0,0,
42514,6,medium,2,0,0,0,0,0,0,unsafe_func
45732,0,none,0,0,0,0,0,0,0,
169798,0,none,0,0,0,0,0,0,0,
127146,0,none,0,0,0,0,0,0,0,
159226,0,none,0,0,0,0,0,0,0,
136924,0,none,0,0,0,0,0,0,0,
74318,0,none,0,0,0,0,0,0,0,
176388,0,none,0,0,0,0,0,0,0,
112468,0,none,0,0,0,0,0,0,0,
168605,0,none,0,0,0,0,0,0,0,
169452,0,none,0,0,0,0,0,0,0,
42122,0,none,0,0,0,0,0,0,0,
106796,0,none,0,0,0,0,0,0,0,
68078,0,none,0,0,0,0,0,0,0,
21835,0,none,0,0,0,0,0,0,0,
92372,0,none,0,0,0,0,0,0,0,
126193,0,none,0,0,0,0,0,0,0,
139515,0,none,0,0,0,0,0,0,0,
25627,0,none,0,0,0,0,0,0,0,
156421,0,none,0,0,0,0,0,0,0,
120756,0,none,0,0,0,0,0,0,0,
38626,0,none,0,0,0,0,0,0,0,
122457,0,none,0,0,0,0,0,0,0,
168122,0,none,0,0,0,0,0,0,0,
187488,0,none,0,0,0,0,0,0,0,
89139,0,none,0,0,0,0,0,0,0,
179774,0,none,0,0,0,0,0,0,0,
165455,0,none,0,0,0,0,0,0,0,
126728,0,none,0,0,0,0,0,0,0,
108218,0,none,0,0,0,0,0,0,0,
90337,0,none,0,0,0,0,0,0,0,
77897,0,none,0,0,0,0,0,0,0,
75420,0,none,0,0,0,0,0,0,0,
166908,0,none,0,0,0,0,0,0,0,
49230,0,none,0,0,0,0,0,0,0,
91257,0,none,0,0,0,0,0,0,0,
151649,0,none,0,0,0,0,0,0,0,
185457,0,none,0,0,0,0,0,0,0,
21337,0,none,0,0,0,0,0,0,0,
121606,0,none,0,0,0,0,0,0,0,
140359,0,none,0,0,0,0,0,0,0,
126072,0,none,0,0,0,0,0,0,0,
24940,0,none,0,0,0,0,0,0,0,
61202,0,none,0,0,0,0,0,0,0,
97213,0,none,0,0,0,0,0,0,0,
46111,0,none,0,0,0,0,0,0,0,
78647,0,none,0,0,0,0,0,0,0,
177976,0,none,0,0,0,0,0,0,0,
152925,0,none,0,0,0,0,0,0,0,
124161,0,none,0,0,0,0,0,0,0,
116277,0,none,0,0,0,0,0,0,0,
10802,0,none,0,0,0,0,0,0,0,
20180,0,none,0,0,0,0,0,0,0,
80532,0,none,0,0,0,0,0,0,0,
71698,0,none,0,0,0,0,0,0,0,
93708,0,none,0,0,0,0,0,0,0,
48770,0,none,0,0,0,0,0,0,0,
5673,0,none,0,0,0,0,0,0,0,
74423,0,none,0,0,0,0,0,0,0,
33459,0,none,0,0,0,0,0,0,0,
173667,3,low,0,1,0,0,0,0,0,memcpy_unchecked
12711,0,none,0,0,0,0,0,0,0,
58934,0,none,0,0,0,0,0,0,0,
37373,0,none,0,0,0,0,0,0,0,
114045,0,none,0,0,0,0,0,0,0,
175141,0,none,0,0,0,0,0,0,0,
154327,3,low,0,1,0,0,0,0,0,memcpy_unchecked
113554,0,none,0,0,0,0,0,0,0,
87052,0,none,0,0,0,0,0,0,0,
9683,0,none,0,0,0,0,0,0,0,
153145,0,none,0,0,0,0,0,0,0,
144153,0,none,0,0,0,0,0,0,0,
14834,0,none,0,0,0,0,0,0,0,
130553,0,none,0,0,0,0,0,0,0,
183093,0,none,0,0,0,0,0,0,0,
149956,0,none,0,0,0,0,0,0,0,
128484,0,none,0,0,0,0,0,0,0,
71388,0,none,0,0,0,0,0,0,0,
112285,0,none,0,0,0,0,0,0,0,
36454,0,none,0,0,0,0,0,0,0,
30426,0,none,0,0,0,0,0,0,0,
187766,0,none,0,0,0,0,0,0,0,
84198,0,none,0,0,0,0,0,0,0,
141813,0,none,0,0,0,0,0,0,0,
129708,0,none,0,0,0,0,0,0,0,
41258,0,none,0,0,0,0,0,0,0,
63731,0,none,0,0,0,0,0,0,0,
15006,0,none,0,0,0,0,0,0,0,
170889,0,none,0,0,0,0,0,0,0,
184735,0,none,0,0,0,0,0,0,0,
118458,0,none,0,0,0,0,0,0,0,
113152,0,none,0,0,0,0,0,0,0,
46402,0,none,0,0,0,0,0,0,0,
64032,0,none,0,0,0,0,0,0,0,
120526,0,none,0,0,0,0,0,0,0,
2844,0,none,0,0,0,0,0,0,0,
58386,0,none,0,0,0,0,0,0,0,
168609,0,none,0,0,0,0,0,0,0,
24909,0,none,0,0,0,0,0,0,0,
166595,0,none,0,0,0,0,0,0,0,
53852,0,none,0,0,0,0,0,0,0,
91281,0,none,0,0,0,0,0,0,0,
154086,0,none,0,0,0,0,0,0,0,
122907,0,none,0,0,0,0,0,0,0,
71427,6,medium,0,2,0,0,0,0,0,memcpy_unchecked
3894,0,none,0,0,0,0,0,0,0,
93773,0,none,0,0,0,0,0,0,0,
183089,0,none,0,0,0,0,0,0,0,
68429,0,none,0,0,0,0,0,0,0,
6968,0,none,0,0,0,0,0,0,0,
167006,0,none,0,0,0,0,0,0,0,
81644,0,none,0,0,0,0,0,0,0,
131091,0,none,0,0,0,0,0,0,0,
93254,3,low,0,1,0,0,0,0,0,memcpy_unchecked
52615,0,none,0,0,0,0,0,0,0,
183051,0,none,0,0,0,0,0,0,0,
73890,0,none,0,0,0,0,0,0,0,
150573,0,none,0,0,0,0,0,0,0,
125020,0,none,0,0,0,0,0,0,0,
106410,0,none,0,0,0,0,0,0,0,
128701,0,none,0,0,0,0,0,0,0,
84152,0,none,0,0,0,0,0,0,0,
110022,0,none,0,0,0,0,0,0,0,
73950,0,none,0,0,0,0,0,0,0,
23849,2,low,0,0,0,0,0,0,1,size_int_overflow
62356,0,none,0,0,0,0,0,0,0,
64698,0,none,0,0,0,0,0,0,0,
10985,0,none,0,0,0,0,0,0,0,
160131,0,none,0,0,0,0,0,0,0,
95584,0,none,0,0,0,0,0,0,0,
49309,0,none,0,0,0,0,0,0,0,
12622,0,none,0,0,0,0,0,0,0,
66932,0,none,0,0,0,0,0,0,0,
165638,0,none,0,0,0,0,0,0,0,
60486,0,none,0,0,0,0,0,0,0,
70366,0,none,0,0,0,0,0,0,0,
13497,0,none,0,0,0,0,0,0,0,
75655,15,high,1,1,0,1,1,0,1,unsafe_func;memcpy_unchecked;unchecked_alloc;double_free;size_int_overflow
114874,0,none,0,0,0,0,0,0,0,
94602,0,none,0,0,0,0,0,0,0,
143478,0,none,0,0,0,0,0,0,0,
87860,0,none,0,0,0,0,0,0,0,
38028,0,none,0,0,0,0,0,0,0,
76117,0,none,0,0,0,0,0,0,0,
63327,0,none,0,0,0,0,0,0,0,
67000,0,none,0,0,0,0,0,0,0,
142133,0,none,0,0,0,0,0,0,0,
26425,5,medium,0,0,0,0,0,1,0,use_after_free
182806,0,none,0,0,0,0,0,0,0,
165430,0,none,0,0,0,0,0,0,0,
29988,0,none,0,0,0,0,0,0,0,
46272,0,none,0,0,0,0,0,0,0,
126711,0,none,0,0,0,0,0,0,0,
172676,0,none,0,0,0,0,0,0,0,
140857,0,none,0,0,0,0,0,0,0,
132011,0,none,0,0,0,0,0,0,0,
82773,0,none,0,0,0,0,0,0,0,
17298,0,none,0,0,0,0,0,0,0,
51137,8,medium,0,2,0,0,0,0,1,memcpy_unchecked;size_int_overflow
37722,0,none,0,0,0,0,0,0,0,
37498,0,none,0,0,0,0,0,0,0,
109841,0,none,0,0,0,0,0,0,0,
47688,0,none,0,0,0,0,0,0,0,
50414,0,none,0,0,0,0,0,0,0,
83420,0,none,0,0,0,0,0,0,0,
23027,0,none,0,0,0,0,0,0,0,
70433,0,none,0,0,0,0,0,0,0,
64836,0,none,0,0,0,0,0,0,0,
149008,0,none,0,0,0,0,0,0,0,
80983,0,none,0,0,0,0,0,0,0,
106590,0,none,0,0,0,0,0,0,0,
125902,0,none,0,0,0,0,0,0,0,
96026,0,none,0,0,0,0,0,0,0,
179122,0,none,0,0,0,0,0,0,0,
103126,0,none,0,0,0,0,0,0,0,
159149,0,none,0,0,0,0,0,0,0,
155709,0,none,0,0,0,0,0,0,0,
143563,0,none,0,0,0,0,0,0,0,
122463,0,none,0,0,0,0,0,0,0,
152309,0,none,0,0,0,0,0,0,0,
68094,5,medium,1,0,0,1,0,0,0,unsafe_func;unchecked_alloc
130821,0,none,0,0,0,0,0,0,0,
5653,0,none,0,0,0,0,0,0,0,
96631,0,none,0,0,0,0,0,0,0,
103376,0,none,0,0,0,0,0,0,0,
79712,0,none,0,0,0,0,0,0,0,
108612,0,none,0,0,0,0,0,0,0,
170329,0,none,0,0,0,0,0,0,0,
67735,0,none,0,0,0,0,0,0,0,
161905,0,none,0,0,0,0,0,0,0,
79834,0,none,0,0,0,0,0,0,0,
161772,0,none,0,0,0,0,0,0,0,
91313,0,none,0,0,0,0,0,0,0,
174892,0,none,0,0,0,0,0,0,0,
105555,0,none,0,0,0,0,0,0,0,
40998,0,none,0,0,0,0,0,0,0,
151550,0,none,0,0,0,0,0,0,0,
181077,0,none,0,0,0,0,0,0,0,
166146,0,none,0,0,0,0,0,0,0,
138117,0,none,0,0,0,0,0,0,0,
64669,0,none,0,0,0,0,0,0,0,
143585,0,none,0,0,0,0,0,0,0,
154695,0,none,0,0,0,0,0,0,0,
24569,0,none,0,0,0,0,0,0,0,
33055,0,none,0,0,0,0,0,0,0,
23886,0,none,0,0,0,0,0,0,0,
155703,0,none,0,0,0,0,0,0,0,
160316,0,none,0,0,0,0,0,0,0,
127374,0,none,0,0,0,0,0,0,0,
168423,0,none,0,0,0,0,0,0,0,
47599,0,none,0,0,0,0,0,0,0,
112467,0,none,0,0,0,0,0,0,0,
134006,0,none,0,0,0,0,0,0,0,
113063,0,none,0,0,0,0,0,0,0,
80304,0,none,0,0,0,0,0,0,0,
150316,0,none,0,0,0,0,0,0,0,
88241,0,none,0,0,0,0,0,0,0,
103059,0,none,0,0,0,0,0,0,0,
169814,0,none,0,0,0,0,0,0,0,
70999,0,none,0,0,0,0,0,0,0,
122441,0,none,0,0,0,0,0,0,0,
102537,0,none,0,0,0,0,0,0,0,
137464,0,none,0,0,0,0,0,0,0,
163242,0,none,0,0,0,0,0,0,0,
156368,0,none,0,0,0,0,0,0,0,
20090,0,none,0,0,0,0,0,0,0,
166162,0,none,0,0,0,0,0,0,0,
151646,0,none,0,0,0,0,0,0,0,
165727,0,none,0,0,0,0,0,0,0,
133659,0,none,0,0,0,0,0,0,0,
43383,4,medium,0,0,0,0,0,0,2,size_int_overflow
55509,0,none,0,0,0,0,0,0,0,
11240,0,none,0,0,0,0,0,0,0,
12923,0,none,0,0,0,0,0,0,0,
159779,0,none,0,0,0,0,0,0,0,
22966,2,low,0,0,0,0,0,0,1,size_int_overflow
91309,0,none,0,0,0,0,0,0,0,
141874,0,none,0,0,0,0,0,0,0,
81824,0,none,0,0,0,0,0,0,0,
179239,0,none,0,0,0,0,0,0,0,
104609,0,none,0,0,0,0,0,0,0,
165881,0,none,0,0,0,0,0,0,0,
47424,0,none,0,0,0,0,0,0,0,
68008,0,none,0,0,0,0,0,0,0,
160258,0,none,0,0,0,0,0,0,0,
188398,0,none,0,0,0,0,0,0,0,
185933,0,none,0,0,0,0,0,0,0,
47847,0,none,0,0,0,0,0,0,0,
50066,0,none,0,0,0,0,0,0,0,
176586,0,none,0,0,0,0,0,0,0,
116969,0,none,0,0,0,0,0,0,0,
116668,0,none,0,0,0,0,0,0,0,
80275,0,none,0,0,0,0,0,0,0,
61013,0,none,0,0,0,0,0,0,0,
181645,0,none,0,0,0,0,0,0,0,
123025,0,none,0,0,0,0,0,0,0,
183160,0,none,0,0,0,0,0,0,0,
134562,0,none,0,0,0,0,0,0,0,
145293,0,none,0,0,0,0,0,0,0,
41052,3,low,0,1,0,0,0,0,0,memcpy_unchecked
164731,0,none,0,0,0,0,0,0,0,
164892,0,none,0,0,0,0,0,0,0,
14510,0,none,0,0,0,0,0,0,0,
109127,0,none,0,0,0,0,0,0,0,
78625,0,none,0,0,0,0,0,0,0,
23335,0,none,0,0,0,0,0,0,0,
136855,0,none,0,0,0,0,0,0,0,
53222,0,none,0,0,0,0,0,0,0,
100780,0,none,0,0,0,0,0,0,0,
122763,0,none,0,0,0,0,0,0,0,
89602,0,none,0,0,0,0,0,0,0,
50311,0,none,0,0,0,0,0,0,0,
3562,0,none,0,0,0,0,0,0,0,
77657,0,none,0,0,0,0,0,0,0,
55925,0,none,0,0,0,0,0,0,0,
186881,0,none,0,0,0,0,0,0,0,
182328,0,none,0,0,0,0,0,0,0,
41260,0,none,0,0,0,0,0,0,0,
111212,0,none,0,0,0,0,0,0,0,
109170,0,none,0,0,0,0,0,0,0,
60752,0,none,0,0,0,0,0,0,0,
155150,0,none,0,0,0,0,0,0,0,
18585,0,none,0,0,0,0,0,0,0,
55677,0,none,0,0,0,0,0,0,0,
176601,0,none,0,0,0,0,0,0,0,
115257,0,none,0,0,0,0,0,0,0,
170374,0,none,0,0,0,0,0,0,0,
34042,0,none,0,0,0,0,0,0,0,
105472,0,none,0,0,0,0,0,0,0,
183800,0,none,0,0,0,0,0,0,0,
46259,0,none,0,0,0,0,0,0,0,
148440,0,none,0,0,0,0,0,0,0,
184681,0,none,0,0,0,0,0,0,0,
126202,0,none,0,0,0,0,0,0,0,
937,0,none,0,0,0,0,0,0,0,
126970,0,none,0,0,0,0,0,0,0,
57987,0,none,0,0,0,0,0,0,0,
165993,0,none,0,0,0,0,0,0,0,
9387,3,low,0,1,0,0,0,0,0,memcpy_unchecked
77349,0,none,0,0,0,0,0,0,0,
143061,0,none,0,0,0,0,0,0,0,
633,0,none,0,0,0,0,0,0,0,
28492,0,none,0,0,0,0,0,0,0,
141445,0,none,0,0,0,0,0,0,0,
153051,0,none,0,0,0,0,0,0,0,
162264,0,none,0,0,0,0,0,0,0,
50573,0,none,0,0,0,0,0,0,0,
21321,0,none,0,0,0,0,0,0,0,
67930,0,none,0,0,0,0,0,0,0,
70681,0,none,0,0,0,0,0,0,0,
146494,0,none,0,0,0,0,0,0,0,
9496,0,none,0,0,0,0,0,0,0,
62531,0,none,0,0,0,0,0,0,0,
157692,0,none,0,0,0,0,0,0,0,
55335,0,none,0,0,0,0,0,0,0,
22903,0,none,0,0,0,0,0,0,0,
162516,0,none,0,0,0,0,0,0,0,
138860,0,none,0,0,0,0,0,0,0,
74283,0,none,0,0,0,0,0,0,0,
93826,0,none,0,0,0,0,0,0,0,
140940,0,none,0,0,0,0,0,0,0,
22001,0,none,0,0,0,0,0,0,0,
17427,2,low,0,0,0,0,0,0,1,size_int_overflow
70856,0,none,0,0,0,0,0,0,0,
55070,0,none,0,0,0,0,0,0,0,
73403,0,none,0,0,0,0,0,0,0,
83249,0,none,0,0,0,0,0,0,0,
21872,0,none,0,0,0,0,0,0,0,
138109,0,none,0,0,0,0,0,0,0,
53404,30,high,0,0,0,0,5,6,0,double_free;use_after_free
46920,0,none,0,0,0,0,0,0,0,
73393,0,none,0,0,0,0,0,0,0,
110386,0,none,0,0,0,0,0,0,0,
162949,0,none,0,0,0,0,0,0,0,
56517,2,low,0,0,0,0,0,0,1,size_int_overflow
94647,0,none,0,0,0,0,0,0,0,
103994,0,none,0,0,0,0,0,0,0,
12949,0,none,0,0,0,0,0,0,0,
101579,0,none,0,0,0,0,0,0,0,
87896,0,none,0,0,0,0,0,0,0,
86556,0,none,0,0,0,0,0,0,0,
43839,0,none,0,0,0,0,0,0,0,
34191,0,none,0,0,0,0,0,0,0,
170944,0,none,0,0,0,0,0,0,0,
10669,0,none,0,0,0,0,0,0,0,
152967,0,none,0,0,0,0,0,0,0,
120486,0,none,0,0,0,0,0,0,0,
87748,0,none,0,0,0,0,0,0,0,
105136,0,none,0,0,0,0,0,0,0,
21132,0,none,0,0,0,0,0,0,0,
151343,0,none,0,0,0,0,0,0,0,
167165,0,none,0,0,0,0,0,0,0,
76430,0,none,0,0,0,0,0,0,0,
39725,0,none,0,0,0,0,0,0,0,
10053,0,none,0,0,0,0,0,0,0,
32921,0,none,0,0,0,0,0,0,0,
7505,0,none,0,0,0,0,0,0,0,
36323,0,none,0,0,0,0,0,0,0,
140112,0,none,0,0,0,0,0,0,0,
160515,0,none,0,0,0,0,0,0,0,
46777,0,none,0,0,0,0,0,0,0,
34463,0,none,0,0,0,0,0,0,0,
63176,0,none,0,0,0,0,0,0,0,
101199,0,none,0,0,0,0,0,0,0,
103929,0,none,0,0,0,0,0,0,0,
139549,0,none,0,0,0,0,0,0,0,
38156,0,none,0,0,0,0,0,0,0,
109832,0,none,0,0,0,0,0,0,0,
126782,0,none,0,0,0,0,0,0,0,
130778,0,none,0,0,0,0,0,0,0,
159368,0,none,0,0,0,0,0,0,0,
176820,0,none,0,0,0,0,0,0,0,
34157,0,none,0,0,0,0,0,0,0,
23593,0,none,0,0,0,0,0,0,0,
48905,0,none,0,0,0,0,0,0,0,
79553,0,none,0,0,0,0,0,0,0,
87634,0,none,0,0,0,0,0,0,0,
140029,0,none,0,0,0,0,0,0,0,
40995,0,none,0,0,0,0,0,0,0,
110032,0,none,0,0,0,0,0,0,0,
7029,0,none,0,0,0,0,0,0,0,
25603,0,none,0,0,0,0,0,0,0,
21706,0,none,0,0,0,0,0,0,0,
84675,2,low,0,0,0,1,0,0,0,unchecked_alloc
179705,3,low,1,0,0,0,0,0,0,unsafe_func
64168,0,none,0,0,0,0,0,0,0,
53880,0,none,0,0,0,0,0,0,0,
186953,0,none,0,0,0,0,0,0,0,
69661,0,none,0,0,0,0,0,0,0,
37750,0,none,0,0,0,0,0,0,0,
36212,0,none,0,0,0,0,0,0,0,
129707,0,none,0,0,0,0,0,0,0,
64198,0,none,0,0,0,0,0,0,0,
170012,0,none,0,0,0,0,0,0,0,
118995,0,none,0,0,0,0,0,0,0,
173324,0,none,0,0,0,0,0,0,0,
181352,0,none,0,0,0,0,0,0,0,
72175,0,none,0,0,0,0,0,0,0,
177604,0,none,0,0,0,0,0,0,0,
11985,0,none,0,0,0,0,0,0,0,
61994,0,none,0,0,0,0,0,0,0,
93414,7,medium,1,0,1,0,0,0,0,unsafe_func;format_string
41366,0,none,0,0,0,0,0,0,0,
92199,0,none,0,0,0,0,0,0,0,
66451,0,none,0,0,0,0,0,0,0,
181412,0,none,0,0,0,0,0,0,0,
24880,0,none,0,0,0,0,0,0,0,
135743,0,none,0,0,0,0,0,0,0,
16009,0,none,0,0,0,0,0,0,0,
154067,0,none,0,0,0,0,0,0,0,
21216,0,none,0,0,0,0,0,0,0,
163006,0,none,0,0,0,0,0,0,0,
46996,0,none,0,0,0,0,0,0,0,
167740,0,none,0,0,0,0,0,0,0,
180297,0,none,0,0,0,0,0,0,0,
63495,0,none,0,0,0,0,0,0,0,
139031,0,none,0,0,0,0,0,0,0,
106688,0,none,0,0,0,0,0,0,0,
88778,0,none,0,0,0,0,0,0,0,
55818,0,none,0,0,0,0,0,0,0,
68313,0,none,0,0,0,0,0,0,0,
114678,0,none,0,0,0,0,0,0,0,
140722,0,none,0,0,0,0,0,0,0,
116754,0,none,0,0,0,0,0,0,0,
143300,0,none,0,0,0,0,0,0,0,
70101,0,none,0,0,0,0,0,0,0,
176725,0,none,0,0,0,0,0,0,0,
85862,0,none,0,0,0,0,0,0,0,
144215,0,none,0,0,0,0,0,0,0,
62226,0,none,0,0,0,0,0,0,0,
22950,0,none,0,0,0,0,0,0,0,
43680,0,none,0,0,0,0,0,0,0,
135760,0,none,0,0,0,0,0,0,0,
56821,0,none,0,0,0,0,0,0,0,
71500,0,none,0,0,0,0,0,0,0,
159168,0,none,0,0,0,0,0,0,0,
73223,0,none,0,0,0,0,0,0,0,
61687,0,none,0,0,0,0,0,0,0,
103366,0,none,0,0,0,0,0,0,0,
31073,0,none,0,0,0,0,0,0,0,
157708,0,none,0,0,0,0,0,0,0,
168542,0,none,0,0,0,0,0,0,0,
49701,0,none,0,0,0,0,0,0,0,
171628,0,none,0,0,0,0,0,0,0,
168106,0,none,0,0,0,0,0,0,0,
845,0,none,0,0,0,0,0,0,0,
86634,0,none,0,0,0,0,0,0,0,
181821,0,none,0,0,0,0,0,0,0,
127456,0,none,0,0,0,0,0,0,0,
87106,0,none,0,0,0,0,0,0,0,
39472,3,low,0,1,0,0,0,0,0,memcpy_unchecked
30516,0,none,0,0,0,0,0,0,0,
91097,0,none,0,0,0,0,0,0,0,
117445,0,none,0,0,0,0,0,0,0,
57848,0,none,0,0,0,0,0,0,0,
149096,0,none,0,0,0,0,0,0,0,
125459,0,none,0,0,0,0,0,0,0,
153605,0,none,0,0,0,0,0,0,0,
79108,0,none,0,0,0,0,0,0,0,
1357,0,none,0,0,0,0,0,0,0,
179245,0,none,0,0,0,0,0,0,0,
27489,3,low,0,1,0,0,0,0,0,memcpy_unchecked
146052,0,none,0,0,0,0,0,0,0,
181499,6,medium,0,0,0,0,0,0,3,size_int_overflow
81757,0,none,0,0,0,0,0,0,0,
121155,0,none,0,0,0,0,0,0,0,
29974,0,none,0,0,0,0,0,0,0,
73384,0,none,0,0,0,0,0,0,0,
14372,0,none,0,0,0,0,0,0,0,
20954,0,none,0,0,0,0,0,0,0,
27194,0,none,0,0,0,0,0,0,0,
164122,0,none,0,0,0,0,0,0,0,
82545,0,none,0,0,0,0,0,0,0,
181337,0,none,0,0,0,0,0,0,0,
160197,0,none,0,0,0,0,0,0,0,
29342,0,none,0,0,0,0,0,0,0,
100618,0,none,0,0,0,0,0,0,0,
117996,0,none,0,0,0,0,0,0,0,
89630,0,none,0,0,0,0,0,0,0,
55481,0,none,0,0,0,0,0,0,0,
90080,0,none,0,0,0,0,0,0,0,
110340,0,none,0,0,0,0,0,0,0,
111601,0,none,0,0,0,0,0,0,0,
97264,0,none,0,0,0,0,0,0,0,
5021,0,none,0,0,0,0,0,0,0,
22064,0,none,0,0,0,0,0,0,0,
152370,0,none,0,0,0,0,0,0,0,
169388,0,none,0,0,0,0,0,0,0,
44276,0,none,0,0,0,0,0,0,0,
110648,0,none,0,0,0,0,0,0,0,
58832,0,none,0,0,0,0,0,0,0,
104961,0,none,0,0,0,0,0,0,0,
161694,0,none,0,0,0,0,0,0,0,
161739,0,none,0,0,0,0,0,0,0,
120618,0,none,0,0,0,0,0,0,0,
176270,0,none,0,0,0,0,0,0,0,
156647,0,none,0,0,0,0,0,0,0,
22870,0,none,0,0,0,0,0,0,0,
109992,0,none,0,0,0,0,0,0,0,
70156,0,none,0,0,0,0,0,0,0,
169318,0,none,0,0,0,0,0,0,0,
4570,0,none,0,0,0,0,0,0,0,
99555,0,none,0,0,0,0,0,0,0,
129173,0,none,0,0,0,0,0,0,0,
50875,0,none,0,0,0,0,0,0,0,
25440,0,none,0,0,0,0,0,0,0,
140634,0,none,0,0,0,0,0,0,0,
1407,0,none,0,0,0,0,0,0,0,
10846,0,none,0,0,0,0,0,0,0,
75629,0,none,0,0,0,0,0,0,0,
22806,0,none,0,0,0,0,0,0,0,
164567,0,none,0,0,0,0,0,0,0,
114580,0,none,0,0,0,0,0,0,0,
76444,0,none,0,0,0,0,0,0,0,
60981,0,none,0,0,0,0,0,0,0,
87013,0,none,0,0,0,0,0,0,0,
118663,0,none,0,0,0,0,0,0,0,
10509,0,none,0,0,0,0,0,0,0,
91425,0,none,0,0,0,0,0,0,0,
149061,0,none,0,0,0,0,0,0,0,
27903,0,none,0,0,0,0,0,0,0,
175484,0,none,0,0,0,0,0,0,0,
169583,0,none,0,0,0,0,0,0,0,
125361,0,none,0,0,0,0,0,0,0,
21889,0,none,0,0,0,0,0,0,0,
82082,0,none,0,0,0,0,0,0,0,
162628,0,none,0,0,0,0,0,0,0,
106921,0,none,0,0,0,0,0,0,0,
108969,0,none,0,0,0,0,0,0,0,
83397,0,none,0,0,0,0,0,0,0,
37316,0,none,0,0,0,0,0,0,0,
173834,0,none,0,0,0,0,0,0,0,
82036,0,none,0,0,0,0,0,0,0,
138452,0,none,0,0,0,0,0,0,0,
151013,0,none,0,0,0,0,0,0,0,
4557,0,none,0,0,0,0,0,0,0,
60403,0,none,0,0,0,0,0,0,0,
182588,0,none,0,0,0,0,0,0,0,
157204,0,none,0,0,0,0,0,0,0,
138830,0,none,0,0,0,0,0,0,0,
187647,0,none,0,0,0,0,0,0,0,
36424,0,none,0,0,0,0,0,0,0,
4602,0,none,0,0,0,0,0,0,0,
123656,0,none,0,0,0,0,0,0,0,
41155,0,none,0,0,0,0,0,0,0,
100621,0,none,0,0,0,0,0,0,0,
85914,0,none,0,0,0,0,0,0,0,
144645,0,none,0,0,0,0,0,0,0,
115975,0,none,0,0,0,0,0,0,0,
65105,0,none,0,0,0,0,0,0,0,
96025,0,none,0,0,0,0,0,0,0,
80012,0,none,0,0,0,0,0,0,0,
79128,0,none,0,0,0,0,0,0,0,
63620,0,none,0,0,0,0,0,0,0,
18477,5,medium,0,0,0,0,1,0,0,double_free
150939,0,none,0,0,0,0,0,0,0,
92304,0,none,0,0,0,0,0,0,0,
167011,0,none,0,0,0,0,0,0,0,
145795,0,none,0,0,0,0,0,0,0,
96167,0,none,0,0,0,0,0,0,0,
104138,0,none,0,0,0,0,0,0,0,
163225,0,none,0,0,0,0,0,0,0,
15930,0,none,0,0,0,0,0,0,0,
4288,0,none,0,0,0,0,0,0,0,
175129,0,none,0,0,0,0,0,0,0,
152482,0,none,0,0,0,0,0,0,0,
65557,0,none,0,0,0,0,0,0,0,
6970,0,none,0,0,0,0,0,0,0,
119437,0,none,0,0,0,0,0,0,0,
163442,0,none,0,0,0,0,0,0,0,
66633,2,low,0,0,0,0,0,0,1,size_int_overflow
15858,0,none,0,0,0,0,0,0,0,
18486,0,none,0,0,0,0,0,0,0,
174141,0,none,0,0,0,0,0,0,0,
174988,0,none,0,0,0,0,0,0,0,
148371,0,none,0,0,0,0,0,0,0,
100089,0,none,0,0,0,0,0,0,0,
3592,0,none,0,0,0,0,0,0,0,
92218,0,none,0,0,0,0,0,0,0,
48535,0,none,0,0,0,0,0,0,0,
26326,0,none,0,0,0,0,0,0,0,
151897,0,none,0,0,0,0,0,0,0,
21347,0,none,0,0,0,0,0,0,0,
181421,3,low,0,1,0,0,0,0,0,memcpy_unchecked
27435,0,none,0,0,0,0,0,0,0,
150388,0,none,0,0,0,0,0,0,0,
18193,0,none,0,0,0,0,0,0,0,
29254,0,none,0,0,0,0,0,0,0,
6547,0,none,0,0,0,0,0,0,0,
54877,0,none,0,0,0,0,0,0,0,
137863,0,none,0,0,0,0,0,0,0,
76829,0,none,0,0,0,0,0,0,0,
152315,0,none,0,0,0,0,0,0,0,
137606,0,none,0,0,0,0,0,0,0,
145434,0,none,0,0,0,0,0,0,0,
122987,0,none,0,0,0,0,0,0,0,
41748,0,none,0,0,0,0,0,0,0,
157642,0,none,0,0,0,0,0,0,0,
104231,0,none,0,0,0,0,0,0,0,
66421,0,none,0,0,0,0,0,0,0,
88349,0,none,0,0,0,0,0,0,0,
106677,0,none,0,0,0,0,0,0,0,
89027,0,none,0,0,0,0,0,0,0,
150902,0,none,0,0,0,0,0,0,0,
134039,0,none,0,0,0,0,0,0,0,
8625,0,none,0,0,0,0,0,0,0,
182783,0,none,0,0,0,0,0,0,0,
16951,0,none,0,0,0,0,0,0,0,
159284,0,none,0,0,0,0,0,0,0,
133196,0,none,0,0,0,0,0,0,0,
112945,0,none,0,0,0,0,0,0,0,
156441,0,none,0,0,0,0,0,0,0,
11927,0,none,0,0,0,0,0,0,0,
65477,0,none,0,0,0,0,0,0,0,
178504,0,none,0,0,0,0,0,0,0,
176011,0,none,0,0,0,0,0,0,0,
4861,0,none,0,0,0,0,0,0,0,
7491,0,none,0,0,0,0,0,0,0,
149493,0,none,0,0,0,0,0,0,0,
132571,0,none,0,0,0,0,0,0,0,
150027,0,none,0,0,0,0,0,0,0,
87659,0,none,0,0,0,0,0,0,0,
80944,0,none,0,0,0,0,0,0,0,
47012,0,none,0,0,0,0,0,0,0,
125009,0,none,0,0,0,0,0,0,0,
108721,0,none,0,0,0,0,0,0,0,
157449,0,none,0,0,0,0,0,0,0,
121956,0,none,0,0,0,0,0,0,0,
182577,0,none,0,0,0,0,0,0,0,
10826,0,none,0,0,0,0,0,0,0,
33870,0,none,0,0,0,0,0,0,0,
132151,0,none,0,0,0,0,0,0,0,
106438,0,none,0,0,0,0,0,0,0,
121073,0,none,0,0,0,0,0,0,0,
61408,0,none,0,0,0,0,0,0,0,
1726,0,none,0,0,0,0,0,0,0,
151508,0,none,0,0,0,0,0,0,0,
98781,0,none,0,0,0,0,0,0,0,
92068,0,none,0,0,0,0,0,0,0,
65272,0,none,0,0,0,0,0,0,0,
83200,0,none,0,0,0,0,0,0,0,
76267,0,none,0,0,0,0,0,0,0,
160834,0,none,0,0,0,0,0,0,0,
73268,3,low,0,1,0,0,0,0,0,memcpy_unchecked
132269,0,none,0,0,0,0,0,0,0,
66925,0,none,0,0,0,0,0,0,0,
57502,0,none,0,0,0,0,0,0,0,
10460,0,none,0,0,0,0,0,0,0,
24041,0,none,0,0,0,0,0,0,0,
86400,0,none,0,0,0,0,0,0,0,
112745,0,none,0,0,0,0,0,0,0,
130417,0,none,0,0,0,0,0,0,0,
11905,0,none,0,0,0,0,0,0,0,
140898,0,none,0,0,0,0,0,0,0,
82740,0,none,0,0,0,0,0,0,0,
182115,4,medium,0,0,0,0,0,0,2,size_int_overflow
181001,0,none,0,0,0,0,0,0,0,
86941,0,none,0,0,0,0,0,0,0,
156857,0,none,0,0,0,0,0,0,0,
91116,0,none,0,0,0,0,0,0,0,
101604,0,none,0,0,0,0,0,0,0,
104590,0,none,0,0,0,0,0,0,0,
134736,0,none,0,0,0,0,0,0,0,
140926,0,none,0,0,0,0,0,0,0,
93523,0,none,0,0,0,0,0,0,0,
2100,0,none,0,0,0,0,0,0,0,
25477,0,none,0,0,0,0,0,0,0,
167812,0,none,0,0,0,0,0,0,0,
2400,0,none,0,0,0,0,0,0,0,
107947,0,none,0,0,0,0,0,0,0,
123594,0,none,0,0,0,0,0,0,0,
10896,0,none,0,0,0,0,0,0,0,
145948,0,none,0,0,0,0,0,0,0,
89319,0,none,0,0,0,0,0,0,0,
79355,0,none,0,0,0,0,0,0,0,
147435,0,none,0,0,0,0,0,0,0,
107618,0,none,0,0,0,0,0,0,0,
126878,0,none,0,0,0,0,0,0,0,
72191,0,none,0,0,0,0,0,0,0,
117284,0,none,0,0,0,0,0,0,0,
103857,0,none,0,0,0,0,0,0,0,
46313,0,none,0,0,0,0,0,0,0,
129280,0,none,0,0,0,0,0,0,0,
32223,0,none,0,0,0,0,0,0,0,
123903,0,none,0,0,0,0,0,0,0,
24038,0,none,0,0,0,0,0,0,0,
33688,0,none,0,0,0,0,0,0,0,
100427,0,none,0,0,0,0,0,0,0,
186903,3,low,0,1,0,0,0,0,0,memcpy_unchecked
144771,0,none,0,0,0,0,0,0,0,
58119,0,none,0,0,0,0,0,0,0,
85467,0,none,0,0,0,0,0,0,0,
57360,0,none,0,0,0,0,0,0,0,
88362,0,none,0,0,0,0,0,0,0,
160431,0,none,0,0,0,0,0,0,0,
175481,0,none,0,0,0,0,0,0,0,
81176,0,none,0,0,0,0,0,0,0,
21694,0,none,0,0,0,0,0,0,0,
18769,0,none,0,0,0,0,0,0,0,
46902,0,none,0,0,0,0,0,0,0,
53518,0,none,0,0,0,0,0,0,0,
61259,0,none,0,0,0,0,0,0,0,
125976,0,none,0,0,0,0,0,0,0,
5162,0,none,0,0,0,0,0,0,0,
102489,0,none,0,0,0,0,0,0,0,
71817,0,none,0,0,0,0,0,0,0,
168481,0,none,0,0,0,0,0,0,0,
127414,0,none,0,0,0,0,0,0,0,
14618,0,none,0,0,0,0,0,0,0,
23808,0,none,0,0,0,0,0,0,0,
133522,0,none,0,0,0,0,0,0,0,
117304,0,none,0,0,0,0,0,0,0,
11221,0,none,0,0,0,0,0,0,0,
94359,0,none,0,0,0,0,0,0,0,
168981,0,none,0,0,0,0,0,0,0,
25464,0,none,0,0,0,0,0,0,0,
183745,0,none,0,0,0,0,0,0,0,
17869,0,none,0,0,0,0,0,0,0,
82016,0,none,0,0,0,0,0,0,0,
15778,0,none,0,0,0,0,0,0,0,
144690,0,none,0,0,0,0,0,0,0,
44148,0,none,0,0,0,0,0,0,0,
61343,0,none,0,0,0,0,0,0,0,
156172,0,none,0,0,0,0,0,0,0,
67179,0,none,0,0,0,0,0,0,0,
170692,0,none,0,0,0,0,0,0,0,
149518,0,none,0,0,0,0,0,0,0,
22611,0,none,0,0,0,0,0,0,0,
148256,0,none,0,0,0,0,0,0,0,
172281,0,none,0,0,0,0,0,0,0,
23646,0,none,0,0,0,0,0,0,0,
84204,0,none,0,0,0,0,0,0,0,
124829,0,none,0,0,0,0,0,0,0,
123847,0,none,0,0,0,0,0,0,0,
129015,0,none,0,0,0,0,0,0,0,
115056,0,none,0,0,0,0,0,0,0,
35826,0,none,0,0,0,0,0,0,0,
127162,0,none,0,0,0,0,0,0,0,
34555,0,none,0,0,0,0,0,0,0,
126456,0,none,0,0,0,0,0,0,0,
25276,0,none,0,0,0,0,0,0,0,
68461,0,none,0,0,0,0,0,0,0,
46388,0,none,0,0,0,0,0,0,0,
153841,0,none,0,0,0,0,0,0,0,
125817,0,none,0,0,0,0,0,0,0,
66427,0,none,0,0,0,0,0,0,0,
51545,0,none,0,0,0,0,0,0,0,
106098,0,none,0,0,0,0,0,0,0,
107262,0,none,0,0,0,0,0,0,0,
186714,0,none,0,0,0,0,0,0,0,
159173,0,none,0,0,0,0,0,0,0,
181618,0,none,0,0,0,0,0,0,0,
60250,0,none,0,0,0,0,0,0,0,
113690,0,none,0,0,0,0,0,0,0,
170492,0,none,0,0,0,0,0,0,0,
59450,0,none,0,0,0,0,0,0,0,
74135,0,none,0,0,0,0,0,0,0,
108880,0,none,0,0,0,0,0,0,0,
106471,0,none,0,0,0,0,0,0,0,
6439,0,none,0,0,0,0,0,0,0,
171442,0,none,0,0,0,0,0,0,0,
109368,0,none,0,0,0,0,0,0,0,
125740,0,none,0,0,0,0,0,0,0,
80601,0,none,0,0,0,0,0,0,0,
124184,0,none,0,0,0,0,0,0,0,
141085,0,none,0,0,0,0,0,0,0,
26381,0,none,0,0,0,0,0,0,0,
47056,0,none,0,0,0,0,0,0,0,
20208,0,none,0,0,0,0,0,0,0,
35044,0,none,0,0,0,0,0,0,0,
28491,0,none,0,0,0,0,0,0,0,
152817,0,none,0,0,0,0,0,0,0,
16344,0,none,0,0,0,0,0,0,0,
101648,0,none,0,0,0,0,0,0,0,
132968,0,none,0,0,0,0,0,0,0,
53873,0,none,0,0,0,0,0,0,0,
167565,0,none,0,0,0,0,0,0,0,
122876,0,none,0,0,0,0,0,0,0,
22592,0,none,0,0,0,0,0,0,0,
179820,0,none,0,0,0,0,0,0,0,
85161,0,none,0,0,0,0,0,0,0,
92898,0,none,0,0,0,0,0,0,0,
184008,0,none,0,0,0,0,0,0,0,
87684,0,none,0,0,0,0,0,0,0,
111803,0,none,0,0,0,0,0,0,0,
187788,0,none,0,0,0,0,0,0,0,
143753,0,none,0,0,0,0,0,0,0,
74790,0,none,0,0,0,0,0,0,0,
115781,0,none,0,0,0,0,0,0,0,
57656,0,none,0,0,0,0,0,0,0,
120341,0,none,0,0,0,0,0,0,0,
120340,0,none,0,0,0,0,0,0,0,
42499,0,none,0,0,0,0,0,0,0,
172351,0,none,0,0,0,0,0,0,0,
179612,2,low,0,0,0,0,0,0,1,size_int_overflow
162414,0,none,0,0,0,0,0,0,0,
92430,0,none,0,0,0,0,0,0,0,
28537,0,none,0,0,0,0,0,0,0,
161579,0,none,0,0,0,0,0,0,0,
42232,0,none,0,0,0,0,0,0,0,
81281,0,none,0,0,0,0,0,0,0,
121609,0,none,0,0,0,0,0,0,0,
85443,0,none,0,0,0,0,0,0,0,
66063,0,none,0,0,0,0,0,0,0,
18497,0,none,0,0,0,0,0,0,0,
99192,0,none,0,0,0,0,0,0,0,
119286,0,none,0,0,0,0,0,0,0,
62033,0,none,0,0,0,0,0,0,0,
25995,0,none,0,0,0,0,0,0,0,
149387,0,none,0,0,0,0,0,0,0,
154062,0,none,0,0,0,0,0,0,0,
135909,0,none,0,0,0,0,0,0,0,
65111,0,none,0,0,0,0,0,0,0,
159290,0,none,0,0,0,0,0,0,0,
57566,0,none,0,0,0,0,0,0,0,
29939,0,none,0,0,0,0,0,0,0,
85363,0,none,0,0,0,0,0,0,0,
45563,0,none,0,0,0,0,0,0,0,
92521,0,none,0,0,0,0,0,0,0,
39261,0,none,0,0,0,0,0,0,0,
135798,0,none,0,0,0,0,0,0,0,
14845,0,none,0,0,0,0,0,0,0,
25131,0,none,0,0,0,0,0,0,0,
115631,0,none,0,0,0,0,0,0,0,
139236,0,none,0,0,0,0,0,0,0,
148053,0,none,0,0,0,0,0,0,0,
112701,0,none,0,0,0,0,0,0,0,
68688,0,none,0,0,0,0,0,0,0,
89038,0,none,0,0,0,0,0,0,0,
93539,2,low,0,0,0,0,0,0,1,size_int_overflow
47976,0,none,0,0,0,0,0,0,0,
144532,0,none,0,0,0,0,0,0,0,
63344,0,none,0,0,0,0,0,0,0,
135027,0,none,0,0,0,0,0,0,0,
119785,0,none,0,0,0,0,0,0,0,
67522,0,none,0,0,0,0,0,0,0,
68750,0,none,0,0,0,0,0,0,0,
19419,0,none,0,0,0,0,0,0,0,
168031,0,none,0,0,0,0,0,0,0,
169613,0,none,0,0,0,0,0,0,0,
160014,0,none,0,0,0,0,0,0,0,
73741,0,none,0,0,0,0,0,0,0,
128855,0,none,0,0,0,0,0,0,0,
130066,0,none,0,0,0,0,0,0,0,
118429,0,none,0,0,0,0,0,0,0,
138297,0,none,0,0,0,0,0,0,0,
181443,0,none,0,0,0,0,0,0,0,
123452,0,none,0,0,0,0,0,0,0,
36030,0,none,0,0,0,0,0,0,0,
180688,0,none,0,0,0,0,0,0,0,
132310,0,none,0,0,0,0,0,0,0,
83985,0,none,0,0,0,0,0,0,0,
119159,0,none,0,0,0,0,0,0,0,
126804,0,none,0,0,0,0,0,0,0,
174990,0,none,0,0,0,0,0,0,0,
75164,12,high,0,0,0,6,0,0,4,unchecked_alloc;size_int_overflow
112433,0,none,0,0,0,0,0,0,0,
185383,0,none,0,0,0,0,0,0,0,
38150,0,none,0,0,0,0,0,0,0,
126366,0,none,0,0,0,0,0,0,0,
87879,0,none,0,0,0,0,0,0,0,
270,0,none,0,0,0,0,0,0,0,
20431,0,none,0,0,0,0,0,0,0,
96490,0,none,0,0,0,0,0,0,0,
84025,0,none,0,0,0,0,0,0,0,
110599,0,none,0,0,0,0,0,0,0,
146280,0,none,0,0,0,0,0,0,0,
108821,0,none,0,0,0,0,0,0,0,
172255,7,medium,0,0,0,0,1,0,1,double_free;size_int_overflow
29648,0,none,0,0,0,0,0,0,0,
174186,0,none,0,0,0,0,0,0,0,
30926,0,none,0,0,0,0,0,0,0,
78236,0,none,0,0,0,0,0,0,0,
146819,0,none,0,0,0,0,0,0,0,
130668,0,none,0,0,0,0,0,0,0,
5007,0,none,0,0,0,0,0,0,0,
94533,0,none,0,0,0,0,0,0,0,
84024,0,none,0,0,0,0,0,0,0,
124675,0,none,0,0,0,0,0,0,0,
177556,0,none,0,0,0,0,0,0,0,
54068,0,none,0,0,0,0,0,0,0,
59320,0,none,0,0,0,0,0,0,0,
185610,0,none,0,0,0,0,0,0,0,
114217,0,none,0,0,0,0,0,0,0,
214,0,none,0,0,0,0,0,0,0,
14900,0,none,0,0,0,0,0,0,0,
148247,0,none,0,0,0,0,0,0,0,
139406,0,none,0,0,0,0,0,0,0,
97622,0,none,0,0,0,0,0,0,0,
37717,0,none,0,0,0,0,0,0,0,
127050,0,none,0,0,0,0,0,0,0,
132570,0,none,0,0,0,0,0,0,0,
44085,0,none,0,0,0,0,0,0,0,
97903,0,none,0,0,0,0,0,0,0,
1826,0,none,0,0,0,0,0,0,0,
137755,0,none,0,0,0,0,0,0,0,
3918,0,none,0,0,0,0,0,0,0,
14785,0,none,0,0,0,0,0,0,0,
23013,0,none,0,0,0,0,0,0,0,
169805,0,none,0,0,0,0,0,0,0,
78998,2,low,0,0,0,0,0,0,1,size_int_overflow
84348,0,none,0,0,0,0,0,0,0,
111668,0,none,0,0,0,0,0,0,0,
61212,0,none,0,0,0,0,0,0,0,
50295,0,none,0,0,0,0,0,0,0,
166522,0,none,0,0,0,0,0,0,0,
116404,0,none,0,0,0,0,0,0,0,
123603,0,none,0,0,0,0,0,0,0,
181346,0,none,0,0,0,0,0,0,0,
162708,0,none,0,0,0,0,0,0,0,
1475,0,none,0,0,0,0,0,0,0,
137256,0,none,0,0,0,0,0,0,0,
158408,0,none,0,0,0,0,0,0,0,
151673,0,none,0,0,0,0,0,0,0,
51078,0,none,0,0,0,0,0,0,0,
136848,0,none,0,0,0,0,0,0,0,
151557,0,none,0,0,0,0,0,0,0,
182060,0,none,0,0,0,0,0,0,0,
166119,0,none,0,0,0,0,0,0,0,
165065,0,none,0,0,0,0,0,0,0,
188136,0,none,0,0,0,0,0,0,0,
27071,0,none,0,0,0,0,0,0,0,
148501,0,none,0,0,0,0,0,0,0,
120544,0,none,0,0,0,0,0,0,0,
87669,0,none,0,0,0,0,0,0,0,
89106,0,none,0,0,0,0,0,0,0,
171480,0,none,0,0,0,0,0,0,0,
159238,0,none,0,0,0,0,0,0,0,
160271,0,none,0,0,0,0,0,0,0,
98585,3,low,0,1,0,0,0,0,0,memcpy_unchecked
128702,0,none,0,0,0,0,0,0,0,
159254,0,none,0,0,0,0,0,0,0,
70234,0,none,0,0,0,0,0,0,0,
96705,0,none,0,0,0,0,0,0,0,
117007,0,none,0,0,0,0,0,0,0,
105574,0,none,0,0,0,0,0,0,0,
34767,0,none,0,0,0,0,0,0,0,
111676,0,none,0,0,0,0,0,0,0,
95530,0,none,0,0,0,0,0,0,0,
63768,0,none,0,0,0,0,0,0,0,
93972,0,none,0,0,0,0,0,0,0,
170416,0,none,0,0,0,0,0,0,0,
20014,0,none,0,0,0,0,0,0,0,
46698,0,none,0,0,0,0,0,0,0,
39391,0,none,0,0,0,0,0,0,0,
44559,13,high,3,0,0,0,0,0,2,unsafe_func;size_int_overflow
155731,0,none,0,0,0,0,0,0,0,
109869,0,none,0,0,0,0,0,0,0,
136104,0,none,0,0,0,0,0,0,0,
117126,0,none,0,0,0,0,0,0,0,
150232,0,none,0,0,0,0,0,0,0,
67477,0,none,0,0,0,0,0,0,0,
5892,0,none,0,0,0,0,0,0,0,
163107,0,none,0,0,0,0,0,0,0,
188245,0,none,0,0,0,0,0,0,0,
164551,0,none,0,0,0,0,0,0,0,
109313,0,none,0,0,0,0,0,0,0,
107071,0,none,0,0,0,0,0,0,0,
93404,0,none,0,0,0,0,0,0,0,
175475,0,none,0,0,0,0,0,0,0,
174268,0,none,0,0,0,0,0,0,0,
166481,0,none,0,0,0,0,0,0,0,
160939,0,none,0,0,0,0,0,0,0,
133944,0,none,0,0,0,0,0,0,0,
141985,0,none,0,0,0,0,0,0,0,
97759,0,none,0,0,0,0,0,0,0,
67970,0,none,0,0,0,0,0,0,0,
3681,0,none,0,0,0,0,0,0,0,
109404,0,none,0,0,0,0,0,0,0,
2401,0,none,0,0,0,0,0,0,0,
103081,0,none,0,0,0,0,0,0,0,
62361,0,none,0,0,0,0,0,0,0,
39941,0,none,0,0,0,0,0,0,0,
109675,0,none,0,0,0,0,0,0,0,
161421,0,none,0,0,0,0,0,0,0,
69545,0,none,0,0,0,0,0,0,0,
34593,0,none,0,0,0,0,0,0,0,
103859,0,none,0,0,0,0,0,0,0,
95773,0,none,0,0,0,0,0,0,0,
131110,0,none,0,0,0,0,0,0,0,
18800,0,none,0,0,0,0,0,0,0,
92178,0,none,0,0,0,0,0,0,0,
38552,5,medium,0,0,0,0,0,1,0,use_after_free
164686,0,none,0,0,0,0,0,0,0,
131051,0,none,0,0,0,0,0,0,0,
47072,0,none,0,0,0,0,0,0,0,
13542,0,none,0,0,0,0,0,0,0,
97871,0,none,0,0,0,0,0,0,0,
184733,0,none,0,0,0,0,0,0,0,
184195,0,none,0,0,0,0,0,0,0,
107379,0,none,0,0,0,0,0,0,0,
153579,0,none,0,0,0,0,0,0,0,
1373,3,low,0,1,0,0,0,0,0,memcpy_unchecked
25290,0,none,0,0,0,0,0,0,0,
150947,0,none,0,0,0,0,0,0,0,
105101,0,none,0,0,0,0,0,0,0,
89789,0,none,0,0,0,0,0,0,0,
49893,0,none,0,0,0,0,0,0,0,
91672,0,none,0,0,0,0,0,0,0,
142094,0,none,0,0,0,0,0,0,0,
67630,0,none,0,0,0,0,0,0,0,
187948,0,none,0,0,0,0,0,0,0,
151637,0,none,0,0,0,0,0,0,0,
103242,0,none,0,0,0,0,0,0,0,
158688,0,none,0,0,0,0,0,0,0,
113176,0,none,0,0,0,0,0,0,0,
75347,0,none,0,0,0,0,0,0,0,
112296,0,none,0,0,0,0,0,0,0,
179898,0,none,0,0,0,0,0,0,0,
35453,0,none,0,0,0,0,0,0,0,
60697,0,none,0,0,0,0,0,0,0,
43318,0,none,0,0,0,0,0,0,0,
115712,0,none,0,0,0,0,0,0,0,
136541,0,none,0,0,0,0,0,0,0,
140765,0,none,0,0,0,0,0,0,0,
114564,0,none,0,0,0,0,0,0,0,
14828,0,none,0,0,0,0,0,0,0,
1439,0,none,0,0,0,0,0,0,0,
183576,0,none,0,0,0,0,0,0,0,
57190,0,none,0,0,0,0,0,0,0,
55863,0,none,0,0,0,0,0,0,0,
43550,0,none,0,0,0,0,0,0,0,
71720,0,none,0,0,0,0,0,0,0,
68301,0,none,0,0,0,0,0,0,0,
147179,0,none,0,0,0,0,0,0,0,
54093,0,none,0,0,0,0,0,0,0,
90638,0,none,0,0,0,0,0,0,0,
103494,0,none,0,0,0,0,0,0,0,
173855,0,none,0,0,0,0,0,0,0,
169639,0,none,0,0,0,0,0,0,0,
123437,0,none,0,0,0,0,0,0,0,
74230,0,none,0,0,0,0,0,0,0,
100739,0,none,0,0,0,0,0,0,0,
153516,0,none,0,0,0,0,0,0,0,
78275,0,none,0,0,0,0,0,0,0,
152726,0,none,0,0,0,0,0,0,0,
93556,0,none,0,0,0,0,0,0,0,
21246,0,none,0,0,0,0,0,0,0,
44860,0,none,0,0,0,0,0,0,0,
19855,0,none,0,0,0,0,0,0,0,
93966,0,none,0,0,0,0,0,0,0,
150545,0,none,0,0,0,0,0,0,0,
1366,3,low,0,1,0,0,0,0,0,memcpy_unchecked
127903,0,none,0,0,0,0,0,0,0,
25479,0,none,0,0,0,0,0,0,0,
182905,0,none,0,0,0,0,0,0,0,
158703,0,none,0,0,0,0,0,0,0,
182119,0,none,0,0,0,0,0,0,0,
162084,0,none,0,0,0,0,0,0,0,
169498,0,none,0,0,0,0,0,0,0,
166773,0,none,0,0,0,0,0,0,0,
103637,0,none,0,0,0,0,0,0,0,
130882,0,none,0,0,0,0,0,0,0,
79742,0,none,0,0,0,0,0,0,0,
67464,0,none,0,0,0,0,0,0,0,
127207,0,none,0,0,0,0,0,0,0,
86247,0,none,0,0,0,0,0,0,0,
120572,0,none,0,0,0,0,0,0,0,
20894,0,none,0,0,0,0,0,0,0,
51406,0,none,0,0,0,0,0,0,0,
7111,0,none,0,0,0,0,0,0,0,
105409,0,none,0,0,0,0,0,0,0,
82277,0,none,0,0,0,0,0,0,0,
15826,0,none,0,0,0,0,0,0,0,
109599,0,none,0,0,0,0,0,0,0,
26071,0,none,0,0,0,0,0,0,0,
58216,0,none,0,0,0,0,0,0,0,
46094,0,none,0,0,0,0,0,0,0,
161438,0,none,0,0,0,0,0,0,0,
12888,0,none,0,0,0,0,0,0,0,
119581,0,none,0,0,0,0,0,0,0,
70780,0,none,0,0,0,0,0,0,0,
53462,0,none,0,0,0,0,0,0,0,
13930,0,none,0,0,0,0,0,0,0,
149807,0,none,0,0,0,0,0,0,0,
73843,0,none,0,0,0,0,0,0,0,
43476,0,none,0,0,0,0,0,0,0,
154668,0,none,0,0,0,0,0,0,0,
48350,0,none,0,0,0,0,0,0,0,
145490,0,none,0,0,0,0,0,0,0,
19471,11,high,1,0,2,0,0,0,0,unsafe_func;format_string
113826,0,none,0,0,0,0,0,0,0,
54065,0,none,0,0,0,0,0,0,0,
115880,0,none,0,0,0,0,0,0,0,
777,0,none,0,0,0,0,0,0,0,
17536,0,none,0,0,0,0,0,0,0,
82179,0,none,0,0,0,0,0,0,0,
82426,0,none,0,0,0,0,0,0,0,
114465,0,none,0,0,0,0,0,0,0,
170194,0,none,0,0,0,0,0,0,0,
22658,0,none,0,0,0,0,0,0,0,
182747,3,low,0,1,0,0,0,0,0,memcpy_unchecked
5580,0,none,0,0,0,0,0,0,0,
48003,0,none,0,0,0,0,0,0,0,
24046,6,medium,0,2,0,0,0,0,0,memcpy_unchecked
12190,0,none,0,0,0,0,0,0,0,
182136,0,none,0,0,0,0,0,0,0,
4619,0,none,0,0,0,0,0,0,0,
65856,0,none,0,0,0,0,0,0,0,
164842,0,none,0,0,0,0,0,0,0,
146704,0,none,0,0,0,0,0,0,0,
28631,0,none,0,0,0,0,0,0,0,
41146,0,none,0,0,0,0,0,0,0,
146255,0,none,0,0,0,0,0,0,0,
32271,0,none,0,0,0,0,0,0,0,
19311,0,none,0,0,0,0,0,0,0,
164650,0,none,0,0,0,0,0,0,0,
43909,0,none,0,0,0,0,0,0,0,
105823,0,none,0,0,0,0,0,0,0,
18342,0,none,0,0,0,0,0,0,0,
113277,0,none,0,0,0,0,0,0,0,
7284,0,none,0,0,0,0,0,0,0,
165460,0,none,0,0,0,0,0,0,0,
25904,0,none,0,0,0,0,0,0,0,
124751,0,none,0,0,0,0,0,0,0,
172525,0,none,0,0,0,0,0,0,0,
2652,0,none,0,0,0,0,0,0,0,
172484,0,none,0,0,0,0,0,0,0,
90590,0,none,0,0,0,0,0,0,0,
184827,0,none,0,0,0,0,0,0,0,
79750,0,none,0,0,0,0,0,0,0,
146774,0,none,0,0,0,0,0,0,0,
70145,0,none,0,0,0,0,0,0,0,
109274,0,none,0,0,0,0,0,0,0,
29064,0,none,0,0,0,0,0,0,0,
180907,0,none,0,0,0,0,0,0,0,
125729,0,none,0,0,0,0,0,0,0,
115308,0,none,0,0,0,0,0,0,0,
133316,0,none,0,0,0,0,0,0,0,
80140,0,none,0,0,0,0,0,0,0,
38776,0,none,0,0,0,0,0,0,0,
82803,0,none,0,0,0,0,0,0,0,
109831,0,none,0,0,0,0,0,0,0,
124941,0,none,0,0,0,0,0,0,0,
144145,3,low,1,0,0,0,0,0,0,unsafe_func
90044,0,none,0,0,0,0,0,0,0,
136101,0,none,0,0,0,0,0,0,0,
126283,0,none,0,0,0,0,0,0,0,
43417,0,none,0,0,0,0,0,0,0,
97674,0,none,0,0,0,0,0,0,0,
56899,0,none,0,0,0,0,0,0,0,
13245,0,none,0,0,0,0,0,0,0,
18437,0,none,0,0,0,0,0,0,0,
100999,0,none,0,0,0,0,0,0,0,
129254,0,none,0,0,0,0,0,0,0,
61250,0,none,0,0,0,0,0,0,0,
159339,0,none,0,0,0,0,0,0,0,
58710,0,none,0,0,0,0,0,0,0,
26953,0,none,0,0,0,0,0,0,0,
6795,0,none,0,0,0,0,0,0,0,
60161,0,none,0,0,0,0,0,0,0,
65517,0,none,0,0,0,0,0,0,0,
132730,0,none,0,0,0,0,0,0,0,
52740,0,none,0,0,0,0,0,0,0,
120207,0,none,0,0,0,0,0,0,0,
6132,0,none,0,0,0,0,0,0,0,
128343,0,none,0,0,0,0,0,0,0,
5751,0,none,0,0,0,0,0,0,0,
118738,0,none,0,0,0,0,0,0,0,
99861,0,none,0,0,0,0,0,0,0,
2513,0,none,0,0,0,0,0,0,0,
105548,0,none,0,0,0,0,0,0,0,
93612,0,none,0,0,0,0,0,0,0,
76026,0,none,0,0,0,0,0,0,0,
49626,0,none,0,0,0,0,0,0,0,
67042,0,none,0,0,0,0,0,0,0,
90778,0,none,0,0,0,0,0,0,0,
75188,0,none,0,0,0,0,0,0,0,
126538,0,none,0,0,0,0,0,0,0,
176510,0,none,0,0,0,0,0,0,0,
188079,0,none,0,0,0,0,0,0,0,
106254,0,none,0,0,0,0,0,0,0,
174744,0,none,0,0,0,0,0,0,0,
28727,0,none,0,0,0,0,0,0,0,
132242,0,none,0,0,0,0,0,0,0,
65349,0,none,0,0,0,0,0,0,0,
171086,0,none,0,0,0,0,0,0,0,
175459,0,none,0,0,0,0,0,0,0,
64225,0,none,0,0,0,0,0,0,0,
55237,0,none,0,0,0,0,0,0,0,
137917,0,none,0,0,0,0,0,0,0,
42976,0,none,0,0,0,0,0,0,0,
187631,0,none,0,0,0,0,0,0,0,
41370,9,high,0,0,0,0,0,1,2,use_after_free;size_int_overflow
81792,0,none,0,0,0,0,0,0,0,
163061,0,none,0,0,0,0,0,0,0,
71808,0,none,0,0,0,0,0,0,0,
110503,0,none,0,0,0,0,0,0,0,
125429,0,none,0,0,0,0,0,0,0,
147575,0,none,0,0,0,0,0,0,0,
72339,0,none,0,0,0,0,0,0,0,
39694,0,none,0,0,0,0,0,0,0,
126306,0,none,0,0,0,0,0,0,0,
41599,0,none,0,0,0,0,0,0,0,
83778,0,none,0,0,0,0,0,0,0,
14341,0,none,0,0,0,0,0,0,0,
151866,0,none,0,0,0,0,0,0,0,
75665,4,medium,0,0,1,0,0,0,0,format_string
14224,0,none,0,0,0,0,0,0,0,
71205,0,none,0,0,0,0,0,0,0,
14810,0,none,0,0,0,0,0,0,0,
110389,0,none,0,0,0,0,0,0,0,
153865,0,none,0,0,0,0,0,0,0,
137374,0,none,0,0,0,0,0,0,0,
14587,0,none,0,0,0,0,0,0,0,
135087,0,none,0,0,0,0,0,0,0,
15991,0,none,0,0,0,0,0,0,0,
136948,0,none,0,0,0,0,0,0,0,
75759,0,none,0,0,0,0,0,0,0,
112044,0,none,0,0,0,0,0,0,0,
126840,0,none,0,0,0,0,0,0,0,
122630,0,none,0,0,0,0,0,0,0,
164258,0,none,0,0,0,0,0,0,0,
106340,0,none,0,0,0,0,0,0,0,
71053,0,none,0,0,0,0,0,0,0,
120365,0,none,0,0,0,0,0,0,0,
97527,0,none,0,0,0,0,0,0,0,
29814,0,none,0,0,0,0,0,0,0,
106473,0,none,0,0,0,0,0,0,0,
160937,0,none,0,0,0,0,0,0,0,
147699,0,none,0,0,0,0,0,0,0,
6353,0,none,0,0,0,0,0,0,0,
166165,0,none,0,0,0,0,0,0,0,
90458,0,none,0,0,0,0,0,0,0,
147137,0,none,0,0,0,0,0,0,0,
145480,0,none,0,0,0,0,0,0,0,
77027,0,none,0,0,0,0,0,0,0,
186678,0,none,0,0,0,0,0,0,0,
97857,0,none,0,0,0,0,0,0,0,
112554,0,none,0,0,0,0,0,0,0,
161233,0,none,0,0,0,0,0,0,0,
115677,0,none,0,0,0,0,0,0,0,
28048,0,none,0,0,0,0,0,0,0,
51048,0,none,0,0,0,0,0,0,0,
168237,0,none,0,0,0,0,0,0,0,
149063,0,none,0,0,0,0,0,0,0,
172377,0,none,0,0,0,0,0,0,0,
164576,0,none,0,0,0,0,0,0,0,
170943,0,none,0,0,0,0,0,0,0,
118109,0,none,0,0,0,0,0,0,0,
45781,0,none,0,0,0,0,0,0,0,
77302,0,none,0,0,0,0,0,0,0,
90437,0,none,0,0,0,0,0,0,0,
181170,0,none,0,0,0,0,0,0,0,
185222,0,none,0,0,0,0,0,0,0,
140841,0,none,0,0,0,0,0,0,0,
56528,0,none,0,0,0,0,0,0,0,
1363,0,none,0,0,0,0,0,0,0,
148614,0,none,0,0,0,0,0,0,0,
105976,0,none,0,0,0,0,0,0,0,
43277,0,none,0,0,0,0,0,0,0,
167577,0,none,0,0,0,0,0,0,0,
119350,0,none,0,0,0,0,0,0,0,
95161,0,none,0,0,0,0,0,0,0,
149161,0,none,0,0,0,0,0,0,0,
95863,0,none,0,0,0,0,0,0,0,
36114,0,none,0,0,0,0,0,0,0,
47273,0,none,0,0,0,0,0,0,0,
163227,0,none,0,0,0,0,0,0,0,
95024,2,low,0,0,0,1,0,0,0,unchecked_alloc
140795,0,none,0,0,0,0,0,0,0,
48227,0,none,0,0,0,0,0,0,0,
133548,0,none,0,0,0,0,0,0,0,
60005,0,none,0,0,0,0,0,0,0,
89289,0,none,0,0,0,0,0,0,0,
41740,3,low,0,1,0,0,0,0,0,memcpy_unchecked
156125,0,none,0,0,0,0,0,0,0,
135807,0,none,0,0,0,0,0,0,0,
186323,0,none,0,0,0,0,0,0,0,
36798,0,none,0,0,0,0,0,0,0,
111837,0,none,0,0,0,0,0,0,0,
102070,0,none,0,0,0,0,0,0,0,
145501,0,none,0,0,0,0,0,0,0,
89383,0,none,0,0,0,0,0,0,0,
128024,0,none,0,0,0,0,0,0,0,
153883,0,none,0,0,0,0,0,0,0,
180305,0,none,0,0,0,0,0,0,0,
128682,0,none,0,0,0,0,0,0,0,
90623,0,none,0,0,0,0,0,0,0,
71135,0,none,0,0,0,0,0,0,0,
104757,0,none,0,0,0,0,0,0,0,
138350,0,none,0,0,0,0,0,0,0,
35326,0,none,0,0,0,0,0,0,0,
94767,0,none,0,0,0,0,0,0,0,
9999,6,medium,2,0,0,0,0,0,0,unsafe_func
23955,3,low,1,0,0,0,0,0,0,unsafe_func
104395,0,none,0,0,0,0,0,0,0,
48962,0,none,0,0,0,0,0,0,0,
22559,3,low,1,0,0,0,0,0,0,unsafe_func
118842,0,none,0,0,0,0,0,0,0,
131202,0,none,0,0,0,0,0,0,0,
65027,0,none,0,0,0,0,0,0,0,
54370,0,none,0,0,0,0,0,0,0,
158982,0,none,0,0,0,0,0,0,0,
86632,0,none,0,0,0,0,0,0,0,
20438,0,none,0,0,0,0,0,0,0,
146296,0,none,0,0,0,0,0,0,0,
112318,0,none,0,0,0,0,0,0,0,
171822,0,none,0,0,0,0,0,0,0,
98238,0,none,0,0,0,0,0,0,0,
44803,0,none,0,0,0,0,0,0,0,
132579,0,none,0,0,0,0,0,0,0,
130776,0,none,0,0,0,0,0,0,0,
145164,0,none,0,0,0,0,0,0,0,
171105,0,none,0,0,0,0,0,0,0,
43000,0,none,0,0,0,0,0,0,0,
180399,0,none,0,0,0,0,0,0,0,
83558,0,none,0,0,0,0,0,0,0,
162737,0,none,0,0,0,0,0,0,0,
47556,0,none,0,0,0,0,0,0,0,
6689,0,none,0,0,0,0,0,0,0,
48441,0,none,0,0,0,0,0,0,0,
59817,0,none,0,0,0,0,0,0,0,
142296,0,none,0,0,0,0,0,0,0,
146343,0,none,0,0,0,0,0,0,0,
11281,0,none,0,0,0,0,0,0,0,
130022,0,none,0,0,0,0,0,0,0,
47076,0,none,0,0,0,0,0,0,0,
23215,0,none,0,0,0,0,0,0,0,
81091,0,none,0,0,0,0,0,0,0,
120917,0,none,0,0,0,0,0,0,0,
137151,0,none,0,0,0,0,0,0,0,
122939,0,none,0,0,0,0,0,0,0,
43138,0,none,0,0,0,0,0,0,0,
60750,0,none,0,0,0,0,0,0,0,
58997,0,none,0,0,0,0,0,0,0,
130206,0,none,0,0,0,0,0,0,0,
36956,9,high,2,1,0,0,0,0,0,unsafe_func;memcpy_unchecked
113272,0,none,0,0,0,0,0,0,0,
45305,0,none,0,0,0,0,0,0,0,
28225,0,none,0,0,0,0,0,0,0,
59361,0,none,0,0,0,0,0,0,0,
119618,0,none,0,0,0,0,0,0,0,
49410,0,none,0,0,0,0,0,0,0,
15498,0,none,0,0,0,0,0,0,0,
149348,0,none,0,0,0,0,0,0,0,
41733,0,none,0,0,0,0,0,0,0,
75006,0,none,0,0,0,0,0,0,0,
90218,0,none,0,0,0,0,0,0,0,
152116,0,none,0,0,0,0,0,0,0,
181582,0,none,0,0,0,0,0,0,0,
140391,0,none,0,0,0,0,0,0,0,
85048,0,none,0,0,0,0,0,0,0,
33966,0,none,0,0,0,0,0,0,0,
170180,0,none,0,0,0,0,0,0,0,
73396,0,none,0,0,0,0,0,0,0,
89055,0,none,0,0,0,0,0,0,0,
26608,0,none,0,0,0,0,0,0,0,
119098,0,none,0,0,0,0,0,0,0,
89054,0,none,0,0,0,0,0,0,0,
153703,0,none,0,0,0,0,0,0,0,
3705,0,none,0,0,0,0,0,0,0,
16061,0,none,0,0,0,0,0,0,0,
76017,0,none,0,0,0,0,0,0,0,
147857,0,none,0,0,0,0,0,0,0,
93146,0,none,0,0,0,0,0,0,0,
27421,0,none,0,0,0,0,0,0,0,
13108,0,none,0,0,0,0,0,0,0,
185,0,none,0,0,0,0,0,0,0,
186251,0,none,0,0,0,0,0,0,0,
30065,0,none,0,0,0,0,0,0,0,
9107,0,none,0,0,0,0,0,0,0,
39192,0,none,0,0,0,0,0,0,0,
106242,0,none,0,0,0,0,0,0,0,
106093,0,none,0,0,0,0,0,0,0,
172272,0,none,0,0,0,0,0,0,0,
94264,0,none,0,0,0,0,0,0,0,
133053,0,none,0,0,0,0,0,0,0,
185491,0,none,0,0,0,0,0,0,0,
7142,0,none,0,0,0,0,0,0,0,
41285,0,none,0,0,0,0,0,0,0,
51991,0,none,0,0,0,0,0,0,0,
129042,0,none,0,0,0,0,0,0,0,
145878,0,none,0,0,0,0,0,0,0,
187775,3,low,1,0,0,0,0,0,0,unsafe_func
91713,0,none,0,0,0,0,0,0,0,
67399,0,none,0,0,0,0,0,0,0,
130890,0,none,0,0,0,0,0,0,0,
49962,0,none,0,0,0,0,0,0,0,
4564,0,none,0,0,0,0,0,0,0,
121855,0,none,0,0,0,0,0,0,0,
33144,0,none,0,0,0,0,0,0,0,
14711,0,none,0,0,0,0,0,0,0,
52561,3,low,0,1,0,0,0,0,0,memcpy_unchecked
74948,0,none,0,0,0,0,0,0,0,
49242,11,high,0,3,0,0,0,0,1,memcpy_unchecked;size_int_overflow
110168,0,none,0,0,0,0,0,0,0,
112629,0,none,0,0,0,0,0,0,0,
30316,0,none,0,0,0,0,0,0,0,
121535,0,none,0,0,0,0,0,0,0,
112858,0,none,0,0,0,0,0,0,0,
138334,0,none,0,0,0,0,0,0,0,
156531,0,none,0,0,0,0,0,0,0,
17603,0,none,0,0,0,0,0,0,0,
167920,0,none,0,0,0,0,0,0,0,
147116,0,none,0,0,0,0,0,0,0,
73167,0,none,0,0,0,0,0,0,0,
81385,0,none,0,0,0,0,0,0,0,
92579,0,none,0,0,0,0,0,0,0,
73852,0,none,0,0,0,0,0,0,0,
184482,0,none,0,0,0,0,0,0,0,
113883,0,none,0,0,0,0,0,0,0,
91203,0,none,0,0,0,0,0,0,0,
73045,0,none,0,0,0,0,0,0,0,
174469,0,none,0,0,0,0,0,0,0,
80396,0,none,0,0,0,0,0,0,0,
173825,0,none,0,0,0,0,0,0,0,
186278,0,none,0,0,0,0,0,0,0,
83734,0,none,0,0,0,0,0,0,0,
130023,0,none,0,0,0,0,0,0,0,
123692,0,none,0,0,0,0,0,0,0,
184124,0,none,0,0,0,0,0,0,0,
173276,0,none,0,0,0,0,0,0,0,
34446,0,none,0,0,0,0,0,0,0,
166013,0,none,0,0,0,0,0,0,0,
53478,0,none,0,0,0,0,0,0,0,
47416,0,none,0,0,0,0,0,0,0,
72148,0,none,0,0,0,0,0,0,0,
87651,0,none,0,0,0,0,0,0,0,
30021,0,none,0,0,0,0,0,0,0,
35399,0,none,0,0,0,0,0,0,0,
64448,0,none,0,0,0,0,0,0,0,
32816,0,none,0,0,0,0,0,0,0,
122377,0,none,0,0,0,0,0,0,0,
41690,0,none,0,0,0,0,0,0,0,
111826,0,none,0,0,0,0,0,0,0,
106798,0,none,0,0,0,0,0,0,0,
165136,0,none,0,0,0,0,0,0,0,
142572,0,none,0,0,0,0,0,0,0,
20846,0,none,0,0,0,0,0,0,0,
109934,0,none,0,0,0,0,0,0,0,
63175,0,none,0,0,0,0,0,0,0,
143446,0,none,0,0,0,0,0,0,0,
141736,0,none,0,0,0,0,0,0,0,
119181,0,none,0,0,0,0,0,0,0,
103245,0,none,0,0,0,0,0,0,0,
76507,0,none,0,0,0,0,0,0,0,
121754,0,none,0,0,0,0,0,0,0,
80680,0,none,0,0,0,0,0,0,0,
112766,0,none,0,0,0,0,0,0,0,
173750,0,none,0,0,0,0,0,0,0,
28447,0,none,0,0,0,0,0,0,0,
145291,0,none,0,0,0,0,0,0,0,
43655,0,none,0,0,0,0,0,0,0,
119393,0,none,0,0,0,0,0,0,0,
83384,0,none,0,0,0,0,0,0,0,
162086,0,none,0,0,0,0,0,0,0,
108729,0,none,0,0,0,0,0,0,0,
7779,3,low,0,1,0,0,0,0,0,memcpy_unchecked
2058,0,none,0,0,0,0,0,0,0,
21156,0,none,0,0,0,0,0,0,0,
86813,0,none,0,0,0,0,0,0,0,
118594,0,none,0,0,0,0,0,0,0,
13090,0,none,0,0,0,0,0,0,0,
155505,0,none,0,0,0,0,0,0,0,
74443,0,none,0,0,0,0,0,0,0,
166566,0,none,0,0,0,0,0,0,0,
51576,0,none,0,0,0,0,0,0,0,
85281,0,none,0,0,0,0,0,0,0,
57068,0,none,0,0,0,0,0,0,0,
151769,0,none,0,0,0,0,0,0,0,
71338,0,none,0,0,0,0,0,0,0,
84081,0,none,0,0,0,0,0,0,0,
10412,0,none,0,0,0,0,0,0,0,
57776,0,none,0,0,0,0,0,0,0,
65086,0,none,0,0,0,0,0,0,0,
25233,0,none,0,0,0,0,0,0,0,
159602,0,none,0,0,0,0,0,0,0,
19118,0,none,0,0,0,0,0,0,0,
148799,0,none,0,0,0,0,0,0,0,
8263,0,none,0,0,0,0,0,0,0,
152085,0,none,0,0,0,0,0,0,0,
139670,0,none,0,0,0,0,0,0,0,
8725,0,none,0,0,0,0,0,0,0,
14397,0,none,0,0,0,0,0,0,0,
113591,0,none,0,0,0,0,0,0,0,
168493,0,none,0,0,0,0,0,0,0,
39048,0,none,0,0,0,0,0,0,0,
22096,0,none,0,0,0,0,0,0,0,
93074,0,none,0,0,0,0,0,0,0,
150556,0,none,0,0,0,0,0,0,0,
143570,0,none,0,0,0,0,0,0,0,
11610,0,none,0,0,0,0,0,0,0,
93366,0,none,0,0,0,0,0,0,0,
160633,0,none,0,0,0,0,0,0,0,
96624,3,low,0,1,0,0,0,0,0,memcpy_unchecked
179745,0,none,0,0,0,0,0,0,0,
70153,0,none,0,0,0,0,0,0,0,
44580,0,none,0,0,0,0,0,0,0,
146778,0,none,0,0,0,0,0,0,0,
143421,0,none,0,0,0,0,0,0,0,
101245,0,none,0,0,0,0,0,0,0,
28919,0,none,0,0,0,0,0,0,0,
100746,0,none,0,0,0,0,0,0,0,
118532,0,none,0,0,0,0,0,0,0,
15978,0,none,0,0,0,0,0,0,0,
61896,0,none,0,0,0,0,0,0,0,
137513,0,none,0,0,0,0,0,0,0,
148935,0,none,0,0,0,0,0,0,0,
180217,0,none,0,0,0,0,0,0,0,
4476,0,none,0,0,0,0,0,0,0,
42718,0,none,0,0,0,0,0,0,0,
29739,0,none,0,0,0,0,0,0,0,
154024,0,none,0,0,0,0,0,0,0,
13186,0,none,0,0,0,0,0,0,0,
105915,0,none,0,0,0,0,0,0,0,
14225,0,none,0,0,0,0,0,0,0,
146114,0,none,0,0,0,0,0,0,0,
23979,0,none,0,0,0,0,0,0,0,
119063,0,none,0,0,0,0,0,0,0,
106777,0,none,0,0,0,0,0,0,0,
66101,0,none,0,0,0,0,0,0,0,
58538,0,none,0,0,0,0,0,0,0,
162585,0,none,0,0,0,0,0,0,0,
25071,0,none,0,0,0,0,0,0,0,
62428,0,none,0,0,0,0,0,0,0,
63551,0,none,0,0,0,0,0,0,0,
30022,0,none,0,0,0,0,0,0,0,
155410,0,none,0,0,0,0,0,0,0,
101231,0,none,0,0,0,0,0,0,0,
55420,0,none,0,0,0,0,0,0,0,
34688,0,none,0,0,0,0,0,0,0,
179630,0,none,0,0,0,0,0,0,0,
126125,0,none,0,0,0,0,0,0,0,
182517,0,none,0,0,0,0,0,0,0,
108861,0,none,0,0,0,0,0,0,0,
136851,0,none,0,0,0,0,0,0,0,
53887,0,none,0,0,0,0,0,0,0,
150698,0,none,0,0,0,0,0,0,0,
2286,0,none,0,0,0,0,0,0,0,
7245,0,none,0,0,0,0,0,0,0,
95959,0,none,0,0,0,0,0,0,0,
172738,0,none,0,0,0,0,0,0,0,
67823,0,none,0,0,0,0,0,0,0,
92114,0,none,0,0,0,0,0,0,0,
126670,0,none,0,0,0,0,0,0,0,
100657,0,none,0,0,0,0,0,0,0,
133807,0,none,0,0,0,0,0,0,0,
83884,0,none,0,0,0,0,0,0,0,
151917,0,none,0,0,0,0,0,0,0,
91768,0,none,0,0,0,0,0,0,0,
109090,0,none,0,0,0,0,0,0,0,
92099,0,none,0,0,0,0,0,0,0,
18780,0,none,0,0,0,0,0,0,0,
48631,0,none,0,0,0,0,0,0,0,
122932,0,none,0,0,0,0,0,0,0,
46257,0,none,0,0,0,0,0,0,0,
63836,0,none,0,0,0,0,0,0,0,
147132,0,none,0,0,0,0,0,0,0,
123256,0,none,0,0,0,0,0,0,0,
154285,0,none,0,0,0,0,0,0,0,
44055,0,none,0,0,0,0,0,0,0,
95799,0,none,0,0,0,0,0,0,0,
146944,0,none,0,0,0,0,0,0,0,
63775,6,medium,0,0,0,4,0,0,0,unchecked_alloc
168746,0,none,0,0,0,0,0,0,0,
39412,0,none,0,0,0,0,0,0,0,
134348,0,none,0,0,0,0,0,0,0,
6576,0,none,0,0,0,0,0,0,0,
95446,0,none,0,0,0,0,0,0,0,
58654,0,none,0,0,0,0,0,0,0,
153322,0,none,0,0,0,0,0,0,0,
13896,0,none,0,0,0,0,0,0,0,
23235,0,none,0,0,0,0,0,0,0,
74063,0,none,0,0,0,0,0,0,0,
34123,0,none,0,0,0,0,0,0,0,
156130,0,none,0,0,0,0,0,0,0,
148901,0,none,0,0,0,0,0,0,0,
105313,0,none,0,0,0,0,0,0,0,
117430,0,none,0,0,0,0,0,0,0,
61041,0,none,0,0,0,0,0,0,0,
75285,0,none,0,0,0,0,0,0,0,
138063,0,none,0,0,0,0,0,0,0,
41694,0,none,0,0,0,0,0,0,0,
18481,0,none,0,0,0,0,0,0,0,
188484,0,none,0,0,0,0,0,0,0,
4103,0,none,0,0,0,0,0,0,0,
51293,0,none,0,0,0,0,0,0,0,
38013,0,none,0,0,0,0,0,0,0,
138475,0,none,0,0,0,0,0,0,0,
100910,0,none,0,0,0,0,0,0,0,
45965,0,none,0,0,0,0,0,0,0,
152852,0,none,0,0,0,0,0,0,0,
107463,0,none,0,0,0,0,0,0,0,
165896,0,none,0,0,0,0,0,0,0,
71000,0,none,0,0,0,0,0,0,0,
114991,0,none,0,0,0,0,0,0,0,
48548,0,none,0,0,0,0,0,0,0,
41024,0,none,0,0,0,0,0,0,0,
125072,0,none,0,0,0,0,0,0,0,
49079,0,none,0,0,0,0,0,0,0,
90114,0,none,0,0,0,0,0,0,0,
29884,0,none,0,0,0,0,0,0,0,
114784,0,none,0,0,0,0,0,0,0,
52808,0,none,0,0,0,0,0,0,0,
3558,0,none,0,0,0,0,0,0,0,
109661,0,none,0,0,0,0,0,0,0,
73067,0,none,0,0,0,0,0,0,0,
103424,0,none,0,0,0,0,0,0,0,
187517,0,none,0,0,0,0,0,0,0,
160924,0,none,0,0,0,0,0,0,0,
80759,0,none,0,0,0,0,0,0,0,
33486,0,none,0,0,0,0,0,0,0,
82786,0,none,0,0,0,0,0,0,0,
258,0,none,0,0,0,0,0,0,0,
74879,0,none,0,0,0,0,0,0,0,
82949,0,none,0,0,0,0,0,0,0,
170668,0,none,0,0,0,0,0,0,0,
186297,0,none,0,0,0,0,0,0,0,
39514,0,none,0,0,0,0,0,0,0,
170282,0,none,0,0,0,0,0,0,0,
150358,0,none,0,0,0,0,0,0,0,
10255,0,none,0,0,0,0,0,0,0,
119259,0,none,0,0,0,0,0,0,0,
86884,0,none,0,0,0,0,0,0,0,
94246,0,none,0,0,0,0,0,0,0,
27785,0,none,0,0,0,0,0,0,0,
30201,0,none,0,0,0,0,0,0,0,
158716,0,none,0,0,0,0,0,0,0,
126330,0,none,0,0,0,0,0,0,0,
94944,0,none,0,0,0,0,0,0,0,
93047,0,none,0,0,0,0,0,0,0,
160273,0,none,0,0,0,0,0,0,0,
66959,0,none,0,0,0,0,0,0,0,
184812,0,none,0,0,0,0,0,0,0,
6039,0,none,0,0,0,0,0,0,0,
173898,0,none,0,0,0,0,0,0,0,
61543,0,none,0,0,0,0,0,0,0,
98507,0,none,0,0,0,0,0,0,0,
112283,0,none,0,0,0,0,0,0,0,
54875,0,none,0,0,0,0,0,0,0,
24151,3,low,0,1,0,0,0,0,0,memcpy_unchecked
168273,0,none,0,0,0,0,0,0,0,
91571,0,none,0,0,0,0,0,0,0,
180542,0,none,0,0,0,0,0,0,0,
69787,0,none,0,0,0,0,0,0,0,
91606,0,none,0,0,0,0,0,0,0,
91122,0,none,0,0,0,0,0,0,0,
111559,0,none,0,0,0,0,0,0,0,
71363,0,none,0,0,0,0,0,0,0,
110860,0,none,0,0,0,0,0,0,0,
62430,0,none,0,0,0,0,0,0,0,
61257,0,none,0,0,0,0,0,0,0,
31256,0,none,0,0,0,0,0,0,0,
184649,0,none,0,0,0,0,0,0,0,
155835,0,none,0,0,0,0,0,0,0,
42403,0,none,0,0,0,0,0,0,0,
95657,0,none,0,0,0,0,0,0,0,
45220,0,none,0,0,0,0,0,0,0,
70435,0,none,0,0,0,0,0,0,0,
67445,0,none,0,0,0,0,0,0,0,
38761,0,none,0,0,0,0,0,0,0,
23199,0,none,0,0,0,0,0,0,0,
60909,0,none,0,0,0,0,0,0,0,
52979,0,none,0,0,0,0,0,0,0,
14260,0,none,0,0,0,0,0,0,0,
177987,0,none,0,0,0,0,0,0,0,
131408,0,none,0,0,0,0,0,0,0,
23481,0,none,0,0,0,0,0,0,0,
165486,0,none,0,0,0,0,0,0,0,
180736,0,none,0,0,0,0,0,0,0,
95762,0,none,0,0,0,0,0,0,0,
154550,0,none,0,0,0,0,0,0,0,
26837,0,none,0,0,0,0,0,0,0,
131123,0,none,0,0,0,0,0,0,0,
89762,0,none,0,0,0,0,0,0,0,
170299,0,none,0,0,0,0,0,0,0,
40635,0,none,0,0,0,0,0,0,0,
181293,0,none,0,0,0,0,0,0,0,
127884,0,none,0,0,0,0,0,0,0,
68877,0,none,0,0,0,0,0,0,0,
17379,0,none,0,0,0,0,0,0,0,
105013,0,none,0,0,0,0,0,0,0,
75952,0,none,0,0,0,0,0,0,0,
90374,0,none,0,0,0,0,0,0,0,
154587,0,none,0,0,0,0,0,0,0,
1221,0,none,0,0,0,0,0,0,0,
126980,0,none,0,0,0,0,0,0,0,
52348,0,none,0,0,0,0,0,0,0,
174679,0,none,0,0,0,0,0,0,0,
56973,0,none,0,0,0,0,0,0,0,
160663,0,none,0,0,0,0,0,0,0,
181013,0,none,0,0,0,0,0,0,0,
124002,0,none,0,0,0,0,0,0,0,
126002,0,none,0,0,0,0,0,0,0,
127209,0,none,0,0,0,0,0,0,0,
122975,0,none,0,0,0,0,0,0,0,
96708,0,none,0,0,0,0,0,0,0,
125001,0,none,0,0,0,0,0,0,0,
188444,0,none,0,0,0,0,0,0,0,
143662,0,none,0,0,0,0,0,0,0,
9958,0,none,0,0,0,0,0,0,0,
96180,0,none,0,0,0,0,0,0,0,
65578,0,none,0,0,0,0,0,0,0,
94151,0,none,0,0,0,0,0,0,0,
178201,9,high,1,2,0,0,0,0,0,unsafe_func;memcpy_unchecked
118750,0,none,0,0,0,0,0,0,0,
105541,0,none,0,0,0,0,0,0,0,
148888,0,none,0,0,0,0,0,0,0,
174260,0,none,0,0,0,0,0,0,0,
156759,0,none,0,0,0,0,0,0,0,
127410,0,none,0,0,0,0,0,0,0,
42631,0,none,0,0,0,0,0,0,0,
147134,0,none,0,0,0,0,0,0,0,
49463,0,none,0,0,0,0,0,0,0,
127917,0,none,0,0,0,0,0,0,0,
11782,0,none,0,0,0,0,0,0,0,
56261,0,none,0,0,0,0,0,0,0,
125391,0,none,0,0,0,0,0,0,0,
113667,0,none,0,0,0,0,0,0,0,
158631,0,none,0,0,0,0,0,0,0,
43664,0,none,0,0,0,0,0,0,0,
56366,0,none,0,0,0,0,0,0,0,
113852,0,none,0,0,0,0,0,0,0,
182346,0,none,0,0,0,0,0,0,0,
57435,0,none,0,0,0,0,0,0,0,
162693,0,none,0,0,0,0,0,0,0,
76324,0,none,0,0,0,0,0,0,0,
140293,0,none,0,0,0,0,0,0,0,
136085,0,none,0,0,0,0,0,0,0,
93489,0,none,0,0,0,0,0,0,0,
185591,0,none,0,0,0,0,0,0,0,
1376,0,none,0,0,0,0,0,0,0,
94273,0,none,0,0,0,0,0,0,0,
111682,0,none,0,0,0,0,0,0,0,
136476,0,none,0,0,0,0,0,0,0,
161484,0,none,0,0,0,0,0,0,0,
139133,0,none,0,0,0,0,0,0,0,
131175,0,none,0,0,0,0,0,0,0,
109328,0,none,0,0,0,0,0,0,0,
16804,0,none,0,0,0,0,0,0,0,
26165,0,none,0,0,0,0,0,0,0,
139540,0,none,0,0,0,0,0,0,0,
177297,0,none,0,0,0,0,0,0,0,
163973,0,none,0,0,0,0,0,0,0,
15650,0,none,0,0,0,0,0,0,0,
26127,0,none,0,0,0,0,0,0,0,
145140,0,none,0,0,0,0,0,0,0,
85522,0,none,0,0,0,0,0,0,0,
69216,0,none,0,0,0,0,0,0,0,
150681,0,none,0,0,0,0,0,0,0,
121717,0,none,0,0,0,0,0,0,0,
82419,0,none,0,0,0,0,0,0,0,
50288,0,none,0,0,0,0,0,0,0,
54553,0,none,0,0,0,0,0,0,0,
107135,0,none,0,0,0,0,0,0,0,
110230,0,none,0,0,0,0,0,0,0,
96128,0,none,0,0,0,0,0,0,0,
154045,0,none,0,0,0,0,0,0,0,
179995,0,none,0,0,0,0,0,0,0,
170310,0,none,0,0,0,0,0,0,0,
122727,0,none,0,0,0,0,0,0,0,
119979,0,none,0,0,0,0,0,0,0,
87457,0,none,0,0,0,0,0,0,0,
75428,0,none,0,0,0,0,0,0,0,
183194,0,none,0,0,0,0,0,0,0,
14036,2,low,0,0,0,1,0,0,0,unchecked_alloc
75582,0,none,0,0,0,0,0,0,0,
162016,0,none,0,0,0,0,0,0,0,
174912,0,none,0,0,0,0,0,0,0,
76702,3,low,1,0,0,0,0,0,0,unsafe_func
63906,0,none,0,0,0,0,0,0,0,
101293,0,none,0,0,0,0,0,0,0,
76661,3,low,1,0,0,0,0,0,0,unsafe_func
125272,0,none,0,0,0,0,0,0,0,
91285,0,none,0,0,0,0,0,0,0,
58481,0,none,0,0,0,0,0,0,0,
140342,0,none,0,0,0,0,0,0,0,
60893,0,none,0,0,0,0,0,0,0,
29669,0,none,0,0,0,0,0,0,0,
11463,0,none,0,0,0,0,0,0,0,
148458,0,none,0,0,0,0,0,0,0,
47314,0,none,0,0,0,0,0,0,0,
47355,0,none,0,0,0,0,0,0,0,
129443,0,none,0,0,0,0,0,0,0,
134715,0,none,0,0,0,0,0,0,0,
56697,0,none,0,0,0,0,0,0,0,
83468,0,none,0,0,0,0,0,0,0,
112054,0,none,0,0,0,0,0,0,0,
165162,0,none,0,0,0,0,0,0,0,
68145,0,none,0,0,0,0,0,0,0,
186259,0,none,0,0,0,0,0,0,0,
18425,4,medium,0,0,1,0,0,0,0,format_string
115749,0,none,0,0,0,0,0,0,0,
176216,0,none,0,0,0,0,0,0,0,
38976,0,none,0,0,0,0,0,0,0,
94907,0,none,0,0,0,0,0,0,0,
128975,0,none,0,0,0,0,0,0,0,
115580,0,none,0,0,0,0,0,0,0,
95513,0,none,0,0,0,0,0,0,0,
126185,0,none,0,0,0,0,0,0,0,
75268,0,none,0,0,0,0,0,0,0,
134126,0,none,0,0,0,0,0,0,0,
2361,0,none,0,0,0,0,0,0,0,
110620,0,none,0,0,0,0,0,0,0,
168922,0,none,0,0,0,0,0,0,0,
75619,0,none,0,0,0,0,0,0,0,
142496,0,none,0,0,0,0,0,0,0,
179854,0,none,0,0,0,0,0,0,0,
180208,0,none,0,0,0,0,0,0,0,
66783,0,none,0,0,0,0,0,0,0,
81643,0,none,0,0,0,0,0,0,0,
172707,0,none,0,0,0,0,0,0,0,
44392,2,low,0,0,0,1,0,0,0,unchecked_alloc
68567,0,none,0,0,0,0,0,0,0,
6461,0,none,0,0,0,0,0,0,0,
167220,0,none,0,0,0,0,0,0,0,
145108,0,none,0,0,0,0,0,0,0,
36148,0,none,0,0,0,0,0,0,0,
2495,0,none,0,0,0,0,0,0,0,
163064,0,none,0,0,0,0,0,0,0,
114337,0,none,0,0,0,0,0,0,0,
133906,0,none,0,0,0,0,0,0,0,
128215,0,none,0,0,0,0,0,0,0,
2967,0,none,0,0,0,0,0,0,0,
128602,0,none,0,0,0,0,0,0,0,
127861,0,none,0,0,0,0,0,0,0,
115904,0,none,0,0,0,0,0,0,0,
1291,0,none,0,0,0,0,0,0,0,
158370,0,none,0,0,0,0,0,0,0,
71130,0,none,0,0,0,0,0,0,0,
115114,0,none,0,0,0,0,0,0,0,
186246,0,none,0,0,0,0,0,0,0,
147266,0,none,0,0,0,0,0,0,0,
33468,0,none,0,0,0,0,0,0,0,
91388,0,none,0,0,0,0,0,0,0,
27834,0,none,0,0,0,0,0,0,0,
93587,0,none,0,0,0,0,0,0,0,
157223,0,none,0,0,0,0,0,0,0,
98630,0,none,0,0,0,0,0,0,0,
33602,0,none,0,0,0,0,0,0,0,
79479,0,none,0,0,0,0,0,0,0,
72437,0,none,0,0,0,0,0,0,0,
167877,0,none,0,0,0,0,0,0,0,
31297,0,none,0,0,0,0,0,0,0,
162878,0,none,0,0,0,0,0,0,0,
27242,0,none,0,0,0,0,0,0,0,
10319,0,none,0,0,0,0,0,0,0,
80180,0,none,0,0,0,0,0,0,0,
123793,0,none,0,0,0,0,0,0,0,
57866,0,none,0,0,0,0,0,0,0,
41317,0,none,0,0,0,0,0,0,0,
89847,4,medium,0,0,1,0,0,0,0,format_string
107826,0,none,0,0,0,0,0,0,0,
45846,0,none,0,0,0,0,0,0,0,
164156,0,none,0,0,0,0,0,0,0,
133985,0,none,0,0,0,0,0,0,0,
79356,0,none,0,0,0,0,0,0,0,
5362,0,none,0,0,0,0,0,0,0,
129063,0,none,0,0,0,0,0,0,0,
156905,0,none,0,0,0,0,0,0,0,
186893,0,none,0,0,0,0,0,0,0,
167414,0,none,0,0,0,0,0,0,0,
47175,0,none,0,0,0,0,0,0,0,
60927,0,none,0,0,0,0,0,0,0,
94915,0,none,0,0,0,0,0,0,0,
35334,0,none,0,0,0,0,0,0,0,
16559,0,none,0,0,0,0,0,0,0,
98744,0,none,0,0,0,0,0,0,0,
91218,0,none,0,0,0,0,0,0,0,
32548,0,none,0,0,0,0,0,0,0,
70129,0,none,0,0,0,0,0,0,0,
47926,0,none,0,0,0,0,0,0,0,
136829,0,none,0,0,0,0,0,0,0,
118871,0,none,0,0,0,0,0,0,0,
165146,0,none,0,0,0,0,0,0,0,
178282,0,none,0,0,0,0,0,0,0,
39309,0,none,0,0,0,0,0,0,0,
38267,0,none,0,0,0,0,0,0,0,
28552,0,none,0,0,0,0,0,0,0,
68761,0,none,0,0,0,0,0,0,0,
88145,5,medium,0,1,0,0,0,0,1,memcpy_unchecked;size_int_overflow
86606,0,none,0,0,0,0,0,0,0,
55777,0,none,0,0,0,0,0,0,0,
139927,0,none,0,0,0,0,0,0,0,
16366,4,medium,0,0,0,2,0,0,0,unchecked_alloc
5889,0,none,0,0,0,0,0,0,0,
119556,0,none,0,0,0,0,0,0,0,
135949,0,none,0,0,0,0,0,0,0,
130293,0,none,0,0,0,0,0,0,0,
153643,0,none,0,0,0,0,0,0,0,
138609,0,none,0,0,0,0,0,0,0,
170231,0,none,0,0,0,0,0,0,0,
187563,3,low,0,1,0,0,0,0,0,memcpy_unchecked
128038,0,none,0,0,0,0,0,0,0,
41681,0,none,0,0,0,0,0,0,0,
132892,0,none,0,0,0,0,0,0,0,
65999,0,none,0,0,0,0,0,0,0,
157823,0,none,0,0,0,0,0,0,0,
52739,0,none,0,0,0,0,0,0,0,
65892,0,none,0,0,0,0,0,0,0,
57687,0,none,0,0,0,0,0,0,0,
19255,0,none,0,0,0,0,0,0,0,
118702,0,none,0,0,0,0,0,0,0,
162763,0,none,0,0,0,0,0,0,0,
43816,0,none,0,0,0,0,0,0,0,
108637,0,none,0,0,0,0,0,0,0,
177397,0,none,0,0,0,0,0,0,0,
97240,0,none,0,0,0,0,0,0,0,
183766,0,none,0,0,0,0,0,0,0,
25956,0,none,0,0,0,0,0,0,0,
72419,0,none,0,0,0,0,0,0,0,
25215,0,none,0,0,0,0,0,0,0,
166366,0,none,0,0,0,0,0,0,0,
17763,0,none,0,0,0,0,0,0,0,
39368,0,none,0,0,0,0,0,0,0,
4104,0,none,0,0,0,0,0,0,0,
12921,0,none,0,0,0,0,0,0,0,
46882,0,none,0,0,0,0,0,0,0,
96110,0,none,0,0,0,0,0,0,0,
58903,0,none,0,0,0,0,0,0,0,
70626,0,none,0,0,0,0,0,0,0,
130918,0,none,0,0,0,0,0,0,0,
132389,0,none,0,0,0,0,0,0,0,
92851,0,none,0,0,0,0,0,0,0,
112396,0,none,0,0,0,0,0,0,0,
42666,0,none,0,0,0,0,0,0,0,
91124,0,none,0,0,0,0,0,0,0,
11476,0,none,0,0,0,0,0,0,0,
108739,0,none,0,0,0,0,0,0,0,
157270,0,none,0,0,0,0,0,0,0,
176604,0,none,0,0,0,0,0,0,0,
134724,0,none,0,0,0,0,0,0,0,
176627,0,none,0,0,0,0,0,0,0,
175289,0,none,0,0,0,0,0,0,0,
20521,0,none,0,0,0,0,0,0,0,
90698,0,none,0,0,0,0,0,0,0,
113247,0,none,0,0,0,0,0,0,0,
72343,0,none,0,0,0,0,0,0,0,
163562,0,none,0,0,0,0,0,0,0,
16208,6,medium,2,0,0,0,0,0,0,unsafe_func
57109,0,none,0,0,0,0,0,0,0,
118565,0,none,0,0,0,0,0,0,0,
22860,0,none,0,0,0,0,0,0,0,
42503,0,none,0,0,0,0,0,0,0,
107803,0,none,0,0,0,0,0,0,0,
70622,0,none,0,0,0,0,0,0,0,
49602,0,none,0,0,0,0,0,0,0,
32102,0,none,0,0,0,0,0,0,0,
177012,0,none,0,0,0,0,0,0,0,
62961,0,none,0,0,0,0,0,0,0,
119326,0,none,0,0,0,0,0,0,0,
145122,0,none,0,0,0,0,0,0,0,
59812,0,none,0,0,0,0,0,0,0,
109229,0,none,0,0,0,0,0,0,0,
180456,0,none,0,0,0,0,0,0,0,
6316,0,none,0,0,0,0,0,0,0,
107651,0,none,0,0,0,0,0,0,0,
6650,0,none,0,0,0,0,0,0,0,
112347,0,none,0,0,0,0,0,0,0,
149844,0,none,0,0,0,0,0,0,0,
69288,0,none,0,0,0,0,0,0,0,
157597,0,none,0,0,0,0,0,0,0,
17008,0,none,0,0,0,0,0,0,0,
157775,0,none,0,0,0,0,0,0,0,
128059,0,none,0,0,0,0,0,0,0,
2807,3,low,0,1,0,0,0,0,0,memcpy_unchecked
90789,0,none,0,0,0,0,0,0,0,
42721,0,none,0,0,0,0,0,0,0,
18336,0,none,0,0,0,0,0,0,0,
29313,0,none,0,0,0,0,0,0,0,
98933,0,none,0,0,0,0,0,0,0,
166556,0,none,0,0,0,0,0,0,0,
32502,0,none,0,0,0,0,0,0,0,
97876,0,none,0,0,0,0,0,0,0,
689,0,none,0,0,0,0,0,0,0,
185326,0,none,0,0,0,0,0,0,0,
81856,0,none,0,0,0,0,0,0,0,
149847,0,none,0,0,0,0,0,0,0,
168146,0,none,0,0,0,0,0,0,0,
157691,0,none,0,0,0,0,0,0,0,
66811,15,high,0,0,0,0,1,2,0,double_free;use_after_free
180098,0,none,0,0,0,0,0,0,0,
88619,0,none,0,0,0,0,0,0,0,
45202,0,none,0,0,0,0,0,0,0,
72818,0,none,0,0,0,0,0,0,0,
147971,0,none,0,0,0,0,0,0,0,
31369,0,none,0,0,0,0,0,0,0,
123854,0,none,0,0,0,0,0,0,0,
162281,0,none,0,0,0,0,0,0,0,
36438,0,none,0,0,0,0,0,0,0,
100401,0,none,0,0,0,0,0,0,0,
182079,0,none,0,0,0,0,0,0,0,
60901,0,none,0,0,0,0,0,0,0,
48819,0,none,0,0,0,0,0,0,0,
161676,0,none,0,0,0,0,0,0,0,
33278,0,none,0,0,0,0,0,0,0,
123554,0,none,0,0,0,0,0,0,0,
67548,0,none,0,0,0,0,0,0,0,
135767,0,none,0,0,0,0,0,0,0,
8224,0,none,0,0,0,0,0,0,0,
142959,0,none,0,0,0,0,0,0,0,
84920,0,none,0,0,0,0,0,0,0,
6757,0,none,0,0,0,0,0,0,0,
48229,6,medium,2,0,0,0,0,0,0,unsafe_func
87810,0,none,0,0,0,0,0,0,0,
91912,0,none,0,0,0,0,0,0,0,
39835,0,none,0,0,0,0,0,0,0,
10728,0,none,0,0,0,0,0,0,0,
6258,10,high,0,0,0,0,0,2,0,use_after_free
94252,0,none,0,0,0,0,0,0,0,
167947,0,none,0,0,0,0,0,0,0,
92605,0,none,0,0,0,0,0,0,0,
84824,0,none,0,0,0,0,0,0,0,
141710,0,none,0,0,0,0,0,0,0,
16181,0,none,0,0,0,0,0,0,0,
51302,0,none,0,0,0,0,0,0,0,
86214,0,none,0,0,0,0,0,0,0,
121315,0,none,0,0,0,0,0,0,0,
174429,0,none,0,0,0,0,0,0,0,
34874,0,none,0,0,0,0,0,0,0,
9730,0,none,0,0,0,0,0,0,0,
15967,0,none,0,0,0,0,0,0,0,
97369,0,none,0,0,0,0,0,0,0,
186055,0,none,0,0,0,0,0,0,0,
69649,0,none,0,0,0,0,0,0,0,
158026,0,none,0,0,0,0,0,0,0,
125138,0,none,0,0,0,0,0,0,0,
158673,0,none,0,0,0,0,0,0,0,
150610,0,none,0,0,0,0,0,0,0,
10591,0,none,0,0,0,0,0,0,0,
172096,0,none,0,0,0,0,0,0,0,
128837,0,none,0,0,0,0,0,0,0,
74417,0,none,0,0,0,0,0,0,0,
74859,0,none,0,0,0,0,0,0,0,
114857,0,none,0,0,0,0,0,0,0,
125122,0,none,0,0,0,0,0,0,0,
80616,0,none,0,0,0,0,0,0,0,
150524,0,none,0,0,0,0,0,0,0,
96129,0,none,0,0,0,0,0,0,0,
71312,0,none,0,0,0,0,0,0,0,
36900,0,none,0,0,0,0,0,0,0,
20111,0,none,0,0,0,0,0,0,0,
131212,0,none,0,0,0,0,0,0,0,
126040,0,none,0,0,0,0,0,0,0,
91948,0,none,0,0,0,0,0,0,0,
155921,0,none,0,0,0,0,0,0,0,
74159,0,none,0,0,0,0,0,0,0,
14607,0,none,0,0,0,0,0,0,0,
111485,0,none,0,0,0,0,0,0,0,
133789,0,none,0,0,0,0,0,0,0,
159886,0,none,0,0,0,0,0,0,0,
30913,0,none,0,0,0,0,0,0,0,
80284,0,none,0,0,0,0,0,0,0,
93919,0,none,0,0,0,0,0,0,0,
134883,0,none,0,0,0,0,0,0,0,
131464,0,none,0,0,0,0,0,0,0,
161321,0,none,0,0,0,0,0,0,0,
38595,0,none,0,0,0,0,0,0,0,
92680,0,none,0,0,0,0,0,0,0,
159030,0,none,0,0,0,0,0,0,0,
26817,0,none,0,0,0,0,0,0,0,
138683,0,none,0,0,0,0,0,0,0,
37255,0,none,0,0,0,0,0,0,0,
2316,0,none,0,0,0,0,0,0,0,
141718,0,none,0,0,0,0,0,0,0,
137482,0,none,0,0,0,0,0,0,0,
117219,0,none,0,0,0,0,0,0,0,
153453,0,none,0,0,0,0,0,0,0,
121335,0,none,0,0,0,0,0,0,0,
161494,0,none,0,0,0,0,0,0,0,
155324,0,none,0,0,0,0,0,0,0,
80510,0,none,0,0,0,0,0,0,0,
187036,0,none,0,0,0,0,0,0,0,
4194,0,none,0,0,0,0,0,0,0,
34748,0,none,0,0,0,0,0,0,0,
54646,0,none,0,0,0,0,0,0,0,
32634,0,none,0,0,0,0,0,0,0,
31077,2,low,0,0,0,0,0,0,1,size_int_overflow
27826,0,none,0,0,0,0,0,0,0,
120782,0,none,0,0,0,0,0,0,0,
86428,0,none,0,0,0,0,0,0,0,
76325,0,none,0,0,0,0,0,0,0,
93893,0,none,0,0,0,0,0,0,0,
39624,0,none,0,0,0,0,0,0,0,
134543,0,none,0,0,0,0,0,0,0,
100509,0,none,0,0,0,0,0,0,0,
156329,0,none,0,0,0,0,0,0,0,
178964,0,none,0,0,0,0,0,0,0,
177396,0,none,0,0,0,0,0,0,0,
101519,0,none,0,0,0,0,0,0,0,
21180,0,none,0,0,0,0,0,0,0,
77723,0,none,0,0,0,0,0,0,0,
68831,0,none,0,0,0,0,0,0,0,
127115,0,none,0,0,0,0,0,0,0,
57608,0,none,0,0,0,0,0,0,0,
78222,0,none,0,0,0,0,0,0,0,
77810,0,none,0,0,0,0,0,0,0,
181992,0,none,0,0,0,0,0,0,0,
72660,0,none,0,0,0,0,0,0,0,
115405,0,none,0,0,0,0,0,0,0,
157820,0,none,0,0,0,0,0,0,0,
157039,0,none,0,0,0,0,0,0,0,
98393,0,none,0,0,0,0,0,0,0,
35745,0,none,0,0,0,0,0,0,0,
116114,0,none,0,0,0,0,0,0,0,
137302,0,none,0,0,0,0,0,0,0,
148823,0,none,0,0,0,0,0,0,0,
126183,0,none,0,0,0,0,0,0,0,
11011,0,none,0,0,0,0,0,0,0,
136084,0,none,0,0,0,0,0,0,0,
113292,0,none,0,0,0,0,0,0,0,
160169,0,none,0,0,0,0,0,0,0,
66309,0,none,0,0,0,0,0,0,0,
119099,0,none,0,0,0,0,0,0,0,
54064,0,none,0,0,0,0,0,0,0,
84646,0,none,0,0,0,0,0,0,0,
9934,0,none,0,0,0,0,0,0,0,
50612,0,none,0,0,0,0,0,0,0,
148238,0,none,0,0,0,0,0,0,0,
20242,0,none,0,0,0,0,0,0,0,
52073,0,none,0,0,0,0,0,0,0,
152388,0,none,0,0,0,0,0,0,0,
37590,0,none,0,0,0,0,0,0,0,
12835,0,none,0,0,0,0,0,0,0,
24508,5,medium,0,1,0,0,0,0,1,memcpy_unchecked;size_int_overflow
103232,0,none,0,0,0,0,0,0,0,
126902,0,none,0,0,0,0,0,0,0,
125959,0,none,0,0,0,0,0,0,0,
37652,0,none,0,0,0,0,0,0,0,
91934,0,none,0,0,0,0,0,0,0,
17303,0,none,0,0,0,0,0,0,0,
87076,0,none,0,0,0,0,0,0,0,
102385,0,none,0,0,0,0,0,0,0,
19547,0,none,0,0,0,0,0,0,0,
98324,0,none,0,0,0,0,0,0,0,
104595,0,none,0,0,0,0,0,0,0,
70936,0,none,0,0,0,0,0,0,0,
39267,0,none,0,0,0,0,0,0,0,
104266,0,none,0,0,0,0,0,0,0,
97487,0,none,0,0,0,0,0,0,0,
128214,0,none,0,0,0,0,0,0,0,
175827,0,none,0,0,0,0,0,0,0,
2739,0,none,0,0,0,0,0,0,0,
57900,0,none,0,0,0,0,0,0,0,
92575,0,none,0,0,0,0,0,0,0,
184738,0,none,0,0,0,0,0,0,0,
182380,0,none,0,0,0,0,0,0,0,
161330,0,none,0,0,0,0,0,0,0,
21494,0,none,0,0,0,0,0,0,0,
33520,0,none,0,0,0,0,0,0,0,
72294,0,none,0,0,0,0,0,0,0,
34478,0,none,0,0,0,0,0,0,0,
65955,0,none,0,0,0,0,0,0,0,
149475,0,none,0,0,0,0,0,0,0,
67976,0,none,0,0,0,0,0,0,0,
83256,0,none,0,0,0,0,0,0,0,
142305,0,none,0,0,0,0,0,0,0,
183781,0,none,0,0,0,0,0,0,0,
33736,0,none,0,0,0,0,0,0,0,
129394,0,none,0,0,0,0,0,0,0,
130692,0,none,0,0,0,0,0,0,0,
63543,0,none,0,0,0,0,0,0,0,
50273,0,none,0,0,0,0,0,0,0,
69954,0,none,0,0,0,0,0,0,0,
93519,0,none,0,0,0,0,0,0,0,
160496,0,none,0,0,0,0,0,0,0,
152510,0,none,0,0,0,0,0,0,0,
126564,0,none,0,0,0,0,0,0,0,
104572,0,none,0,0,0,0,0,0,0,
70876,0,none,0,0,0,0,0,0,0,
41319,0,none,0,0,0,0,0,0,0,
44577,0,none,0,0,0,0,0,0,0,
19114,0,none,0,0,0,0,0,0,0,
100003,0,none,0,0,0,0,0,0,0,
160890,0,none,0,0,0,0,0,0,0,
114522,0,none,0,0,0,0,0,0,0,
64130,0,none,0,0,0,0,0,0,0,
70429,0,none,0,0,0,0,0,0,0,
187576,0,none,0,0,0,0,0,0,0,
24435,0,none,0,0,0,0,0,0,0,
127712,0,none,0,0,0,0,0,0,0,
80185,3,low,0,1,0,0,0,0,0,memcpy_unchecked
153959,0,none,0,0,0,0,0,0,0,
104896,0,none,0,0,0,0,0,0,0,
32394,0,none,0,0,0,0,0,0,0,
38867,0,none,0,0,0,0,0,0,0,
116900,0,none,0,0,0,0,0,0,0,
123662,0,none,0,0,0,0,0,0,0,
155808,0,none,0,0,0,0,0,0,0,
35597,0,none,0,0,0,0,0,0,0,
11637,0,none,0,0,0,0,0,0,0,
1280,0,none,0,0,0,0,0,0,0,
78043,0,none,0,0,0,0,0,0,0,
48714,0,none,0,0,0,0,0,0,0,
89857,4,medium,0,0,1,0,0,0,0,format_string
64678,0,none,0,0,0,0,0,0,0,
37074,0,none,0,0,0,0,0,0,0,
88549,0,none,0,0,0,0,0,0,0,
2212,0,none,0,0,0,0,0,0,0,
174382,0,none,0,0,0,0,0,0,0,
74532,0,none,0,0,0,0,0,0,0,
92455,0,none,0,0,0,0,0,0,0,
18890,0,none,0,0,0,0,0,0,0,
100303,0,none,0,0,0,0,0,0,0,
186745,0,none,0,0,0,0,0,0,0,
176144,0,none,0,0,0,0,0,0,0,
178540,0,none,0,0,0,0,0,0,0,
71578,0,none,0,0,0,0,0,0,0,
93999,0,none,0,0,0,0,0,0,0,
140444,0,none,0,0,0,0,0,0,0,
29703,0,none,0,0,0,0,0,0,0,
3510,0,none,0,0,0,0,0,0,0,
114691,0,none,0,0,0,0,0,0,0,
6673,0,none,0,0,0,0,0,0,0,
20501,2,low,0,0,0,0,0,0,1,size_int_overflow
54567,0,none,0,0,0,0,0,0,0,
141703,0,none,0,0,0,0,0,0,0,
20062,0,none,0,0,0,0,0,0,0,
8050,0,none,0,0,0,0,0,0,0,
809,0,none,0,0,0,0,0,0,0,
86830,0,none,0,0,0,0,0,0,0,
166645,0,none,0,0,0,0,0,0,0,
40445,0,none,0,0,0,0,0,0,0,
40018,0,none,0,0,0,0,0,0,0,
110493,0,none,0,0,0,0,0,0,0,
180074,0,none,0,0,0,0,0,0,0,
65368,0,none,0,0,0,0,0,0,0,
144309,0,none,0,0,0,0,0,0,0,
59242,5,medium,0,0,0,0,0,1,0,use_after_free
28238,0,none,0,0,0,0,0,0,0,
50460,0,none,0,0,0,0,0,0,0,
101446,0,none,0,0,0,0,0,0,0,
140149,0,none,0,0,0,0,0,0,0,
95774,0,none,0,0,0,0,0,0,0,
119675,0,none,0,0,0,0,0,0,0,
128545,0,none,0,0,0,0,0,0,0,
29056,6,medium,0,2,0,0,0,0,0,memcpy_unchecked
138406,0,none,0,0,0,0,0,0,0,
121666,0,none,0,0,0,0,0,0,0,
8426,0,none,0,0,0,0,0,0,0,
95061,0,none,0,0,0,0,0,0,0,
183620,0,none,0,0,0,0,0,0,0,
157608,0,none,0,0,0,0,0,0,0,
180695,0,none,0,0,0,0,0,0,0,
88706,0,none,0,0,0,0,0,0,0,
95983,0,none,0,0,0,0,0,0,0,
160084,0,none,0,0,0,0,0,0,0,
97660,0,none,0,0,0,0,0,0,0,
60508,0,none,0,0,0,0,0,0,0,
12283,0,none,0,0,0,0,0,0,0,
111717,0,none,0,0,0,0,0,0,0,
150985,0,none,0,0,0,0,0,0,0,
24196,0,none,0,0,0,0,0,0,0,
15797,0,none,0,0,0,0,0,0,0,
185855,0,none,0,0,0,0,0,0,0,
162249,0,none,0,0,0,0,0,0,0,
178092,0,none,0,0,0,0,0,0,0,
34353,0,none,0,0,0,0,0,0,0,
156098,0,none,0,0,0,0,0,0,0,
10821,0,none,0,0,0,0,0,0,0,
150592,0,none,0,0,0,0,0,0,0,
43772,0,none,0,0,0,0,0,0,0,
167806,0,none,0,0,0,0,0,0,0,
72193,0,none,0,0,0,0,0,0,0,
5101,3,low,0,1,0,0,0,0,0,memcpy_unchecked
47085,0,none,0,0,0,0,0,0,0,
41899,0,none,0,0,0,0,0,0,0,
31939,0,none,0,0,0,0,0,0,0,
15128,0,none,0,0,0,0,0,0,0,
149636,0,none,0,0,0,0,0,0,0,
96007,0,none,0,0,0,0,0,0,0,
123906,0,none,0,0,0,0,0,0,0,
178313,0,none,0,0,0,0,0,0,0,
7114,0,none,0,0,0,0,0,0,0,
1307,0,none,0,0,0,0,0,0,0,
13855,0,none,0,0,0,0,0,0,0,
156679,0,none,0,0,0,0,0,0,0,
108709,0,none,0,0,0,0,0,0,0,
99985,0,none,0,0,0,0,0,0,0,
57749,0,none,0,0,0,0,0,0,0,
149716,0,none,0,0,0,0,0,0,0,
17009,0,none,0,0,0,0,0,0,0,
143831,0,none,0,0,0,0,0,0,0,
12333,0,none,0,0,0,0,0,0,0,
35501,0,none,0,0,0,0,0,0,0,
143738,0,none,0,0,0,0,0,0,0,
118618,0,none,0,0,0,0,0,0,0,
129259,0,none,0,0,0,0,0,0,0,
13829,0,none,0,0,0,0,0,0,0,
117727,0,none,0,0,0,0,0,0,0,
112647,0,none,0,0,0,0,0,0,0,
30501,0,none,0,0,0,0,0,0,0,
82790,0,none,0,0,0,0,0,0,0,
119701,0,none,0,0,0,0,0,0,0,
160597,0,none,0,0,0,0,0,0,0,
30985,0,none,0,0,0,0,0,0,0,
11123,3,low,0,1,0,0,0,0,0,memcpy_unchecked
145447,0,none,0,0,0,0,0,0,0,
52672,0,none,0,0,0,0,0,0,0,
179443,0,none,0,0,0,0,0,0,0,
130854,0,none,0,0,0,0,0,0,0,
101045,0,none,0,0,0,0,0,0,0,
139935,0,none,0,0,0,0,0,0,0,
176346,0,none,0,0,0,0,0,0,0,
185419,0,none,0,0,0,0,0,0,0,
144840,0,none,0,0,0,0,0,0,0,
31876,0,none,0,0,0,0,0,0,0,
179914,0,none,0,0,0,0,0,0,0,
38834,0,none,0,0,0,0,0,0,0,
74354,0,none,0,0,0,0,0,0,0,
56169,0,none,0,0,0,0,0,0,0,
95620,0,none,0,0,0,0,0,0,0,
69158,0,none,0,0,0,0,0,0,0,
165109,0,none,0,0,0,0,0,0,0,
100562,0,none,0,0,0,0,0,0,0,
90989,0,none,0,0,0,0,0,0,0,
98382,0,none,0,0,0,0,0,0,0,
72169,0,none,0,0,0,0,0,0,0,
96749,0,none,0,0,0,0,0,0,0,
70584,0,none,0,0,0,0,0,0,0,
41244,0,none,0,0,0,0,0,0,0,
56272,0,none,0,0,0,0,0,0,0,
153212,0,none,0,0,0,0,0,0,0,
35923,0,none,0,0,0,0,0,0,0,
88674,0,none,0,0,0,0,0,0,0,
91940,0,none,0,0,0,0,0,0,0,
127276,0,none,0,0,0,0,0,0,0,
118365,0,none,0,0,0,0,0,0,0,
43910,0,none,0,0,0,0,0,0,0,
46034,0,none,0,0,0,0,0,0,0,
6120,3,low,0,1,0,0,0,0,0,memcpy_unchecked
152797,0,none,0,0,0,0,0,0,0,
88731,0,none,0,0,0,0,0,0,0,
82650,0,none,0,0,0,0,0,0,0,
7669,0,none,0,0,0,0,0,0,0,
41177,0,none,0,0,0,0,0,0,0,
146783,0,none,0,0,0,0,0,0,0,
87390,0,none,0,0,0,0,0,0,0,
107723,0,none,0,0,0,0,0,0,0,
68857,0,none,0,0,0,0,0,0,0,
43224,0,none,0,0,0,0,0,0,0,
66557,0,none,0,0,0,0,0,0,0,
100996,0,none,0,0,0,0,0,0,0,
156828,0,none,0,0,0,0,0,0,0,
178922,0,none,0,0,0,0,0,0,0,
21753,0,none,0,0,0,0,0,0,0,
5379,0,none,0,0,0,0,0,0,0,
49873,0,none,0,0,0,0,0,0,0,
90493,0,none,0,0,0,0,0,0,0,
120420,0,none,0,0,0,0,0,0,0,
14772,0,none,0,0,0,0,0,0,0,
79037,0,none,0,0,0,0,0,0,0,
81353,0,none,0,0,0,0,0,0,0,
133683,0,none,0,0,0,0,0,0,0,
24394,0,none,0,0,0,0,0,0,0,
68332,0,none,0,0,0,0,0,0,0,
11194,0,none,0,0,0,0,0,0,0,
95588,0,none,0,0,0,0,0,0,0,
48090,0,none,0,0,0,0,0,0,0,
147540,0,none,0,0,0,0,0,0,0,
20702,0,none,0,0,0,0,0,0,0,
15998,0,none,0,0,0,0,0,0,0,
92543,0,none,0,0,0,0,0,0,0,
111719,0,none,0,0,0,0,0,0,0,
151725,0,none,0,0,0,0,0,0,0,
57035,0,none,0,0,0,0,0,0,0,
122668,0,none,0,0,0,0,0,0,0,
59205,0,none,0,0,0,0,0,0,0,
48706,0,none,0,0,0,0,0,0,0,
166525,0,none,0,0,0,0,0,0,0,
113038,0,none,0,0,0,0,0,0,0,
40704,0,none,0,0,0,0,0,0,0,
176638,0,none,0,0,0,0,0,0,0,
46985,0,none,0,0,0,0,0,0,0,
87709,0,none,0,0,0,0,0,0,0,
85006,0,none,0,0,0,0,0,0,0,
156771,0,none,0,0,0,0,0,0,0,
103586,0,none,0,0,0,0,0,0,0,
36461,0,none,0,0,0,0,0,0,0,
67883,8,medium,0,0,1,1,0,0,1,format_string;unchecked_alloc;size_int_overflow
78888,0,none,0,0,0,0,0,0,0,
131468,0,none,0,0,0,0,0,0,0,
61375,0,none,0,0,0,0,0,0,0,
7568,0,none,0,0,0,0,0,0,0,
28147,0,none,0,0,0,0,0,0,0,
33730,0,none,0,0,0,0,0,0,0,
153708,0,none,0,0,0,0,0,0,0,
170677,0,none,0,0,0,0,0,0,0,
9923,0,none,0,0,0,0,0,0,0,
167355,0,none,0,0,0,0,0,0,0,
170749,0,none,0,0,0,0,0,0,0,
5678,0,none,0,0,0,0,0,0,0,
77338,0,none,0,0,0,0,0,0,0,
143630,0,none,0,0,0,0,0,0,0,
168916,0,none,0,0,0,0,0,0,0,
155424,0,none,0,0,0,0,0,0,0,
49134,3,low,0,1,0,0,0,0,0,memcpy_unchecked
140406,0,none,0,0,0,0,0,0,0,
67550,0,none,0,0,0,0,0,0,0,
5696,0,none,0,0,0,0,0,0,0,
120252,0,none,0,0,0,0,0,0,0,
25068,0,none,0,0,0,0,0,0,0,
159298,0,none,0,0,0,0,0,0,0,
1265,0,none,0,0,0,0,0,0,0,
167340,0,none,0,0,0,0,0,0,0,
157199,0,none,0,0,0,0,0,0,0,
177601,0,none,0,0,0,0,0,0,0,
112662,0,none,0,0,0,0,0,0,0,
71186,0,none,0,0,0,0,0,0,0,
29087,0,none,0,0,0,0,0,0,0,
48526,0,none,0,0,0,0,0,0,0,
122988,0,none,0,0,0,0,0,0,0,
69424,0,none,0,0,0,0,0,0,0,
181333,0,none,0,0,0,0,0,0,0,
68804,0,none,0,0,0,0,0,0,0,
89765,0,none,0,0,0,0,0,0,0,
53884,0,none,0,0,0,0,0,0,0,
48518,0,none,0,0,0,0,0,0,0,
154328,0,none,0,0,0,0,0,0,0,
62840,0,none,0,0,0,0,0,0,0,
141195,0,none,0,0,0,0,0,0,0,
52942,0,none,0,0,0,0,0,0,0,
153787,3,low,0,1,0,0,0,0,0,memcpy_unchecked
15548,0,none,0,0,0,0,0,0,0,
93843,0,none,0,0,0,0,0,0,0,
12457,0,none,0,0,0,0,0,0,0,
32982,0,none,0,0,0,0,0,0,0,
128829,0,none,0,0,0,0,0,0,0,
58586,0,none,0,0,0,0,0,0,0,
145492,0,none,0,0,0,0,0,0,0,
158578,0,none,0,0,0,0,0,0,0,
22995,0,none,0,0,0,0,0,0,0,
5569,0,none,0,0,0,0,0,0,0,
120972,0,none,0,0,0,0,0,0,0,
146105,0,none,0,0,0,0,0,0,0,
56469,0,none,0,0,0,0,0,0,0,
124359,0,none,0,0,0,0,0,0,0,
3375,0,none,0,0,0,0,0,0,0,
118967,0,none,0,0,0,0,0,0,0,
116564,0,none,0,0,0,0,0,0,0,
167167,0,none,0,0,0,0,0,0,0,
79823,0,none,0,0,0,0,0,0,0,
89785,0,none,0,0,0,0,0,0,0,
40187,0,none,0,0,0,0,0,0,0,
47441,0,none,0,0,0,0,0,0,0,
183202,0,none,0,0,0,0,0,0,0,
104011,0,none,0,0,0,0,0,0,0,
172310,0,none,0,0,0,0,0,0,0,
172542,0,none,0,0,0,0,0,0,0,
73392,0,none,0,0,0,0,0,0,0,
37307,0,none,0,0,0,0,0,0,0,
38639,0,none,0,0,0,0,0,0,0,
23597,0,none,0,0,0,0,0,0,0,
70981,0,none,0,0,0,0,0,0,0,
68561,0,none,0,0,0,0,0,0,0,
90507,0,none,0,0,0,0,0,0,0,
127546,0,none,0,0,0,0,0,0,0,
53063,0,none,0,0,0,0,0,0,0,
25595,0,none,0,0,0,0,0,0,0,
39593,0,none,0,0,0,0,0,0,0,
149464,0,none,0,0,0,0,0,0,0,
33624,2,low,0,0,0,0,0,0,1,size_int_overflow
85861,0,none,0,0,0,0,0,0,0,
142671,0,none,0,0,0,0,0,0,0,
120591,0,none,0,0,0,0,0,0,0,
73001,0,none,0,0,0,0,0,0,0,
176233,0,none,0,0,0,0,0,0,0,
100635,0,none,0,0,0,0,0,0,0,
41156,0,none,0,0,0,0,0,0,0,
182586,0,none,0,0,0,0,0,0,0,
32756,0,none,0,0,0,0,0,0,0,
68875,0,none,0,0,0,0,0,0,0,
128547,0,none,0,0,0,0,0,0,0,
30839,0,none,0,0,0,0,0,0,0,
93981,0,none,0,0,0,0,0,0,0,
9214,0,none,0,0,0,0,0,0,0,
113585,0,none,0,0,0,0,0,0,0,
158118,0,none,0,0,0,0,0,0,0,
10152,0,none,0,0,0,0,0,0,0,
56754,0,none,0,0,0,0,0,0,0,
134122,0,none,0,0,0,0,0,0,0,
14672,0,none,0,0,0,0,0,0,0,
48067,0,none,0,0,0,0,0,0,0,
22945,0,none,0,0,0,0,0,0,0,
85289,3,low,0,1,0,0,0,0,0,memcpy_unchecked
51467,0,none,0,0,0,0,0,0,0,
117336,0,none,0,0,0,0,0,0,0,
51731,0,none,0,0,0,0,0,0,0,
15809,0,none,0,0,0,0,0,0,0,
2839,0,none,0,0,0,0,0,0,0,
103030,0,none,0,0,0,0,0,0,0,
160628,0,none,0,0,0,0,0,0,0,
142209,0,none,0,0,0,0,0,0,0,
3959,0,none,0,0,0,0,0,0,0,
144052,0,none,0,0,0,0,0,0,0,
64675,0,none,0,0,0,0,0,0,0,
49657,0,none,0,0,0,0,0,0,0,
37786,0,none,0,0,0,0,0,0,0,
149957,0,none,0,0,0,0,0,0,0,
85863,0,none,0,0,0,0,0,0,0,
39020,0,none,0,0,0,0,0,0,0,
33303,0,none,0,0,0,0,0,0,0,
24562,0,none,0,0,0,0,0,0,0,
140918,0,none,0,0,0,0,0,0,0,
67796,0,none,0,0,0,0,0,0,0,
187347,0,none,0,0,0,0,0,0,0,
45810,0,none,0,0,0,0,0,0,0,
90168,0,none,0,0,0,0,0,0,0,
15055,0,none,0,0,0,0,0,0,0,
147519,0,none,0,0,0,0,0,0,0,
104465,0,none,0,0,0,0,0,0,0,
175934,0,none,0,0,0,0,0,0,0,
28561,0,none,0,0,0,0,0,0,0,
121711,0,none,0,0,0,0,0,0,0,
90777,0,none,0,0,0,0,0,0,0,
154037,0,none,0,0,0,0,0,0,0,
57375,5,medium,1,0,0,0,0,0,1,unsafe_func;size_int_overflow
155760,0,none,0,0,0,0,0,0,0,
165545,0,none,0,0,0,0,0,0,0,
144413,0,none,0,0,0,0,0,0,0,
105399,0,none,0,0,0,0,0,0,0,
111944,0,none,0,0,0,0,0,0,0,
5558,0,none,0,0,0,0,0,0,0,
141658,0,none,0,0,0,0,0,0,0,
144266,0,none,0,0,0,0,0,0,0,
73783,0,none,0,0,0,0,0,0,0,
174225,0,none,0,0,0,0,0,0,0,
58861,0,none,0,0,0,0,0,0,0,
48326,3,low,0,1,0,0,0,0,0,memcpy_unchecked
108662,0,none,0,0,0,0,0,0,0,
102084,0,none,0,0,0,0,0,0,0,
70177,0,none,0,0,0,0,0,0,0,
32951,0,none,0,0,0,0,0,0,0,
38085,0,none,0,0,0,0,0,0,0,
100413,0,none,0,0,0,0,0,0,0,
22270,0,none,0,0,0,0,0,0,0,
148333,0,none,0,0,0,0,0,0,0,
1225,4,medium,0,0,0,1,0,0,1,unchecked_alloc;size_int_overflow
149821,0,none,0,0,0,0,0,0,0,
178923,0,none,0,0,0,0,0,0,0,
152946,0,none,0,0,0,0,0,0,0,
134270,0,none,0,0,0,0,0,0,0,
17758,0,none,0,0,0,0,0,0,0,
127990,0,none,0,0,0,0,0,0,0,
63545,0,none,0,0,0,0,0,0,0,
51386,0,none,0,0,0,0,0,0,0,
179136,9,high,0,9,0,0,0,0,0,memcpy_unchecked
126612,0,none,0,0,0,0,0,0,0,
35036,0,none,0,0,0,0,0,0,0,
174627,3,low,0,1,0,0,0,0,0,memcpy_unchecked
141662,0,none,0,0,0,0,0,0,0,
132154,0,none,0,0,0,0,0,0,0,
176876,0,none,0,0,0,0,0,0,0,
102631,0,none,0,0,0,0,0,0,0,
62692,0,none,0,0,0,0,0,0,0,
65397,0,none,0,0,0,0,0,0,0,
175019,0,none,0,0,0,0,0,0,0,
584,0,none,0,0,0,0,0,0,0,
32576,0,none,0,0,0,0,0,0,0,
5773,0,none,0,0,0,0,0,0,0,
146459,0,none,0,0,0,0,0,0,0,
131244,0,none,0,0,0,0,0,0,0,
109700,0,none,0,0,0,0,0,0,0,
51351,0,none,0,0,0,0,0,0,0,
149705,0,none,0,0,0,0,0,0,0,
93353,0,none,0,0,0,0,0,0,0,
179788,0,none,0,0,0,0,0,0,0,
94582,0,none,0,0,0,0,0,0,0,
92922,3,low,0,1,0,0,0,0,0,memcpy_unchecked
138068,0,none,0,0,0,0,0,0,0,
49585,0,none,0,0,0,0,0,0,0,
122101,0,none,0,0,0,0,0,0,0,
48444,0,none,0,0,0,0,0,0,0,
31447,0,none,0,0,0,0,0,0,0,
10870,0,none,0,0,0,0,0,0,0,
31754,0,none,0,0,0,0,0,0,0,
75992,0,none,0,0,0,0,0,0,0,
160017,0,none,0,0,0,0,0,0,0,
75448,0,none,0,0,0,0,0,0,0,
138435,0,none,0,0,0,0,0,0,0,
33746,0,none,0,0,0,0,0,0,0,
41508,0,none,0,0,0,0,0,0,0,
144992,0,none,0,0,0,0,0,0,0,
79389,0,none,0,0,0,0,0,0,0,
151559,0,none,0,0,0,0,0,0,0,
3854,0,none,0,0,0,0,0,0,0,
79286,0,none,0,0,0,0,0,0,0,
144822,0,none,0,0,0,0,0,0,0,
43878,0,none,0,0,0,0,0,0,0,
5549,0,none,0,0,0,0,0,0,0,
103273,0,none,0,0,0,0,0,0,0,
21271,0,none,0,0,0,0,0,0,0,
7297,0,none,0,0,0,0,0,0,0,
69434,0,none,0,0,0,0,0,0,0,
64892,0,none,0,0,0,0,0,0,0,
40241,0,none,0,0,0,0,0,0,0,
180111,0,none,0,0,0,0,0,0,0,
64954,0,none,0,0,0,0,0,0,0,
41776,0,none,0,0,0,0,0,0,0,
29248,0,none,0,0,0,0,0,0,0,
96847,0,none,0,0,0,0,0,0,0,
70014,0,none,0,0,0,0,0,0,0,
142253,0,none,0,0,0,0,0,0,0,
150714,0,none,0,0,0,0,0,0,0,
120144,0,none,0,0,0,0,0,0,0,
1090,0,none,0,0,0,0,0,0,0,
63152,0,none,0,0,0,0,0,0,0,
51429,0,none,0,0,0,0,0,0,0,
39283,0,none,0,0,0,0,0,0,0,
140347,0,none,0,0,0,0,0,0,0,
164404,0,none,0,0,0,0,0,0,0,
180514,0,none,0,0,0,0,0,0,0,
31662,0,none,0,0,0,0,0,0,0,
102111,0,none,0,0,0,0,0,0,0,
113132,0,none,0,0,0,0,0,0,0,
76607,0,none,0,0,0,0,0,0,0,
168945,0,none,0,0,0,0,0,0,0,
179189,0,none,0,0,0,0,0,0,0,
155583,0,none,0,0,0,0,0,0,0,
188203,0,none,0,0,0,0,0,0,0,
17838,0,none,0,0,0,0,0,0,0,
119601,0,none,0,0,0,0,0,0,0,
142953,0,none,0,0,0,0,0,0,0,
23460,0,none,0,0,0,0,0,0,0,
39939,0,none,0,0,0,0,0,0,0,
174254,0,none,0,0,0,0,0,0,0,
188560,0,none,0,0,0,0,0,0,0,
52214,0,none,0,0,0,0,0,0,0,
52367,0,none,0,0,0,0,0,0,0,
182410,0,none,0,0,0,0,0,0,0,
9911,0,none,0,0,0,0,0,0,0,
72146,0,none,0,0,0,0,0,0,0,
52909,0,none,0,0,0,0,0,0,0,
86373,0,none,0,0,0,0,0,0,0,
123570,0,none,0,0,0,0,0,0,0,
85310,3,low,0,1,0,0,0,0,0,memcpy_unchecked
176673,0,none,0,0,0,0,0,0,0,
77032,0,none,0,0,0,0,0,0,0,
90244,0,none,0,0,0,0,0,0,0,
183018,0,none,0,0,0,0,0,0,0,
160680,0,none,0,0,0,0,0,0,0,
5281,12,high,0,0,0,3,0,0,3,unchecked_alloc;size_int_overflow
138776,0,none,0,0,0,0,0,0,0,
30773,0,none,0,0,0,0,0,0,0,
4829,0,none,0,0,0,0,0,0,0,
162666,0,none,0,0,0,0,0,0,0,
90885,15,high,1,0,5,0,0,0,0,unsafe_func;format_string
25259,0,none,0,0,0,0,0,0,0,
6878,2,low,0,0,0,1,0,0,0,unchecked_alloc
146786,0,none,0,0,0,0,0,0,0,
100652,0,none,0,0,0,0,0,0,0,
63127,0,none,0,0,0,0,0,0,0,
106813,0,none,0,0,0,0,0,0,0,
114105,0,none,0,0,0,0,0,0,0,
91244,0,none,0,0,0,0,0,0,0,
136816,0,none,0,0,0,0,0,0,0,
144127,0,none,0,0,0,0,0,0,0,
88038,0,none,0,0,0,0,0,0,0,
46867,0,none,0,0,0,0,0,0,0,
134105,0,none,0,0,0,0,0,0,0,
164220,0,none,0,0,0,0,0,0,0,
125191,3,low,0,1,0,0,0,0,0,memcpy_unchecked
152468,0,none,0,0,0,0,0,0,0,
127943,0,none,0,0,0,0,0,0,0,
46810,0,none,0,0,0,0,0,0,0,
145450,0,none,0,0,0,0,0,0,0,
33803,0,none,0,0,0,0,0,0,0,
100940,0,none,0,0,0,0,0,0,0,
86401,0,none,0,0,0,0,0,0,0,
56663,0,none,0,0,0,0,0,0,0,
161944,0,none,0,0,0,0,0,0,0,
33943,0,none,0,0,0,0,0,0,0,
160921,0,none,0,0,0,0,0,0,0,
79230,0,none,0,0,0,0,0,0,0,
64507,0,none,0,0,0,0,0,0,0,
178946,0,none,0,0,0,0,0,0,0,
49154,0,none,0,0,0,0,0,0,0,
180331,0,none,0,0,0,0,0,0,0,
145376,0,none,0,0,0,0,0,0,0,
19445,0,none,0,0,0,0,0,0,0,
118897,0,none,0,0,0,0,0,0,0,
73341,0,none,0,0,0,0,0,0,0,
3069,0,none,0,0,0,0,0,0,0,
94498,0,none,0,0,0,0,0,0,0,
55499,0,none,0,0,0,0,0,0,0,
32485,0,none,0,0,0,0,0,0,0,
161825,0,none,0,0,0,0,0,0,0,
128931,0,none,0,0,0,0,0,0,0,
100861,0,none,0,0,0,0,0,0,0,
109279,0,none,0,0,0,0,0,0,0,
83521,0,none,0,0,0,0,0,0,0,
48438,0,none,0,0,0,0,0,0,0,
128620,0,none,0,0,0,0,0,0,0,
8167,0,none,0,0,0,0,0,0,0,
34232,0,none,0,0,0,0,0,0,0,
183718,0,none,0,0,0,0,0,0,0,
97713,0,none,0,0,0,0,0,0,0,
134608,0,none,0,0,0,0,0,0,0,
98800,0,none,0,0,0,0,0,0,0,
37810,0,none,0,0,0,0,0,0,0,
182881,0,none,0,0,0,0,0,0,0,
27091,0,none,0,0,0,0,0,0,0,
67771,0,none,0,0,0,0,0,0,0,
103955,0,none,0,0,0,0,0,0,0,
35027,0,none,0,0,0,0,0,0,0,
58108,0,none,0,0,0,0,0,0,0,
123957,0,none,0,0,0,0,0,0,0,
168233,0,none,0,0,0,0,0,0,0,
143729,0,none,0,0,0,0,0,0,0,
3859,0,none,0,0,0,0,0,0,0,
16627,0,none,0,0,0,0,0,0,0,
58298,0,none,0,0,0,0,0,0,0,
11789,0,none,0,0,0,0,0,0,0,
125877,0,none,0,0,0,0,0,0,0,
113179,0,none,0,0,0,0,0,0,0,
184989,0,none,0,0,0,0,0,0,0,
12461,0,none,0,0,0,0,0,0,0,
51166,0,none,0,0,0,0,0,0,0,
665,0,none,0,0,0,0,0,0,0,
186478,0,none,0,0,0,0,0,0,0,
29041,0,none,0,0,0,0,0,0,0,
153964,0,none,0,0,0,0,0,0,0,
161969,0,none,0,0,0,0,0,0,0,
113017,0,none,0,0,0,0,0,0,0,
41808,0,none,0,0,0,0,0,0,0,
105653,0,none,0,0,0,0,0,0,0,
135096,0,none,0,0,0,0,0,0,0,
136479,0,none,0,0,0,0,0,0,0,
81940,0,none,0,0,0,0,0,0,0,
77401,0,none,0,0,0,0,0,0,0,
181544,0,none,0,0,0,0,0,0,0,
18164,0,none,0,0,0,0,0,0,0,
115469,0,none,0,0,0,0,0,0,0,
42096,0,none,0,0,0,0,0,0,0,
81240,0,none,0,0,0,0,0,0,0,
4916,0,none,0,0,0,0,0,0,0,
90834,0,none,0,0,0,0,0,0,0,
67707,0,none,0,0,0,0,0,0,0,
113489,0,none,0,0,0,0,0,0,0,
29638,0,none,0,0,0,0,0,0,0,
179987,0,none,0,0,0,0,0,0,0,
172917,0,none,0,0,0,0,0,0,0,
98765,0,none,0,0,0,0,0,0,0,
51973,0,none,0,0,0,0,0,0,0,
131804,0,none,0,0,0,0,0,0,0,
122639,0,none,0,0,0,0,0,0,0,
1788,3,low,0,1,0,0,0,0,0,memcpy_unchecked
72936,0,none,0,0,0,0,0,0,0,
119154,0,none,0,0,0,0,0,0,0,
146055,0,none,0,0,0,0,0,0,0,
92750,0,none,0,0,0,0,0,0,0,
95405,0,none,0,0,0,0,0,0,0,
43884,0,none,0,0,0,0,0,0,0,
89586,0,none,0,0,0,0,0,0,0,
181482,0,none,0,0,0,0,0,0,0,
44954,0,none,0,0,0,0,0,0,0,
66304,0,none,0,0,0,0,0,0,0,
14849,0,none,0,0,0,0,0,0,0,
144344,0,none,0,0,0,0,0,0,0,
14214,0,none,0,0,0,0,0,0,0,
176009,0,none,0,0,0,0,0,0,0,
92888,0,none,0,0,0,0,0,0,0,
17352,0,none,0,0,0,0,0,0,0,
105146,0,none,0,0,0,0,0,0,0,
186477,0,none,0,0,0,0,0,0,0,
31915,0,none,0,0,0,0,0,0,0,
182301,0,none,0,0,0,0,0,0,0,
171457,0,none,0,0,0,0,0,0,0,
129805,0,none,0,0,0,0,0,0,0,
47752,0,none,0,0,0,0,0,0,0,
176396,0,none,0,0,0,0,0,0,0,
6717,0,none,0,0,0,0,0,0,0,
158214,0,none,0,0,0,0,0,0,0,
150224,0,none,0,0,0,0,0,0,0,
37041,0,none,0,0,0,0,0,0,0,
3008,0,none,0,0,0,0,0,0,0,
153792,0,none,0,0,0,0,0,0,0,
51762,0,none,0,0,0,0,0,0,0,
151200,0,none,0,0,0,0,0,0,0,
19648,2,low,0,0,0,0,0,0,1,size_int_overflow
51963,0,none,0,0,0,0,0,0,0,
90099,0,none,0,0,0,0,0,0,0,
27538,0,none,0,0,0,0,0,0,0,
99315,0,none,0,0,0,0,0,0,0,
122531,0,none,0,0,0,0,0,0,0,
53403,0,none,0,0,0,0,0,0,0,
142374,0,none,0,0,0,0,0,0,0,
74862,3,low,0,1,0,0,0,0,0,memcpy_unchecked
141464,0,none,0,0,0,0,0,0,0,
128045,0,none,0,0,0,0,0,0,0,
120102,0,none,0,0,0,0,0,0,0,
65227,0,none,0,0,0,0,0,0,0,
32360,0,none,0,0,0,0,0,0,0,
11316,0,none,0,0,0,0,0,0,0,
167186,0,none,0,0,0,0,0,0,0,
46214,0,none,0,0,0,0,0,0,0,
180123,9,high,0,3,0,0,0,0,0,memcpy_unchecked
3474,0,none,0,0,0,0,0,0,0,
29125,0,none,0,0,0,0,0,0,0,
15953,0,none,0,0,0,0,0,0,0,
49264,0,none,0,0,0,0,0,0,0,
107478,0,none,0,0,0,0,0,0,0,
140856,0,none,0,0,0,0,0,0,0,
9691,0,none,0,0,0,0,0,0,0,
34885,0,none,0,0,0,0,0,0,0,
48978,0,none,0,0,0,0,0,0,0,
84946,0,none,0,0,0,0,0,0,0,
76731,0,none,0,0,0,0,0,0,0,
81000,0,none,0,0,0,0,0,0,0,
2081,0,none,0,0,0,0,0,0,0,
10913,0,none,0,0,0,0,0,0,0,
20677,0,none,0,0,0,0,0,0,0,
85210,0,none,0,0,0,0,0,0,0,
119243,0,none,0,0,0,0,0,0,0,
105766,0,none,0,0,0,0,0,0,0,
165031,0,none,0,0,0,0,0,0,0,
87662,0,none,0,0,0,0,0,0,0,
176755,0,none,0,0,0,0,0,0,0,
118185,0,none,0,0,0,0,0,0,0,
60383,5,medium,0,0,0,0,0,1,0,use_after_free
104036,0,none,0,0,0,0,0,0,0,
57331,0,none,0,0,0,0,0,0,0,
68250,0,none,0,0,0,0,0,0,0,
7564,3,low,0,1,0,0,0,0,0,memcpy_unchecked
57176,0,none,0,0,0,0,0,0,0,
101529,0,none,0,0,0,0,0,0,0,
93783,0,none,0,0,0,0,0,0,0,
32708,0,none,0,0,0,0,0,0,0,
116830,0,none,0,0,0,0,0,0,0,
173005,0,none,0,0,0,0,0,0,0,
115843,0,none,0,0,0,0,0,0,0,
99233,0,none,0,0,0,0,0,0,0,
172558,0,none,0,0,0,0,0,0,0,
15550,0,none,0,0,0,0,0,0,0,
64285,0,none,0,0,0,0,0,0,0,
42043,0,none,0,0,0,0,0,0,0,
108076,0,none,0,0,0,0,0,0,0,
155523,0,none,0,0,0,0,0,0,0,
145690,0,none,0,0,0,0,0,0,0,
163791,0,none,0,0,0,0,0,0,0,
140035,0,none,0,0,0,0,0,0,0,
143219,0,none,0,0,0,0,0,0,0,
132688,0,none,0,0,0,0,0,0,0,
88508,0,none,0,0,0,0,0,0,0,
47272,0,none,0,0,0,0,0,0,0,
42009,0,none,0,0,0,0,0,0,0,
156878,0,none,0,0,0,0,0,0,0,
109301,0,none,0,0,0,0,0,0,0,
9684,0,none,0,0,0,0,0,0,0,
69428,0,none,0,0,0,0,0,0,0,
159638,0,none,0,0,0,0,0,0,0,
175977,0,none,0,0,0,0,0,0,0,
62950,0,none,0,0,0,0,0,0,0,
126016,0,none,0,0,0,0,0,0,0,
65949,0,none,0,0,0,0,0,0,0,
158234,0,none,0,0,0,0,0,0,0,
63001,0,none,0,0,0,0,0,0,0,
88434,0,none,0,0,0,0,0,0,0,
93072,0,none,0,0,0,0,0,0,0,
4947,0,none,0,0,0,0,0,0,0,
71659,0,none,0,0,0,0,0,0,0,
51847,0,none,0,0,0,0,0,0,0,
123179,0,none,0,0,0,0,0,0,0,
186640,0,none,0,0,0,0,0,0,0,
95395,0,none,0,0,0,0,0,0,0,
39153,0,none,0,0,0,0,0,0,0,
177337,0,none,0,0,0,0,0,0,0,
523,0,none,0,0,0,0,0,0,0,
97704,0,none,0,0,0,0,0,0,0,
181051,0,none,0,0,0,0,0,0,0,
31255,0,none,0,0,0,0,0,0,0,
148892,0,none,0,0,0,0,0,0,0,
149030,0,none,0,0,0,0,0,0,0,
157055,0,none,0,0,0,0,0,0,0,
51621,0,none,0,0,0,0,0,0,0,
105557,0,none,0,0,0,0,0,0,0,
43980,5,medium,0,0,0,0,1,0,0,double_free
108383,0,none,0,0,0,0,0,0,0,
19168,0,none,0,0,0,0,0,0,0,
102245,0,none,0,0,0,0,0,0,0,
71155,3,low,0,1,0,0,0,0,0,memcpy_unchecked
141060,0,none,0,0,0,0,0,0,0,
9806,0,none,0,0,0,0,0,0,0,
61528,0,none,0,0,0,0,0,0,0,
175526,0,none,0,0,0,0,0,0,0,
156783,0,none,0,0,0,0,0,0,0,
82236,0,none,0,0,0,0,0,0,0,
73545,0,none,0,0,0,0,0,0,0,
109753,0,none,0,0,0,0,0,0,0,
96050,0,none,0,0,0,0,0,0,0,
184782,0,none,0,0,0,0,0,0,0,
141034,0,none,0,0,0,0,0,0,0,
152601,0,none,0,0,0,0,0,0,0,
7363,0,none,0,0,0,0,0,0,0,
173150,0,none,0,0,0,0,0,0,0,
62061,3,low,0,1,0,0,0,0,0,memcpy_unchecked
16565,0,none,0,0,0,0,0,0,0,
103032,0,none,0,0,0,0,0,0,0,
157113,0,none,0,0,0,0,0,0,0,
135842,0,none,0,0,0,0,0,0,0,
49789,0,none,0,0,0,0,0,0,0,
63243,0,none,0,0,0,0,0,0,0,
142412,0,none,0,0,0,0,0,0,0,
176305,0,none,0,0,0,0,0,0,0,
156982,0,none,0,0,0,0,0,0,0,
58305,0,none,0,0,0,0,0,0,0,
24001,0,none,0,0,0,0,0,0,0,
387,0,none,0,0,0,0,0,0,0,
157344,0,none,0,0,0,0,0,0,0,
122212,0,none,0,0,0,0,0,0,0,
79604,0,none,0,0,0,0,0,0,0,
117011,0,none,0,0,0,0,0,0,0,
27093,0,none,0,0,0,0,0,0,0,
59260,0,none,0,0,0,0,0,0,0,
175421,0,none,0,0,0,0,0,0,0,
157460,0,none,0,0,0,0,0,0,0,
155825,0,none,0,0,0,0,0,0,0,
169627,0,none,0,0,0,0,0,0,0,
129386,0,none,0,0,0,0,0,0,0,
71480,0,none,0,0,0,0,0,0,0,
103321,0,none,0,0,0,0,0,0,0,
107940,0,none,0,0,0,0,0,0,0,
65839,0,none,0,0,0,0,0,0,0,
135099,0,none,0,0,0,0,0,0,0,
155368,0,none,0,0,0,0,0,0,0,
26917,0,none,0,0,0,0,0,0,0,
147498,0,none,0,0,0,0,0,0,0,
185844,0,none,0,0,0,0,0,0,0,
158747,0,none,0,0,0,0,0,0,0,
163342,0,none,0,0,0,0,0,0,0,
77955,0,none,0,0,0,0,0,0,0,
180806,0,none,0,0,0,0,0,0,0,
30023,0,none,0,0,0,0,0,0,0,
166515,0,none,0,0,0,0,0,0,0,
74074,0,none,0,0,0,0,0,0,0,
145267,0,none,0,0,0,0,0,0,0,
163528,0,none,0,0,0,0,0,0,0,
103696,0,none,0,0,0,0,0,0,0,
176598,0,none,0,0,0,0,0,0,0,
2076,0,none,0,0,0,0,0,0,0,
5637,0,none,0,0,0,0,0,0,0,
59495,0,none,0,0,0,0,0,0,0,
21019,0,none,0,0,0,0,0,0,0,
136255,0,none,0,0,0,0,0,0,0,
71852,0,none,0,0,0,0,0,0,0,
41532,0,none,0,0,0,0,0,0,0,
52061,0,none,0,0,0,0,0,0,0,
169381,0,none,0,0,0,0,0,0,0,
7609,0,none,0,0,0,0,0,0,0,
77375,0,none,0,0,0,0,0,0,0,
135506,0,none,0,0,0,0,0,0,0,
86232,0,none,0,0,0,0,0,0,0,
118580,0,none,0,0,0,0,0,0,0,
151036,0,none,0,0,0,0,0,0,0,
180508,10,high,0,0,0,0,0,2,0,use_after_free
134253,0,none,0,0,0,0,0,0,0,
87771,0,none,0,0,0,0,0,0,0,
146259,0,none,0,0,0,0,0,0,0,
161418,0,none,0,0,0,0,0,0,0,
54671,0,none,0,0,0,0,0,0,0,
46559,0,none,0,0,0,0,0,0,0,
169099,0,none,0,0,0,0,0,0,0,
153056,0,none,0,0,0,0,0,0,0,
108377,0,none,0,0,0,0,0,0,0,
166368,0,none,0,0,0,0,0,0,0,
162357,0,none,0,0,0,0,0,0,0,
76237,2,low,0,0,0,0,0,0,1,size_int_overflow
102772,0,none,0,0,0,0,0,0,0,
11785,0,none,0,0,0,0,0,0,0,
60089,0,none,0,0,0,0,0,0,0,
122139,0,none,0,0,0,0,0,0,0,
54716,0,none,0,0,0,0,0,0,0,
111861,0,none,0,0,0,0,0,0,0,
158755,0,none,0,0,0,0,0,0,0,
145759,0,none,0,0,0,0,0,0,0,
8420,0,none,0,0,0,0,0,0,0,
105640,0,none,0,0,0,0,0,0,0,
35403,0,none,0,0,0,0,0,0,0,
129772,0,none,0,0,0,0,0,0,0,
61125,0,none,0,0,0,0,0,0,0,
161135,0,none,0,0,0,0,0,0,0,
4030,0,none,0,0,0,0,0,0,0,
137133,0,none,0,0,0,0,0,0,0,
170435,0,none,0,0,0,0,0,0,0,
49812,0,none,0,0,0,0,0,0,0,
85976,0,none,0,0,0,0,0,0,0,
187312,0,none,0,0,0,0,0,0,0,
88391,0,none,0,0,0,0,0,0,0,
43511,0,none,0,0,0,0,0,0,0,
134932,0,none,0,0,0,0,0,0,0,
34812,0,none,0,0,0,0,0,0,0,
175735,0,none,0,0,0,0,0,0,0,
185836,0,none,0,0,0,0,0,0,0,
48812,0,none,0,0,0,0,0,0,0,
16912,0,none,0,0,0,0,0,0,0,
157698,0,none,0,0,0,0,0,0,0,
111345,0,none,0,0,0,0,0,0,0,
48201,0,none,0,0,0,0,0,0,0,
16197,6,medium,2,0,0,0,0,0,0,unsafe_func
49551,0,none,0,0,0,0,0,0,0,
16794,0,none,0,0,0,0,0,0,0,
123447,0,none,0,0,0,0,0,0,0,
152415,0,none,0,0,0,0,0,0,0,
110184,0,none,0,0,0,0,0,0,0,
154286,0,none,0,0,0,0,0,0,0,
156428,0,none,0,0,0,0,0,0,0,
73716,0,none,0,0,0,0,0,0,0,
57304,0,none,0,0,0,0,0,0,0,
125212,0,none,0,0,0,0,0,0,0,
163574,0,none,0,0,0,0,0,0,0,
179421,5,medium,0,0,0,0,1,0,0,double_free
119586,0,none,0,0,0,0,0,0,0,
6929,0,none,0,0,0,0,0,0,0,
53676,0,none,0,0,0,0,0,0,0,
177478,0,none,0,0,0,0,0,0,0,
179323,0,none,0,0,0,0,0,0,0,
20746,0,none,0,0,0,0,0,0,0,
148573,0,none,0,0,0,0,0,0,0,
76773,0,none,0,0,0,0,0,0,0,
41849,0,none,0,0,0,0,0,0,0,
158124,0,none,0,0,0,0,0,0,0,
163032,0,none,0,0,0,0,0,0,0,
65311,0,none,0,0,0,0,0,0,0,
55552,0,none,0,0,0,0,0,0,0,
112454,0,none,0,0,0,0,0,0,0,
72321,0,none,0,0,0,0,0,0,0,
644,0,none,0,0,0,0,0,0,0,
161468,0,none,0,0,0,0,0,0,0,
61333,0,none,0,0,0,0,0,0,0,
122681,0,none,0,0,0,0,0,0,0,
117289,0,none,0,0,0,0,0,0,0,
46804,0,none,0,0,0,0,0,0,0,
98177,0,none,0,0,0,0,0,0,0,
67910,0,none,0,0,0,0,0,0,0,
96381,0,none,0,0,0,0,0,0,0,
52648,0,none,0,0,0,0,0,0,0,
117736,0,none,0,0,0,0,0,0,0,
24114,0,none,0,0,0,0,0,0,0,
113286,0,none,0,0,0,0,0,0,0,
155390,0,none,0,0,0,0,0,0,0,
155043,0,none,0,0,0,0,0,0,0,
25116,0,none,0,0,0,0,0,0,0,
87635,0,none,0,0,0,0,0,0,0,
141343,0,none,0,0,0,0,0,0,0,
124053,0,none,0,0,0,0,0,0,0,
141564,0,none,0,0,0,0,0,0,0,
127171,0,none,0,0,0,0,0,0,0,
80491,0,none,0,0,0,0,0,0,0,
123799,0,none,0,0,0,0,0,0,0,
126095,0,none,0,0,0,0,0,0,0,
157985,0,none,0,0,0,0,0,0,0,
74357,0,none,0,0,0,0,0,0,0,
7101,0,none,0,0,0,0,0,0,0,
161194,0,none,0,0,0,0,0,0,0,
57276,0,none,0,0,0,0,0,0,0,
48820,0,none,0,0,0,0,0,0,0,
9176,0,none,0,0,0,0,0,0,0,
172081,0,none,0,0,0,0,0,0,0,
143467,0,none,0,0,0,0,0,0,0,
103409,0,none,0,0,0,0,0,0,0,
92405,0,none,0,0,0,0,0,0,0,
71798,0,none,0,0,0,0,0,0,0,
106508,0,none,0,0,0,0,0,0,0,
164498,0,none,0,0,0,0,0,0,0,
42864,0,none,0,0,0,0,0,0,0,
109005,0,none,0,0,0,0,0,0,0,
30602,0,none,0,0,0,0,0,0,0,
151356,0,none,0,0,0,0,0,0,0,
92600,0,none,0,0,0,0,0,0,0,
139002,0,none,0,0,0,0,0,0,0,
52030,0,none,0,0,0,0,0,0,0,
45430,0,none,0,0,0,0,0,0,0,
99946,0,none,0,0,0,0,0,0,0,
155979,0,none,0,0,0,0,0,0,0,
169206,0,none,0,0,0,0,0,0,0,
179550,0,none,0,0,0,0,0,0,0,
84734,0,none,0,0,0,0,0,0,0,
75723,0,none,0,0,0,0,0,0,0,
9607,0,none,0,0,0,0,0,0,0,
55373,0,none,0,0,0,0,0,0,0,
95176,0,none,0,0,0,0,0,0,0,
155455,0,none,0,0,0,0,0,0,0,
134799,0,none,0,0,0,0,0,0,0,
55982,0,none,0,0,0,0,0,0,0,
37709,0,none,0,0,0,0,0,0,0,
175653,0,none,0,0,0,0,0,0,0,
153158,0,none,0,0,0,0,0,0,0,
106144,0,none,0,0,0,0,0,0,0,
17661,0,none,0,0,0,0,0,0,0,
46516,0,none,0,0,0,0,0,0,0,
155610,0,none,0,0,0,0,0,0,0,
116162,0,none,0,0,0,0,0,0,0,
119370,0,none,0,0,0,0,0,0,0,
47224,0,none,0,0,0,0,0,0,0,
98841,0,none,0,0,0,0,0,0,0,
166750,0,none,0,0,0,0,0,0,0,
40377,0,none,0,0,0,0,0,0,0,
116961,0,none,0,0,0,0,0,0,0,
150380,0,none,0,0,0,0,0,0,0,
78094,0,none,0,0,0,0,0,0,0,
18170,0,none,0,0,0,0,0,0,0,
161943,0,none,0,0,0,0,0,0,0,
175629,0,none,0,0,0,0,0,0,0,
71038,0,none,0,0,0,0,0,0,0,
108568,0,none,0,0,0,0,0,0,0,
135917,0,none,0,0,0,0,0,0,0,
96332,0,none,0,0,0,0,0,0,0,
182495,0,none,0,0,0,0,0,0,0,
35259,0,none,0,0,0,0,0,0,0,
115059,0,none,0,0,0,0,0,0,0,
138174,0,none,0,0,0,0,0,0,0,
32584,0,none,0,0,0,0,0,0,0,
43636,0,none,0,0,0,0,0,0,0,
93563,0,none,0,0,0,0,0,0,0,
32964,0,none,0,0,0,0,0,0,0,
121026,0,none,0,0,0,0,0,0,0,
139454,0,none,0,0,0,0,0,0,0,
69945,0,none,0,0,0,0,0,0,0,
168246,0,none,0,0,0,0,0,0,0,
95283,0,none,0,0,0,0,0,0,0,
168289,0,none,0,0,0,0,0,0,0,
79876,0,none,0,0,0,0,0,0,0,
182652,0,none,0,0,0,0,0,0,0,
187884,0,none,0,0,0,0,0,0,0,
21640,0,none,0,0,0,0,0,0,0,
9395,0,none,0,0,0,0,0,0,0,
131986,0,none,0,0,0,0,0,0,0,
26952,0,none,0,0,0,0,0,0,0,
163307,0,none,0,0,0,0,0,0,0,
7942,0,none,0,0,0,0,0,0,0,
178152,0,none,0,0,0,0,0,0,0,
160881,0,none,0,0,0,0,0,0,0,
87188,0,none,0,0,0,0,0,0,0,
169047,0,none,0,0,0,0,0,0,0,
115472,0,none,0,0,0,0,0,0,0,
87477,0,none,0,0,0,0,0,0,0,
99853,0,none,0,0,0,0,0,0,0,
63023,0,none,0,0,0,0,0,0,0,
163270,0,none,0,0,0,0,0,0,0,
152497,0,none,0,0,0,0,0,0,0,
53688,0,none,0,0,0,0,0,0,0,
55559,0,none,0,0,0,0,0,0,0,
36817,0,none,0,0,0,0,0,0,0,
167950,0,none,0,0,0,0,0,0,0,
67544,0,none,0,0,0,0,0,0,0,
180268,0,none,0,0,0,0,0,0,0,
130794,0,none,0,0,0,0,0,0,0,
8631,0,none,0,0,0,0,0,0,0,
139854,0,none,0,0,0,0,0,0,0,
104601,0,none,0,0,0,0,0,0,0,
152041,0,none,0,0,0,0,0,0,0,
22750,0,none,0,0,0,0,0,0,0,
55811,0,none,0,0,0,0,0,0,0,
165575,0,none,0,0,0,0,0,0,0,
22131,0,none,0,0,0,0,0,0,0,
162504,0,none,0,0,0,0,0,0,0,
53167,0,none,0,0,0,0,0,0,0,
59151,0,none,0,0,0,0,0,0,0,
50486,0,none,0,0,0,0,0,0,0,
188439,0,none,0,0,0,0,0,0,0,
169111,0,none,0,0,0,0,0,0,0,
71928,0,none,0,0,0,0,0,0,0,
178109,0,none,0,0,0,0,0,0,0,
156938,0,none,0,0,0,0,0,0,0,
168399,0,none,0,0,0,0,0,0,0,
18011,0,none,0,0,0,0,0,0,0,
3376,0,none,0,0,0,0,0,0,0,
105087,0,none,0,0,0,0,0,0,0,
94288,0,none,0,0,0,0,0,0,0,
62686,0,none,0,0,0,0,0,0,0,
90637,0,none,0,0,0,0,0,0,0,
140890,0,none,0,0,0,0,0,0,0,
162897,0,none,0,0,0,0,0,0,0,
104157,0,none,0,0,0,0,0,0,0,
41123,0,none,0,0,0,0,0,0,0,
125401,0,none,0,0,0,0,0,0,0,
135006,0,none,0,0,0,0,0,0,0,
146710,0,none,0,0,0,0,0,0,0,
62649,0,none,0,0,0,0,0,0,0,
109283,0,none,0,0,0,0,0,0,0,
67014,0,none,0,0,0,0,0,0,0,
45677,0,none,0,0,0,0,0,0,0,
19294,0,none,0,0,0,0,0,0,0,
109413,0,none,0,0,0,0,0,0,0,
48092,0,none,0,0,0,0,0,0,0,
143066,0,none,0,0,0,0,0,0,0,
25932,0,none,0,0,0,0,0,0,0,
180320,0,none,0,0,0,0,0,0,0,
178656,0,none,0,0,0,0,0,0,0,
19346,0,none,0,0,0,0,0,0,0,
18427,0,none,0,0,0,0,0,0,0,
2721,0,none,0,0,0,0,0,0,0,
31120,0,none,0,0,0,0,0,0,0,
59655,0,none,0,0,0,0,0,0,0,
55697,0,none,0,0,0,0,0,0,0,
48777,0,none,0,0,0,0,0,0,0,
58633,0,none,0,0,0,0,0,0,0,
41583,0,none,0,0,0,0,0,0,0,
70938,0,none,0,0,0,0,0,0,0,
79880,0,none,0,0,0,0,0,0,0,
173859,0,none,0,0,0,0,0,0,0,
128329,0,none,0,0,0,0,0,0,0,
167884,0,none,0,0,0,0,0,0,0,
1645,0,none,0,0,0,0,0,0,0,
49394,0,none,0,0,0,0,0,0,0,
181062,0,none,0,0,0,0,0,0,0,
118141,0,none,0,0,0,0,0,0,0,
80438,0,none,0,0,0,0,0,0,0,
58915,3,low,0,1,0,0,0,0,0,memcpy_unchecked
96863,0,none,0,0,0,0,0,0,0,
171451,0,none,0,0,0,0,0,0,0,
55103,0,none,0,0,0,0,0,0,0,
186940,0,none,0,0,0,0,0,0,0,
59744,0,none,0,0,0,0,0,0,0,
30827,0,none,0,0,0,0,0,0,0,
63851,0,none,0,0,0,0,0,0,0,
22257,0,none,0,0,0,0,0,0,0,
158672,0,none,0,0,0,0,0,0,0,
38656,0,none,0,0,0,0,0,0,0,
118866,0,none,0,0,0,0,0,0,0,
127363,0,none,0,0,0,0,0,0,0,
35179,0,none,0,0,0,0,0,0,0,
126610,0,none,0,0,0,0,0,0,0,
157783,0,none,0,0,0,0,0,0,0,
11543,0,none,0,0,0,0,0,0,0,
30903,0,none,0,0,0,0,0,0,0,
77987,0,none,0,0,0,0,0,0,0,
105521,0,none,0,0,0,0,0,0,0,
17471,2,low,0,0,0,1,0,0,0,unchecked_alloc
132712,0,none,0,0,0,0,0,0,0,
12866,0,none,0,0,0,0,0,0,0,
49890,0,none,0,0,0,0,0,0,0,
61750,0,none,0,0,0,0,0,0,0,
173971,0,none,0,0,0,0,0,0,0,
105174,0,none,0,0,0,0,0,0,0,
44472,0,none,0,0,0,0,0,0,0,
106492,0,none,0,0,0,0,0,0,0,
156485,0,none,0,0,0,0,0,0,0,
46906,0,none,0,0,0,0,0,0,0,
25548,0,none,0,0,0,0,0,0,0,
143199,0,none,0,0,0,0,0,0,0,
185190,0,none,0,0,0,0,0,0,0,
16207,6,medium,2,0,0,0,0,0,0,unsafe_func
26648,0,none,0,0,0,0,0,0,0,
37629,0,none,0,0,0,0,0,0,0,
170862,0,none,0,0,0,0,0,0,0,
125702,0,none,0,0,0,0,0,0,0,
118385,0,none,0,0,0,0,0,0,0,
124482,0,none,0,0,0,0,0,0,0,
155646,0,none,0,0,0,0,0,0,0,
148146,0,none,0,0,0,0,0,0,0,
62926,0,none,0,0,0,0,0,0,0,
68183,0,none,0,0,0,0,0,0,0,
129498,0,none,0,0,0,0,0,0,0,
5166,0,none,0,0,0,0,0,0,0,
7992,0,none,0,0,0,0,0,0,0,
163425,0,none,0,0,0,0,0,0,0,
73328,0,none,0,0,0,0,0,0,0,
105610,0,none,0,0,0,0,0,0,0,
93789,0,none,0,0,0,0,0,0,0,
87287,0,none,0,0,0,0,0,0,0,
107950,0,none,0,0,0,0,0,0,0,
29367,0,none,0,0,0,0,0,0,0,
182822,0,none,0,0,0,0,0,0,0,
30473,0,none,0,0,0,0,0,0,0,
140237,0,none,0,0,0,0,0,0,0,
112033,0,none,0,0,0,0,0,0,0,
62274,0,none,0,0,0,0,0,0,0,
132900,0,none,0,0,0,0,0,0,0,
133369,0,none,0,0,0,0,0,0,0,
107562,0,none,0,0,0,0,0,0,0,
123524,0,none,0,0,0,0,0,0,0,
175398,0,none,0,0,0,0,0,0,0,
60272,0,none,0,0,0,0,0,0,0,
43127,0,none,0,0,0,0,0,0,0,
185205,0,none,0,0,0,0,0,0,0,
51653,0,none,0,0,0,0,0,0,0,
98537,0,none,0,0,0,0,0,0,0,
185659,0,none,0,0,0,0,0,0,0,
102547,0,none,0,0,0,0,0,0,0,
76698,0,none,0,0,0,0,0,0,0,
10318,0,none,0,0,0,0,0,0,0,
106654,0,none,0,0,0,0,0,0,0,
6280,0,none,0,0,0,0,0,0,0,
64860,0,none,0,0,0,0,0,0,0,
53723,0,none,0,0,0,0,0,0,0,
89253,0,none,0,0,0,0,0,0,0,
178183,0,none,0,0,0,0,0,0,0,
1668,0,none,0,0,0,0,0,0,0,
61436,0,none,0,0,0,0,0,0,0,
45158,0,none,0,0,0,0,0,0,0,
100254,0,none,0,0,0,0,0,0,0,
25422,0,none,0,0,0,0,0,0,0,
48070,0,none,0,0,0,0,0,0,0,
86116,0,none,0,0,0,0,0,0,0,
142703,0,none,0,0,0,0,0,0,0,
38491,5,medium,0,0,0,0,0,1,0,use_after_free
132659,0,none,0,0,0,0,0,0,0,
58707,0,none,0,0,0,0,0,0,0,
40356,3,low,0,1,0,0,0,0,0,memcpy_unchecked
171313,0,none,0,0,0,0,0,0,0,
146566,0,none,0,0,0,0,0,0,0,
108714,0,none,0,0,0,0,0,0,0,
102663,0,none,0,0,0,0,0,0,0,
88435,0,none,0,0,0,0,0,0,0,
143957,0,none,0,0,0,0,0,0,0,
154779,0,none,0,0,0,0,0,0,0,
64237,0,none,0,0,0,0,0,0,0,
97363,0,none,0,0,0,0,0,0,0,
46367,0,none,0,0,0,0,0,0,0,
26440,0,none,0,0,0,0,0,0,0,
95295,0,none,0,0,0,0,0,0,0,
151949,0,none,0,0,0,0,0,0,0,
181263,0,none,0,0,0,0,0,0,0,
163980,0,none,0,0,0,0,0,0,0,
116096,0,none,0,0,0,0,0,0,0,
108647,0,none,0,0,0,0,0,0,0,
30496,0,none,0,0,0,0,0,0,0,
52799,0,none,0,0,0,0,0,0,0,
49645,0,none,0,0,0,0,0,0,0,
161999,0,none,0,0,0,0,0,0,0,
188326,0,none,0,0,0,0,0,0,0,
162869,0,none,0,0,0,0,0,0,0,
92157,0,none,0,0,0,0,0,0,0,
56667,0,none,0,0,0,0,0,0,0,
46616,3,low,0,1,0,0,0,0,0,memcpy_unchecked
123858,0,none,0,0,0,0,0,0,0,
99202,0,none,0,0,0,0,0,0,0,
161177,0,none,0,0,0,0,0,0,0,
165784,0,none,0,0,0,0,0,0,0,
59286,0,none,0,0,0,0,0,0,0,
67511,0,none,0,0,0,0,0,0,0,
28637,0,none,0,0,0,0,0,0,0,
5614,0,none,0,0,0,0,0,0,0,
129216,0,none,0,0,0,0,0,0,0,
141119,0,none,0,0,0,0,0,0,0,
16840,0,none,0,0,0,0,0,0,0,
47763,0,none,0,0,0,0,0,0,0,
142639,0,none,0,0,0,0,0,0,0,
78746,0,none,0,0,0,0,0,0,0,
8613,0,none,0,0,0,0,0,0,0,
99176,0,none,0,0,0,0,0,0,0,
76908,0,none,0,0,0,0,0,0,0,
4134,0,none,0,0,0,0,0,0,0,
15596,0,none,0,0,0,0,0,0,0,
103022,0,none,0,0,0,0,0,0,0,
77466,0,none,0,0,0,0,0,0,0,
52685,0,none,0,0,0,0,0,0,0,
38124,0,none,0,0,0,0,0,0,0,
161581,0,none,0,0,0,0,0,0,0,
141134,0,none,0,0,0,0,0,0,0,
74416,0,none,0,0,0,0,0,0,0,
28407,0,none,0,0,0,0,0,0,0,
106981,0,none,0,0,0,0,0,0,0,
38259,0,none,0,0,0,0,0,0,0,
14784,0,none,0,0,0,0,0,0,0,
58212,0,none,0,0,0,0,0,0,0,
58363,0,none,0,0,0,0,0,0,0,
9259,0,none,0,0,0,0,0,0,0,
22201,0,none,0,0,0,0,0,0,0,
175608,0,none,0,0,0,0,0,0,0,
126448,0,none,0,0,0,0,0,0,0,
104694,0,none,0,0,0,0,0,0,0,
84044,0,none,0,0,0,0,0,0,0,
73814,2,low,0,0,0,1,0,0,0,unchecked_alloc
125951,0,none,0,0,0,0,0,0,0,
95011,0,none,0,0,0,0,0,0,0,
128111,0,none,0,0,0,0,0,0,0,
170872,0,none,0,0,0,0,0,0,0,
112432,0,none,0,0,0,0,0,0,0,
177399,0,none,0,0,0,0,0,0,0,
35421,0,none,0,0,0,0,0,0,0,
60475,0,none,0,0,0,0,0,0,0,
34110,0,none,0,0,0,0,0,0,0,
153083,0,none,0,0,0,0,0,0,0,
67668,0,none,0,0,0,0,0,0,0,
184162,0,none,0,0,0,0,0,0,0,
106768,0,none,0,0,0,0,0,0,0,
90873,0,none,0,0,0,0,0,0,0,
40296,0,none,0,0,0,0,0,0,0,
180942,0,none,0,0,0,0,0,0,0,
24434,0,none,0,0,0,0,0,0,0,
22542,0,none,0,0,0,0,0,0,0,
184881,0,none,0,0,0,0,0,0,0,
154707,0,none,0,0,0,0,0,0,0,
13887,0,none,0,0,0,0,0,0,0,
833,0,none,0,0,0,0,0,0,0,
171044,0,none,0,0,0,0,0,0,0,
18932,0,none,0,0,0,0,0,0,0,
58040,0,none,0,0,0,0,0,0,0,
53349,0,none,0,0,0,0,0,0,0,
123939,0,none,0,0,0,0,0,0,0,
77457,0,none,0,0,0,0,0,0,0,
13545,0,none,0,0,0,0,0,0,0,
14561,0,none,0,0,0,0,0,0,0,
168960,0,none,0,0,0,0,0,0,0,
89052,0,none,0,0,0,0,0,0,0,
159687,0,none,0,0,0,0,0,0,0,
61617,0,none,0,0,0,0,0,0,0,
148382,0,none,0,0,0,0,0,0,0,
154678,0,none,0,0,0,0,0,0,0,
172057,0,none,0,0,0,0,0,0,0,
164638,0,none,0,0,0,0,0,0,0,
145796,0,none,0,0,0,0,0,0,0,
180969,0,none,0,0,0,0,0,0,0,
109846,0,none,0,0,0,0,0,0,0,
76314,0,none,0,0,0,0,0,0,0,
153176,0,none,0,0,0,0,0,0,0,
107267,0,none,0,0,0,0,0,0,0,
120806,0,none,0,0,0,0,0,0,0,
61089,0,none,0,0,0,0,0,0,0,
79196,0,none,0,0,0,0,0,0,0,
95666,0,none,0,0,0,0,0,0,0,
125626,0,none,0,0,0,0,0,0,0,
10890,0,none,0,0,0,0,0,0,0,
134858,0,none,0,0,0,0,0,0,0,
69859,0,none,0,0,0,0,0,0,0,
139172,0,none,0,0,0,0,0,0,0,
56158,0,none,0,0,0,0,0,0,0,
96444,0,none,0,0,0,0,0,0,0,
7842,0,none,0,0,0,0,0,0,0,
62837,0,none,0,0,0,0,0,0,0,
135825,0,none,0,0,0,0,0,0,0,
32380,0,none,0,0,0,0,0,0,0,
187451,0,none,0,0,0,0,0,0,0,
75395,0,none,0,0,0,0,0,0,0,
118716,0,none,0,0,0,0,0,0,0,
1560,0,none,0,0,0,0,0,0,0,
13485,0,none,0,0,0,0,0,0,0,
106055,0,none,0,0,0,0,0,0,0,
165742,0,none,0,0,0,0,0,0,0,
184753,0,none,0,0,0,0,0,0,0,
24780,0,none,0,0,0,0,0,0,0,
60417,0,none,0,0,0,0,0,0,0,
187977,0,none,0,0,0,0,0,0,0,
159479,0,none,0,0,0,0,0,0,0,
144514,0,none,0,0,0,0,0,0,0,
132686,0,none,0,0,0,0,0,0,0,
172973,0,none,0,0,0,0,0,0,0,
31903,0,none,0,0,0,0,0,0,0,
123958,0,none,0,0,0,0,0,0,0,
106244,0,none,0,0,0,0,0,0,0,
54157,0,none,0,0,0,0,0,0,0,
91197,0,none,0,0,0,0,0,0,0,
144775,0,none,0,0,0,0,0,0,0,
94393,0,none,0,0,0,0,0,0,0,
97562,0,none,0,0,0,0,0,0,0,
5872,0,none,0,0,0,0,0,0,0,
152056,0,none,0,0,0,0,0,0,0,
141970,0,none,0,0,0,0,0,0,0,
162555,0,none,0,0,0,0,0,0,0,
176232,0,none,0,0,0,0,0,0,0,
16676,0,none,0,0,0,0,0,0,0,
128567,0,none,0,0,0,0,0,0,0,
27661,0,none,0,0,0,0,0,0,0,
105956,0,none,0,0,0,0,0,0,0,
8531,0,none,0,0,0,0,0,0,0,
20255,0,none,0,0,0,0,0,0,0,
73243,0,none,0,0,0,0,0,0,0,
36598,0,none,0,0,0,0,0,0,0,
124204,0,none,0,0,0,0,0,0,0,
131508,0,none,0,0,0,0,0,0,0,
2681,0,none,0,0,0,0,0,0,0,
110867,0,none,0,0,0,0,0,0,0,
37703,0,none,0,0,0,0,0,0,0,
22290,0,none,0,0,0,0,0,0,0,
22304,0,none,0,0,0,0,0,0,0,
75547,0,none,0,0,0,0,0,0,0,
7973,0,none,0,0,0,0,0,0,0,
121260,0,none,0,0,0,0,0,0,0,
158099,0,none,0,0,0,0,0,0,0,
123245,0,none,0,0,0,0,0,0,0,
101170,0,none,0,0,0,0,0,0,0,
22220,0,none,0,0,0,0,0,0,0,
119922,0,none,0,0,0,0,0,0,0,
179758,0,none,0,0,0,0,0,0,0,
173786,0,none,0,0,0,0,0,0,0,
155577,0,none,0,0,0,0,0,0,0,
171296,0,none,0,0,0,0,0,0,0,
27050,0,none,0,0,0,0,0,0,0,
76960,0,none,0,0,0,0,0,0,0,
11232,0,none,0,0,0,0,0,0,0,
81826,0,none,0,0,0,0,0,0,0,
186667,0,none,0,0,0,0,0,0,0,
89428,0,none,0,0,0,0,0,0,0,
12644,0,none,0,0,0,0,0,0,0,
59672,0,none,0,0,0,0,0,0,0,
107212,0,none,0,0,0,0,0,0,0,
154696,0,none,0,0,0,0,0,0,0,
22951,0,none,0,0,0,0,0,0,0,
118327,0,none,0,0,0,0,0,0,0,
98849,0,none,0,0,0,0,0,0,0,
110323,0,none,0,0,0,0,0,0,0,
112854,0,none,0,0,0,0,0,0,0,
100645,0,none,0,0,0,0,0,0,0,
88776,0,none,0,0,0,0,0,0,0,
11805,0,none,0,0,0,0,0,0,0,
169648,0,none,0,0,0,0,0,0,0,
137939,0,none,0,0,0,0,0,0,0,
62122,0,none,0,0,0,0,0,0,0,
71242,0,none,0,0,0,0,0,0,0,
170646,0,none,0,0,0,0,0,0,0,
6808,0,none,0,0,0,0,0,0,0,
152018,0,none,0,0,0,0,0,0,0,
25982,0,none,0,0,0,0,0,0,0,
6617,0,none,0,0,0,0,0,0,0,
167466,0,none,0,0,0,0,0,0,0,
161111,0,none,0,0,0,0,0,0,0,
138408,0,none,0,0,0,0,0,0,0,
155365,0,none,0,0,0,0,0,0,0,
12655,0,none,0,0,0,0,0,0,0,
20884,0,none,0,0,0,0,0,0,0,
164545,0,none,0,0,0,0,0,0,0,
29483,0,none,0,0,0,0,0,0,0,
50390,0,none,0,0,0,0,0,0,0,
87815,0,none,0,0,0,0,0,0,0,
141854,0,none,0,0,0,0,0,0,0,
125022,0,none,0,0,0,0,0,0,0,
82344,0,none,0,0,0,0,0,0,0,
152516,0,none,0,0,0,0,0,0,0,
121879,0,none,0,0,0,0,0,0,0,
38214,0,none,0,0,0,0,0,0,0,
118284,0,none,0,0,0,0,0,0,0,
1884,0,none,0,0,0,0,0,0,0,
59673,0,none,0,0,0,0,0,0,0,
36224,0,none,0,0,0,0,0,0,0,
575,0,none,0,0,0,0,0,0,0,
71093,0,none,0,0,0,0,0,0,0,
39566,0,none,0,0,0,0,0,0,0,
181031,0,none,0,0,0,0,0,0,0,
137911,0,none,0,0,0,0,0,0,0,
130556,0,none,0,0,0,0,0,0,0,
86984,0,none,0,0,0,0,0,0,0,
31260,0,none,0,0,0,0,0,0,0,
128196,0,none,0,0,0,0,0,0,0,
186348,0,none,0,0,0,0,0,0,0,
47078,0,none,0,0,0,0,0,0,0,
28410,0,none,0,0,0,0,0,0,0,
125181,0,none,0,0,0,0,0,0,0,
27481,0,none,0,0,0,0,0,0,0,
160396,0,none,0,0,0,0,0,0,0,
65708,0,none,0,0,0,0,0,0,0,
78162,0,none,0,0,0,0,0,0,0,
1525,0,none,0,0,0,0,0,0,0,
4831,0,none,0,0,0,0,0,0,0,
47390,0,none,0,0,0,0,0,0,0,
90967,0,none,0,0,0,0,0,0,0,
169273,0,none,0,0,0,0,0,0,0,
58552,0,none,0,0,0,0,0,0,0,
138902,0,none,0,0,0,0,0,0,0,
59852,0,none,0,0,0,0,0,0,0,
23997,0,none,0,0,0,0,0,0,0,
35307,0,none,0,0,0,0,0,0,0,
183891,0,none,0,0,0,0,0,0,0,
14990,0,none,0,0,0,0,0,0,0,
157197,0,none,0,0,0,0,0,0,0,
26201,0,none,0,0,0,0,0,0,0,
29706,4,medium,0,0,0,0,0,0,2,size_int_overflow
37107,0,none,0,0,0,0,0,0,0,
61358,0,none,0,0,0,0,0,0,0,
58471,0,none,0,0,0,0,0,0,0,
112926,0,none,0,0,0,0,0,0,0,
167377,0,none,0,0,0,0,0,0,0,
17724,0,none,0,0,0,0,0,0,0,
118851,0,none,0,0,0,0,0,0,0,
20089,0,none,0,0,0,0,0,0,0,
7337,0,none,0,0,0,0,0,0,0,
111696,0,none,0,0,0,0,0,0,0,
61413,0,none,0,0,0,0,0,0,0,
161886,0,none,0,0,0,0,0,0,0,
36670,0,none,0,0,0,0,0,0,0,
185630,0,none,0,0,0,0,0,0,0,
153920,0,none,0,0,0,0,0,0,0,
34265,0,none,0,0,0,0,0,0,0,
130562,0,none,0,0,0,0,0,0,0,
8467,0,none,0,0,0,0,0,0,0,
165016,0,none,0,0,0,0,0,0,0,
30517,0,none,0,0,0,0,0,0,0,
74963,0,none,0,0,0,0,0,0,0,
56004,0,none,0,0,0,0,0,0,0,
152737,0,none,0,0,0,0,0,0,0,
159291,0,none,0,0,0,0,0,0,0,
149098,0,none,0,0,0,0,0,0,0,
59234,0,none,0,0,0,0,0,0,0,
80967,0,none,0,0,0,0,0,0,0,
185960,0,none,0,0,0,0,0,0,0,
172014,0,none,0,0,0,0,0,0,0,
114170,0,none,0,0,0,0,0,0,0,
142230,0,none,0,0,0,0,0,0,0,
172720,0,none,0,0,0,0,0,0,0,
60125,0,none,0,0,0,0,0,0,0,
163197,0,none,0,0,0,0,0,0,0,
104578,0,none,0,0,0,0,0,0,0,
176147,0,none,0,0,0,0,0,0,0,
143206,0,none,0,0,0,0,0,0,0,
156213,0,none,0,0,0,0,0,0,0,
28733,0,none,0,0,0,0,0,0,0,
177971,0,none,0,0,0,0,0,0,0,
85319,0,none,0,0,0,0,0,0,0,
168864,0,none,0,0,0,0,0,0,0,
142488,0,none,0,0,0,0,0,0,0,
235,0,none,0,0,0,0,0,0,0,
102232,0,none,0,0,0,0,0,0,0,
22674,0,none,0,0,0,0,0,0,0,
148488,0,none,0,0,0,0,0,0,0,
25172,0,none,0,0,0,0,0,0,0,
23563,0,none,0,0,0,0,0,0,0,
143068,0,none,0,0,0,0,0,0,0,
26283,0,none,0,0,0,0,0,0,0,
73110,0,none,0,0,0,0,0,0,0,
27013,0,none,0,0,0,0,0,0,0,
62549,0,none,0,0,0,0,0,0,0,
52271,0,none,0,0,0,0,0,0,0,
154963,0,none,0,0,0,0,0,0,0,
19002,0,none,0,0,0,0,0,0,0,
824,0,none,0,0,0,0,0,0,0,
132501,0,none,0,0,0,0,0,0,0,
37782,0,none,0,0,0,0,0,0,0,
137119,0,none,0,0,0,0,0,0,0,
36721,3,low,0,1,0,0,0,0,0,memcpy_unchecked
14233,0,none,0,0,0,0,0,0,0,
35959,0,none,0,0,0,0,0,0,0,
127252,0,none,0,0,0,0,0,0,0,
104775,0,none,0,0,0,0,0,0,0,
121066,0,none,0,0,0,0,0,0,0,
47484,0,none,0,0,0,0,0,0,0,
95258,0,none,0,0,0,0,0,0,0,
45715,0,none,0,0,0,0,0,0,0,
66308,0,none,0,0,0,0,0,0,0,
146033,0,none,0,0,0,0,0,0,0,
7679,0,none,0,0,0,0,0,0,0,
32994,0,none,0,0,0,0,0,0,0,
17819,0,none,0,0,0,0,0,0,0,
73616,0,none,0,0,0,0,0,0,0,
152296,0,none,0,0,0,0,0,0,0,
137981,0,none,0,0,0,0,0,0,0,
98663,0,none,0,0,0,0,0,0,0,
152861,0,none,0,0,0,0,0,0,0,
24507,0,none,0,0,0,0,0,0,0,
109547,0,none,0,0,0,0,0,0,0,
13978,0,none,0,0,0,0,0,0,0,
10943,0,none,0,0,0,0,0,0,0,
11520,0,none,0,0,0,0,0,0,0,
106306,0,none,0,0,0,0,0,0,0,
150188,0,none,0,0,0,0,0,0,0,
96582,0,none,0,0,0,0,0,0,0,
12842,0,none,0,0,0,0,0,0,0,
24967,0,none,0,0,0,0,0,0,0,
162363,0,none,0,0,0,0,0,0,0,
34079,0,none,0,0,0,0,0,0,0,
38251,0,none,0,0,0,0,0,0,0,
126073,0,none,0,0,0,0,0,0,0,
176520,0,none,0,0,0,0,0,0,0,
178168,0,none,0,0,0,0,0,0,0,
103348,0,none,0,0,0,0,0,0,0,
180696,0,none,0,0,0,0,0,0,0,
74361,0,none,0,0,0,0,0,0,0,
78197,0,none,0,0,0,0,0,0,0,
38454,0,none,0,0,0,0,0,0,0,
91633,0,none,0,0,0,0,0,0,0,
177731,0,none,0,0,0,0,0,0,0,
92593,0,none,0,0,0,0,0,0,0,
62760,0,none,0,0,0,0,0,0,0,
168501,0,none,0,0,0,0,0,0,0,
126235,0,none,0,0,0,0,0,0,0,
129145,0,none,0,0,0,0,0,0,0,
41500,0,none,0,0,0,0,0,0,0,
106214,0,none,0,0,0,0,0,0,0,
51408,0,none,0,0,0,0,0,0,0,
28859,0,none,0,0,0,0,0,0,0,
158798,0,none,0,0,0,0,0,0,0,
142476,0,none,0,0,0,0,0,0,0,
157891,0,none,0,0,0,0,0,0,0,
153378,0,none,0,0,0,0,0,0,0,
138527,0,none,0,0,0,0,0,0,0,
7128,0,none,0,0,0,0,0,0,0,
153626,0,none,0,0,0,0,0,0,0,
60714,0,none,0,0,0,0,0,0,0,
125418,0,none,0,0,0,0,0,0,0,
152535,0,none,0,0,0,0,0,0,0,
71044,0,none,0,0,0,0,0,0,0,
13,0,none,0,0,0,0,0,0,0,
153732,0,none,0,0,0,0,0,0,0,
162910,0,none,0,0,0,0,0,0,0,
61396,0,none,0,0,0,0,0,0,0,
30190,0,none,0,0,0,0,0,0,0,
150705,0,none,0,0,0,0,0,0,0,
137225,0,none,0,0,0,0,0,0,0,
34305,0,none,0,0,0,0,0,0,0,
90455,0,none,0,0,0,0,0,0,0,
131782,0,none,0,0,0,0,0,0,0,
150217,0,none,0,0,0,0,0,0,0,
145171,0,none,0,0,0,0,0,0,0,
146219,0,none,0,0,0,0,0,0,0,
154840,0,none,0,0,0,0,0,0,0,
129045,0,none,0,0,0,0,0,0,0,
120176,0,none,0,0,0,0,0,0,0,
80879,0,none,0,0,0,0,0,0,0,
114234,0,none,0,0,0,0,0,0,0,
5462,0,none,0,0,0,0,0,0,0,
167767,0,none,0,0,0,0,0,0,0,
40917,0,none,0,0,0,0,0,0,0,
21557,0,none,0,0,0,0,0,0,0,
135675,0,none,0,0,0,0,0,0,0,
16264,0,none,0,0,0,0,0,0,0,
37911,0,none,0,0,0,0,0,0,0,
170484,0,none,0,0,0,0,0,0,0,
156910,0,none,0,0,0,0,0,0,0,
153508,0,none,0,0,0,0,0,0,0,
96218,0,none,0,0,0,0,0,0,0,
128933,0,none,0,0,0,0,0,0,0,
53018,0,none,0,0,0,0,0,0,0,
48947,0,none,0,0,0,0,0,0,0,
46181,0,none,0,0,0,0,0,0,0,
120459,0,none,0,0,0,0,0,0,0,
67056,0,none,0,0,0,0,0,0,0,
158884,0,none,0,0,0,0,0,0,0,
152065,0,none,0,0,0,0,0,0,0,
37148,0,none,0,0,0,0,0,0,0,
31191,0,none,0,0,0,0,0,0,0,
2349,0,none,0,0,0,0,0,0,0,
98892,0,none,0,0,0,0,0,0,0,
158642,0,none,0,0,0,0,0,0,0,
187726,0,none,0,0,0,0,0,0,0,
8522,0,none,0,0,0,0,0,0,0,
45881,0,none,0,0,0,0,0,0,0,
145985,0,none,0,0,0,0,0,0,0,
73198,0,none,0,0,0,0,0,0,0,
188172,0,none,0,0,0,0,0,0,0,
101012,0,none,0,0,0,0,0,0,0,
145115,0,none,0,0,0,0,0,0,0,
176127,0,none,0,0,0,0,0,0,0,
181543,5,medium,0,0,0,0,1,0,0,double_free
100953,0,none,0,0,0,0,0,0,0,
41402,0,none,0,0,0,0,0,0,0,
6315,0,none,0,0,0,0,0,0,0,
76348,0,none,0,0,0,0,0,0,0,
69314,0,none,0,0,0,0,0,0,0,
127257,0,none,0,0,0,0,0,0,0,
181287,0,none,0,0,0,0,0,0,0,
58259,0,none,0,0,0,0,0,0,0,
39703,0,none,0,0,0,0,0,0,0,
39478,3,low,0,1,0,0,0,0,0,memcpy_unchecked
50015,0,none,0,0,0,0,0,0,0,
25285,0,none,0,0,0,0,0,0,0,
31916,0,none,0,0,0,0,0,0,0,
121470,0,none,0,0,0,0,0,0,0,
24337,0,none,0,0,0,0,0,0,0,
153310,0,none,0,0,0,0,0,0,0,
38617,0,none,0,0,0,0,0,0,0,
73029,0,none,0,0,0,0,0,0,0,
77151,0,none,0,0,0,0,0,0,0,
39519,0,none,0,0,0,0,0,0,0,
134267,0,none,0,0,0,0,0,0,0,
147609,0,none,0,0,0,0,0,0,0,
83129,0,none,0,0,0,0,0,0,0,
158109,0,none,0,0,0,0,0,0,0,
111011,0,none,0,0,0,0,0,0,0,
179779,0,none,0,0,0,0,0,0,0,
163974,0,none,0,0,0,0,0,0,0,
127369,0,none,0,0,0,0,0,0,0,
94909,0,none,0,0,0,0,0,0,0,
115274,0,none,0,0,0,0,0,0,0,
176289,0,none,0,0,0,0,0,0,0,
169811,0,none,0,0,0,0,0,0,0,
102053,0,none,0,0,0,0,0,0,0,
159487,0,none,0,0,0,0,0,0,0,
158416,0,none,0,0,0,0,0,0,0,
9357,0,none,0,0,0,0,0,0,0,
53337,4,medium,0,0,1,0,0,0,0,format_string
78819,0,none,0,0,0,0,0,0,0,
3025,0,none,0,0,0,0,0,0,0,
160121,0,none,0,0,0,0,0,0,0,
58512,0,none,0,0,0,0,0,0,0,
121013,0,none,0,0,0,0,0,0,0,
77906,0,none,0,0,0,0,0,0,0,
159531,0,none,0,0,0,0,0,0,0,
82780,0,none,0,0,0,0,0,0,0,
179787,5,medium,0,0,0,0,0,1,0,use_after_free
175378,0,none,0,0,0,0,0,0,0,
167800,0,none,0,0,0,0,0,0,0,
147074,0,none,0,0,0,0,0,0,0,
146078,0,none,0,0,0,0,0,0,0,
79493,4,medium,0,0,1,0,0,0,0,format_string
176809,0,none,0,0,0,0,0,0,0,
66686,0,none,0,0,0,0,0,0,0,
212,0,none,0,0,0,0,0,0,0,
72914,0,none,0,0,0,0,0,0,0,
28776,0,none,0,0,0,0,0,0,0,
91426,0,none,0,0,0,0,0,0,0,
170048,0,none,0,0,0,0,0,0,0,
4562,0,none,0,0,0,0,0,0,0,
51848,0,none,0,0,0,0,0,0,0,
19454,0,none,0,0,0,0,0,0,0,
52763,0,none,0,0,0,0,0,0,0,
101061,0,none,0,0,0,0,0,0,0,
19110,0,none,0,0,0,0,0,0,0,
26726,0,none,0,0,0,0,0,0,0,
75078,0,none,0,0,0,0,0,0,0,
180854,0,none,0,0,0,0,0,0,0,
158914,0,none,0,0,0,0,0,0,0,
108047,0,none,0,0,0,0,0,0,0,
18328,0,none,0,0,0,0,0,0,0,
158877,0,none,0,0,0,0,0,0,0,
180353,9,high,0,3,0,0,0,0,0,memcpy_unchecked
125657,0,none,0,0,0,0,0,0,0,
41466,6,medium,0,2,0,0,0,0,0,memcpy_unchecked
68095,0,none,0,0,0,0,0,0,0,
101254,0,none,0,0,0,0,0,0,0,
61531,0,none,0,0,0,0,0,0,0,
147007,0,none,0,0,0,0,0,0,0,
130849,0,none,0,0,0,0,0,0,0,
185741,0,none,0,0,0,0,0,0,0,
180545,0,none,0,0,0,0,0,0,0,
26857,0,none,0,0,0,0,0,0,0,
21304,0,none,0,0,0,0,0,0,0,
103612,0,none,0,0,0,0,0,0,0,
109830,0,none,0,0,0,0,0,0,0,
134704,0,none,0,0,0,0,0,0,0,
178153,0,none,0,0,0,0,0,0,0,
94717,0,none,0,0,0,0,0,0,0,
21863,0,none,0,0,0,0,0,0,0,
108466,0,none,0,0,0,0,0,0,0,
141332,0,none,0,0,0,0,0,0,0,
160055,0,none,0,0,0,0,0,0,0,
79260,0,none,0,0,0,0,0,0,0,
86939,0,none,0,0,0,0,0,0,0,
74706,0,none,0,0,0,0,0,0,0,
69650,0,none,0,0,0,0,0,0,0,
66534,0,none,0,0,0,0,0,0,0,
55854,2,low,0,0,0,0,0,0,1,size_int_overflow
171913,0,none,0,0,0,0,0,0,0,
146359,0,none,0,0,0,0,0,0,0,
147796,0,none,0,0,0,0,0,0,0,
102006,0,none,0,0,0,0,0,0,0,
127289,0,none,0,0,0,0,0,0,0,
115733,0,none,0,0,0,0,0,0,0,
131391,0,none,0,0,0,0,0,0,0,
99917,0,none,0,0,0,0,0,0,0,
93244,0,none,0,0,0,0,0,0,0,
46343,0,none,0,0,0,0,0,0,0,
109050,0,none,0,0,0,0,0,0,0,
114968,0,none,0,0,0,0,0,0,0,
8610,0,none,0,0,0,0,0,0,0,
122783,0,none,0,0,0,0,0,0,0,
151662,0,none,0,0,0,0,0,0,0,
88049,0,none,0,0,0,0,0,0,0,
115337,0,none,0,0,0,0,0,0,0,
53033,0,none,0,0,0,0,0,0,0,
104619,0,none,0,0,0,0,0,0,0,
113695,0,none,0,0,0,0,0,0,0,
80295,0,none,0,0,0,0,0,0,0,
156281,0,none,0,0,0,0,0,0,0,
164321,0,none,0,0,0,0,0,0,0,
159806,0,none,0,0,0,0,0,0,0,
79617,0,none,0,0,0,0,0,0,0,
9368,0,none,0,0,0,0,0,0,0,
22200,0,none,0,0,0,0,0,0,0,
23519,0,none,0,0,0,0,0,0,0,
131998,0,none,0,0,0,0,0,0,0,
71714,0,none,0,0,0,0,0,0,0,
134529,0,none,0,0,0,0,0,0,0,
136271,0,none,0,0,0,0,0,0,0,
93752,0,none,0,0,0,0,0,0,0,
151444,0,none,0,0,0,0,0,0,0,
79586,0,none,0,0,0,0,0,0,0,
28810,0,none,0,0,0,0,0,0,0,
81633,0,none,0,0,0,0,0,0,0,
122346,0,none,0,0,0,0,0,0,0,
128543,0,none,0,0,0,0,0,0,0,
11321,0,none,0,0,0,0,0,0,0,
120597,0,none,0,0,0,0,0,0,0,
137509,0,none,0,0,0,0,0,0,0,
77300,0,none,0,0,0,0,0,0,0,
96498,0,none,0,0,0,0,0,0,0,
27697,0,none,0,0,0,0,0,0,0,
69521,7,medium,0,0,0,0,0,1,1,use_after_free;size_int_overflow
156268,0,none,0,0,0,0,0,0,0,
472,0,none,0,0,0,0,0,0,0,
138326,0,none,0,0,0,0,0,0,0,
144493,0,none,0,0,0,0,0,0,0,
179523,0,none,0,0,0,0,0,0,0,
1681,3,low,0,1,0,0,0,0,0,memcpy_unchecked
124548,0,none,0,0,0,0,0,0,0,
8273,0,none,0,0,0,0,0,0,0,
121439,0,none,0,0,0,0,0,0,0,
3939,0,none,0,0,0,0,0,0,0,
183275,0,none,0,0,0,0,0,0,0,
174452,0,none,0,0,0,0,0,0,0,
130960,0,none,0,0,0,0,0,0,0,
75590,0,none,0,0,0,0,0,0,0,
77380,0,none,0,0,0,0,0,0,0,
176458,0,none,0,0,0,0,0,0,0,
66615,0,none,0,0,0,0,0,0,0,
162369,0,none,0,0,0,0,0,0,0,
24538,0,none,0,0,0,0,0,0,0,
61402,0,none,0,0,0,0,0,0,0,
37832,0,none,0,0,0,0,0,0,0,
177605,0,none,0,0,0,0,0,0,0,
174775,0,none,0,0,0,0,0,0,0,
2715,0,none,0,0,0,0,0,0,0,
152235,0,none,0,0,0,0,0,0,0,
170595,0,none,0,0,0,0,0,0,0,
14215,0,none,0,0,0,0,0,0,0,
12439,0,none,0,0,0,0,0,0,0,
88187,0,none,0,0,0,0,0,0,0,
108115,0,none,0,0,0,0,0,0,0,
97205,0,none,0,0,0,0,0,0,0,
100941,0,none,0,0,0,0,0,0,0,
171259,0,none,0,0,0,0,0,0,0,
116004,0,none,0,0,0,0,0,0,0,
105312,0,none,0,0,0,0,0,0,0,
140412,0,none,0,0,0,0,0,0,0,
96489,0,none,0,0,0,0,0,0,0,
38076,0,none,0,0,0,0,0,0,0,
78438,0,none,0,0,0,0,0,0,0,
124438,0,none,0,0,0,0,0,0,0,
166928,0,none,0,0,0,0,0,0,0,
124887,0,none,0,0,0,0,0,0,0,
121685,0,none,0,0,0,0,0,0,0,
33149,0,none,0,0,0,0,0,0,0,
121148,0,none,0,0,0,0,0,0,0,
94489,0,none,0,0,0,0,0,0,0,
76800,0,none,0,0,0,0,0,0,0,
178323,4,medium,0,0,0,2,0,0,0,unchecked_alloc
58864,0,none,0,0,0,0,0,0,0,
65130,0,none,0,0,0,0,0,0,0,
169308,0,none,0,0,0,0,0,0,0,
89063,0,none,0,0,0,0,0,0,0,
109796,0,none,0,0,0,0,0,0,0,
184802,0,none,0,0,0,0,0,0,0,
145052,0,none,0,0,0,0,0,0,0,
126560,0,none,0,0,0,0,0,0,0,
153947,0,none,0,0,0,0,0,0,0,
35524,0,none,0,0,0,0,0,0,0,
162099,0,none,0,0,0,0,0,0,0,
119667,0,none,0,0,0,0,0,0,0,
74131,0,none,0,0,0,0,0,0,0,
84940,0,none,0,0,0,0,0,0,0,
29738,0,none,0,0,0,0,0,0,0,
68249,0,none,0,0,0,0,0,0,0,
23132,0,none,0,0,0,0,0,0,0,
73508,0,none,0,0,0,0,0,0,0,
10210,0,none,0,0,0,0,0,0,0,
18248,6,medium,0,2,0,0,0,0,0,memcpy_unchecked
171283,0,none,0,0,0,0,0,0,0,
130345,0,none,0,0,0,0,0,0,0,
83570,0,none,0,0,0,0,0,0,0,
12728,0,none,0,0,0,0,0,0,0,
10639,0,none,0,0,0,0,0,0,0,
170729,0,none,0,0,0,0,0,0,0,
105787,0,none,0,0,0,0,0,0,0,
123217,0,none,0,0,0,0,0,0,0,
169243,0,none,0,0,0,0,0,0,0,
20756,0,none,0,0,0,0,0,0,0,
34150,0,none,0,0,0,0,0,0,0,
91468,0,none,0,0,0,0,0,0,0,
122725,0,none,0,0,0,0,0,0,0,
137608,0,none,0,0,0,0,0,0,0,
44793,6,medium,0,2,0,0,0,0,0,memcpy_unchecked
37988,0,none,0,0,0,0,0,0,0,
96348,0,none,0,0,0,0,0,0,0,
63100,0,none,0,0,0,0,0,0,0,
28864,0,none,0,0,0,0,0,0,0,
54044,0,none,0,0,0,0,0,0,0,
5065,0,none,0,0,0,0,0,0,0,
136174,0,none,0,0,0,0,0,0,0,
145005,0,none,0,0,0,0,0,0,0,
160746,0,none,0,0,0,0,0,0,0,
78923,0,none,0,0,0,0,0,0,0,
55353,0,none,0,0,0,0,0,0,0,
151074,0,none,0,0,0,0,0,0,0,
61626,0,none,0,0,0,0,0,0,0,
42358,0,none,0,0,0,0,0,0,0,
65598,0,none,0,0,0,0,0,0,0,
85190,0,none,0,0,0,0,0,0,0,
135229,0,none,0,0,0,0,0,0,0,
45727,0,none,0,0,0,0,0,0,0,
172730,0,none,0,0,0,0,0,0,0,
120890,0,none,0,0,0,0,0,0,0,
78956,0,none,0,0,0,0,0,0,0,
11254,0,none,0,0,0,0,0,0,0,
178917,2,low,0,0,0,0,0,0,1,size_int_overflow
182310,0,none,0,0,0,0,0,0,0,
31790,0,none,0,0,0,0,0,0,0,
181656,0,none,0,0,0,0,0,0,0,
90711,0,none,0,0,0,0,0,0,0,
23119,0,none,0,0,0,0,0,0,0,
51916,0,none,0,0,0,0,0,0,0,
126363,0,none,0,0,0,0,0,0,0,
48818,0,none,0,0,0,0,0,0,0,
106350,0,none,0,0,0,0,0,0,0,
177745,0,none,0,0,0,0,0,0,0,
77938,0,none,0,0,0,0,0,0,0,
40972,0,none,0,0,0,0,0,0,0,
132277,0,none,0,0,0,0,0,0,0,
145315,0,none,0,0,0,0,0,0,0,
16021,0,none,0,0,0,0,0,0,0,
25990,0,none,0,0,0,0,0,0,0,
36502,0,none,0,0,0,0,0,0,0,
113990,0,none,0,0,0,0,0,0,0,
20186,0,none,0,0,0,0,0,0,0,
25448,0,none,0,0,0,0,0,0,0,
14558,0,none,0,0,0,0,0,0,0,
59124,0,none,0,0,0,0,0,0,0,
68080,0,none,0,0,0,0,0,0,0,
42340,0,none,0,0,0,0,0,0,0,
45148,0,none,0,0,0,0,0,0,0,
127570,0,none,0,0,0,0,0,0,0,
3713,0,none,0,0,0,0,0,0,0,
128200,0,none,0,0,0,0,0,0,0,
132860,0,none,0,0,0,0,0,0,0,
15495,0,none,0,0,0,0,0,0,0,
94728,0,none,0,0,0,0,0,0,0,
40238,0,none,0,0,0,0,0,0,0,
30117,0,none,0,0,0,0,0,0,0,
68222,0,none,0,0,0,0,0,0,0,
188406,0,none,0,0,0,0,0,0,0,
2446,3,low,0,1,0,0,0,0,0,memcpy_unchecked
8660,0,none,0,0,0,0,0,0,0,
75679,0,none,0,0,0,0,0,0,0,
168943,0,none,0,0,0,0,0,0,0,
60408,0,none,0,0,0,0,0,0,0,
104936,0,none,0,0,0,0,0,0,0,
45539,0,none,0,0,0,0,0,0,0,
177619,0,none,0,0,0,0,0,0,0,
30734,0,none,0,0,0,0,0,0,0,
14808,0,none,0,0,0,0,0,0,0,
64563,0,none,0,0,0,0,0,0,0,
174656,0,none,0,0,0,0,0,0,0,
7660,6,medium,1,1,0,0,0,0,0,unsafe_func;memcpy_unchecked
22285,0,none,0,0,0,0,0,0,0,
96763,0,none,0,0,0,0,0,0,0,
88625,0,none,0,0,0,0,0,0,0,
102501,0,none,0,0,0,0,0,0,0,
62438,0,none,0,0,0,0,0,0,0,
87919,0,none,0,0,0,0,0,0,0,
8680,3,low,0,1,0,0,0,0,0,memcpy_unchecked
130145,0,none,0,0,0,0,0,0,0,
58092,0,none,0,0,0,0,0,0,0,
123093,0,none,0,0,0,0,0,0,0,
174094,0,none,0,0,0,0,0,0,0,
82961,0,none,0,0,0,0,0,0,0,
129052,0,none,0,0,0,0,0,0,0,
86696,0,none,0,0,0,0,0,0,0,
135765,0,none,0,0,0,0,0,0,0,
9101,0,none,0,0,0,0,0,0,0,
87345,0,none,0,0,0,0,0,0,0,
121620,0,none,0,0,0,0,0,0,0,
37697,0,none,0,0,0,0,0,0,0,
135076,0,none,0,0,0,0,0,0,0,
105005,0,none,0,0,0,0,0,0,0,
82793,0,none,0,0,0,0,0,0,0,
79622,0,none,0,0,0,0,0,0,0,
66068,5,medium,0,1,0,0,0,0,1,memcpy_unchecked;size_int_overflow
9653,0,none,0,0,0,0,0,0,0,
72619,0,none,0,0,0,0,0,0,0,
169917,0,none,0,0,0,0,0,0,0,
47886,0,none,0,0,0,0,0,0,0,
21240,0,none,0,0,0,0,0,0,0,
31779,0,none,0,0,0,0,0,0,0,
90812,0,none,0,0,0,0,0,0,0,
159120,0,none,0,0,0,0,0,0,0,
43184,0,none,0,0,0,0,0,0,0,
120290,0,none,0,0,0,0,0,0,0,
18405,0,none,0,0,0,0,0,0,0,
37584,0,none,0,0,0,0,0,0,0,
39599,0,none,0,0,0,0,0,0,0,
90454,0,none,0,0,0,0,0,0,0,
88954,0,none,0,0,0,0,0,0,0,
143602,0,none,0,0,0,0,0,0,0,
187133,0,none,0,0,0,0,0,0,0,
14424,0,none,0,0,0,0,0,0,0,
100609,0,none,0,0,0,0,0,0,0,
60501,0,none,0,0,0,0,0,0,0,
120051,0,none,0,0,0,0,0,0,0,
91724,0,none,0,0,0,0,0,0,0,
132506,0,none,0,0,0,0,0,0,0,
149700,0,none,0,0,0,0,0,0,0,
133781,0,none,0,0,0,0,0,0,0,
36989,0,none,0,0,0,0,0,0,0,
57945,0,none,0,0,0,0,0,0,0,
109577,0,none,0,0,0,0,0,0,0,
118626,0,none,0,0,0,0,0,0,0,
83191,0,none,0,0,0,0,0,0,0,
112887,0,none,0,0,0,0,0,0,0,
31557,0,none,0,0,0,0,0,0,0,
35835,0,none,0,0,0,0,0,0,0,
178429,0,none,0,0,0,0,0,0,0,
187417,0,none,0,0,0,0,0,0,0,
95225,0,none,0,0,0,0,0,0,0,
121737,0,none,0,0,0,0,0,0,0,
114797,0,none,0,0,0,0,0,0,0,
80980,0,none,0,0,0,0,0,0,0,
75368,0,none,0,0,0,0,0,0,0,
43752,0,none,0,0,0,0,0,0,0,
151394,0,none,0,0,0,0,0,0,0,
67809,0,none,0,0,0,0,0,0,0,
34090,3,low,0,1,0,0,0,0,0,memcpy_unchecked
76218,0,none,0,0,0,0,0,0,0,
7688,0,none,0,0,0,0,0,0,0,
149128,0,none,0,0,0,0,0,0,0,
101029,0,none,0,0,0,0,0,0,0,
84865,0,none,0,0,0,0,0,0,0,
132733,0,none,0,0,0,0,0,0,0,
65095,0,none,0,0,0,0,0,0,0,
18696,0,none,0,0,0,0,0,0,0,
9530,0,none,0,0,0,0,0,0,0,
65054,0,none,0,0,0,0,0,0,0,
181397,0,none,0,0,0,0,0,0,0,
163777,0,none,0,0,0,0,0,0,0,
11154,0,none,0,0,0,0,0,0,0,
92961,0,none,0,0,0,0,0,0,0,
38372,0,none,0,0,0,0,0,0,0,
167491,0,none,0,0,0,0,0,0,0,
16650,0,none,0,0,0,0,0,0,0,
115239,0,none,0,0,0,0,0,0,0,
181628,0,none,0,0,0,0,0,0,0,
140623,0,none,0,0,0,0,0,0,0,
93253,0,none,0,0,0,0,0,0,0,
132134,0,none,0,0,0,0,0,0,0,
80248,0,none,0,0,0,0,0,0,0,
169300,0,none,0,0,0,0,0,0,0,
55657,0,none,0,0,0,0,0,0,0,
59558,0,none,0,0,0,0,0,0,0,
16897,0,none,0,0,0,0,0,0,0,
90585,0,none,0,0,0,0,0,0,0,
34368,0,none,0,0,0,0,0,0,0,
75064,0,none,0,0,0,0,0,0,0,
38175,0,none,0,0,0,0,0,0,0,
119043,0,none,0,0,0,0,0,0,0,
154875,0,none,0,0,0,0,0,0,0,
173312,0,none,0,0,0,0,0,0,0,
70036,0,none,0,0,0,0,0,0,0,
107298,0,none,0,0,0,0,0,0,0,
482,0,none,0,0,0,0,0,0,0,
36975,0,none,0,0,0,0,0,0,0,
175163,0,none,0,0,0,0,0,0,0,
119750,0,none,0,0,0,0,0,0,0,
169649,0,none,0,0,0,0,0,0,0,
140161,0,none,0,0,0,0,0,0,0,
54390,3,low,1,0,0,0,0,0,0,unsafe_func
174751,0,none,0,0,0,0,0,0,0,
142562,0,none,0,0,0,0,0,0,0,
135420,0,none,0,0,0,0,0,0,0,
61817,0,none,0,0,0,0,0,0,0,
43963,0,none,0,0,0,0,0,0,0,
49274,0,none,0,0,0,0,0,0,0,
101470,0,none,0,0,0,0,0,0,0,
135201,0,none,0,0,0,0,0,0,0,
171907,0,none,0,0,0,0,0,0,0,
133759,0,none,0,0,0,0,0,0,0,
9335,0,none,0,0,0,0,0,0,0,
107306,0,none,0,0,0,0,0,0,0,
16946,0,none,0,0,0,0,0,0,0,
165672,0,none,0,0,0,0,0,0,0,
136618,0,none,0,0,0,0,0,0,0,
158785,0,none,0,0,0,0,0,0,0,
107895,0,none,0,0,0,0,0,0,0,
51382,0,none,0,0,0,0,0,0,0,
72380,0,none,0,0,0,0,0,0,0,
151429,0,none,0,0,0,0,0,0,0,
5859,0,none,0,0,0,0,0,0,0,
89481,3,low,1,0,0,0,0,0,0,unsafe_func
113447,0,none,0,0,0,0,0,0,0,
72371,0,none,0,0,0,0,0,0,0,
35627,0,none,0,0,0,0,0,0,0,
179845,0,none,0,0,0,0,0,0,0,
91051,0,none,0,0,0,0,0,0,0,
30044,0,none,0,0,0,0,0,0,0,
166589,0,none,0,0,0,0,0,0,0,
88710,9,high,4,0,0,0,0,0,0,unsafe_func
161950,0,none,0,0,0,0,0,0,0,
155007,0,none,0,0,0,0,0,0,0,
168435,0,none,0,0,0,0,0,0,0,
82805,0,none,0,0,0,0,0,0,0,
111100,0,none,0,0,0,0,0,0,0,
181070,0,none,0,0,0,0,0,0,0,
7476,0,none,0,0,0,0,0,0,0,
106794,0,none,0,0,0,0,0,0,0,
46803,0,none,0,0,0,0,0,0,0,
115684,0,none,0,0,0,0,0,0,0,
113531,0,none,0,0,0,0,0,0,0,
131727,0,none,0,0,0,0,0,0,0,
165558,0,none,0,0,0,0,0,0,0,
158181,0,none,0,0,0,0,0,0,0,
56017,0,none,0,0,0,0,0,0,0,
99998,0,none,0,0,0,0,0,0,0,
90043,0,none,0,0,0,0,0,0,0,
73034,0,none,0,0,0,0,0,0,0,
101962,0,none,0,0,0,0,0,0,0,
162043,0,none,0,0,0,0,0,0,0,
96681,12,high,0,0,0,0,0,2,1,use_after_free;size_int_overflow
169499,0,none,0,0,0,0,0,0,0,
174085,0,none,0,0,0,0,0,0,0,
31194,0,none,0,0,0,0,0,0,0,
39401,0,none,0,0,0,0,0,0,0,
126352,0,none,0,0,0,0,0,0,0,
92045,0,none,0,0,0,0,0,0,0,
95193,0,none,0,0,0,0,0,0,0,
26503,0,none,0,0,0,0,0,0,0,
185466,0,none,0,0,0,0,0,0,0,
167522,0,none,0,0,0,0,0,0,0,
174203,0,none,0,0,0,0,0,0,0,
40374,0,none,0,0,0,0,0,0,0,
12813,3,low,0,1,0,0,0,0,0,memcpy_unchecked
23815,0,none,0,0,0,0,0,0,0,
152685,0,none,0,0,0,0,0,0,0,
85762,0,none,0,0,0,0,0,0,0,
149075,0,none,0,0,0,0,0,0,0,
164681,0,none,0,0,0,0,0,0,0,
109302,0,none,0,0,0,0,0,0,0,
37605,0,none,0,0,0,0,0,0,0,
165751,0,none,0,0,0,0,0,0,0,
140296,0,none,0,0,0,0,0,0,0,
60277,0,none,0,0,0,0,0,0,0,
52384,0,none,0,0,0,0,0,0,0,
167696,0,none,0,0,0,0,0,0,0,
162401,0,none,0,0,0,0,0,0,0,
7974,0,none,0,0,0,0,0,0,0,
128142,0,none,0,0,0,0,0,0,0,
125434,0,none,0,0,0,0,0,0,0,
36095,0,none,0,0,0,0,0,0,0,
10439,0,none,0,0,0,0,0,0,0,
88612,0,none,0,0,0,0,0,0,0,
49945,0,none,0,0,0,0,0,0,0,
79077,0,none,0,0,0,0,0,0,0,
113559,0,none,0,0,0,0,0,0,0,
47807,0,none,0,0,0,0,0,0,0,
27943,0,none,0,0,0,0,0,0,0,
52920,0,none,0,0,0,0,0,0,0,
124142,0,none,0,0,0,0,0,0,0,
78134,0,none,0,0,0,0,0,0,0,
148059,0,none,0,0,0,0,0,0,0,
35576,0,none,0,0,0,0,0,0,0,
164779,0,none,0,0,0,0,0,0,0,
184403,0,none,0,0,0,0,0,0,0,
112184,0,none,0,0,0,0,0,0,0,
71668,0,none,0,0,0,0,0,0,0,
118755,0,none,0,0,0,0,0,0,0,
184960,0,none,0,0,0,0,0,0,0,
53456,0,none,0,0,0,0,0,0,0,
79625,0,none,0,0,0,0,0,0,0,
56975,0,none,0,0,0,0,0,0,0,
96956,0,none,0,0,0,0,0,0,0,
41196,0,none,0,0,0,0,0,0,0,
173875,0,none,0,0,0,0,0,0,0,
129401,0,none,0,0,0,0,0,0,0,
159102,0,none,0,0,0,0,0,0,0,
71527,0,none,0,0,0,0,0,0,0,
49600,0,none,0,0,0,0,0,0,0,
9359,0,none,0,0,0,0,0,0,0,
60463,0,none,0,0,0,0,0,0,0,
44387,0,none,0,0,0,0,0,0,0,
119915,0,none,0,0,0,0,0,0,0,
92138,7,medium,0,0,0,0,0,1,1,use_after_free;size_int_overflow
126359,0,none,0,0,0,0,0,0,0,
143621,0,none,0,0,0,0,0,0,0,
156114,0,none,0,0,0,0,0,0,0,
15504,0,none,0,0,0,0,0,0,0,
145192,0,none,0,0,0,0,0,0,0,
142148,0,none,0,0,0,0,0,0,0,
127873,0,none,0,0,0,0,0,0,0,
100858,0,none,0,0,0,0,0,0,0,
85950,0,none,0,0,0,0,0,0,0,
180424,0,none,0,0,0,0,0,0,0,
119114,0,none,0,0,0,0,0,0,0,
137288,0,none,0,0,0,0,0,0,0,
168087,0,none,0,0,0,0,0,0,0,
3617,0,none,0,0,0,0,0,0,0,
88149,0,none,0,0,0,0,0,0,0,
103428,0,none,0,0,0,0,0,0,0,
10761,9,high,0,3,0,0,0,0,0,memcpy_unchecked
131487,0,none,0,0,0,0,0,0,0,
116636,0,none,0,0,0,0,0,0,0,
116734,0,none,0,0,0,0,0,0,0,
86021,0,none,0,0,0,0,0,0,0,
57366,0,none,0,0,0,0,0,0,0,
72341,0,none,0,0,0,0,0,0,0,
67112,0,none,0,0,0,0,0,0,0,
167647,0,none,0,0,0,0,0,0,0,
35034,0,none,0,0,0,0,0,0,0,
85475,0,none,0,0,0,0,0,0,0,
152412,0,none,0,0,0,0,0,0,0,
73219,0,none,0,0,0,0,0,0,0,
127743,0,none,0,0,0,0,0,0,0,
158274,0,none,0,0,0,0,0,0,0,
183533,0,none,0,0,0,0,0,0,0,
19457,0,none,0,0,0,0,0,0,0,
97468,0,none,0,0,0,0,0,0,0,
53246,0,none,0,0,0,0,0,0,0,
167436,0,none,0,0,0,0,0,0,0,
4020,0,none,0,0,0,0,0,0,0,
101492,0,none,0,0,0,0,0,0,0,
57784,0,none,0,0,0,0,0,0,0,
128897,0,none,0,0,0,0,0,0,0,
9971,0,none,0,0,0,0,0,0,0,
116208,0,none,0,0,0,0,0,0,0,
111832,0,none,0,0,0,0,0,0,0,
34180,0,none,0,0,0,0,0,0,0,
40801,0,none,0,0,0,0,0,0,0,
154219,0,none,0,0,0,0,0,0,0,
152104,0,none,0,0,0,0,0,0,0,
178079,0,none,0,0,0,0,0,0,0,
111885,0,none,0,0,0,0,0,0,0,
39880,0,none,0,0,0,0,0,0,0,
160449,0,none,0,0,0,0,0,0,0,
108001,0,none,0,0,0,0,0,0,0,
159642,0,none,0,0,0,0,0,0,0,
59927,0,none,0,0,0,0,0,0,0,
13870,0,none,0,0,0,0,0,0,0,
29686,0,none,0,0,0,0,0,0,0,
166864,0,none,0,0,0,0,0,0,0,
101817,0,none,0,0,0,0,0,0,0,
62085,0,none,0,0,0,0,0,0,0,
6352,0,none,0,0,0,0,0,0,0,
6029,0,none,0,0,0,0,0,0,0,
138099,0,none,0,0,0,0,0,0,0,
136736,0,none,0,0,0,0,0,0,0,
91278,0,none,0,0,0,0,0,0,0,
60515,0,none,0,0,0,0,0,0,0,
185976,0,none,0,0,0,0,0,0,0,
56942,0,none,0,0,0,0,0,0,0,
139554,0,none,0,0,0,0,0,0,0,
10765,0,none,0,0,0,0,0,0,0,
113134,0,none,0,0,0,0,0,0,0,
64738,0,none,0,0,0,0,0,0,0,
176829,0,none,0,0,0,0,0,0,0,
85686,0,none,0,0,0,0,0,0,0,
184838,0,none,0,0,0,0,0,0,0,
175227,0,none,0,0,0,0,0,0,0,
138149,0,none,0,0,0,0,0,0,0,
148778,0,none,0,0,0,0,0,0,0,
145507,0,none,0,0,0,0,0,0,0,
24877,0,none,0,0,0,0,0,0,0,
18489,0,none,0,0,0,0,0,0,0,
126196,0,none,0,0,0,0,0,0,0,
106950,0,none,0,0,0,0,0,0,0,
49194,0,none,0,0,0,0,0,0,0,
5478,0,none,0,0,0,0,0,0,0,
48117,0,none,0,0,0,0,0,0,0,
12459,0,none,0,0,0,0,0,0,0,
32406,0,none,0,0,0,0,0,0,0,
36329,0,none,0,0,0,0,0,0,0,
176509,0,none,0,0,0,0,0,0,0,
154838,0,none,0,0,0,0,0,0,0,
10242,0,none,0,0,0,0,0,0,0,
35613,0,none,0,0,0,0,0,0,0,
18513,0,none,0,0,0,0,0,0,0,
33670,0,none,0,0,0,0,0,0,0,
33171,0,none,0,0,0,0,0,0,0,
40649,0,none,0,0,0,0,0,0,0,
122959,0,none,0,0,0,0,0,0,0,
154179,0,none,0,0,0,0,0,0,0,
101899,0,none,0,0,0,0,0,0,0,
111596,0,none,0,0,0,0,0,0,0,
5196,0,none,0,0,0,0,0,0,0,
116891,0,none,0,0,0,0,0,0,0,
37761,0,none,0,0,0,0,0,0,0,
177214,0,none,0,0,0,0,0,0,0,
132713,0,none,0,0,0,0,0,0,0,
128949,0,none,0,0,0,0,0,0,0,
174616,0,none,0,0,0,0,0,0,0,
87710,6,medium,0,2,0,0,0,0,0,memcpy_unchecked
98551,0,none,0,0,0,0,0,0,0,
65572,0,none,0,0,0,0,0,0,0,
36588,0,none,0,0,0,0,0,0,0,
46864,0,none,0,0,0,0,0,0,0,
131525,0,none,0,0,0,0,0,0,0,
176851,0,none,0,0,0,0,0,0,0,
3549,0,none,0,0,0,0,0,0,0,
95969,0,none,0,0,0,0,0,0,0,
75843,0,none,0,0,0,0,0,0,0,
88805,2,low,0,0,0,0,0,0,1,size_int_overflow
168871,0,none,0,0,0,0,0,0,0,
64352,0,none,0,0,0,0,0,0,0,
70132,0,none,0,0,0,0,0,0,0,
13986,0,none,0,0,0,0,0,0,0,
34178,0,none,0,0,0,0,0,0,0,
168665,0,none,0,0,0,0,0,0,0,
53093,0,none,0,0,0,0,0,0,0,
165005,0,none,0,0,0,0,0,0,0,
67239,0,none,0,0,0,0,0,0,0,
61332,0,none,0,0,0,0,0,0,0,
179199,0,none,0,0,0,0,0,0,0,
120086,0,none,0,0,0,0,0,0,0,
27386,6,medium,0,2,0,0,0,0,0,memcpy_unchecked
11675,0,none,0,0,0,0,0,0,0,
80101,0,none,0,0,0,0,0,0,0,
76185,0,none,0,0,0,0,0,0,0,
27317,0,none,0,0,0,0,0,0,0,
79865,0,none,0,0,0,0,0,0,0,
122430,0,none,0,0,0,0,0,0,0,
169311,0,none,0,0,0,0,0,0,0,
5324,0,none,0,0,0,0,0,0,0,
105676,0,none,0,0,0,0,0,0,0,
48835,0,none,0,0,0,0,0,0,0,
142411,0,none,0,0,0,0,0,0,0,
165646,0,none,0,0,0,0,0,0,0,
185426,0,none,0,0,0,0,0,0,0,
176269,0,none,0,0,0,0,0,0,0,
65947,0,none,0,0,0,0,0,0,0,
98573,0,none,0,0,0,0,0,0,0,
103151,0,none,0,0,0,0,0,0,0,
172809,0,none,0,0,0,0,0,0,0,
74060,0,none,0,0,0,0,0,0,0,
32477,0,none,0,0,0,0,0,0,0,
77463,0,none,0,0,0,0,0,0,0,
69645,0,none,0,0,0,0,0,0,0,
135816,0,none,0,0,0,0,0,0,0,
95597,0,none,0,0,0,0,0,0,0,
30235,0,none,0,0,0,0,0,0,0,
162066,0,none,0,0,0,0,0,0,0,
107417,0,none,0,0,0,0,0,0,0,
106094,0,none,0,0,0,0,0,0,0,
180449,0,none,0,0,0,0,0,0,0,
167488,0,none,0,0,0,0,0,0,0,
94993,0,none,0,0,0,0,0,0,0,
113978,0,none,0,0,0,0,0,0,0,
5354,0,none,0,0,0,0,0,0,0,
20754,0,none,0,0,0,0,0,0,0,
64796,5,medium,0,1,0,0,0,0,1,memcpy_unchecked;size_int_overflow
76998,0,none,0,0,0,0,0,0,0,
159700,0,none,0,0,0,0,0,0,0,
68215,0,none,0,0,0,0,0,0,0,
105346,0,none,0,0,0,0,0,0,0,
176678,0,none,0,0,0,0,0,0,0,
62051,0,none,0,0,0,0,0,0,0,
114851,0,none,0,0,0,0,0,0,0,
41414,0,none,0,0,0,0,0,0,0,
77970,0,none,0,0,0,0,0,0,0,
64964,0,none,0,0,0,0,0,0,0,
34280,0,none,0,0,0,0,0,0,0,
93272,0,none,0,0,0,0,0,0,0,
109286,0,none,0,0,0,0,0,0,0,
100991,0,none,0,0,0,0,0,0,0,
42150,0,none,0,0,0,0,0,0,0,
67778,0,none,0,0,0,0,0,0,0,
164196,0,none,0,0,0,0,0,0,0,
161607,0,none,0,0,0,0,0,0,0,
7086,0,none,0,0,0,0,0,0,0,
175696,0,none,0,0,0,0,0,0,0,
150034,0,none,0,0,0,0,0,0,0,
71176,0,none,0,0,0,0,0,0,0,
52086,0,none,0,0,0,0,0,0,0,
71847,0,none,0,0,0,0,0,0,0,
116010,0,none,0,0,0,0,0,0,0,
95046,0,none,0,0,0,0,0,0,0,
13052,0,none,0,0,0,0,0,0,0,
109224,0,none,0,0,0,0,0,0,0,
127857,0,none,0,0,0,0,0,0,0,
37548,0,none,0,0,0,0,0,0,0,
131045,0,none,0,0,0,0,0,0,0,
167697,0,none,0,0,0,0,0,0,0,
66285,0,none,0,0,0,0,0,0,0,
130020,0,none,0,0,0,0,0,0,0,
45294,0,none,0,0,0,0,0,0,0,
13767,0,none,0,0,0,0,0,0,0,
42022,0,none,0,0,0,0,0,0,0,
138247,0,none,0,0,0,0,0,0,0,
12033,0,none,0,0,0,0,0,0,0,
120298,0,none,0,0,0,0,0,0,0,
69339,3,low,0,1,0,0,0,0,0,memcpy_unchecked
120417,0,none,0,0,0,0,0,0,0,
69246,0,none,0,0,0,0,0,0,0,
180628,0,none,0,0,0,0,0,0,0,
27817,0,none,0,0,0,0,0,0,0,
28403,0,none,0,0,0,0,0,0,0,
80817,0,none,0,0,0,0,0,0,0,
116355,0,none,0,0,0,0,0,0,0,
77753,0,none,0,0,0,0,0,0,0,
127476,0,none,0,0,0,0,0,0,0,
90350,0,none,0,0,0,0,0,0,0,
2408,0,none,0,0,0,0,0,0,0,
163422,0,none,0,0,0,0,0,0,0,
186842,0,none,0,0,0,0,0,0,0,
84280,0,none,0,0,0,0,0,0,0,
163466,0,none,0,0,0,0,0,0,0,
119745,0,none,0,0,0,0,0,0,0,
141574,0,none,0,0,0,0,0,0,0,
12685,0,none,0,0,0,0,0,0,0,
144810,0,none,0,0,0,0,0,0,0,
52201,0,none,0,0,0,0,0,0,0,
149333,0,none,0,0,0,0,0,0,0,
37818,0,none,0,0,0,0,0,0,0,
49305,0,none,0,0,0,0,0,0,0,
121963,0,none,0,0,0,0,0,0,0,
117481,0,none,0,0,0,0,0,0,0,
169629,0,none,0,0,0,0,0,0,0,
79139,0,none,0,0,0,0,0,0,0,
79800,0,none,0,0,0,0,0,0,0,
24571,0,none,0,0,0,0,0,0,0,
166555,0,none,0,0,0,0,0,0,0,
67268,0,none,0,0,0,0,0,0,0,
153590,0,none,0,0,0,0,0,0,0,
79076,0,none,0,0,0,0,0,0,0,
13583,0,none,0,0,0,0,0,0,0,
96246,0,none,0,0,0,0,0,0,0,
180126,0,none,0,0,0,0,0,0,0,
183409,0,none,0,0,0,0,0,0,0,
46676,0,none,0,0,0,0,0,0,0,
83498,0,none,0,0,0,0,0,0,0,
94874,0,none,0,0,0,0,0,0,0,
132106,0,none,0,0,0,0,0,0,0,
33212,0,none,0,0,0,0,0,0,0,
5621,14,high,8,0,0,0,1,0,0,unsafe_func;double_free
22202,0,none,0,0,0,0,0,0,0,
61433,0,none,0,0,0,0,0,0,0,
80604,0,none,0,0,0,0,0,0,0,
77505,0,none,0,0,0,0,0,0,0,
8778,0,none,0,0,0,0,0,0,0,
110413,0,none,0,0,0,0,0,0,0,
143981,0,none,0,0,0,0,0,0,0,
63561,0,none,0,0,0,0,0,0,0,
91731,0,none,0,0,0,0,0,0,0,
44795,0,none,0,0,0,0,0,0,0,
43176,0,none,0,0,0,0,0,0,0,
133714,0,none,0,0,0,0,0,0,0,
28918,0,none,0,0,0,0,0,0,0,
44439,3,low,0,1,0,0,0,0,0,memcpy_unchecked
180160,0,none,0,0,0,0,0,0,0,
144944,0,none,0,0,0,0,0,0,0,
147439,0,none,0,0,0,0,0,0,0,
156206,0,none,0,0,0,0,0,0,0,
96355,0,none,0,0,0,0,0,0,0,
138751,0,none,0,0,0,0,0,0,0,
12966,0,none,0,0,0,0,0,0,0,
97761,0,none,0,0,0,0,0,0,0,
120067,0,none,0,0,0,0,0,0,0,
129906,0,none,0,0,0,0,0,0,0,
18755,0,none,0,0,0,0,0,0,0,
177361,0,none,0,0,0,0,0,0,0,
129370,0,none,0,0,0,0,0,0,0,
88083,0,none,0,0,0,0,0,0,0,
93638,0,none,0,0,0,0,0,0,0,
180255,0,none,0,0,0,0,0,0,0,
46492,0,none,0,0,0,0,0,0,0,
98650,0,none,0,0,0,0,0,0,0,
20929,0,none,0,0,0,0,0,0,0,
166934,0,none,0,0,0,0,0,0,0,
79524,9,high,0,4,0,0,0,0,0,memcpy_unchecked
100389,0,none,0,0,0,0,0,0,0,
107337,0,none,0,0,0,0,0,0,0,
11811,0,none,0,0,0,0,0,0,0,
95167,0,none,0,0,0,0,0,0,0,
63348,0,none,0,0,0,0,0,0,0,
127633,0,none,0,0,0,0,0,0,0,
9574,0,none,0,0,0,0,0,0,0,
111763,0,none,0,0,0,0,0,0,0,
188240,0,none,0,0,0,0,0,0,0,
154630,0,none,0,0,0,0,0,0,0,
107195,0,none,0,0,0,0,0,0,0,
146958,0,none,0,0,0,0,0,0,0,
78068,0,none,0,0,0,0,0,0,0,
139654,0,none,0,0,0,0,0,0,0,
140303,0,none,0,0,0,0,0,0,0,
19284,10,high,1,0,0,0,0,1,1,unsafe_func;use_after_free;size_int_overflow
104059,0,none,0,0,0,0,0,0,0,
64218,0,none,0,0,0,0,0,0,0,
148968,9,high,0,6,0,0,0,0,0,memcpy_unchecked
21653,0,none,0,0,0,0,0,0,0,
73271,0,none,0,0,0,0,0,0,0,
175557,0,none,0,0,0,0,0,0,0,
54224,0,none,0,0,0,0,0,0,0,
12801,0,none,0,0,0,0,0,0,0,
140897,0,none,0,0,0,0,0,0,0,
40849,0,none,0,0,0,0,0,0,0,
180372,0,none,0,0,0,0,0,0,0,
8227,0,none,0,0,0,0,0,0,0,
36531,0,none,0,0,0,0,0,0,0,
182878,0,none,0,0,0,0,0,0,0,
18770,0,none,0,0,0,0,0,0,0,
62321,0,none,0,0,0,0,0,0,0,
2867,2,low,0,0,0,0,0,0,1,size_int_overflow
13779,0,none,0,0,0,0,0,0,0,
176573,0,none,0,0,0,0,0,0,0,
20229,0,none,0,0,0,0,0,0,0,
36591,10,high,2,0,0,2,0,0,0,unsafe_func;unchecked_alloc
140870,0,none,0,0,0,0,0,0,0,
157174,0,none,0,0,0,0,0,0,0,
72890,0,none,0,0,0,0,0,0,0,
58490,0,none,0,0,0,0,0,0,0,
100982,0,none,0,0,0,0,0,0,0,
177726,0,none,0,0,0,0,0,0,0,
10028,0,none,0,0,0,0,0,0,0,
9402,0,none,0,0,0,0,0,0,0,
119391,0,none,0,0,0,0,0,0,0,
159603,0,none,0,0,0,0,0,0,0,
127246,0,none,0,0,0,0,0,0,0,
41075,0,none,0,0,0,0,0,0,0,
29364,0,none,0,0,0,0,0,0,0,
166489,0,none,0,0,0,0,0,0,0,
31945,0,none,0,0,0,0,0,0,0,
39252,0,none,0,0,0,0,0,0,0,
150922,0,none,0,0,0,0,0,0,0,
174136,0,none,0,0,0,0,0,0,0,
84712,3,low,1,0,0,0,0,0,0,unsafe_func
95691,0,none,0,0,0,0,0,0,0,
181433,11,high,0,3,0,0,0,0,1,memcpy_unchecked;size_int_overflow
121810,0,none,0,0,0,0,0,0,0,
53754,0,none,0,0,0,0,0,0,0,
186376,0,none,0,0,0,0,0,0,0,
102058,0,none,0,0,0,0,0,0,0,
2423,0,none,0,0,0,0,0,0,0,
185517,0,none,0,0,0,0,0,0,0,
127854,0,none,0,0,0,0,0,0,0,
85773,0,none,0,0,0,0,0,0,0,
123533,0,none,0,0,0,0,0,0,0,
156888,0,none,0,0,0,0,0,0,0,
110652,0,none,0,0,0,0,0,0,0,
66790,0,none,0,0,0,0,0,0,0,
135704,0,none,0,0,0,0,0,0,0,
55051,0,none,0,0,0,0,0,0,0,
100699,0,none,0,0,0,0,0,0,0,
152320,0,none,0,0,0,0,0,0,0,
111034,0,none,0,0,0,0,0,0,0,
46047,0,none,0,0,0,0,0,0,0,
101021,0,none,0,0,0,0,0,0,0,
140376,0,none,0,0,0,0,0,0,0,
43588,0,none,0,0,0,0,0,0,0,
174637,0,none,0,0,0,0,0,0,0,
130736,0,none,0,0,0,0,0,0,0,
174848,0,none,0,0,0,0,0,0,0,
60033,15,high,0,0,0,0,3,0,0,double_free
147027,0,none,0,0,0,0,0,0,0,
48663,0,none,0,0,0,0,0,0,0,
138757,0,none,0,0,0,0,0,0,0,
169084,0,none,0,0,0,0,0,0,0,
118930,0,none,0,0,0,0,0,0,0,
108205,0,none,0,0,0,0,0,0,0,
85882,0,none,0,0,0,0,0,0,0,
173684,0,none,0,0,0,0,0,0,0,
32890,0,none,0,0,0,0,0,0,0,
97571,0,none,0,0,0,0,0,0,0,
173315,0,none,0,0,0,0,0,0,0,
103080,0,none,0,0,0,0,0,0,0,
36041,0,none,0,0,0,0,0,0,0,
87324,0,none,0,0,0,0,0,0,0,
94469,0,none,0,0,0,0,0,0,0,
125145,0,none,0,0,0,0,0,0,0,
119732,0,none,0,0,0,0,0,0,0,
119536,0,none,0,0,0,0,0,0,0,
14144,0,none,0,0,0,0,0,0,0,
82770,0,none,0,0,0,0,0,0,0,
171546,0,none,0,0,0,0,0,0,0,
160108,0,none,0,0,0,0,0,0,0,
15710,0,none,0,0,0,0,0,0,0,
175301,0,none,0,0,0,0,0,0,0,
15511,0,none,0,0,0,0,0,0,0,
182736,5,medium,1,0,0,0,0,0,1,unsafe_func;size_int_overflow
53619,0,none,0,0,0,0,0,0,0,
134588,0,none,0,0,0,0,0,0,0,
9136,0,none,0,0,0,0,0,0,0,
36745,0,none,0,0,0,0,0,0,0,
130748,0,none,0,0,0,0,0,0,0,
166918,0,none,0,0,0,0,0,0,0,
100271,0,none,0,0,0,0,0,0,0,
51695,0,none,0,0,0,0,0,0,0,
57645,0,none,0,0,0,0,0,0,0,
19384,0,none,0,0,0,0,0,0,0,
44136,0,none,0,0,0,0,0,0,0,
176905,0,none,0,0,0,0,0,0,0,
160583,0,none,0,0,0,0,0,0,0,
22462,0,none,0,0,0,0,0,0,0,
143491,0,none,0,0,0,0,0,0,0,
145399,0,none,0,0,0,0,0,0,0,
83708,0,none,0,0,0,0,0,0,0,
178505,6,medium,0,0,0,0,0,0,4,size_int_overflow
157884,0,none,0,0,0,0,0,0,0,
3321,0,none,0,0,0,0,0,0,0,
165876,0,none,0,0,0,0,0,0,0,
84322,0,none,0,0,0,0,0,0,0,
115370,0,none,0,0,0,0,0,0,0,
61302,0,none,0,0,0,0,0,0,0,
33707,0,none,0,0,0,0,0,0,0,
69324,0,none,0,0,0,0,0,0,0,
78376,9,high,0,3,0,0,0,0,0,memcpy_unchecked
152555,0,none,0,0,0,0,0,0,0,
152409,0,none,0,0,0,0,0,0,0,
85724,0,none,0,0,0,0,0,0,0,
35188,0,none,0,0,0,0,0,0,0,
142999,0,none,0,0,0,0,0,0,0,
58131,0,none,0,0,0,0,0,0,0,
45387,0,none,0,0,0,0,0,0,0,
77007,0,none,0,0,0,0,0,0,0,
123079,0,none,0,0,0,0,0,0,0,
158393,0,none,0,0,0,0,0,0,0,
138283,0,none,0,0,0,0,0,0,0,
59892,0,none,0,0,0,0,0,0,0,
140931,0,none,0,0,0,0,0,0,0,
19376,0,none,0,0,0,0,0,0,0,
62783,0,none,0,0,0,0,0,0,0,
4007,0,none,0,0,0,0,0,0,0,
85551,0,none,0,0,0,0,0,0,0,
142990,0,none,0,0,0,0,0,0,0,
175518,0,none,0,0,0,0,0,0,0,
132063,0,none,0,0,0,0,0,0,0,
26629,0,none,0,0,0,0,0,0,0,
47240,0,none,0,0,0,0,0,0,0,
73526,0,none,0,0,0,0,0,0,0,
51271,0,none,0,0,0,0,0,0,0,
171460,0,none,0,0,0,0,0,0,0,
135373,0,none,0,0,0,0,0,0,0,
21963,6,medium,0,2,0,0,0,0,0,memcpy_unchecked
126662,0,none,0,0,0,0,0,0,0,
56953,0,none,0,0,0,0,0,0,0,
81810,0,none,0,0,0,0,0,0,0,
89365,0,none,0,0,0,0,0,0,0,
52224,0,none,0,0,0,0,0,0,0,
23328,0,none,0,0,0,0,0,0,0,
458,0,none,0,0,0,0,0,0,0,
43017,0,none,0,0,0,0,0,0,0,
51457,0,none,0,0,0,0,0,0,0,
122381,0,none,0,0,0,0,0,0,0,
58088,0,none,0,0,0,0,0,0,0,
164853,0,none,0,0,0,0,0,0,0,
119541,0,none,0,0,0,0,0,0,0,
67768,3,low,0,1,0,0,0,0,0,memcpy_unchecked
14096,0,none,0,0,0,0,0,0,0,
141303,0,none,0,0,0,0,0,0,0,
154152,0,none,0,0,0,0,0,0,0,
115971,0,none,0,0,0,0,0,0,0,
169357,0,none,0,0,0,0,0,0,0,
128310,0,none,0,0,0,0,0,0,0,
176855,0,none,0,0,0,0,0,0,0,
149990,0,none,0,0,0,0,0,0,0,
133915,0,none,0,0,0,0,0,0,0,
34369,0,none,0,0,0,0,0,0,0,
33281,0,none,0,0,0,0,0,0,0,
184075,0,none,0,0,0,0,0,0,0,
173016,0,none,0,0,0,0,0,0,0,
131004,0,none,0,0,0,0,0,0,0,
110707,0,none,0,0,0,0,0,0,0,
66327,0,none,0,0,0,0,0,0,0,
70794,0,none,0,0,0,0,0,0,0,
131629,0,none,0,0,0,0,0,0,0,
138774,0,none,0,0,0,0,0,0,0,
109960,0,none,0,0,0,0,0,0,0,
79710,0,none,0,0,0,0,0,0,0,
161154,0,none,0,0,0,0,0,0,0,
45859,0,none,0,0,0,0,0,0,0,
56159,0,none,0,0,0,0,0,0,0,
78359,2,low,0,0,0,0,0,0,1,size_int_overflow
72691,0,none,0,0,0,0,0,0,0,
6337,0,none,0,0,0,0,0,0,0,
45108,0,none,0,0,0,0,0,0,0,
81798,0,none,0,0,0,0,0,0,0,
18818,0,none,0,0,0,0,0,0,0,
179031,0,none,0,0,0,0,0,0,0,
65478,0,none,0,0,0,0,0,0,0,
39281,0,none,0,0,0,0,0,0,0,
95888,0,none,0,0,0,0,0,0,0,
19189,0,none,0,0,0,0,0,0,0,
126469,0,none,0,0,0,0,0,0,0,
87131,0,none,0,0,0,0,0,0,0,
88163,0,none,0,0,0,0,0,0,0,
48034,0,none,0,0,0,0,0,0,0,
41601,0,none,0,0,0,0,0,0,0,
162166,0,none,0,0,0,0,0,0,0,
123821,0,none,0,0,0,0,0,0,0,
144956,0,none,0,0,0,0,0,0,0,
115963,0,none,0,0,0,0,0,0,0,
115947,0,none,0,0,0,0,0,0,0,
65663,0,none,0,0,0,0,0,0,0,
59163,0,none,0,0,0,0,0,0,0,
128132,0,none,0,0,0,0,0,0,0,
181824,0,none,0,0,0,0,0,0,0,
41795,0,none,0,0,0,0,0,0,0,
135045,0,none,0,0,0,0,0,0,0,
51142,0,none,0,0,0,0,0,0,0,
60667,0,none,0,0,0,0,0,0,0,
159877,0,none,0,0,0,0,0,0,0,
106773,0,none,0,0,0,0,0,0,0,
149129,0,none,0,0,0,0,0,0,0,
82276,0,none,0,0,0,0,0,0,0,
47872,0,none,0,0,0,0,0,0,0,
38479,0,none,0,0,0,0,0,0,0,
22490,0,none,0,0,0,0,0,0,0,
187051,0,none,0,0,0,0,0,0,0,
92602,0,none,0,0,0,0,0,0,0,
128467,0,none,0,0,0,0,0,0,0,
154451,0,none,0,0,0,0,0,0,0,
179912,0,none,0,0,0,0,0,0,0,
107213,0,none,0,0,0,0,0,0,0,
142824,0,none,0,0,0,0,0,0,0,
57540,0,none,0,0,0,0,0,0,0,
167712,0,none,0,0,0,0,0,0,0,
102585,0,none,0,0,0,0,0,0,0,
122009,0,none,0,0,0,0,0,0,0,
174050,0,none,0,0,0,0,0,0,0,
141676,0,none,0,0,0,0,0,0,0,
102016,0,none,0,0,0,0,0,0,0,
35485,0,none,0,0,0,0,0,0,0,
69448,0,none,0,0,0,0,0,0,0,
54672,6,medium,1,1,0,0,0,0,0,unsafe_func;memcpy_unchecked
73099,0,none,0,0,0,0,0,0,0,
91360,0,none,0,0,0,0,0,0,0,
93790,0,none,0,0,0,0,0,0,0,
13551,0,none,0,0,0,0,0,0,0,
181092,0,none,0,0,0,0,0,0,0,
64035,0,none,0,0,0,0,0,0,0,
66036,0,none,0,0,0,0,0,0,0,
151176,0,none,0,0,0,0,0,0,0,
152303,0,none,0,0,0,0,0,0,0,
127869,0,none,0,0,0,0,0,0,0,
143761,0,none,0,0,0,0,0,0,0,
140709,0,none,0,0,0,0,0,0,0,
30182,0,none,0,0,0,0,0,0,0,
62912,0,none,0,0,0,0,0,0,0,
67295,0,none,0,0,0,0,0,0,0,
176619,0,none,0,0,0,0,0,0,0,
174686,0,none,0,0,0,0,0,0,0,
169926,0,none,0,0,0,0,0,0,0,
174242,0,none,0,0,0,0,0,0,0,
145917,0,none,0,0,0,0,0,0,0,
94719,0,none,0,0,0,0,0,0,0,
184972,0,none,0,0,0,0,0,0,0,
67485,0,none,0,0,0,0,0,0,0,
153276,0,none,0,0,0,0,0,0,0,
121787,0,none,0,0,0,0,0,0,0,
77173,0,none,0,0,0,0,0,0,0,
62682,0,none,0,0,0,0,0,0,0,
5244,0,none,0,0,0,0,0,0,0,
11424,0,none,0,0,0,0,0,0,0,
71740,0,none,0,0,0,0,0,0,0,
174734,0,none,0,0,0,0,0,0,0,
176087,0,none,0,0,0,0,0,0,0,
16799,0,none,0,0,0,0,0,0,0,
154720,0,none,0,0,0,0,0,0,0,
47522,0,none,0,0,0,0,0,0,0,
100014,0,none,0,0,0,0,0,0,0,
88919,0,none,0,0,0,0,0,0,0,
90589,0,none,0,0,0,0,0,0,0,
184933,0,none,0,0,0,0,0,0,0,
110672,0,none,0,0,0,0,0,0,0,
33817,0,none,0,0,0,0,0,0,0,
49866,0,none,0,0,0,0,0,0,0,
15792,0,none,0,0,0,0,0,0,0,
83361,0,none,0,0,0,0,0,0,0,
59046,10,high,0,0,0,0,2,0,0,double_free
110282,0,none,0,0,0,0,0,0,0,
187810,0,none,0,0,0,0,0,0,0,
14281,0,none,0,0,0,0,0,0,0,
1701,0,none,0,0,0,0,0,0,0,
87165,0,none,0,0,0,0,0,0,0,
46975,0,none,0,0,0,0,0,0,0,
170127,0,none,0,0,0,0,0,0,0,
77732,0,none,0,0,0,0,0,0,0,
1813,0,none,0,0,0,0,0,0,0,
136215,0,none,0,0,0,0,0,0,0,
81993,0,none,0,0,0,0,0,0,0,
119402,0,none,0,0,0,0,0,0,0,
71903,0,none,0,0,0,0,0,0,0,
47809,0,none,0,0,0,0,0,0,0,
99361,0,none,0,0,0,0,0,0,0,
178177,0,none,0,0,0,0,0,0,0,
172788,0,none,0,0,0,0,0,0,0,
96295,0,none,0,0,0,0,0,0,0,
180825,0,none,0,0,0,0,0,0,0,
134420,0,none,0,0,0,0,0,0,0,
28137,0,none,0,0,0,0,0,0,0,
161803,0,none,0,0,0,0,0,0,0,
63856,0,none,0,0,0,0,0,0,0,
66064,0,none,0,0,0,0,0,0,0,
70612,3,low,0,1,0,0,0,0,0,memcpy_unchecked
96303,0,none,0,0,0,0,0,0,0,
121243,0,none,0,0,0,0,0,0,0,
114884,0,none,0,0,0,0,0,0,0,
124483,0,none,0,0,0,0,0,0,0,
34461,0,none,0,0,0,0,0,0,0,
23367,0,none,0,0,0,0,0,0,0,
58377,10,high,2,0,1,0,0,0,0,unsafe_func;format_string
56626,0,none,0,0,0,0,0,0,0,
43008,0,none,0,0,0,0,0,0,0,
182709,0,none,0,0,0,0,0,0,0,
87894,0,none,0,0,0,0,0,0,0,
151941,0,none,0,0,0,0,0,0,0,
56982,0,none,0,0,0,0,0,0,0,
61522,0,none,0,0,0,0,0,0,0,
24182,0,none,0,0,0,0,0,0,0,
123140,0,none,0,0,0,0,0,0,0,
175142,0,none,0,0,0,0,0,0,0,
72740,0,none,0,0,0,0,0,0,0,
47561,0,none,0,0,0,0,0,0,0,
58833,0,none,0,0,0,0,0,0,0,
39502,0,none,0,0,0,0,0,0,0,
167582,0,none,0,0,0,0,0,0,0,
7379,0,none,0,0,0,0,0,0,0,
118886,0,none,0,0,0,0,0,0,0,
55426,0,none,0,0,0,0,0,0,0,
128395,0,none,0,0,0,0,0,0,0,
53648,0,none,0,0,0,0,0,0,0,
127507,0,none,0,0,0,0,0,0,0,
92549,0,none,0,0,0,0,0,0,0,
91093,0,none,0,0,0,0,0,0,0,
144896,0,none,0,0,0,0,0,0,0,
141816,0,none,0,0,0,0,0,0,0,
163591,0,none,0,0,0,0,0,0,0,
187648,0,none,0,0,0,0,0,0,0,
81893,0,none,0,0,0,0,0,0,0,
134962,0,none,0,0,0,0,0,0,0,
19879,0,none,0,0,0,0,0,0,0,
60639,0,none,0,0,0,0,0,0,0,
154702,0,none,0,0,0,0,0,0,0,
104191,0,none,0,0,0,0,0,0,0,
130204,0,none,0,0,0,0,0,0,0,
31282,0,none,0,0,0,0,0,0,0,
6985,0,none,0,0,0,0,0,0,0,
109877,0,none,0,0,0,0,0,0,0,
68417,0,none,0,0,0,0,0,0,0,
116483,0,none,0,0,0,0,0,0,0,
38061,6,medium,0,0,0,0,0,0,3,size_int_overflow
154488,0,none,0,0,0,0,0,0,0,
179720,0,none,0,0,0,0,0,0,0,
113992,0,none,0,0,0,0,0,0,0,
60086,0,none,0,0,0,0,0,0,0,
156394,0,none,0,0,0,0,0,0,0,
12145,0,none,0,0,0,0,0,0,0,
47808,0,none,0,0,0,0,0,0,0,
81924,0,none,0,0,0,0,0,0,0,
180887,0,none,0,0,0,0,0,0,0,
98223,0,none,0,0,0,0,0,0,0,
34376,0,none,0,0,0,0,0,0,0,
81907,0,none,0,0,0,0,0,0,0,
144483,0,none,0,0,0,0,0,0,0,
26019,0,none,0,0,0,0,0,0,0,
126797,0,none,0,0,0,0,0,0,0,
170689,0,none,0,0,0,0,0,0,0,
79467,0,none,0,0,0,0,0,0,0,
65819,0,none,0,0,0,0,0,0,0,
6275,0,none,0,0,0,0,0,0,0,
104308,0,none,0,0,0,0,0,0,0,
91838,0,none,0,0,0,0,0,0,0,
144234,0,none,0,0,0,0,0,0,0,
102716,0,none,0,0,0,0,0,0,0,
128228,0,none,0,0,0,0,0,0,0,
94440,0,none,0,0,0,0,0,0,0,
30578,0,none,0,0,0,0,0,0,0,
126925,0,none,0,0,0,0,0,0,0,
78209,0,none,0,0,0,0,0,0,0,
90696,0,none,0,0,0,0,0,0,0,
59957,2,low,0,0,0,0,0,0,1,size_int_overflow
69806,0,none,0,0,0,0,0,0,0,
127534,0,none,0,0,0,0,0,0,0,
154675,0,none,0,0,0,0,0,0,0,
172122,0,none,0,0,0,0,0,0,0,
83477,0,none,0,0,0,0,0,0,0,
174950,0,none,0,0,0,0,0,0,0,
31047,0,none,0,0,0,0,0,0,0,
79507,0,none,0,0,0,0,0,0,0,
38110,0,none,0,0,0,0,0,0,0,
175959,0,none,0,0,0,0,0,0,0,
75389,0,none,0,0,0,0,0,0,0,
22042,0,none,0,0,0,0,0,0,0,
67465,0,none,0,0,0,0,0,0,0,
50820,0,none,0,0,0,0,0,0,0,
159534,0,none,0,0,0,0,0,0,0,
52572,0,none,0,0,0,0,0,0,0,
105325,0,none,0,0,0,0,0,0,0,
163970,0,none,0,0,0,0,0,0,0,
93271,0,none,0,0,0,0,0,0,0,
157524,0,none,0,0,0,0,0,0,0,
119695,0,none,0,0,0,0,0,0,0,
141140,0,none,0,0,0,0,0,0,0,
138523,0,none,0,0,0,0,0,0,0,
151244,0,none,0,0,0,0,0,0,0,
40558,0,none,0,0,0,0,0,0,0,
91368,0,none,0,0,0,0,0,0,0,
138520,0,none,0,0,0,0,0,0,0,
127382,0,none,0,0,0,0,0,0,0,
8860,0,none,0,0,0,0,0,0,0,
137691,0,none,0,0,0,0,0,0,0,
80164,0,none,0,0,0,0,0,0,0,
95949,0,none,0,0,0,0,0,0,0,
98613,0,none,0,0,0,0,0,0,0,
127960,0,none,0,0,0,0,0,0,0,
148622,0,none,0,0,0,0,0,0,0,
21538,0,none,0,0,0,0,0,0,0,
134129,0,none,0,0,0,0,0,0,0,
157337,0,none,0,0,0,0,0,0,0,
75828,0,none,0,0,0,0,0,0,0,
89398,0,none,0,0,0,0,0,0,0,
38354,2,low,0,0,0,0,0,0,1,size_int_overflow
103220,0,none,0,0,0,0,0,0,0,
123612,0,none,0,0,0,0,0,0,0,
17703,4,medium,0,0,0,2,0,0,0,unchecked_alloc
60423,0,none,0,0,0,0,0,0,0,
141006,0,none,0,0,0,0,0,0,0,
69043,0,none,0,0,0,0,0,0,0,
115251,0,none,0,0,0,0,0,0,0,
95220,0,none,0,0,0,0,0,0,0,
74725,0,none,0,0,0,0,0,0,0,
175828,0,none,0,0,0,0,0,0,0,
70872,0,none,0,0,0,0,0,0,0,
117580,0,none,0,0,0,0,0,0,0,
184103,0,none,0,0,0,0,0,0,0,
54820,0,none,0,0,0,0,0,0,0,
94617,0,none,0,0,0,0,0,0,0,
180908,0,none,0,0,0,0,0,0,0,
137392,0,none,0,0,0,0,0,0,0,
17609,0,none,0,0,0,0,0,0,0,
121218,0,none,0,0,0,0,0,0,0,
103996,0,none,0,0,0,0,0,0,0,
41139,0,none,0,0,0,0,0,0,0,
8237,0,none,0,0,0,0,0,0,0,
32252,0,none,0,0,0,0,0,0,0,
108139,0,none,0,0,0,0,0,0,0,
149753,0,none,0,0,0,0,0,0,0,
93994,0,none,0,0,0,0,0,0,0,
126618,0,none,0,0,0,0,0,0,0,
128508,0,none,0,0,0,0,0,0,0,
114646,0,none,0,0,0,0,0,0,0,
146382,0,none,0,0,0,0,0,0,0,
85297,0,none,0,0,0,0,0,0,0,
75831,0,none,0,0,0,0,0,0,0,
34522,0,none,0,0,0,0,0,0,0,
158189,0,none,0,0,0,0,0,0,0,
187905,0,none,0,0,0,0,0,0,0,
38269,0,none,0,0,0,0,0,0,0,
149097,0,none,0,0,0,0,0,0,0,
57664,0,none,0,0,0,0,0,0,0,
165363,0,none,0,0,0,0,0,0,0,
37382,0,none,0,0,0,0,0,0,0,
3307,0,none,0,0,0,0,0,0,0,
135436,0,none,0,0,0,0,0,0,0,
32312,0,none,0,0,0,0,0,0,0,
18119,0,none,0,0,0,0,0,0,0,
164541,0,none,0,0,0,0,0,0,0,
90601,0,none,0,0,0,0,0,0,0,
2265,0,none,0,0,0,0,0,0,0,
127096,0,none,0,0,0,0,0,0,0,
39750,0,none,0,0,0,0,0,0,0,
4882,0,none,0,0,0,0,0,0,0,
73107,0,none,0,0,0,0,0,0,0,
139247,0,none,0,0,0,0,0,0,0,
13710,0,none,0,0,0,0,0,0,0,
84389,0,none,0,0,0,0,0,0,0,
59108,0,none,0,0,0,0,0,0,0,
86661,0,none,0,0,0,0,0,0,0,
44020,2,low,0,0,0,1,0,0,0,unchecked_alloc
2499,0,none,0,0,0,0,0,0,0,
163552,0,none,0,0,0,0,0,0,0,
147308,0,none,0,0,0,0,0,0,0,
187541,4,medium,0,0,0,1,0,0,1,unchecked_alloc;size_int_overflow
144093,0,none,0,0,0,0,0,0,0,
772,0,none,0,0,0,0,0,0,0,
160257,0,none,0,0,0,0,0,0,0,
21928,0,none,0,0,0,0,0,0,0,
104145,0,none,0,0,0,0,0,0,0,
60789,0,none,0,0,0,0,0,0,0,
157567,0,none,0,0,0,0,0,0,0,
160010,0,none,0,0,0,0,0,0,0,
142826,0,none,0,0,0,0,0,0,0,
137959,0,none,0,0,0,0,0,0,0,
2960,0,none,0,0,0,0,0,0,0,
144209,0,none,0,0,0,0,0,0,0,
147245,0,none,0,0,0,0,0,0,0,
76266,0,none,0,0,0,0,0,0,0,
2247,0,none,0,0,0,0,0,0,0,
150722,0,none,0,0,0,0,0,0,0,
63691,0,none,0,0,0,0,0,0,0,
133959,0,none,0,0,0,0,0,0,0,
56212,0,none,0,0,0,0,0,0,0,
174634,0,none,0,0,0,0,0,0,0,
104114,0,none,0,0,0,0,0,0,0,
49785,0,none,0,0,0,0,0,0,0,
107834,0,none,0,0,0,0,0,0,0,
146589,0,none,0,0,0,0,0,0,0,
93079,0,none,0,0,0,0,0,0,0,
7994,0,none,0,0,0,0,0,0,0,
169600,0,none,0,0,0,0,0,0,0,
14910,0,none,0,0,0,0,0,0,0,
27390,0,none,0,0,0,0,0,0,0,
34594,0,none,0,0,0,0,0,0,0,
134396,0,none,0,0,0,0,0,0,0,
174816,0,none,0,0,0,0,0,0,0,
161173,0,none,0,0,0,0,0,0,0,
21544,0,none,0,0,0,0,0,0,0,
46566,0,none,0,0,0,0,0,0,0,
176857,0,none,0,0,0,0,0,0,0,
41311,0,none,0,0,0,0,0,0,0,
25015,0,none,0,0,0,0,0,0,0,
81417,0,none,0,0,0,0,0,0,0,
7922,0,none,0,0,0,0,0,0,0,
119182,0,none,0,0,0,0,0,0,0,
166659,0,none,0,0,0,0,0,0,0,
93340,0,none,0,0,0,0,0,0,0,
131754,0,none,0,0,0,0,0,0,0,
75198,0,none,0,0,0,0,0,0,0,
161664,0,none,0,0,0,0,0,0,0,
147071,0,none,0,0,0,0,0,0,0,
53377,0,none,0,0,0,0,0,0,0,
48345,0,none,0,0,0,0,0,0,0,
162888,0,none,0,0,0,0,0,0,0,
6407,0,none,0,0,0,0,0,0,0,
12646,0,none,0,0,0,0,0,0,0,
60478,0,none,0,0,0,0,0,0,0,
51728,0,none,0,0,0,0,0,0,0,
84580,0,none,0,0,0,0,0,0,0,
71797,0,none,0,0,0,0,0,0,0,
88461,0,none,0,0,0,0,0,0,0,
153005,0,none,0,0,0,0,0,0,0,
116086,0,none,0,0,0,0,0,0,0,
182402,7,medium,0,0,0,1,1,0,0,unchecked_alloc;double_free
38521,0,none,0,0,0,0,0,0,0,
181540,0,none,0,0,0,0,0,0,0,
29652,0,none,0,0,0,0,0,0,0,
171543,0,none,0,0,0,0,0,0,0,
29531,0,none,0,0,0,0,0,0,0,
122456,0,none,0,0,0,0,0,0,0,
20738,3,low,0,1,0,0,0,0,0,memcpy_unchecked
27171,0,none,0,0,0,0,0,0,0,
74867,0,none,0,0,0,0,0,0,0,
50988,0,none,0,0,0,0,0,0,0,
65615,0,none,0,0,0,0,0,0,0,
20,0,none,0,0,0,0,0,0,0,
112789,0,none,0,0,0,0,0,0,0,
48594,0,none,0,0,0,0,0,0,0,
187754,0,none,0,0,0,0,0,0,0,
54263,0,none,0,0,0,0,0,0,0,
126623,0,none,0,0,0,0,0,0,0,
102743,0,none,0,0,0,0,0,0,0,
40766,0,none,0,0,0,0,0,0,0,
161744,0,none,0,0,0,0,0,0,0,
187957,0,none,0,0,0,0,0,0,0,
46565,0,none,0,0,0,0,0,0,0,
88669,0,none,0,0,0,0,0,0,0,
79174,0,none,0,0,0,0,0,0,0,
48426,0,none,0,0,0,0,0,0,0,
43068,0,none,0,0,0,0,0,0,0,
37485,0,none,0,0,0,0,0,0,0,
61334,0,none,0,0,0,0,0,0,0,
134010,0,none,0,0,0,0,0,0,0,
100385,0,none,0,0,0,0,0,0,0,
37616,0,none,0,0,0,0,0,0,0,
103647,0,none,0,0,0,0,0,0,0,
2309,0,none,0,0,0,0,0,0,0,
49379,0,none,0,0,0,0,0,0,0,
160353,0,none,0,0,0,0,0,0,0,
111565,0,none,0,0,0,0,0,0,0,
76939,0,none,0,0,0,0,0,0,0,
27639,3,low,0,1,0,0,0,0,0,memcpy_unchecked
119201,0,none,0,0,0,0,0,0,0,
108330,0,none,0,0,0,0,0,0,0,
38571,0,none,0,0,0,0,0,0,0,
62378,0,none,0,0,0,0,0,0,0,
124487,0,none,0,0,0,0,0,0,0,
84108,0,none,0,0,0,0,0,0,0,
187532,0,none,0,0,0,0,0,0,0,
119405,0,none,0,0,0,0,0,0,0,
45961,0,none,0,0,0,0,0,0,0,
25633,0,none,0,0,0,0,0,0,0,
165695,0,none,0,0,0,0,0,0,0,
62956,0,none,0,0,0,0,0,0,0,
94528,0,none,0,0,0,0,0,0,0,
25522,0,none,0,0,0,0,0,0,0,
26354,0,none,0,0,0,0,0,0,0,
179636,6,medium,2,0,0,0,0,0,0,unsafe_func
1982,0,none,0,0,0,0,0,0,0,
34824,0,none,0,0,0,0,0,0,0,
173613,0,none,0,0,0,0,0,0,0,
23638,0,none,0,0,0,0,0,0,0,
65269,0,none,0,0,0,0,0,0,0,
56089,0,none,0,0,0,0,0,0,0,
69501,0,none,0,0,0,0,0,0,0,
93567,0,none,0,0,0,0,0,0,0,
145776,0,none,0,0,0,0,0,0,0,
17514,0,none,0,0,0,0,0,0,0,
109386,0,none,0,0,0,0,0,0,0,
57051,0,none,0,0,0,0,0,0,0,
157248,0,none,0,0,0,0,0,0,0,
78585,0,none,0,0,0,0,0,0,0,
45267,0,none,0,0,0,0,0,0,0,
48390,0,none,0,0,0,0,0,0,0,
62562,0,none,0,0,0,0,0,0,0,
17849,0,none,0,0,0,0,0,0,0,
188486,0,none,0,0,0,0,0,0,0,
13915,0,none,0,0,0,0,0,0,0,
170304,0,none,0,0,0,0,0,0,0,
177219,0,none,0,0,0,0,0,0,0,
60804,0,none,0,0,0,0,0,0,0,
68104,0,none,0,0,0,0,0,0,0,
183747,0,none,0,0,0,0,0,0,0,
43031,0,none,0,0,0,0,0,0,0,
40225,0,none,0,0,0,0,0,0,0,
3187,0,none,0,0,0,0,0,0,0,
54714,3,low,0,1,0,0,0,0,0,memcpy_unchecked
26978,0,none,0,0,0,0,0,0,0,
168567,0,none,0,0,0,0,0,0,0,
38700,0,none,0,0,0,0,0,0,0,
65695,0,none,0,0,0,0,0,0,0,
92370,0,none,0,0,0,0,0,0,0,
64551,0,none,0,0,0,0,0,0,0,
79657,6,medium,0,0,0,3,0,0,0,unchecked_alloc
111753,0,none,0,0,0,0,0,0,0,
135148,0,none,0,0,0,0,0,0,0,
152353,0,none,0,0,0,0,0,0,0,
35606,0,none,0,0,0,0,0,0,0,
132138,0,none,0,0,0,0,0,0,0,
42952,0,none,0,0,0,0,0,0,0,
155759,0,none,0,0,0,0,0,0,0,
187616,0,none,0,0,0,0,0,0,0,
35876,0,none,0,0,0,0,0,0,0,
19827,0,none,0,0,0,0,0,0,0,
181283,0,none,0,0,0,0,0,0,0,
56327,0,none,0,0,0,0,0,0,0,
149038,0,none,0,0,0,0,0,0,0,
132978,0,none,0,0,0,0,0,0,0,
113471,0,none,0,0,0,0,0,0,0,
86294,0,none,0,0,0,0,0,0,0,
143429,0,none,0,0,0,0,0,0,0,
72325,0,none,0,0,0,0,0,0,0,
173026,0,none,0,0,0,0,0,0,0,
53834,0,none,0,0,0,0,0,0,0,
120299,0,none,0,0,0,0,0,0,0,
143126,0,none,0,0,0,0,0,0,0,
185978,0,none,0,0,0,0,0,0,0,
46306,0,none,0,0,0,0,0,0,0,
26758,0,none,0,0,0,0,0,0,0,
186285,0,none,0,0,0,0,0,0,0,
131649,0,none,0,0,0,0,0,0,0,
118525,0,none,0,0,0,0,0,0,0,
34919,0,none,0,0,0,0,0,0,0,
2022,0,none,0,0,0,0,0,0,0,
18062,0,none,0,0,0,0,0,0,0,
43692,0,none,0,0,0,0,0,0,0,
78762,0,none,0,0,0,0,0,0,0,
74833,0,none,0,0,0,0,0,0,0,
186610,0,none,0,0,0,0,0,0,0,
92406,0,none,0,0,0,0,0,0,0,
178011,0,none,0,0,0,0,0,0,0,
73136,0,none,0,0,0,0,0,0,0,
103874,0,none,0,0,0,0,0,0,0,
83095,0,none,0,0,0,0,0,0,0,
46796,3,low,0,1,0,0,0,0,0,memcpy_unchecked
119503,0,none,0,0,0,0,0,0,0,
13626,0,none,0,0,0,0,0,0,0,
72979,0,none,0,0,0,0,0,0,0,
172100,0,none,0,0,0,0,0,0,0,
72905,0,none,0,0,0,0,0,0,0,
54504,0,none,0,0,0,0,0,0,0,
31035,0,none,0,0,0,0,0,0,0,
158957,0,none,0,0,0,0,0,0,0,
131190,0,none,0,0,0,0,0,0,0,
132139,0,none,0,0,0,0,0,0,0,
155060,0,none,0,0,0,0,0,0,0,
21188,0,none,0,0,0,0,0,0,0,
117059,0,none,0,0,0,0,0,0,0,
25299,0,none,0,0,0,0,0,0,0,
23793,0,none,0,0,0,0,0,0,0,
97862,0,none,0,0,0,0,0,0,0,
173662,0,none,0,0,0,0,0,0,0,
59825,0,none,0,0,0,0,0,0,0,
128220,0,none,0,0,0,0,0,0,0,
118703,0,none,0,0,0,0,0,0,0,
35089,0,none,0,0,0,0,0,0,0,
143283,0,none,0,0,0,0,0,0,0,
159681,0,none,0,0,0,0,0,0,0,
68519,0,none,0,0,0,0,0,0,0,
126725,0,none,0,0,0,0,0,0,0,
185349,0,none,0,0,0,0,0,0,0,
182081,0,none,0,0,0,0,0,0,0,
118777,0,none,0,0,0,0,0,0,0,
37153,0,none,0,0,0,0,0,0,0,
150243,0,none,0,0,0,0,0,0,0,
21467,0,none,0,0,0,0,0,0,0,
89183,0,none,0,0,0,0,0,0,0,
43454,0,none,0,0,0,0,0,0,0,
125631,0,none,0,0,0,0,0,0,0,
44773,0,none,0,0,0,0,0,0,0,
67969,0,none,0,0,0,0,0,0,0,
187725,0,none,0,0,0,0,0,0,0,
170230,0,none,0,0,0,0,0,0,0,
137883,0,none,0,0,0,0,0,0,0,
173007,0,none,0,0,0,0,0,0,0,
150976,0,none,0,0,0,0,0,0,0,
170333,0,none,0,0,0,0,0,0,0,
133144,0,none,0,0,0,0,0,0,0,
46465,0,none,0,0,0,0,0,0,0,
55584,0,none,0,0,0,0,0,0,0,
131396,0,none,0,0,0,0,0,0,0,
88334,0,none,0,0,0,0,0,0,0,
48371,0,none,0,0,0,0,0,0,0,
135244,0,none,0,0,0,0,0,0,0,
136640,0,none,0,0,0,0,0,0,0,
56399,0,none,0,0,0,0,0,0,0,
66301,0,none,0,0,0,0,0,0,0,
65247,0,none,0,0,0,0,0,0,0,
84881,0,none,0,0,0,0,0,0,0,
72386,0,none,0,0,0,0,0,0,0,
12332,0,none,0,0,0,0,0,0,0,
77928,0,none,0,0,0,0,0,0,0,
163435,0,none,0,0,0,0,0,0,0,
26871,0,none,0,0,0,0,0,0,0,
92214,0,none,0,0,0,0,0,0,0,
12160,0,none,0,0,0,0,0,0,0,
28985,0,none,0,0,0,0,0,0,0,
113764,0,none,0,0,0,0,0,0,0,
144434,0,none,0,0,0,0,0,0,0,
123368,0,none,0,0,0,0,0,0,0,
60222,0,none,0,0,0,0,0,0,0,
90650,0,none,0,0,0,0,0,0,0,
97515,0,none,0,0,0,0,0,0,0,
5313,0,none,0,0,0,0,0,0,0,
125179,0,none,0,0,0,0,0,0,0,
68179,0,none,0,0,0,0,0,0,0,
140221,0,none,0,0,0,0,0,0,0,
83434,7,medium,0,0,0,1,1,0,0,unchecked_alloc;double_free
111484,0,none,0,0,0,0,0,0,0,
156263,0,none,0,0,0,0,0,0,0,
92960,3,low,0,1,0,0,0,0,0,memcpy_unchecked
3190,0,none,0,0,0,0,0,0,0,
96755,0,none,0,0,0,0,0,0,0,
159155,0,none,0,0,0,0,0,0,0,
153066,0,none,0,0,0,0,0,0,0,
5974,0,none,0,0,0,0,0,0,0,
165276,0,none,0,0,0,0,0,0,0,
100312,0,none,0,0,0,0,0,0,0,
77919,0,none,0,0,0,0,0,0,0,
73731,0,none,0,0,0,0,0,0,0,
8635,0,none,0,0,0,0,0,0,0,
102965,0,none,0,0,0,0,0,0,0,
146278,0,none,0,0,0,0,0,0,0,
30575,0,none,0,0,0,0,0,0,0,
85384,0,none,0,0,0,0,0,0,0,
148611,0,none,0,0,0,0,0,0,0,
2129,0,none,0,0,0,0,0,0,0,
43170,0,none,0,0,0,0,0,0,0,
172104,0,none,0,0,0,0,0,0,0,
159908,0,none,0,0,0,0,0,0,0,
186115,0,none,0,0,0,0,0,0,0,
59371,0,none,0,0,0,0,0,0,0,
143594,0,none,0,0,0,0,0,0,0,
144226,0,none,0,0,0,0,0,0,0,
168977,0,none,0,0,0,0,0,0,0,
115408,0,none,0,0,0,0,0,0,0,
132264,0,none,0,0,0,0,0,0,0,
44118,0,none,0,0,0,0,0,0,0,
23121,0,none,0,0,0,0,0,0,0,
47995,0,none,0,0,0,0,0,0,0,
60758,2,low,0,0,0,0,0,0,1,size_int_overflow
87050,0,none,0,0,0,0,0,0,0,
110894,0,none,0,0,0,0,0,0,0,
27175,0,none,0,0,0,0,0,0,0,
91363,0,none,0,0,0,0,0,0,0,
59194,0,none,0,0,0,0,0,0,0,
143935,0,none,0,0,0,0,0,0,0,
178458,3,low,0,1,0,0,0,0,0,memcpy_unchecked
127150,0,none,0,0,0,0,0,0,0,
62086,0,none,0,0,0,0,0,0,0,
149855,0,none,0,0,0,0,0,0,0,
98299,0,none,0,0,0,0,0,0,0,
33167,0,none,0,0,0,0,0,0,0,
118178,0,none,0,0,0,0,0,0,0,
150492,0,none,0,0,0,0,0,0,0,
6836,0,none,0,0,0,0,0,0,0,
104180,0,none,0,0,0,0,0,0,0,
144383,0,none,0,0,0,0,0,0,0,
3433,0,none,0,0,0,0,0,0,0,
108800,0,none,0,0,0,0,0,0,0,
35125,0,none,0,0,0,0,0,0,0,
133597,0,none,0,0,0,0,0,0,0,
140054,0,none,0,0,0,0,0,0,0,
93974,0,none,0,0,0,0,0,0,0,
44228,0,none,0,0,0,0,0,0,0,
28950,0,none,0,0,0,0,0,0,0,
166432,0,none,0,0,0,0,0,0,0,
115128,0,none,0,0,0,0,0,0,0,
169256,0,none,0,0,0,0,0,0,0,
80203,0,none,0,0,0,0,0,0,0,
103701,0,none,0,0,0,0,0,0,0,
29952,0,none,0,0,0,0,0,0,0,
170502,3,low,0,1,0,0,0,0,0,memcpy_unchecked
118700,0,none,0,0,0,0,0,0,0,
177815,0,none,0,0,0,0,0,0,0,
128485,0,none,0,0,0,0,0,0,0,
67476,0,none,0,0,0,0,0,0,0,
117520,0,none,0,0,0,0,0,0,0,
171294,0,none,0,0,0,0,0,0,0,
68214,0,none,0,0,0,0,0,0,0,
66110,0,none,0,0,0,0,0,0,0,
76756,4,medium,0,0,0,1,0,0,1,unchecked_alloc;size_int_overflow
32458,0,none,0,0,0,0,0,0,0,
30624,0,none,0,0,0,0,0,0,0,
45637,2,low,0,0,0,0,0,0,1,size_int_overflow
38469,6,medium,0,2,0,0,0,0,0,memcpy_unchecked
153240,0,none,0,0,0,0,0,0,0,
62673,0,none,0,0,0,0,0,0,0,
36335,0,none,0,0,0,0,0,0,0,
49340,0,none,0,0,0,0,0,0,0,
141515,0,none,0,0,0,0,0,0,0,
58432,0,none,0,0,0,0,0,0,0,
155303,0,none,0,0,0,0,0,0,0,
44537,0,none,0,0,0,0,0,0,0,
74233,0,none,0,0,0,0,0,0,0,
87432,0,none,0,0,0,0,0,0,0,
82761,0,none,0,0,0,0,0,0,0,
24255,0,none,0,0,0,0,0,0,0,
27043,0,none,0,0,0,0,0,0,0,
140396,0,none,0,0,0,0,0,0,0,
39686,0,none,0,0,0,0,0,0,0,
17799,0,none,0,0,0,0,0,0,0,
65988,0,none,0,0,0,0,0,0,0,
49499,0,none,0,0,0,0,0,0,0,
163533,0,none,0,0,0,0,0,0,0,
43472,0,none,0,0,0,0,0,0,0,
41284,0,none,0,0,0,0,0,0,0,
113645,0,none,0,0,0,0,0,0,0,
159186,0,none,0,0,0,0,0,0,0,
112220,0,none,0,0,0,0,0,0,0,
33986,0,none,0,0,0,0,0,0,0,
91826,0,none,0,0,0,0,0,0,0,
43264,0,none,0,0,0,0,0,0,0,
129059,0,none,0,0,0,0,0,0,0,
34026,0,none,0,0,0,0,0,0,0,
133090,0,none,0,0,0,0,0,0,0,
11084,0,none,0,0,0,0,0,0,0,
171659,0,none,0,0,0,0,0,0,0,
10717,0,none,0,0,0,0,0,0,0,
168130,0,none,0,0,0,0,0,0,0,
144080,0,none,0,0,0,0,0,0,0,
129705,0,none,0,0,0,0,0,0,0,
187023,0,none,0,0,0,0,0,0,0,
19858,2,low,0,0,0,0,0,0,1,size_int_overflow
3790,0,none,0,0,0,0,0,0,0,
183964,0,none,0,0,0,0,0,0,0,
72866,0,none,0,0,0,0,0,0,0,
1968,0,none,0,0,0,0,0,0,0,
37741,0,none,0,0,0,0,0,0,0,
183268,0,none,0,0,0,0,0,0,0,
136843,0,none,0,0,0,0,0,0,0,
42187,0,none,0,0,0,0,0,0,0,
180842,0,none,0,0,0,0,0,0,0,
159358,0,none,0,0,0,0,0,0,0,
116503,0,none,0,0,0,0,0,0,0,
42282,0,none,0,0,0,0,0,0,0,
170620,0,none,0,0,0,0,0,0,0,
161823,0,none,0,0,0,0,0,0,0,
140919,0,none,0,0,0,0,0,0,0,
180983,0,none,0,0,0,0,0,0,0,
21686,0,none,0,0,0,0,0,0,0,
45609,0,none,0,0,0,0,0,0,0,
77964,0,none,0,0,0,0,0,0,0,
26377,0,none,0,0,0,0,0,0,0,
47418,0,none,0,0,0,0,0,0,0,
34378,0,none,0,0,0,0,0,0,0,
119369,0,none,0,0,0,0,0,0,0,
151366,0,none,0,0,0,0,0,0,0,
102376,0,none,0,0,0,0,0,0,0,
26323,0,none,0,0,0,0,0,0,0,
122469,0,none,0,0,0,0,0,0,0,
175031,0,none,0,0,0,0,0,0,0,
150890,0,none,0,0,0,0,0,0,0,
188183,0,none,0,0,0,0,0,0,0,
36515,7,medium,0,0,0,0,0,1,1,use_after_free;size_int_overflow
53312,0,none,0,0,0,0,0,0,0,
111736,0,none,0,0,0,0,0,0,0,
74256,2,low,0,0,0,0,0,0,1,size_int_overflow
166795,0,none,0,0,0,0,0,0,0,
9322,0,none,0,0,0,0,0,0,0,
165684,0,none,0,0,0,0,0,0,0,
136051,0,none,0,0,0,0,0,0,0,
146432,0,none,0,0,0,0,0,0,0,
134805,0,none,0,0,0,0,0,0,0,
104257,0,none,0,0,0,0,0,0,0,
59807,0,none,0,0,0,0,0,0,0,
104916,0,none,0,0,0,0,0,0,0,
39298,0,none,0,0,0,0,0,0,0,
41755,0,none,0,0,0,0,0,0,0,
38360,0,none,0,0,0,0,0,0,0,
114921,0,none,0,0,0,0,0,0,0,
28770,0,none,0,0,0,0,0,0,0,
154319,0,none,0,0,0,0,0,0,0,
147062,0,none,0,0,0,0,0,0,0,
66497,0,none,0,0,0,0,0,0,0,
12969,0,none,0,0,0,0,0,0,0,
34236,0,none,0,0,0,0,0,0,0,
123595,0,none,0,0,0,0,0,0,0,
69836,0,none,0,0,0,0,0,0,0,
80,0,none,0,0,0,0,0,0,0,
21991,0,none,0,0,0,0,0,0,0,
89138,0,none,0,0,0,0,0,0,0,
172076,0,none,0,0,0,0,0,0,0,
66889,0,none,0,0,0,0,0,0,0,
80353,0,none,0,0,0,0,0,0,0,
104663,0,none,0,0,0,0,0,0,0,
18056,0,none,0,0,0,0,0,0,0,
62793,0,none,0,0,0,0,0,0,0,
166400,0,none,0,0,0,0,0,0,0,
65858,0,none,0,0,0,0,0,0,0,
9593,0,none,0,0,0,0,0,0,0,
87983,0,none,0,0,0,0,0,0,0,
28104,0,none,0,0,0,0,0,0,0,
12717,0,none,0,0,0,0,0,0,0,
406,0,none,0,0,0,0,0,0,0,
70082,0,none,0,0,0,0,0,0,0,
38600,0,none,0,0,0,0,0,0,0,
160579,0,none,0,0,0,0,0,0,0,
63812,0,none,0,0,0,0,0,0,0,
131919,0,none,0,0,0,0,0,0,0,
148006,0,none,0,0,0,0,0,0,0,
157005,0,none,0,0,0,0,0,0,0,
59616,0,none,0,0,0,0,0,0,0,
20621,0,none,0,0,0,0,0,0,0,
185103,0,none,0,0,0,0,0,0,0,
127041,0,none,0,0,0,0,0,0,0,
157993,0,none,0,0,0,0,0,0,0,
14084,0,none,0,0,0,0,0,0,0,
139674,0,none,0,0,0,0,0,0,0,
78650,8,medium,0,2,0,1,0,0,0,memcpy_unchecked;unchecked_alloc
98755,3,low,0,1,0,0,0,0,0,memcpy_unchecked
10712,0,none,0,0,0,0,0,0,0,
109572,0,none,0,0,0,0,0,0,0,
187564,0,none,0,0,0,0,0,0,0,
67471,0,none,0,0,0,0,0,0,0,
116802,0,none,0,0,0,0,0,0,0,
5344,6,medium,1,1,0,0,0,0,0,unsafe_func;memcpy_unchecked
107076,0,none,0,0,0,0,0,0,0,
41654,0,none,0,0,0,0,0,0,0,
83656,0,none,0,0,0,0,0,0,0,
158749,0,none,0,0,0,0,0,0,0,
143253,0,none,0,0,0,0,0,0,0,
134864,0,none,0,0,0,0,0,0,0,
100343,0,none,0,0,0,0,0,0,0,
93559,0,none,0,0,0,0,0,0,0,
3047,0,none,0,0,0,0,0,0,0,
157071,0,none,0,0,0,0,0,0,0,
185634,0,none,0,0,0,0,0,0,0,
134172,0,none,0,0,0,0,0,0,0,
167642,0,none,0,0,0,0,0,0,0,
128428,0,none,0,0,0,0,0,0,0,
103531,0,none,0,0,0,0,0,0,0,
148109,0,none,0,0,0,0,0,0,0,
176239,0,none,0,0,0,0,0,0,0,
103469,0,none,0,0,0,0,0,0,0,
42549,0,none,0,0,0,0,0,0,0,
161813,0,none,0,0,0,0,0,0,0,
45073,0,none,0,0,0,0,0,0,0,
2833,0,none,0,0,0,0,0,0,0,
21052,0,none,0,0,0,0,0,0,0,
47501,0,none,0,0,0,0,0,0,0,
12445,2,low,0,0,0,0,0,0,1,size_int_overflow
110100,0,none,0,0,0,0,0,0,0,
62267,0,none,0,0,0,0,0,0,0,
93331,0,none,0,0,0,0,0,0,0,
164289,0,none,0,0,0,0,0,0,0,
31015,0,none,0,0,0,0,0,0,0,
59394,0,none,0,0,0,0,0,0,0,
182575,0,none,0,0,0,0,0,0,0,
29045,0,none,0,0,0,0,0,0,0,
127232,0,none,0,0,0,0,0,0,0,
156205,0,none,0,0,0,0,0,0,0,
50789,0,none,0,0,0,0,0,0,0,
80823,0,none,0,0,0,0,0,0,0,
28418,0,none,0,0,0,0,0,0,0,
59599,0,none,0,0,0,0,0,0,0,
97642,0,none,0,0,0,0,0,0,0,
85997,0,none,0,0,0,0,0,0,0,
134852,0,none,0,0,0,0,0,0,0,
113936,0,none,0,0,0,0,0,0,0,
2514,0,none,0,0,0,0,0,0,0,
176997,0,none,0,0,0,0,0,0,0,
85696,0,none,0,0,0,0,0,0,0,
62396,0,none,0,0,0,0,0,0,0,
173401,0,none,0,0,0,0,0,0,0,
173215,0,none,0,0,0,0,0,0,0,
170897,0,none,0,0,0,0,0,0,0,
170945,0,none,0,0,0,0,0,0,0,
73457,0,none,0,0,0,0,0,0,0,
103392,0,none,0,0,0,0,0,0,0,
125440,0,none,0,0,0,0,0,0,0,
104141,0,none,0,0,0,0,0,0,0,
44033,0,none,0,0,0,0,0,0,0,
92342,0,none,0,0,0,0,0,0,0,
131626,0,none,0,0,0,0,0,0,0,
56434,0,none,0,0,0,0,0,0,0,
172168,0,none,0,0,0,0,0,0,0,
25337,0,none,0,0,0,0,0,0,0,
33849,0,none,0,0,0,0,0,0,0,
73052,0,none,0,0,0,0,0,0,0,
94891,0,none,0,0,0,0,0,0,0,
123749,0,none,0,0,0,0,0,0,0,
2214,0,none,0,0,0,0,0,0,0,
170581,0,none,0,0,0,0,0,0,0,
33142,0,none,0,0,0,0,0,0,0,
52577,0,none,0,0,0,0,0,0,0,
84993,0,none,0,0,0,0,0,0,0,
116610,0,none,0,0,0,0,0,0,0,
90727,0,none,0,0,0,0,0,0,0,
143192,0,none,0,0,0,0,0,0,0,
143892,0,none,0,0,0,0,0,0,0,
174285,0,none,0,0,0,0,0,0,0,
71435,0,none,0,0,0,0,0,0,0,
17562,0,none,0,0,0,0,0,0,0,
127852,0,none,0,0,0,0,0,0,0,
158213,0,none,0,0,0,0,0,0,0,
37512,0,none,0,0,0,0,0,0,0,
159975,0,none,0,0,0,0,0,0,0,
37132,0,none,0,0,0,0,0,0,0,
162355,0,none,0,0,0,0,0,0,0,
175986,0,none,0,0,0,0,0,0,0,
81158,0,none,0,0,0,0,0,0,0,
84963,0,none,0,0,0,0,0,0,0,
19774,0,none,0,0,0,0,0,0,0,
86551,0,none,0,0,0,0,0,0,0,
114837,0,none,0,0,0,0,0,0,0,
116744,0,none,0,0,0,0,0,0,0,
109610,0,none,0,0,0,0,0,0,0,
74460,0,none,0,0,0,0,0,0,0,
140787,0,none,0,0,0,0,0,0,0,
92524,0,none,0,0,0,0,0,0,0,
21039,0,none,0,0,0,0,0,0,0,
108549,0,none,0,0,0,0,0,0,0,
55631,0,none,0,0,0,0,0,0,0,
29284,0,none,0,0,0,0,0,0,0,
7727,0,none,0,0,0,0,0,0,0,
38858,0,none,0,0,0,0,0,0,0,
92894,2,low,0,0,0,0,0,0,1,size_int_overflow
51493,0,none,0,0,0,0,0,0,0,
52179,0,none,0,0,0,0,0,0,0,
45434,0,none,0,0,0,0,0,0,0,
36739,0,none,0,0,0,0,0,0,0,
10289,0,none,0,0,0,0,0,0,0,
150565,0,none,0,0,0,0,0,0,0,
85983,0,none,0,0,0,0,0,0,0,
112479,0,none,0,0,0,0,0,0,0,
7563,0,none,0,0,0,0,0,0,0,
22005,0,none,0,0,0,0,0,0,0,
150576,0,none,0,0,0,0,0,0,0,
163931,0,none,0,0,0,0,0,0,0,
137787,0,none,0,0,0,0,0,0,0,
89916,0,none,0,0,0,0,0,0,0,
47751,0,none,0,0,0,0,0,0,0,
175991,0,none,0,0,0,0,0,0,0,
107484,0,none,0,0,0,0,0,0,0,
15001,0,none,0,0,0,0,0,0,0,
22133,0,none,0,0,0,0,0,0,0,
16510,0,none,0,0,0,0,0,0,0,
79212,0,none,0,0,0,0,0,0,0,
74084,0,none,0,0,0,0,0,0,0,
125604,0,none,0,0,0,0,0,0,0,
11678,0,none,0,0,0,0,0,0,0,
1287,0,none,0,0,0,0,0,0,0,
12432,0,none,0,0,0,0,0,0,0,
108824,0,none,0,0,0,0,0,0,0,
113468,0,none,0,0,0,0,0,0,0,
153496,0,none,0,0,0,0,0,0,0,
186653,0,none,0,0,0,0,0,0,0,
70558,0,none,0,0,0,0,0,0,0,
31464,0,none,0,0,0,0,0,0,0,
94235,0,none,0,0,0,0,0,0,0,
145988,0,none,0,0,0,0,0,0,0,
86326,0,none,0,0,0,0,0,0,0,
81025,0,none,0,0,0,0,0,0,0,
88846,0,none,0,0,0,0,0,0,0,
114933,0,none,0,0,0,0,0,0,0,
184663,0,none,0,0,0,0,0,0,0,
23095,0,none,0,0,0,0,0,0,0,
126683,0,none,0,0,0,0,0,0,0,
14523,0,none,0,0,0,0,0,0,0,
125687,0,none,0,0,0,0,0,0,0,
53402,0,none,0,0,0,0,0,0,0,
65049,0,none,0,0,0,0,0,0,0,
93269,0,none,0,0,0,0,0,0,0,
3096,0,none,0,0,0,0,0,0,0,
64420,0,none,0,0,0,0,0,0,0,
139059,0,none,0,0,0,0,0,0,0,
173467,0,none,0,0,0,0,0,0,0,
32041,0,none,0,0,0,0,0,0,0,
13675,0,none,0,0,0,0,0,0,0,
41898,0,none,0,0,0,0,0,0,0,
123812,0,none,0,0,0,0,0,0,0,
33069,0,none,0,0,0,0,0,0,0,
44311,0,none,0,0,0,0,0,0,0,
171063,0,none,0,0,0,0,0,0,0,
119505,0,none,0,0,0,0,0,0,0,
126489,0,none,0,0,0,0,0,0,0,
174981,0,none,0,0,0,0,0,0,0,
126607,0,none,0,0,0,0,0,0,0,
82342,0,none,0,0,0,0,0,0,0,
101153,0,none,0,0,0,0,0,0,0,
167232,0,none,0,0,0,0,0,0,0,
147945,0,none,0,0,0,0,0,0,0,
52001,0,none,0,0,0,0,0,0,0,
168516,0,none,0,0,0,0,0,0,0,
86456,0,none,0,0,0,0,0,0,0,
146672,0,none,0,0,0,0,0,0,0,
118888,0,none,0,0,0,0,0,0,0,
67430,0,none,0,0,0,0,0,0,0,
118450,0,none,0,0,0,0,0,0,0,
113394,0,none,0,0,0,0,0,0,0,
142095,0,none,0,0,0,0,0,0,0,
78665,3,low,0,1,0,0,0,0,0,memcpy_unchecked
31949,0,none,0,0,0,0,0,0,0,
6921,0,none,0,0,0,0,0,0,0,
122419,0,none,0,0,0,0,0,0,0,
173542,0,none,0,0,0,0,0,0,0,
115891,0,none,0,0,0,0,0,0,0,
32524,0,none,0,0,0,0,0,0,0,
101204,0,none,0,0,0,0,0,0,0,
129599,0,none,0,0,0,0,0,0,0,
49538,0,none,0,0,0,0,0,0,0,
73790,0,none,0,0,0,0,0,0,0,
122405,0,none,0,0,0,0,0,0,0,
142079,0,none,0,0,0,0,0,0,0,
10663,0,none,0,0,0,0,0,0,0,
181345,0,none,0,0,0,0,0,0,0,
96706,0,none,0,0,0,0,0,0,0,
23357,0,none,0,0,0,0,0,0,0,
168102,0,none,0,0,0,0,0,0,0,
134619,0,none,0,0,0,0,0,0,0,
177302,0,none,0,0,0,0,0,0,0,
54211,0,none,0,0,0,0,0,0,0,
73698,0,none,0,0,0,0,0,0,0,
175825,0,none,0,0,0,0,0,0,0,
39228,0,none,0,0,0,0,0,0,0,
67831,0,none,0,0,0,0,0,0,0,
168016,0,none,0,0,0,0,0,0,0,
150324,0,none,0,0,0,0,0,0,0,
105539,0,none,0,0,0,0,0,0,0,
110076,0,none,0,0,0,0,0,0,0,
52475,0,none,0,0,0,0,0,0,0,
60900,0,none,0,0,0,0,0,0,0,
98767,3,low,0,1,0,0,0,0,0,memcpy_unchecked
176256,0,none,0,0,0,0,0,0,0,
77448,0,none,0,0,0,0,0,0,0,
103377,0,none,0,0,0,0,0,0,0,
161907,0,none,0,0,0,0,0,0,0,
43965,0,none,0,0,0,0,0,0,0,
37265,0,none,0,0,0,0,0,0,0,
27214,0,none,0,0,0,0,0,0,0,
123231,0,none,0,0,0,0,0,0,0,
105799,0,none,0,0,0,0,0,0,0,
157115,0,none,0,0,0,0,0,0,0,
37692,0,none,0,0,0,0,0,0,0,
133856,0,none,0,0,0,0,0,0,0,
51709,0,none,0,0,0,0,0,0,0,
181640,0,none,0,0,0,0,0,0,0,
6509,0,none,0,0,0,0,0,0,0,
122622,0,none,0,0,0,0,0,0,0,
46972,0,none,0,0,0,0,0,0,0,
13782,0,none,0,0,0,0,0,0,0,
47179,0,none,0,0,0,0,0,0,0,
159252,0,none,0,0,0,0,0,0,0,
64104,0,none,0,0,0,0,0,0,0,
79737,0,none,0,0,0,0,0,0,0,
110124,0,none,0,0,0,0,0,0,0,
127478,0,none,0,0,0,0,0,0,0,
8231,0,none,0,0,0,0,0,0,0,
168663,0,none,0,0,0,0,0,0,0,
92667,0,none,0,0,0,0,0,0,0,
6441,0,none,0,0,0,0,0,0,0,
113849,0,none,0,0,0,0,0,0,0,
61398,0,none,0,0,0,0,0,0,0,
83436,0,none,0,0,0,0,0,0,0,
134208,0,none,0,0,0,0,0,0,0,
31145,0,none,0,0,0,0,0,0,0,
7892,0,none,0,0,0,0,0,0,0,
14761,0,none,0,0,0,0,0,0,0,
50753,3,low,0,1,0,0,0,0,0,memcpy_unchecked
6396,0,none,0,0,0,0,0,0,0,
84146,0,none,0,0,0,0,0,0,0,
60735,0,none,0,0,0,0,0,0,0,
59175,0,none,0,0,0,0,0,0,0,
69841,0,none,0,0,0,0,0,0,0,
160237,0,none,0,0,0,0,0,0,0,
143187,0,none,0,0,0,0,0,0,0,
38395,0,none,0,0,0,0,0,0,0,
134016,0,none,0,0,0,0,0,0,0,
119399,0,none,0,0,0,0,0,0,0,
2651,0,none,0,0,0,0,0,0,0,
63917,0,none,0,0,0,0,0,0,0,
25545,0,none,0,0,0,0,0,0,0,
173820,0,none,0,0,0,0,0,0,0,
183218,0,none,0,0,0,0,0,0,0,
10931,0,none,0,0,0,0,0,0,0,
129584,0,none,0,0,0,0,0,0,0,
178872,2,low,0,0,0,0,0,0,1,size_int_overflow
158201,0,none,0,0,0,0,0,0,0,
93101,9,high,0,5,0,0,0,0,0,memcpy_unchecked
49690,0,none,0,0,0,0,0,0,0,
152101,0,none,0,0,0,0,0,0,0,
179359,0,none,0,0,0,0,0,0,0,
23453,0,none,0,0,0,0,0,0,0,
117796,0,none,0,0,0,0,0,0,0,
187304,0,none,0,0,0,0,0,0,0,
160178,0,none,0,0,0,0,0,0,0,
16139,3,low,1,0,0,0,0,0,0,unsafe_func
129515,0,none,0,0,0,0,0,0,0,
164366,0,none,0,0,0,0,0,0,0,
57014,0,none,0,0,0,0,0,0,0,
40014,0,none,0,0,0,0,0,0,0,
5361,0,none,0,0,0,0,0,0,0,
104670,0,none,0,0,0,0,0,0,0,
98490,0,none,0,0,0,0,0,0,0,
38488,6,medium,0,2,0,0,0,0,0,memcpy_unchecked
42557,0,none,0,0,0,0,0,0,0,
110642,0,none,0,0,0,0,0,0,0,
48875,0,none,0,0,0,0,0,0,0,
159070,0,none,0,0,0,0,0,0,0,
25626,0,none,0,0,0,0,0,0,0,
170670,0,none,0,0,0,0,0,0,0,
43492,2,low,0,0,0,0,0,0,1,size_int_overflow
89626,0,none,0,0,0,0,0,0,0,
137103,0,none,0,0,0,0,0,0,0,
41697,0,none,0,0,0,0,0,0,0,
57319,0,none,0,0,0,0,0,0,0,
121848,0,none,0,0,0,0,0,0,0,
73154,0,none,0,0,0,0,0,0,0,
102702,0,none,0,0,0,0,0,0,0,
32627,0,none,0,0,0,0,0,0,0,
57742,0,none,0,0,0,0,0,0,0,
3091,0,none,0,0,0,0,0,0,0,
127418,0,none,0,0,0,0,0,0,0,
171562,0,none,0,0,0,0,0,0,0,
58781,0,none,0,0,0,0,0,0,0,
104056,0,none,0,0,0,0,0,0,0,
172505,0,none,0,0,0,0,0,0,0,
122509,0,none,0,0,0,0,0,0,0,
94662,0,none,0,0,0,0,0,0,0,
26841,0,none,0,0,0,0,0,0,0,
115586,0,none,0,0,0,0,0,0,0,
130916,0,none,0,0,0,0,0,0,0,
111001,0,none,0,0,0,0,0,0,0,
86310,0,none,0,0,0,0,0,0,0,
118487,0,none,0,0,0,0,0,0,0,
87974,0,none,0,0,0,0,0,0,0,
186390,0,none,0,0,0,0,0,0,0,
165893,0,none,0,0,0,0,0,0,0,
79807,0,none,0,0,0,0,0,0,0,
81887,0,none,0,0,0,0,0,0,0,
67532,0,none,0,0,0,0,0,0,0,
67336,0,none,0,0,0,0,0,0,0,
54172,0,none,0,0,0,0,0,0,0,
131788,0,none,0,0,0,0,0,0,0,
110777,0,none,0,0,0,0,0,0,0,
35864,0,none,0,0,0,0,0,0,0,
38389,0,none,0,0,0,0,0,0,0,
85946,0,none,0,0,0,0,0,0,0,
55203,0,none,0,0,0,0,0,0,0,
93385,0,none,0,0,0,0,0,0,0,
62874,0,none,0,0,0,0,0,0,0,
149452,0,none,0,0,0,0,0,0,0,
5476,0,none,0,0,0,0,0,0,0,
187005,0,none,0,0,0,0,0,0,0,
68101,0,none,0,0,0,0,0,0,0,
149394,0,none,0,0,0,0,0,0,0,
162796,0,none,0,0,0,0,0,0,0,
150247,0,none,0,0,0,0,0,0,0,
83655,0,none,0,0,0,0,0,0,0,
167450,0,none,0,0,0,0,0,0,0,
130135,0,none,0,0,0,0,0,0,0,
1476,0,none,0,0,0,0,0,0,0,
173677,0,none,0,0,0,0,0,0,0,
177924,11,high,0,0,0,1,0,1,2,unchecked_alloc;use_after_free;size_int_overflow
6794,0,none,0,0,0,0,0,0,0,
77072,0,none,0,0,0,0,0,0,0,
114303,0,none,0,0,0,0,0,0,0,
102209,0,none,0,0,0,0,0,0,0,
126550,0,none,0,0,0,0,0,0,0,
92946,0,none,0,0,0,0,0,0,0,
11273,0,none,0,0,0,0,0,0,0,
144108,0,none,0,0,0,0,0,0,0,
21244,0,none,0,0,0,0,0,0,0,
180612,0,none,0,0,0,0,0,0,0,
176584,0,none,0,0,0,0,0,0,0,
53868,0,none,0,0,0,0,0,0,0,
172578,0,none,0,0,0,0,0,0,0,
78375,9,high,0,3,0,0,0,0,0,memcpy_unchecked
24728,0,none,0,0,0,0,0,0,0,
45072,0,none,0,0,0,0,0,0,0,
143700,0,none,0,0,0,0,0,0,0,
140206,0,none,0,0,0,0,0,0,0,
187055,0,none,0,0,0,0,0,0,0,
188108,0,none,0,0,0,0,0,0,0,
171382,0,none,0,0,0,0,0,0,0,
169656,0,none,0,0,0,0,0,0,0,
152454,0,none,0,0,0,0,0,0,0,
109303,0,none,0,0,0,0,0,0,0,
183618,0,none,0,0,0,0,0,0,0,
123424,0,none,0,0,0,0,0,0,0,
151094,0,none,0,0,0,0,0,0,0,
48311,0,none,0,0,0,0,0,0,0,
151231,0,none,0,0,0,0,0,0,0,
106946,0,none,0,0,0,0,0,0,0,
156603,0,none,0,0,0,0,0,0,0,
31165,0,none,0,0,0,0,0,0,0,
161396,0,none,0,0,0,0,0,0,0,
164776,0,none,0,0,0,0,0,0,0,
109496,0,none,0,0,0,0,0,0,0,
18415,0,none,0,0,0,0,0,0,0,
179457,0,none,0,0,0,0,0,0,0,
171553,0,none,0,0,0,0,0,0,0,
99954,0,none,0,0,0,0,0,0,0,
5161,0,none,0,0,0,0,0,0,0,
107395,0,none,0,0,0,0,0,0,0,
45678,0,none,0,0,0,0,0,0,0,
5967,0,none,0,0,0,0,0,0,0,
42866,0,none,0,0,0,0,0,0,0,
109309,0,none,0,0,0,0,0,0,0,
122296,0,none,0,0,0,0,0,0,0,
64327,0,none,0,0,0,0,0,0,0,
45623,0,none,0,0,0,0,0,0,0,
95819,0,none,0,0,0,0,0,0,0,
41012,0,none,0,0,0,0,0,0,0,
139012,0,none,0,0,0,0,0,0,0,
186409,0,none,0,0,0,0,0,0,0,
183260,0,none,0,0,0,0,0,0,0,
48979,0,none,0,0,0,0,0,0,0,
6793,0,none,0,0,0,0,0,0,0,
5538,0,none,0,0,0,0,0,0,0,
77880,0,none,0,0,0,0,0,0,0,
73779,2,low,0,0,0,1,0,0,0,unchecked_alloc
53459,0,none,0,0,0,0,0,0,0,
179101,0,none,0,0,0,0,0,0,0,
115156,0,none,0,0,0,0,0,0,0,
174024,0,none,0,0,0,0,0,0,0,
178026,0,none,0,0,0,0,0,0,0,
136616,0,none,0,0,0,0,0,0,0,
78769,0,none,0,0,0,0,0,0,0,
28557,0,none,0,0,0,0,0,0,0,
103010,0,none,0,0,0,0,0,0,0,
40129,0,none,0,0,0,0,0,0,0,
30191,0,none,0,0,0,0,0,0,0,
180656,0,none,0,0,0,0,0,0,0,
56686,0,none,0,0,0,0,0,0,0,
43004,0,none,0,0,0,0,0,0,0,
182847,15,high,0,7,0,5,0,0,0,memcpy_unchecked;unchecked_alloc
93865,0,none,0,0,0,0,0,0,0,
71561,0,none,0,0,0,0,0,0,0,
72117,0,none,0,0,0,0,0,0,0,
182429,0,none,0,0,0,0,0,0,0,
91780,0,none,0,0,0,0,0,0,0,
112181,0,none,0,0,0,0,0,0,0,
60821,0,none,0,0,0,0,0,0,0,
133882,0,none,0,0,0,0,0,0,0,
19064,0,none,0,0,0,0,0,0,0,
104368,0,none,0,0,0,0,0,0,0,
41469,0,none,0,0,0,0,0,0,0,
66706,0,none,0,0,0,0,0,0,0,
161242,0,none,0,0,0,0,0,0,0,
62908,0,none,0,0,0,0,0,0,0,
62533,0,none,0,0,0,0,0,0,0,
23345,0,none,0,0,0,0,0,0,0,
1005,0,none,0,0,0,0,0,0,0,
37606,0,none,0,0,0,0,0,0,0,
152079,0,none,0,0,0,0,0,0,0,
87366,0,none,0,0,0,0,0,0,0,
129364,0,none,0,0,0,0,0,0,0,
156055,0,none,0,0,0,0,0,0,0,
158110,0,none,0,0,0,0,0,0,0,
188254,0,none,0,0,0,0,0,0,0,
114023,0,none,0,0,0,0,0,0,0,
100163,0,none,0,0,0,0,0,0,0,
117288,0,none,0,0,0,0,0,0,0,
23269,0,none,0,0,0,0,0,0,0,
79044,0,none,0,0,0,0,0,0,0,
52644,0,none,0,0,0,0,0,0,0,
185440,0,none,0,0,0,0,0,0,0,
36059,0,none,0,0,0,0,0,0,0,
17182,0,none,0,0,0,0,0,0,0,
124709,0,none,0,0,0,0,0,0,0,
183179,0,none,0,0,0,0,0,0,0,
10330,0,none,0,0,0,0,0,0,0,
173212,0,none,0,0,0,0,0,0,0,
4372,0,none,0,0,0,0,0,0,0,
29535,0,none,0,0,0,0,0,0,0,
98059,0,none,0,0,0,0,0,0,0,
32032,0,none,0,0,0,0,0,0,0,
157529,0,none,0,0,0,0,0,0,0,
187201,0,none,0,0,0,0,0,0,0,
137223,0,none,0,0,0,0,0,0,0,
48642,0,none,0,0,0,0,0,0,0,
55954,0,none,0,0,0,0,0,0,0,
112552,0,none,0,0,0,0,0,0,0,
158432,0,none,0,0,0,0,0,0,0,
135379,0,none,0,0,0,0,0,0,0,
138412,0,none,0,0,0,0,0,0,0,
154950,0,none,0,0,0,0,0,0,0,
89787,0,none,0,0,0,0,0,0,0,
18952,0,none,0,0,0,0,0,0,0,
114617,0,none,0,0,0,0,0,0,0,
18670,0,none,0,0,0,0,0,0,0,
118298,0,none,0,0,0,0,0,0,0,
84792,0,none,0,0,0,0,0,0,0,
149634,0,none,0,0,0,0,0,0,0,
132558,0,none,0,0,0,0,0,0,0,
66298,4,medium,0,0,1,0,0,0,0,format_string
178995,0,none,0,0,0,0,0,0,0,
79997,0,none,0,0,0,0,0,0,0,
114673,0,none,0,0,0,0,0,0,0,
9633,0,none,0,0,0,0,0,0,0,
104715,0,none,0,0,0,0,0,0,0,
173175,0,none,0,0,0,0,0,0,0,
176098,0,none,0,0,0,0,0,0,0,
185775,0,none,0,0,0,0,0,0,0,
104647,0,none,0,0,0,0,0,0,0,
5922,0,none,0,0,0,0,0,0,0,
79029,0,none,0,0,0,0,0,0,0,
36532,0,none,0,0,0,0,0,0,0,
153859,0,none,0,0,0,0,0,0,0,
162130,0,none,0,0,0,0,0,0,0,
77361,0,none,0,0,0,0,0,0,0,
102075,0,none,0,0,0,0,0,0,0,
131153,0,none,0,0,0,0,0,0,0,
120689,0,none,0,0,0,0,0,0,0,
61391,0,none,0,0,0,0,0,0,0,
45814,0,none,0,0,0,0,0,0,0,
83806,0,none,0,0,0,0,0,0,0,
149411,0,none,0,0,0,0,0,0,0,
7674,0,none,0,0,0,0,0,0,0,
9853,0,none,0,0,0,0,0,0,0,
115303,0,none,0,0,0,0,0,0,0,
77094,0,none,0,0,0,0,0,0,0,
56243,0,none,0,0,0,0,0,0,0,
151898,0,none,0,0,0,0,0,0,0,
138873,0,none,0,0,0,0,0,0,0,
119226,0,none,0,0,0,0,0,0,0,
183796,0,none,0,0,0,0,0,0,0,
94485,0,none,0,0,0,0,0,0,0,
87,0,none,0,0,0,0,0,0,0,
153694,0,none,0,0,0,0,0,0,0,
99639,0,none,0,0,0,0,0,0,0,
51267,0,none,0,0,0,0,0,0,0,
144042,0,none,0,0,0,0,0,0,0,
153896,0,none,0,0,0,0,0,0,0,
152644,0,none,0,0,0,0,0,0,0,
67044,0,none,0,0,0,0,0,0,0,
29856,0,none,0,0,0,0,0,0,0,
117401,0,none,0,0,0,0,0,0,0,
168392,0,none,0,0,0,0,0,0,0,
109282,0,none,0,0,0,0,0,0,0,
82542,0,none,0,0,0,0,0,0,0,
139164,0,none,0,0,0,0,0,0,0,
27456,0,none,0,0,0,0,0,0,0,
115110,0,none,0,0,0,0,0,0,0,
183451,0,none,0,0,0,0,0,0,0,
10972,0,none,0,0,0,0,0,0,0,
163672,0,none,0,0,0,0,0,0,0,
46266,0,none,0,0,0,0,0,0,0,
182649,0,none,0,0,0,0,0,0,0,
40317,0,none,0,0,0,0,0,0,0,
144751,0,none,0,0,0,0,0,0,0,
92867,0,none,0,0,0,0,0,0,0,
104989,0,none,0,0,0,0,0,0,0,
26555,0,none,0,0,0,0,0,0,0,
115276,0,none,0,0,0,0,0,0,0,
13211,0,none,0,0,0,0,0,0,0,
118483,0,none,0,0,0,0,0,0,0,
123909,0,none,0,0,0,0,0,0,0,
164282,0,none,0,0,0,0,0,0,0,
37126,0,none,0,0,0,0,0,0,0,
44504,0,none,0,0,0,0,0,0,0,
182148,0,none,0,0,0,0,0,0,0,
171616,0,none,0,0,0,0,0,0,0,
78733,0,none,0,0,0,0,0,0,0,
147012,0,none,0,0,0,0,0,0,0,
119164,0,none,0,0,0,0,0,0,0,
9951,0,none,0,0,0,0,0,0,0,
167961,0,none,0,0,0,0,0,0,0,
135067,0,none,0,0,0,0,0,0,0,
155399,0,none,0,0,0,0,0,0,0,
149583,0,none,0,0,0,0,0,0,0,
112250,0,none,0,0,0,0,0,0,0,
58863,0,none,0,0,0,0,0,0,0,
32273,0,none,0,0,0,0,0,0,0,
22649,0,none,0,0,0,0,0,0,0,
23228,0,none,0,0,0,0,0,0,0,
35193,0,none,0,0,0,0,0,0,0,
88043,0,none,0,0,0,0,0,0,0,
165981,0,none,0,0,0,0,0,0,0,
25472,0,none,0,0,0,0,0,0,0,
65123,0,none,0,0,0,0,0,0,0,
133758,0,none,0,0,0,0,0,0,0,
53871,0,none,0,0,0,0,0,0,0,
14184,0,none,0,0,0,0,0,0,0,
49769,0,none,0,0,0,0,0,0,0,
188568,0,none,0,0,0,0,0,0,0,
32113,0,none,0,0,0,0,0,0,0,
126539,0,none,0,0,0,0,0,0,0,
15556,5,medium,0,0,0,0,1,0,0,double_free
47734,0,none,0,0,0,0,0,0,0,
24338,0,none,0,0,0,0,0,0,0,
36500,0,none,0,0,0,0,0,0,0,
140100,0,none,0,0,0,0,0,0,0,
34619,0,none,0,0,0,0,0,0,0,
60688,0,none,0,0,0,0,0,0,0,
10969,0,none,0,0,0,0,0,0,0,
47622,0,none,0,0,0,0,0,0,0,
164623,0,none,0,0,0,0,0,0,0,
28421,0,none,0,0,0,0,0,0,0,
116364,0,none,0,0,0,0,0,0,0,
58010,0,none,0,0,0,0,0,0,0,
112538,0,none,0,0,0,0,0,0,0,
131289,0,none,0,0,0,0,0,0,0,
39554,0,none,0,0,0,0,0,0,0,
11018,0,none,0,0,0,0,0,0,0,
156323,0,none,0,0,0,0,0,0,0,
121512,0,none,0,0,0,0,0,0,0,
173306,0,none,0,0,0,0,0,0,0,
96873,0,none,0,0,0,0,0,0,0,
39813,0,none,0,0,0,0,0,0,0,
171301,0,none,0,0,0,0,0,0,0,
84740,0,none,0,0,0,0,0,0,0,
52163,0,none,0,0,0,0,0,0,0,
91718,0,none,0,0,0,0,0,0,0,
18275,0,none,0,0,0,0,0,0,0,
44490,0,none,0,0,0,0,0,0,0,
38441,0,none,0,0,0,0,0,0,0,
164484,0,none,0,0,0,0,0,0,0,
163606,0,none,0,0,0,0,0,0,0,
65753,0,none,0,0,0,0,0,0,0,
85433,0,none,0,0,0,0,0,0,0,
17145,0,none,0,0,0,0,0,0,0,
99833,0,none,0,0,0,0,0,0,0,
6161,0,none,0,0,0,0,0,0,0,
108399,0,none,0,0,0,0,0,0,0,
47750,0,none,0,0,0,0,0,0,0,
156315,0,none,0,0,0,0,0,0,0,
88195,0,none,0,0,0,0,0,0,0,
63478,0,none,0,0,0,0,0,0,0,
4652,0,none,0,0,0,0,0,0,0,
66422,0,none,0,0,0,0,0,0,0,
71081,0,none,0,0,0,0,0,0,0,
23621,0,none,0,0,0,0,0,0,0,
2305,0,none,0,0,0,0,0,0,0,
158199,0,none,0,0,0,0,0,0,0,
140550,0,none,0,0,0,0,0,0,0,
40807,8,medium,0,0,2,0,0,0,0,format_string
150275,0,none,0,0,0,0,0,0,0,
185997,0,none,0,0,0,0,0,0,0,
45099,0,none,0,0,0,0,0,0,0,
73861,3,low,0,1,0,0,0,0,0,memcpy_unchecked
130869,0,none,0,0,0,0,0,0,0,
144107,0,none,0,0,0,0,0,0,0,
12477,0,none,0,0,0,0,0,0,0,
137913,0,none,0,0,0,0,0,0,0,
151165,0,none,0,0,0,0,0,0,0,
157956,0,none,0,0,0,0,0,0,0,
121276,0,none,0,0,0,0,0,0,0,
159624,0,none,0,0,0,0,0,0,0,
120379,0,none,0,0,0,0,0,0,0,
96425,0,none,0,0,0,0,0,0,0,
177195,0,none,0,0,0,0,0,0,0,
148877,0,none,0,0,0,0,0,0,0,
97355,0,none,0,0,0,0,0,0,0,
108451,0,none,0,0,0,0,0,0,0,
12497,0,none,0,0,0,0,0,0,0,
122967,0,none,0,0,0,0,0,0,0,
26409,2,low,0,0,0,0,0,0,1,size_int_overflow
84107,0,none,0,0,0,0,0,0,0,
7204,0,none,0,0,0,0,0,0,0,
125372,0,none,0,0,0,0,0,0,0,
187793,0,none,0,0,0,0,0,0,0,
18807,0,none,0,0,0,0,0,0,0,
138327,0,none,0,0,0,0,0,0,0,
38753,0,none,0,0,0,0,0,0,0,
147250,0,none,0,0,0,0,0,0,0,
21932,0,none,0,0,0,0,0,0,0,
66035,0,none,0,0,0,0,0,0,0,
172742,0,none,0,0,0,0,0,0,0,
6683,0,none,0,0,0,0,0,0,0,
102729,0,none,0,0,0,0,0,0,0,
75319,0,none,0,0,0,0,0,0,0,
22180,0,none,0,0,0,0,0,0,0,
169179,0,none,0,0,0,0,0,0,0,
93602,0,none,0,0,0,0,0,0,0,
36867,0,none,0,0,0,0,0,0,0,
110869,0,none,0,0,0,0,0,0,0,
148350,0,none,0,0,0,0,0,0,0,
32491,0,none,0,0,0,0,0,0,0,
25492,0,none,0,0,0,0,0,0,0,
34333,0,none,0,0,0,0,0,0,0,
174570,0,none,0,0,0,0,0,0,0,
151732,0,none,0,0,0,0,0,0,0,
160441,0,none,0,0,0,0,0,0,0,
136709,0,none,0,0,0,0,0,0,0,
165349,0,none,0,0,0,0,0,0,0,
128425,0,none,0,0,0,0,0,0,0,
67174,0,none,0,0,0,0,0,0,0,
98334,0,none,0,0,0,0,0,0,0,
16792,0,none,0,0,0,0,0,0,0,
67777,0,none,0,0,0,0,0,0,0,
147159,0,none,0,0,0,0,0,0,0,
83725,0,none,0,0,0,0,0,0,0,
66167,0,none,0,0,0,0,0,0,0,
103760,0,none,0,0,0,0,0,0,0,
68920,0,none,0,0,0,0,0,0,0,
10049,0,none,0,0,0,0,0,0,0,
136942,0,none,0,0,0,0,0,0,0,
37481,0,none,0,0,0,0,0,0,0,
50448,0,none,0,0,0,0,0,0,0,
146512,0,none,0,0,0,0,0,0,0,
33204,0,none,0,0,0,0,0,0,0,
119169,0,none,0,0,0,0,0,0,0,
157221,0,none,0,0,0,0,0,0,0,
130958,0,none,0,0,0,0,0,0,0,
48217,0,none,0,0,0,0,0,0,0,
127545,0,none,0,0,0,0,0,0,0,
183734,0,none,0,0,0,0,0,0,0,
73962,0,none,0,0,0,0,0,0,0,
162373,0,none,0,0,0,0,0,0,0,
181241,0,none,0,0,0,0,0,0,0,
120435,0,none,0,0,0,0,0,0,0,
19081,0,none,0,0,0,0,0,0,0,
170089,0,none,0,0,0,0,0,0,0,
160190,0,none,0,0,0,0,0,0,0,
69627,0,none,0,0,0,0,0,0,0,
52069,0,none,0,0,0,0,0,0,0,
41757,0,none,0,0,0,0,0,0,0,
5382,0,none,0,0,0,0,0,0,0,
151172,0,none,0,0,0,0,0,0,0,
185732,0,none,0,0,0,0,0,0,0,
150421,0,none,0,0,0,0,0,0,0,
161055,0,none,0,0,0,0,0,0,0,
130421,0,none,0,0,0,0,0,0,0,
131701,0,none,0,0,0,0,0,0,0,
78798,9,high,0,0,0,1,0,1,1,unchecked_alloc;use_after_free;size_int_overflow
146903,0,none,0,0,0,0,0,0,0,
44769,0,none,0,0,0,0,0,0,0,
38825,0,none,0,0,0,0,0,0,0,
134913,0,none,0,0,0,0,0,0,0,
61533,0,none,0,0,0,0,0,0,0,
72356,0,none,0,0,0,0,0,0,0,
74345,3,low,1,0,0,0,0,0,0,unsafe_func
83135,0,none,0,0,0,0,0,0,0,
114010,0,none,0,0,0,0,0,0,0,
111598,0,none,0,0,0,0,0,0,0,
12486,0,none,0,0,0,0,0,0,0,
92861,0,none,0,0,0,0,0,0,0,
126586,0,none,0,0,0,0,0,0,0,
3183,0,none,0,0,0,0,0,0,0,
95764,0,none,0,0,0,0,0,0,0,
43123,0,none,0,0,0,0,0,0,0,
179588,0,none,0,0,0,0,0,0,0,
80412,0,none,0,0,0,0,0,0,0,
66563,0,none,0,0,0,0,0,0,0,
83283,0,none,0,0,0,0,0,0,0,
19811,0,none,0,0,0,0,0,0,0,
120320,0,none,0,0,0,0,0,0,0,
101656,0,none,0,0,0,0,0,0,0,
70096,0,none,0,0,0,0,0,0,0,
8302,0,none,0,0,0,0,0,0,0,
104857,0,none,0,0,0,0,0,0,0,
47678,0,none,0,0,0,0,0,0,0,
71824,0,none,0,0,0,0,0,0,0,
48083,0,none,0,0,0,0,0,0,0,
104005,0,none,0,0,0,0,0,0,0,
32794,0,none,0,0,0,0,0,0,0,
133071,0,none,0,0,0,0,0,0,0,
31812,0,none,0,0,0,0,0,0,0,
160884,0,none,0,0,0,0,0,0,0,
87111,0,none,0,0,0,0,0,0,0,
42612,0,none,0,0,0,0,0,0,0,
96617,0,none,0,0,0,0,0,0,0,
21406,0,none,0,0,0,0,0,0,0,
142048,0,none,0,0,0,0,0,0,0,
36564,0,none,0,0,0,0,0,0,0,
112305,0,none,0,0,0,0,0,0,0,
172601,0,none,0,0,0,0,0,0,0,
71189,0,none,0,0,0,0,0,0,0,
12755,0,none,0,0,0,0,0,0,0,
90445,0,none,0,0,0,0,0,0,0,
77299,0,none,0,0,0,0,0,0,0,
35575,0,none,0,0,0,0,0,0,0,
104786,0,none,0,0,0,0,0,0,0,
7124,0,none,0,0,0,0,0,0,0,
104787,0,none,0,0,0,0,0,0,0,
155509,0,none,0,0,0,0,0,0,0,
3067,0,none,0,0,0,0,0,0,0,
66575,2,low,0,0,0,0,0,0,1,size_int_overflow
159342,0,none,0,0,0,0,0,0,0,
96178,0,none,0,0,0,0,0,0,0,
169977,0,none,0,0,0,0,0,0,0,
108066,0,none,0,0,0,0,0,0,0,
164510,0,none,0,0,0,0,0,0,0,
89256,0,none,0,0,0,0,0,0,0,
124199,0,none,0,0,0,0,0,0,0,
95944,0,none,0,0,0,0,0,0,0,
61764,0,none,0,0,0,0,0,0,0,
166057,0,none,0,0,0,0,0,0,0,
42224,0,none,0,0,0,0,0,0,0,
119436,0,none,0,0,0,0,0,0,0,
98288,0,none,0,0,0,0,0,0,0,
5863,0,none,0,0,0,0,0,0,0,
134851,0,none,0,0,0,0,0,0,0,
135005,0,none,0,0,0,0,0,0,0,
139569,0,none,0,0,0,0,0,0,0,
21116,0,none,0,0,0,0,0,0,0,
160809,0,none,0,0,0,0,0,0,0,
95291,0,none,0,0,0,0,0,0,0,
54151,0,none,0,0,0,0,0,0,0,
36141,0,none,0,0,0,0,0,0,0,
10198,0,none,0,0,0,0,0,0,0,
101606,0,none,0,0,0,0,0,0,0,
33336,0,none,0,0,0,0,0,0,0,
12067,0,none,0,0,0,0,0,0,0,
45129,0,none,0,0,0,0,0,0,0,
98639,0,none,0,0,0,0,0,0,0,
45424,0,none,0,0,0,0,0,0,0,
156674,0,none,0,0,0,0,0,0,0,
12952,0,none,0,0,0,0,0,0,0,
154452,0,none,0,0,0,0,0,0,0,
24500,0,none,0,0,0,0,0,0,0,
97585,0,none,0,0,0,0,0,0,0,
78811,0,none,0,0,0,0,0,0,0,
155766,0,none,0,0,0,0,0,0,0,
24079,7,medium,0,1,0,1,0,0,1,memcpy_unchecked;unchecked_alloc;size_int_overflow
134865,0,none,0,0,0,0,0,0,0,
66114,0,none,0,0,0,0,0,0,0,
81949,0,none,0,0,0,0,0,0,0,
182645,0,none,0,0,0,0,0,0,0,
87241,0,none,0,0,0,0,0,0,0,
12773,0,none,0,0,0,0,0,0,0,
14917,0,none,0,0,0,0,0,0,0,
9120,0,none,0,0,0,0,0,0,0,
50053,0,none,0,0,0,0,0,0,0,
129199,0,none,0,0,0,0,0,0,0,
31800,0,none,0,0,0,0,0,0,0,
34386,0,none,0,0,0,0,0,0,0,
50986,0,none,0,0,0,0,0,0,0,
8076,0,none,0,0,0,0,0,0,0,
13158,0,none,0,0,0,0,0,0,0,
59841,0,none,0,0,0,0,0,0,0,
151203,0,none,0,0,0,0,0,0,0,
140904,0,none,0,0,0,0,0,0,0,
2743,0,none,0,0,0,0,0,0,0,
34542,0,none,0,0,0,0,0,0,0,
125402,0,none,0,0,0,0,0,0,0,
179622,0,none,0,0,0,0,0,0,0,
111634,0,none,0,0,0,0,0,0,0,
103676,0,none,0,0,0,0,0,0,0,
55877,0,none,0,0,0,0,0,0,0,
184638,0,none,0,0,0,0,0,0,0,
6973,0,none,0,0,0,0,0,0,0,
174348,0,none,0,0,0,0,0,0,0,
176164,0,none,0,0,0,0,0,0,0,
87288,0,none,0,0,0,0,0,0,0,
134017,0,none,0,0,0,0,0,0,0,
173944,0,none,0,0,0,0,0,0,0,
166485,0,none,0,0,0,0,0,0,0,
31127,0,none,0,0,0,0,0,0,0,
162238,0,none,0,0,0,0,0,0,0,
149567,0,none,0,0,0,0,0,0,0,
33731,0,none,0,0,0,0,0,0,0,
185386,0,none,0,0,0,0,0,0,0,
83625,0,none,0,0,0,0,0,0,0,
66579,0,none,0,0,0,0,0,0,0,
170302,0,none,0,0,0,0,0,0,0,
123398,0,none,0,0,0,0,0,0,0,
72912,0,none,0,0,0,0,0,0,0,
73935,0,none,0,0,0,0,0,0,0,
16370,6,medium,2,0,0,0,0,0,0,unsafe_func
180059,0,none,0,0,0,0,0,0,0,
159216,0,none,0,0,0,0,0,0,0,
118977,0,none,0,0,0,0,0,0,0,
90269,0,none,0,0,0,0,0,0,0,
179482,0,none,0,0,0,0,0,0,0,
90450,0,none,0,0,0,0,0,0,0,
139684,0,none,0,0,0,0,0,0,0,
136494,0,none,0,0,0,0,0,0,0,
158971,0,none,0,0,0,0,0,0,0,
52609,0,none,0,0,0,0,0,0,0,
28329,0,none,0,0,0,0,0,0,0,
155522,0,none,0,0,0,0,0,0,0,
52423,0,none,0,0,0,0,0,0,0,
75659,0,none,0,0,0,0,0,0,0,
109426,0,none,0,0,0,0,0,0,0,
138127,0,none,0,0,0,0,0,0,0,
42899,3,low,1,0,0,0,0,0,0,unsafe_func
22253,0,none,0,0,0,0,0,0,0,
858,0,none,0,0,0,0,0,0,0,
90060,0,none,0,0,0,0,0,0,0,
156736,0,none,0,0,0,0,0,0,0,
24662,0,none,0,0,0,0,0,0,0,
85321,0,none,0,0,0,0,0,0,0,
36897,0,none,0,0,0,0,0,0,0,
83923,0,none,0,0,0,0,0,0,0,
120846,0,none,0,0,0,0,0,0,0,
8759,0,none,0,0,0,0,0,0,0,
86791,0,none,0,0,0,0,0,0,0,
133105,0,none,0,0,0,0,0,0,0,
166259,0,none,0,0,0,0,0,0,0,
77357,0,none,0,0,0,0,0,0,0,
131673,0,none,0,0,0,0,0,0,0,
158356,0,none,0,0,0,0,0,0,0,
58178,0,none,0,0,0,0,0,0,0,
171367,0,none,0,0,0,0,0,0,0,
143137,0,none,0,0,0,0,0,0,0,
167499,0,none,0,0,0,0,0,0,0,
148913,0,none,0,0,0,0,0,0,0,
51,0,none,0,0,0,0,0,0,0,
106721,0,none,0,0,0,0,0,0,0,
119518,0,none,0,0,0,0,0,0,0,
69086,0,none,0,0,0,0,0,0,0,
113838,0,none,0,0,0,0,0,0,0,
109355,0,none,0,0,0,0,0,0,0,
179607,0,none,0,0,0,0,0,0,0,
117511,0,none,0,0,0,0,0,0,0,
12280,0,none,0,0,0,0,0,0,0,
130488,0,none,0,0,0,0,0,0,0,
59475,0,none,0,0,0,0,0,0,0,
150441,0,none,0,0,0,0,0,0,0,
175876,0,none,0,0,0,0,0,0,0,
34608,6,medium,0,2,0,0,0,0,0,memcpy_unchecked
113360,0,none,0,0,0,0,0,0,0,
57496,0,none,0,0,0,0,0,0,0,
147355,0,none,0,0,0,0,0,0,0,
17080,0,none,0,0,0,0,0,0,0,
137827,0,none,0,0,0,0,0,0,0,
37249,0,none,0,0,0,0,0,0,0,
178044,3,low,0,1,0,0,0,0,0,memcpy_unchecked
108737,0,none,0,0,0,0,0,0,0,
167369,0,none,0,0,0,0,0,0,0,
49157,0,none,0,0,0,0,0,0,0,
65549,0,none,0,0,0,0,0,0,0,
145600,0,none,0,0,0,0,0,0,0,
150688,0,none,0,0,0,0,0,0,0,
71886,0,none,0,0,0,0,0,0,0,
124922,0,none,0,0,0,0,0,0,0,
160697,0,none,0,0,0,0,0,0,0,
35487,0,none,0,0,0,0,0,0,0,
160737,0,none,0,0,0,0,0,0,0,
30241,0,none,0,0,0,0,0,0,0,
181045,0,none,0,0,0,0,0,0,0,
3786,0,none,0,0,0,0,0,0,0,
86254,0,none,0,0,0,0,0,0,0,
125178,0,none,0,0,0,0,0,0,0,
123579,0,none,0,0,0,0,0,0,0,
163056,0,none,0,0,0,0,0,0,0,
149745,0,none,0,0,0,0,0,0,0,
182105,0,none,0,0,0,0,0,0,0,
2646,0,none,0,0,0,0,0,0,0,
173704,0,none,0,0,0,0,0,0,0,
172648,0,none,0,0,0,0,0,0,0,
163939,0,none,0,0,0,0,0,0,0,
75175,0,none,0,0,0,0,0,0,0,
167639,0,none,0,0,0,0,0,0,0,
82309,0,none,0,0,0,0,0,0,0,
160816,0,none,0,0,0,0,0,0,0,
51550,0,none,0,0,0,0,0,0,0,
107851,0,none,0,0,0,0,0,0,0,
148964,0,none,0,0,0,0,0,0,0,
39971,0,none,0,0,0,0,0,0,0,
42857,0,none,0,0,0,0,0,0,0,
84541,0,none,0,0,0,0,0,0,0,
88848,0,none,0,0,0,0,0,0,0,
70138,0,none,0,0,0,0,0,0,0,
133112,0,none,0,0,0,0,0,0,0,
63290,0,none,0,0,0,0,0,0,0,
172227,0,none,0,0,0,0,0,0,0,
113024,0,none,0,0,0,0,0,0,0,
43936,0,none,0,0,0,0,0,0,0,
43205,0,none,0,0,0,0,0,0,0,
136904,0,none,0,0,0,0,0,0,0,
56486,0,none,0,0,0,0,0,0,0,
98519,0,none,0,0,0,0,0,0,0,
62155,0,none,0,0,0,0,0,0,0,
65090,0,none,0,0,0,0,0,0,0,
71356,0,none,0,0,0,0,0,0,0,
138828,0,none,0,0,0,0,0,0,0,
125184,0,none,0,0,0,0,0,0,0,
179,0,none,0,0,0,0,0,0,0,
129245,0,none,0,0,0,0,0,0,0,
7475,0,none,0,0,0,0,0,0,0,
107058,0,none,0,0,0,0,0,0,0,
112756,0,none,0,0,0,0,0,0,0,
108463,0,none,0,0,0,0,0,0,0,
89187,0,none,0,0,0,0,0,0,0,
95433,0,none,0,0,0,0,0,0,0,
44174,0,none,0,0,0,0,0,0,0,
79156,0,none,0,0,0,0,0,0,0,
52833,0,none,0,0,0,0,0,0,0,
140425,0,none,0,0,0,0,0,0,0,
88159,0,none,0,0,0,0,0,0,0,
104031,0,none,0,0,0,0,0,0,0,
62752,0,none,0,0,0,0,0,0,0,
180829,0,none,0,0,0,0,0,0,0,
50686,0,none,0,0,0,0,0,0,0,
180102,0,none,0,0,0,0,0,0,0,
179287,2,low,0,0,0,0,0,0,1,size_int_overflow
41589,0,none,0,0,0,0,0,0,0,
165599,0,none,0,0,0,0,0,0,0,
180121,0,none,0,0,0,0,0,0,0,
12992,0,none,0,0,0,0,0,0,0,
134880,0,none,0,0,0,0,0,0,0,
170061,0,none,0,0,0,0,0,0,0,
1432,0,none,0,0,0,0,0,0,0,
67530,0,none,0,0,0,0,0,0,0,
187159,0,none,0,0,0,0,0,0,0,
56552,0,none,0,0,0,0,0,0,0,
137342,0,none,0,0,0,0,0,0,0,
24723,0,none,0,0,0,0,0,0,0,
178070,0,none,0,0,0,0,0,0,0,
93115,0,none,0,0,0,0,0,0,0,
64935,0,none,0,0,0,0,0,0,0,
139006,0,none,0,0,0,0,0,0,0,
65813,0,none,0,0,0,0,0,0,0,
6573,0,none,0,0,0,0,0,0,0,
54182,0,none,0,0,0,0,0,0,0,
59462,0,none,0,0,0,0,0,0,0,
19593,0,none,0,0,0,0,0,0,0,
179037,0,none,0,0,0,0,0,0,0,
105082,0,none,0,0,0,0,0,0,0,
177573,0,none,0,0,0,0,0,0,0,
45425,0,none,0,0,0,0,0,0,0,
22986,0,none,0,0,0,0,0,0,0,
162332,0,none,0,0,0,0,0,0,0,
150732,0,none,0,0,0,0,0,0,0,
74960,0,none,0,0,0,0,0,0,0,
8104,0,none,0,0,0,0,0,0,0,
55959,0,none,0,0,0,0,0,0,0,
3209,0,none,0,0,0,0,0,0,0,
927,0,none,0,0,0,0,0,0,0,
118064,0,none,0,0,0,0,0,0,0,
54088,0,none,0,0,0,0,0,0,0,
139527,0,none,0,0,0,0,0,0,0,
168299,0,none,0,0,0,0,0,0,0,
98445,0,none,0,0,0,0,0,0,0,
75842,6,medium,2,0,0,0,0,0,0,unsafe_func
186501,0,none,0,0,0,0,0,0,0,
159598,0,none,0,0,0,0,0,0,0,
153254,0,none,0,0,0,0,0,0,0,
179415,0,none,0,0,0,0,0,0,0,
83974,0,none,0,0,0,0,0,0,0,
58719,0,none,0,0,0,0,0,0,0,
47881,0,none,0,0,0,0,0,0,0,
88261,0,none,0,0,0,0,0,0,0,
177217,0,none,0,0,0,0,0,0,0,
53129,0,none,0,0,0,0,0,0,0,
131597,0,none,0,0,0,0,0,0,0,
168825,0,none,0,0,0,0,0,0,0,
59169,0,none,0,0,0,0,0,0,0,
61322,0,none,0,0,0,0,0,0,0,
27591,0,none,0,0,0,0,0,0,0,
10902,0,none,0,0,0,0,0,0,0,
82919,0,none,0,0,0,0,0,0,0,
113614,0,none,0,0,0,0,0,0,0,
74192,0,none,0,0,0,0,0,0,0,
119104,0,none,0,0,0,0,0,0,0,
63683,0,none,0,0,0,0,0,0,0,
130921,0,none,0,0,0,0,0,0,0,
81004,0,none,0,0,0,0,0,0,0,
181107,0,none,0,0,0,0,0,0,0,
182140,0,none,0,0,0,0,0,0,0,
99002,0,none,0,0,0,0,0,0,0,
67310,0,none,0,0,0,0,0,0,0,
63414,0,none,0,0,0,0,0,0,0,
149156,0,none,0,0,0,0,0,0,0,
8688,0,none,0,0,0,0,0,0,0,
109658,0,none,0,0,0,0,0,0,0,
83916,0,none,0,0,0,0,0,0,0,
37289,0,none,0,0,0,0,0,0,0,
112709,0,none,0,0,0,0,0,0,0,
18454,0,none,0,0,0,0,0,0,0,
81519,0,none,0,0,0,0,0,0,0,
68437,0,none,0,0,0,0,0,0,0,
77974,0,none,0,0,0,0,0,0,0,
25647,0,none,0,0,0,0,0,0,0,
107720,0,none,0,0,0,0,0,0,0,
102035,0,none,0,0,0,0,0,0,0,
161818,0,none,0,0,0,0,0,0,0,
155965,0,none,0,0,0,0,0,0,0,
54728,0,none,0,0,0,0,0,0,0,
172631,0,none,0,0,0,0,0,0,0,
54226,0,none,0,0,0,0,0,0,0,
178127,0,none,0,0,0,0,0,0,0,
668,0,none,0,0,0,0,0,0,0,
9487,0,none,0,0,0,0,0,0,0,
44836,0,none,0,0,0,0,0,0,0,
90962,0,none,0,0,0,0,0,0,0,
92169,0,none,0,0,0,0,0,0,0,
129903,0,none,0,0,0,0,0,0,0,
8682,0,none,0,0,0,0,0,0,0,
107401,0,none,0,0,0,0,0,0,0,
72008,0,none,0,0,0,0,0,0,0,
31494,0,none,0,0,0,0,0,0,0,
130486,0,none,0,0,0,0,0,0,0,
136671,0,none,0,0,0,0,0,0,0,
69500,0,none,0,0,0,0,0,0,0,
31704,0,none,0,0,0,0,0,0,0,
163297,0,none,0,0,0,0,0,0,0,
157017,0,none,0,0,0,0,0,0,0,
137411,0,none,0,0,0,0,0,0,0,
104997,0,none,0,0,0,0,0,0,0,
154499,0,none,0,0,0,0,0,0,0,
158369,0,none,0,0,0,0,0,0,0,
185711,0,none,0,0,0,0,0,0,0,
97965,0,none,0,0,0,0,0,0,0,
115945,0,none,0,0,0,0,0,0,0,
88950,0,none,0,0,0,0,0,0,0,
45786,0,none,0,0,0,0,0,0,0,
127932,0,none,0,0,0,0,0,0,0,
152205,0,none,0,0,0,0,0,0,0,
142189,0,none,0,0,0,0,0,0,0,
112292,0,none,0,0,0,0,0,0,0,
82823,7,medium,0,0,0,1,1,0,0,unchecked_alloc;double_free
36023,0,none,0,0,0,0,0,0,0,
117003,0,none,0,0,0,0,0,0,0,
40904,0,none,0,0,0,0,0,0,0,
9619,0,none,0,0,0,0,0,0,0,
48891,0,none,0,0,0,0,0,0,0,
3936,0,none,0,0,0,0,0,0,0,
42174,0,none,0,0,0,0,0,0,0,
138820,0,none,0,0,0,0,0,0,0,
170644,0,none,0,0,0,0,0,0,0,
160727,0,none,0,0,0,0,0,0,0,
111314,0,none,0,0,0,0,0,0,0,
162750,0,none,0,0,0,0,0,0,0,
3181,0,none,0,0,0,0,0,0,0,
169420,0,none,0,0,0,0,0,0,0,
109801,0,none,0,0,0,0,0,0,0,
160150,0,none,0,0,0,0,0,0,0,
153577,6,medium,0,2,0,0,0,0,0,memcpy_unchecked
41504,0,none,0,0,0,0,0,0,0,
37788,0,none,0,0,0,0,0,0,0,
112633,0,none,0,0,0,0,0,0,0,
187108,0,none,0,0,0,0,0,0,0,
171400,0,none,0,0,0,0,0,0,0,
111020,0,none,0,0,0,0,0,0,0,
116245,0,none,0,0,0,0,0,0,0,
38226,0,none,0,0,0,0,0,0,0,
95042,0,none,0,0,0,0,0,0,0,
37218,0,none,0,0,0,0,0,0,0,
16230,3,low,1,0,0,0,0,0,0,unsafe_func
127865,0,none,0,0,0,0,0,0,0,
95020,0,none,0,0,0,0,0,0,0,
12031,0,none,0,0,0,0,0,0,0,
183157,0,none,0,0,0,0,0,0,0,
68478,0,none,0,0,0,0,0,0,0,
54292,0,none,0,0,0,0,0,0,0,
26490,0,none,0,0,0,0,0,0,0,
8906,0,none,0,0,0,0,0,0,0,
23804,0,none,0,0,0,0,0,0,0,
161004,0,none,0,0,0,0,0,0,0,
58573,0,none,0,0,0,0,0,0,0,
77833,0,none,0,0,0,0,0,0,0,
28197,0,none,0,0,0,0,0,0,0,
173902,0,none,0,0,0,0,0,0,0,
74064,0,none,0,0,0,0,0,0,0,
93529,0,none,0,0,0,0,0,0,0,
50630,0,none,0,0,0,0,0,0,0,
36066,0,none,0,0,0,0,0,0,0,
23957,0,none,0,0,0,0,0,0,0,
96661,0,none,0,0,0,0,0,0,0,
2299,0,none,0,0,0,0,0,0,0,
123674,0,none,0,0,0,0,0,0,0,
10538,3,low,1,0,0,0,0,0,0,unsafe_func
61263,0,none,0,0,0,0,0,0,0,
178500,0,none,0,0,0,0,0,0,0,
60000,0,none,0,0,0,0,0,0,0,
35349,0,none,0,0,0,0,0,0,0,
141110,0,none,0,0,0,0,0,0,0,
120863,0,none,0,0,0,0,0,0,0,
178293,0,none,0,0,0,0,0,0,0,
39496,0,none,0,0,0,0,0,0,0,
51533,0,none,0,0,0,0,0,0,0,
1379,0,none,0,0,0,0,0,0,0,
62400,3,low,0,1,0,0,0,0,0,memcpy_unchecked
32330,0,none,0,0,0,0,0,0,0,
156426,0,none,0,0,0,0,0,0,0,
52109,0,none,0,0,0,0,0,0,0,
84051,0,none,0,0,0,0,0,0,0,
72151,0,none,0,0,0,0,0,0,0,
154968,0,none,0,0,0,0,0,0,0,
176318,0,none,0,0,0,0,0,0,0,
57498,0,none,0,0,0,0,0,0,0,
14015,0,none,0,0,0,0,0,0,0,
135120,0,none,0,0,0,0,0,0,0,
66588,0,none,0,0,0,0,0,0,0,
72532,0,none,0,0,0,0,0,0,0,
6511,0,none,0,0,0,0,0,0,0,
126726,0,none,0,0,0,0,0,0,0,
128178,0,none,0,0,0,0,0,0,0,
9626,0,none,0,0,0,0,0,0,0,
13861,0,none,0,0,0,0,0,0,0,
101205,0,none,0,0,0,0,0,0,0,
37086,0,none,0,0,0,0,0,0,0,
59204,0,none,0,0,0,0,0,0,0,
119779,0,none,0,0,0,0,0,0,0,
22563,0,none,0,0,0,0,0,0,0,
44173,0,none,0,0,0,0,0,0,0,
45766,3,low,0,1,0,0,0,0,0,memcpy_unchecked
12275,11,high,4,0,0,0,0,0,1,unsafe_func;size_int_overflow
25340,0,none,0,0,0,0,0,0,0,
48195,0,none,0,0,0,0,0,0,0,
45737,0,none,0,0,0,0,0,0,0,
100943,0,none,0,0,0,0,0,0,0,
6996,0,none,0,0,0,0,0,0,0,
129545,0,none,0,0,0,0,0,0,0,
48498,0,none,0,0,0,0,0,0,0,
10060,0,none,0,0,0,0,0,0,0,
59597,0,none,0,0,0,0,0,0,0,
105706,0,none,0,0,0,0,0,0,0,
72227,0,none,0,0,0,0,0,0,0,
150655,0,none,0,0,0,0,0,0,0,
33352,0,none,0,0,0,0,0,0,0,
37587,0,none,0,0,0,0,0,0,0,
39605,0,none,0,0,0,0,0,0,0,
172156,0,none,0,0,0,0,0,0,0,
19997,0,none,0,0,0,0,0,0,0,
92574,0,none,0,0,0,0,0,0,0,
116957,0,none,0,0,0,0,0,0,0,
85930,0,none,0,0,0,0,0,0,0,
157293,0,none,0,0,0,0,0,0,0,
138417,0,none,0,0,0,0,0,0,0,
4445,0,none,0,0,0,0,0,0,0,
87146,0,none,0,0,0,0,0,0,0,
13644,0,none,0,0,0,0,0,0,0,
71402,0,none,0,0,0,0,0,0,0,
69939,0,none,0,0,0,0,0,0,0,
83373,3,low,0,1,0,0,0,0,0,memcpy_unchecked
126,0,none,0,0,0,0,0,0,0,
32210,0,none,0,0,0,0,0,0,0,
5645,0,none,0,0,0,0,0,0,0,
75481,0,none,0,0,0,0,0,0,0,
9254,0,none,0,0,0,0,0,0,0,
78809,0,none,0,0,0,0,0,0,0,
36833,0,none,0,0,0,0,0,0,0,
81488,0,none,0,0,0,0,0,0,0,
15520,0,none,0,0,0,0,0,0,0,
133571,0,none,0,0,0,0,0,0,0,
57115,0,none,0,0,0,0,0,0,0,
87616,0,none,0,0,0,0,0,0,0,
95170,0,none,0,0,0,0,0,0,0,
76328,0,none,0,0,0,0,0,0,0,
95092,0,none,0,0,0,0,0,0,0,
162068,0,none,0,0,0,0,0,0,0,
112263,0,none,0,0,0,0,0,0,0,
183903,0,none,0,0,0,0,0,0,0,
4412,0,none,0,0,0,0,0,0,0,
156543,0,none,0,0,0,0,0,0,0,
175404,0,none,0,0,0,0,0,0,0,
56914,0,none,0,0,0,0,0,0,0,
63728,0,none,0,0,0,0,0,0,0,
180303,0,none,0,0,0,0,0,0,0,
58463,7,medium,0,1,0,1,0,0,1,memcpy_unchecked;unchecked_alloc;size_int_overflow
10376,0,none,0,0,0,0,0,0,0,
178090,0,none,0,0,0,0,0,0,0,
9731,0,none,0,0,0,0,0,0,0,
173296,0,none,0,0,0,0,0,0,0,
44562,0,none,0,0,0,0,0,0,0,
162816,0,none,0,0,0,0,0,0,0,
150331,0,none,0,0,0,0,0,0,0,
6495,0,none,0,0,0,0,0,0,0,
94319,0,none,0,0,0,0,0,0,0,
137041,0,none,0,0,0,0,0,0,0,
139867,0,none,0,0,0,0,0,0,0,
104442,0,none,0,0,0,0,0,0,0,
64212,0,none,0,0,0,0,0,0,0,
25908,0,none,0,0,0,0,0,0,0,
187547,0,none,0,0,0,0,0,0,0,
178218,0,none,0,0,0,0,0,0,0,
171206,0,none,0,0,0,0,0,0,0,
75644,3,low,1,0,0,0,0,0,0,unsafe_func
19213,0,none,0,0,0,0,0,0,0,
11807,0,none,0,0,0,0,0,0,0,
147405,0,none,0,0,0,0,0,0,0,
136881,0,none,0,0,0,0,0,0,0,
1369,3,low,0,1,0,0,0,0,0,memcpy_unchecked
137612,0,none,0,0,0,0,0,0,0,
139636,0,none,0,0,0,0,0,0,0,
14182,0,none,0,0,0,0,0,0,0,
78924,0,none,0,0,0,0,0,0,0,
107839,0,none,0,0,0,0,0,0,0,
53970,0,none,0,0,0,0,0,0,0,
142127,0,none,0,0,0,0,0,0,0,
11348,0,none,0,0,0,0,0,0,0,
111326,0,none,0,0,0,0,0,0,0,
117071,0,none,0,0,0,0,0,0,0,
131694,0,none,0,0,0,0,0,0,0,
10967,0,none,0,0,0,0,0,0,0,
63273,0,none,0,0,0,0,0,0,0,
11956,0,none,0,0,0,0,0,0,0,
138590,0,none,0,0,0,0,0,0,0,
12148,0,none,0,0,0,0,0,0,0,
139975,0,none,0,0,0,0,0,0,0,
134271,0,none,0,0,0,0,0,0,0,
165443,0,none,0,0,0,0,0,0,0,
99907,0,none,0,0,0,0,0,0,0,
138707,0,none,0,0,0,0,0,0,0,
183534,0,none,0,0,0,0,0,0,0,
148637,0,none,0,0,0,0,0,0,0,
149181,0,none,0,0,0,0,0,0,0,
92247,0,none,0,0,0,0,0,0,0,
108914,0,none,0,0,0,0,0,0,0,
16618,0,none,0,0,0,0,0,0,0,
47722,2,low,0,0,0,0,0,0,1,size_int_overflow
93527,0,none,0,0,0,0,0,0,0,
8645,0,none,0,0,0,0,0,0,0,
161880,0,none,0,0,0,0,0,0,0,
89494,0,none,0,0,0,0,0,0,0,
95650,0,none,0,0,0,0,0,0,0,
140258,0,none,0,0,0,0,0,0,0,
80145,0,none,0,0,0,0,0,0,0,
148475,0,none,0,0,0,0,0,0,0,
118966,0,none,0,0,0,0,0,0,0,
59943,0,none,0,0,0,0,0,0,0,
18865,0,none,0,0,0,0,0,0,0,
63905,0,none,0,0,0,0,0,0,0,
168187,0,none,0,0,0,0,0,0,0,
142483,0,none,0,0,0,0,0,0,0,
143558,0,none,0,0,0,0,0,0,0,
145152,0,none,0,0,0,0,0,0,0,
3974,0,none,0,0,0,0,0,0,0,
141647,0,none,0,0,0,0,0,0,0,
4160,0,none,0,0,0,0,0,0,0,
134229,0,none,0,0,0,0,0,0,0,
47077,0,none,0,0,0,0,0,0,0,
184102,0,none,0,0,0,0,0,0,0,
113655,0,none,0,0,0,0,0,0,0,
124676,0,none,0,0,0,0,0,0,0,
169856,0,none,0,0,0,0,0,0,0,
75979,0,none,0,0,0,0,0,0,0,
39120,0,none,0,0,0,0,0,0,0,
48317,0,none,0,0,0,0,0,0,0,
122449,0,none,0,0,0,0,0,0,0,
81947,0,none,0,0,0,0,0,0,0,
135583,0,none,0,0,0,0,0,0,0,
79688,4,medium,0,0,0,1,0,0,1,unchecked_alloc;size_int_overflow
151971,0,none,0,0,0,0,0,0,0,
116317,0,none,0,0,0,0,0,0,0,
97863,0,none,0,0,0,0,0,0,0,
81960,0,none,0,0,0,0,0,0,0,
41556,0,none,0,0,0,0,0,0,0,
137926,0,none,0,0,0,0,0,0,0,
15008,2,low,0,0,0,0,0,0,1,size_int_overflow
179679,0,none,0,0,0,0,0,0,0,
182398,7,medium,0,0,0,1,0,1,0,unchecked_alloc;use_after_free
115016,0,none,0,0,0,0,0,0,0,
121759,6,medium,0,2,0,0,0,0,0,memcpy_unchecked
187989,0,none,0,0,0,0,0,0,0,
108609,0,none,0,0,0,0,0,0,0,
15728,0,none,0,0,0,0,0,0,0,
79619,0,none,0,0,0,0,0,0,0,
80901,0,none,0,0,0,0,0,0,0,
80545,0,none,0,0,0,0,0,0,0,
102117,0,none,0,0,0,0,0,0,0,
104561,0,none,0,0,0,0,0,0,0,
188529,0,none,0,0,0,0,0,0,0,
51857,0,none,0,0,0,0,0,0,0,
181028,0,none,0,0,0,0,0,0,0,
46419,0,none,0,0,0,0,0,0,0,
88929,0,none,0,0,0,0,0,0,0,
104820,0,none,0,0,0,0,0,0,0,
1322,0,none,0,0,0,0,0,0,0,
165779,0,none,0,0,0,0,0,0,0,
29374,0,none,0,0,0,0,0,0,0,
146265,0,none,0,0,0,0,0,0,0,
123267,0,none,0,0,0,0,0,0,0,
11364,0,none,0,0,0,0,0,0,0,
34916,0,none,0,0,0,0,0,0,0,
49771,0,none,0,0,0,0,0,0,0,
100202,0,none,0,0,0,0,0,0,0,
118148,0,none,0,0,0,0,0,0,0,
2405,0,none,0,0,0,0,0,0,0,
123849,0,none,0,0,0,0,0,0,0,
98679,0,none,0,0,0,0,0,0,0,
51317,0,none,0,0,0,0,0,0,0,
119240,0,none,0,0,0,0,0,0,0,
121036,0,none,0,0,0,0,0,0,0,
59919,0,none,0,0,0,0,0,0,0,
101468,0,none,0,0,0,0,0,0,0,
35291,0,none,0,0,0,0,0,0,0,
12640,0,none,0,0,0,0,0,0,0,
94107,0,none,0,0,0,0,0,0,0,
37144,0,none,0,0,0,0,0,0,0,
168936,0,none,0,0,0,0,0,0,0,
86694,0,none,0,0,0,0,0,0,0,
8142,0,none,0,0,0,0,0,0,0,
63895,0,none,0,0,0,0,0,0,0,
138296,0,none,0,0,0,0,0,0,0,
65683,0,none,0,0,0,0,0,0,0,
42404,0,none,0,0,0,0,0,0,0,
4526,0,none,0,0,0,0,0,0,0,
65156,0,none,0,0,0,0,0,0,0,
8288,0,none,0,0,0,0,0,0,0,
149021,0,none,0,0,0,0,0,0,0,
155242,0,none,0,0,0,0,0,0,0,
61104,0,none,0,0,0,0,0,0,0,
87295,0,none,0,0,0,0,0,0,0,
73988,0,none,0,0,0,0,0,0,0,
162308,0,none,0,0,0,0,0,0,0,
115060,0,none,0,0,0,0,0,0,0,
95758,0,none,0,0,0,0,0,0,0,
181559,0,none,0,0,0,0,0,0,0,
47480,0,none,0,0,0,0,0,0,0,
5024,0,none,0,0,0,0,0,0,0,
175956,0,none,0,0,0,0,0,0,0,
51921,0,none,0,0,0,0,0,0,0,
114266,0,none,0,0,0,0,0,0,0,
2735,0,none,0,0,0,0,0,0,0,
188212,0,none,0,0,0,0,0,0,0,
19532,0,none,0,0,0,0,0,0,0,
76797,0,none,0,0,0,0,0,0,0,
4340,0,none,0,0,0,0,0,0,0,
155235,0,none,0,0,0,0,0,0,0,
37330,0,none,0,0,0,0,0,0,0,
167231,0,none,0,0,0,0,0,0,0,
80949,0,none,0,0,0,0,0,0,0,
2860,15,high,0,0,0,0,1,2,0,double_free;use_after_free
89807,0,none,0,0,0,0,0,0,0,
64219,0,none,0,0,0,0,0,0,0,
56967,0,none,0,0,0,0,0,0,0,
179798,2,low,0,0,0,0,0,0,1,size_int_overflow
94613,0,none,0,0,0,0,0,0,0,
184384,0,none,0,0,0,0,0,0,0,
126446,0,none,0,0,0,0,0,0,0,
160476,0,none,0,0,0,0,0,0,0,
148050,0,none,0,0,0,0,0,0,0,
40873,0,none,0,0,0,0,0,0,0,
56970,0,none,0,0,0,0,0,0,0,
55411,0,none,0,0,0,0,0,0,0,
28749,0,none,0,0,0,0,0,0,0,
154155,0,none,0,0,0,0,0,0,0,
89413,0,none,0,0,0,0,0,0,0,
155499,0,none,0,0,0,0,0,0,0,
60629,2,low,0,0,0,0,0,0,1,size_int_overflow
154424,0,none,0,0,0,0,0,0,0,
156875,0,none,0,0,0,0,0,0,0,
133610,0,none,0,0,0,0,0,0,0,
145843,0,none,0,0,0,0,0,0,0,
161440,0,none,0,0,0,0,0,0,0,
167088,0,none,0,0,0,0,0,0,0,
106621,0,none,0,0,0,0,0,0,0,
110622,0,none,0,0,0,0,0,0,0,
82417,0,none,0,0,0,0,0,0,0,
128518,0,none,0,0,0,0,0,0,0,
70381,0,none,0,0,0,0,0,0,0,
120224,0,none,0,0,0,0,0,0,0,
85743,0,none,0,0,0,0,0,0,0,
65189,0,none,0,0,0,0,0,0,0,
184839,0,none,0,0,0,0,0,0,0,
35006,0,none,0,0,0,0,0,0,0,
68328,0,none,0,0,0,0,0,0,0,
14596,0,none,0,0,0,0,0,0,0,
17362,0,none,0,0,0,0,0,0,0,
186942,0,none,0,0,0,0,0,0,0,
51748,0,none,0,0,0,0,0,0,0,
114542,0,none,0,0,0,0,0,0,0,
125294,0,none,0,0,0,0,0,0,0,
132895,0,none,0,0,0,0,0,0,0,
148190,0,none,0,0,0,0,0,0,0,
60848,4,medium,0,0,1,0,0,0,0,format_string
11589,0,none,0,0,0,0,0,0,0,
15044,0,none,0,0,0,0,0,0,0,
167373,0,none,0,0,0,0,0,0,0,
78604,0,none,0,0,0,0,0,0,0,
84457,0,none,0,0,0,0,0,0,0,
84444,0,none,0,0,0,0,0,0,0,
164449,6,medium,0,2,0,0,0,0,0,memcpy_unchecked
31317,0,none,0,0,0,0,0,0,0,
135897,0,none,0,0,0,0,0,0,0,
119307,0,none,0,0,0,0,0,0,0,
49198,0,none,0,0,0,0,0,0,0,
3368,3,low,0,1,0,0,0,0,0,memcpy_unchecked
110068,0,none,0,0,0,0,0,0,0,
142466,0,none,0,0,0,0,0,0,0,
102121,0,none,0,0,0,0,0,0,0,
23262,0,none,0,0,0,0,0,0,0,
50954,0,none,0,0,0,0,0,0,0,
66223,0,none,0,0,0,0,0,0,0,
103109,0,none,0,0,0,0,0,0,0,
87223,0,none,0,0,0,0,0,0,0,
103569,0,none,0,0,0,0,0,0,0,
76866,0,none,0,0,0,0,0,0,0,
16560,0,none,0,0,0,0,0,0,0,
168667,0,none,0,0,0,0,0,0,0,
107662,0,none,0,0,0,0,0,0,0,
122043,0,none,0,0,0,0,0,0,0,
51094,0,none,0,0,0,0,0,0,0,
181082,0,none,0,0,0,0,0,0,0,
27966,0,none,0,0,0,0,0,0,0,
90017,0,none,0,0,0,0,0,0,0,
143440,0,none,0,0,0,0,0,0,0,
4307,0,none,0,0,0,0,0,0,0,
50534,0,none,0,0,0,0,0,0,0,
100972,0,none,0,0,0,0,0,0,0,
78686,0,none,0,0,0,0,0,0,0,
174037,0,none,0,0,0,0,0,0,0,
43167,2,low,0,0,0,0,0,0,1,size_int_overflow
77051,0,none,0,0,0,0,0,0,0,
17956,0,none,0,0,0,0,0,0,0,
107259,0,none,0,0,0,0,0,0,0,
150528,0,none,0,0,0,0,0,0,0,
84068,0,none,0,0,0,0,0,0,0,
36389,0,none,0,0,0,0,0,0,0,
28519,0,none,0,0,0,0,0,0,0,
171873,0,none,0,0,0,0,0,0,0,
142392,0,none,0,0,0,0,0,0,0,
38610,0,none,0,0,0,0,0,0,0,
84668,0,none,0,0,0,0,0,0,0,
30520,0,none,0,0,0,0,0,0,0,
132584,0,none,0,0,0,0,0,0,0,
37617,0,none,0,0,0,0,0,0,0,
161885,0,none,0,0,0,0,0,0,0,
185609,0,none,0,0,0,0,0,0,0,
150469,0,none,0,0,0,0,0,0,0,
136656,0,none,0,0,0,0,0,0,0,
98770,0,none,0,0,0,0,0,0,0,
181620,0,none,0,0,0,0,0,0,0,
73405,0,none,0,0,0,0,0,0,0,
31848,0,none,0,0,0,0,0,0,0,
84579,0,none,0,0,0,0,0,0,0,
116701,0,none,0,0,0,0,0,0,0,
171547,0,none,0,0,0,0,0,0,0,
16394,0,none,0,0,0,0,0,0,0,
18466,9,high,5,0,0,0,0,0,0,unsafe_func
186511,0,none,0,0,0,0,0,0,0,
103251,0,none,0,0,0,0,0,0,0,
107999,0,none,0,0,0,0,0,0,0,
60564,0,none,0,0,0,0,0,0,0,
6477,0,none,0,0,0,0,0,0,0,
115999,0,none,0,0,0,0,0,0,0,
108263,0,none,0,0,0,0,0,0,0,
89389,3,low,1,0,0,0,0,0,0,unsafe_func
187799,0,none,0,0,0,0,0,0,0,
32166,0,none,0,0,0,0,0,0,0,
2862,0,none,0,0,0,0,0,0,0,
129926,0,none,0,0,0,0,0,0,0,
157447,0,none,0,0,0,0,0,0,0,
2837,0,none,0,0,0,0,0,0,0,
165934,0,none,0,0,0,0,0,0,0,
9235,0,none,0,0,0,0,0,0,0,
46049,0,none,0,0,0,0,0,0,0,
149960,0,none,0,0,0,0,0,0,0,
50556,0,none,0,0,0,0,0,0,0,
84937,0,none,0,0,0,0,0,0,0,
59079,0,none,0,0,0,0,0,0,0,
165904,0,none,0,0,0,0,0,0,0,
137733,0,none,0,0,0,0,0,0,0,
19656,9,high,1,2,0,0,0,0,0,unsafe_func;memcpy_unchecked
48388,0,none,0,0,0,0,0,0,0,
83548,0,none,0,0,0,0,0,0,0,
24772,0,none,0,0,0,0,0,0,0,
96474,0,none,0,0,0,0,0,0,0,
165650,0,none,0,0,0,0,0,0,0,
27810,0,none,0,0,0,0,0,0,0,
71263,0,none,0,0,0,0,0,0,0,
25771,0,none,0,0,0,0,0,0,0,
135969,0,none,0,0,0,0,0,0,0,
32366,0,none,0,0,0,0,0,0,0,
125350,0,none,0,0,0,0,0,0,0,
46751,0,none,0,0,0,0,0,0,0,
83920,0,none,0,0,0,0,0,0,0,
12693,3,low,0,1,0,0,0,0,0,memcpy_unchecked
111540,0,none,0,0,0,0,0,0,0,
114962,0,none,0,0,0,0,0,0,0,
7955,0,none,0,0,0,0,0,0,0,
143706,0,none,0,0,0,0,0,0,0,
179639,0,none,0,0,0,0,0,0,0,
25449,0,none,0,0,0,0,0,0,0,
177906,0,none,0,0,0,0,0,0,0,
173133,0,none,0,0,0,0,0,0,0,
43186,0,none,0,0,0,0,0,0,0,
51039,0,none,0,0,0,0,0,0,0,
140116,0,none,0,0,0,0,0,0,0,
60420,0,none,0,0,0,0,0,0,0,
65204,0,none,0,0,0,0,0,0,0,
181952,0,none,0,0,0,0,0,0,0,
166312,0,none,0,0,0,0,0,0,0,
64912,0,none,0,0,0,0,0,0,0,
38801,0,none,0,0,0,0,0,0,0,
149318,0,none,0,0,0,0,0,0,0,
96432,0,none,0,0,0,0,0,0,0,
149943,0,none,0,0,0,0,0,0,0,
135205,0,none,0,0,0,0,0,0,0,
10637,0,none,0,0,0,0,0,0,0,
124881,0,none,0,0,0,0,0,0,0,
59968,0,none,0,0,0,0,0,0,0,
163392,0,none,0,0,0,0,0,0,0,
164317,0,none,0,0,0,0,0,0,0,
43915,0,none,0,0,0,0,0,0,0,
84725,0,none,0,0,0,0,0,0,0,
53798,0,none,0,0,0,0,0,0,0,
139878,0,none,0,0,0,0,0,0,0,
65817,0,none,0,0,0,0,0,0,0,
18597,0,none,0,0,0,0,0,0,0,
13038,0,none,0,0,0,0,0,0,0,
38627,0,none,0,0,0,0,0,0,0,
117916,0,none,0,0,0,0,0,0,0,
127135,0,none,0,0,0,0,0,0,0,
84895,0,none,0,0,0,0,0,0,0,
158063,0,none,0,0,0,0,0,0,0,
50514,0,none,0,0,0,0,0,0,0,
40947,0,none,0,0,0,0,0,0,0,
64435,0,none,0,0,0,0,0,0,0,
66610,0,none,0,0,0,0,0,0,0,
72858,0,none,0,0,0,0,0,0,0,
11421,0,none,0,0,0,0,0,0,0,
153134,0,none,0,0,0,0,0,0,0,
106883,0,none,0,0,0,0,0,0,0,
56683,0,none,0,0,0,0,0,0,0,
83464,0,none,0,0,0,0,0,0,0,
41887,0,none,0,0,0,0,0,0,0,
51480,0,none,0,0,0,0,0,0,0,
17378,0,none,0,0,0,0,0,0,0,
29809,0,none,0,0,0,0,0,0,0,
165656,0,none,0,0,0,0,0,0,0,
21805,0,none,0,0,0,0,0,0,0,
12284,0,none,0,0,0,0,0,0,0,
160500,0,none,0,0,0,0,0,0,0,
123293,0,none,0,0,0,0,0,0,0,
48260,0,none,0,0,0,0,0,0,0,
8919,0,none,0,0,0,0,0,0,0,
171571,0,none,0,0,0,0,0,0,0,
124103,0,none,0,0,0,0,0,0,0,
130134,0,none,0,0,0,0,0,0,0,
49963,0,none,0,0,0,0,0,0,0,
21764,0,none,0,0,0,0,0,0,0,
122316,0,none,0,0,0,0,0,0,0,
68660,0,none,0,0,0,0,0,0,0,
30051,0,none,0,0,0,0,0,0,0,
4988,0,none,0,0,0,0,0,0,0,
94295,0,none,0,0,0,0,0,0,0,
110979,0,none,0,0,0,0,0,0,0,
83840,0,none,0,0,0,0,0,0,0,
82484,0,none,0,0,0,0,0,0,0,
28654,0,none,0,0,0,0,0,0,0,
83584,0,none,0,0,0,0,0,0,0,
2043,0,none,0,0,0,0,0,0,0,
132588,0,none,0,0,0,0,0,0,0,
150343,0,none,0,0,0,0,0,0,0,
185238,0,none,0,0,0,0,0,0,0,
8488,0,none,0,0,0,0,0,0,0,
52891,0,none,0,0,0,0,0,0,0,
4172,0,none,0,0,0,0,0,0,0,
133996,0,none,0,0,0,0,0,0,0,
23948,8,medium,0,2,0,0,0,0,1,memcpy_unchecked;size_int_overflow
170445,0,none,0,0,0,0,0,0,0,
73144,0,none,0,0,0,0,0,0,0,
160906,0,none,0,0,0,0,0,0,0,
173339,0,none,0,0,0,0,0,0,0,
146199,0,none,0,0,0,0,0,0,0,
91254,0,none,0,0,0,0,0,0,0,
10625,0,none,0,0,0,0,0,0,0,
171244,0,none,0,0,0,0,0,0,0,
150345,0,none,0,0,0,0,0,0,0,
128934,0,none,0,0,0,0,0,0,0,
24716,0,none,0,0,0,0,0,0,0,
66929,0,none,0,0,0,0,0,0,0,
88019,0,none,0,0,0,0,0,0,0,
55242,0,none,0,0,0,0,0,0,0,
132007,0,none,0,0,0,0,0,0,0,
169116,0,none,0,0,0,0,0,0,0,
142177,0,none,0,0,0,0,0,0,0,
2490,0,none,0,0,0,0,0,0,0,
173157,0,none,0,0,0,0,0,0,0,
57712,0,none,0,0,0,0,0,0,0,
110885,0,none,0,0,0,0,0,0,0,
145950,0,none,0,0,0,0,0,0,0,
124838,0,none,0,0,0,0,0,0,0,
115594,0,none,0,0,0,0,0,0,0,
50799,0,none,0,0,0,0,0,0,0,
68119,0,none,0,0,0,0,0,0,0,
50926,0,none,0,0,0,0,0,0,0,
144526,0,none,0,0,0,0,0,0,0,
32823,0,none,0,0,0,0,0,0,0,
57194,0,none,0,0,0,0,0,0,0,
79288,0,none,0,0,0,0,0,0,0,
93754,0,none,0,0,0,0,0,0,0,
183889,0,none,0,0,0,0,0,0,0,
176544,0,none,0,0,0,0,0,0,0,
165470,0,none,0,0,0,0,0,0,0,
20624,0,none,0,0,0,0,0,0,0,
53910,0,none,0,0,0,0,0,0,0,
6098,0,none,0,0,0,0,0,0,0,
18204,0,none,0,0,0,0,0,0,0,
154157,0,none,0,0,0,0,0,0,0,
23276,0,none,0,0,0,0,0,0,0,
58452,0,none,0,0,0,0,0,0,0,
54035,0,none,0,0,0,0,0,0,0,
170491,0,none,0,0,0,0,0,0,0,
164454,0,none,0,0,0,0,0,0,0,
140250,0,none,0,0,0,0,0,0,0,
115565,0,none,0,0,0,0,0,0,0,
24751,0,none,0,0,0,0,0,0,0,
119582,0,none,0,0,0,0,0,0,0,
144358,0,none,0,0,0,0,0,0,0,
89988,0,none,0,0,0,0,0,0,0,
114759,0,none,0,0,0,0,0,0,0,
10059,3,low,1,0,0,0,0,0,0,unsafe_func
49931,9,high,0,4,0,0,0,0,0,memcpy_unchecked
63893,0,none,0,0,0,0,0,0,0,
95563,0,none,0,0,0,0,0,0,0,
174154,0,none,0,0,0,0,0,0,0,
48538,0,none,0,0,0,0,0,0,0,
96915,0,none,0,0,0,0,0,0,0,
55588,0,none,0,0,0,0,0,0,0,
156528,0,none,0,0,0,0,0,0,0,
99905,0,none,0,0,0,0,0,0,0,
166038,0,none,0,0,0,0,0,0,0,
31868,0,none,0,0,0,0,0,0,0,
144816,0,none,0,0,0,0,0,0,0,
69469,3,low,1,0,0,0,0,0,0,unsafe_func
173385,0,none,0,0,0,0,0,0,0,
8955,0,none,0,0,0,0,0,0,0,
31922,0,none,0,0,0,0,0,0,0,
180065,0,none,0,0,0,0,0,0,0,
141429,0,none,0,0,0,0,0,0,0,
23171,0,none,0,0,0,0,0,0,0,
188128,3,low,0,1,0,0,0,0,0,memcpy_unchecked
123210,0,none,0,0,0,0,0,0,0,
22101,0,none,0,0,0,0,0,0,0,
132736,0,none,0,0,0,0,0,0,0,
150589,0,none,0,0,0,0,0,0,0,
10624,0,none,0,0,0,0,0,0,0,
175830,0,none,0,0,0,0,0,0,0,
178624,0,none,0,0,0,0,0,0,0,
19018,0,none,0,0,0,0,0,0,0,
25113,0,none,0,0,0,0,0,0,0,
173313,0,none,0,0,0,0,0,0,0,
118428,0,none,0,0,0,0,0,0,0,
40774,0,none,0,0,0,0,0,0,0,
23174,0,none,0,0,0,0,0,0,0,
6852,0,none,0,0,0,0,0,0,0,
64687,0,none,0,0,0,0,0,0,0,
115741,0,none,0,0,0,0,0,0,0,
166232,0,none,0,0,0,0,0,0,0,
112566,0,none,0,0,0,0,0,0,0,
1666,0,none,0,0,0,0,0,0,0,
47856,0,none,0,0,0,0,0,0,0,
114077,0,none,0,0,0,0,0,0,0,
184841,0,none,0,0,0,0,0,0,0,
184485,0,none,0,0,0,0,0,0,0,
124900,0,none,0,0,0,0,0,0,0,
70444,0,none,0,0,0,0,0,0,0,
167200,0,none,0,0,0,0,0,0,0,
62623,0,none,0,0,0,0,0,0,0,
182481,0,none,0,0,0,0,0,0,0,
187420,0,none,0,0,0,0,0,0,0,
139315,0,none,0,0,0,0,0,0,0,
168404,0,none,0,0,0,0,0,0,0,
188359,0,none,0,0,0,0,0,0,0,
110999,0,none,0,0,0,0,0,0,0,
89506,0,none,0,0,0,0,0,0,0,
48693,0,none,0,0,0,0,0,0,0,
29469,3,low,0,1,0,0,0,0,0,memcpy_unchecked
96952,0,none,0,0,0,0,0,0,0,
62981,0,none,0,0,0,0,0,0,0,
20439,0,none,0,0,0,0,0,0,0,
30840,0,none,0,0,0,0,0,0,0,
49415,0,none,0,0,0,0,0,0,0,
36494,0,none,0,0,0,0,0,0,0,
12815,0,none,0,0,0,0,0,0,0,
57251,0,none,0,0,0,0,0,0,0,
10876,0,none,0,0,0,0,0,0,0,
76405,0,none,0,0,0,0,0,0,0,
60616,0,none,0,0,0,0,0,0,0,
123948,0,none,0,0,0,0,0,0,0,
73470,0,none,0,0,0,0,0,0,0,
127287,0,none,0,0,0,0,0,0,0,
124424,0,none,0,0,0,0,0,0,0,
143049,0,none,0,0,0,0,0,0,0,
28441,0,none,0,0,0,0,0,0,0,
8155,0,none,0,0,0,0,0,0,0,
78392,0,none,0,0,0,0,0,0,0,
45413,0,none,0,0,0,0,0,0,0,
1203,0,none,0,0,0,0,0,0,0,
144275,0,none,0,0,0,0,0,0,0,
84808,0,none,0,0,0,0,0,0,0,
66616,0,none,0,0,0,0,0,0,0,
150124,0,none,0,0,0,0,0,0,0,
123257,0,none,0,0,0,0,0,0,0,
59643,0,none,0,0,0,0,0,0,0,
99788,0,none,0,0,0,0,0,0,0,
143460,0,none,0,0,0,0,0,0,0,
67679,0,none,0,0,0,0,0,0,0,
58629,0,none,0,0,0,0,0,0,0,
166244,0,none,0,0,0,0,0,0,0,
167197,0,none,0,0,0,0,0,0,0,
88832,0,none,0,0,0,0,0,0,0,
23581,0,none,0,0,0,0,0,0,0,
77519,0,none,0,0,0,0,0,0,0,
100800,0,none,0,0,0,0,0,0,0,
76672,0,none,0,0,0,0,0,0,0,
126482,0,none,0,0,0,0,0,0,0,
89883,0,none,0,0,0,0,0,0,0,
41246,0,none,0,0,0,0,0,0,0,
172702,0,none,0,0,0,0,0,0,0,
125811,0,none,0,0,0,0,0,0,0,
50960,0,none,0,0,0,0,0,0,0,
28757,0,none,0,0,0,0,0,0,0,
78126,0,none,0,0,0,0,0,0,0,
156438,0,none,0,0,0,0,0,0,0,
31266,0,none,0,0,0,0,0,0,0,
52555,0,none,0,0,0,0,0,0,0,
49763,0,none,0,0,0,0,0,0,0,
33892,0,none,0,0,0,0,0,0,0,
63294,0,none,0,0,0,0,0,0,0,
126053,0,none,0,0,0,0,0,0,0,
35043,0,none,0,0,0,0,0,0,0,
169562,0,none,0,0,0,0,0,0,0,
86495,0,none,0,0,0,0,0,0,0,
1904,0,none,0,0,0,0,0,0,0,
15116,0,none,0,0,0,0,0,0,0,
44251,0,none,0,0,0,0,0,0,0,
163402,0,none,0,0,0,0,0,0,0,
118956,0,none,0,0,0,0,0,0,0,
6755,0,none,0,0,0,0,0,0,0,
60554,3,low,0,1,0,0,0,0,0,memcpy_unchecked
108590,0,none,0,0,0,0,0,0,0,
40979,0,none,0,0,0,0,0,0,0,
188191,0,none,0,0,0,0,0,0,0,
138390,0,none,0,0,0,0,0,0,0,
88819,0,none,0,0,0,0,0,0,0,
85037,0,none,0,0,0,0,0,0,0,
107523,0,none,0,0,0,0,0,0,0,
172226,0,none,0,0,0,0,0,0,0,
111972,0,none,0,0,0,0,0,0,0,
70734,0,none,0,0,0,0,0,0,0,
143123,0,none,0,0,0,0,0,0,0,
123733,0,none,0,0,0,0,0,0,0,
122791,0,none,0,0,0,0,0,0,0,
30767,0,none,0,0,0,0,0,0,0,
3291,0,none,0,0,0,0,0,0,0,
92780,0,none,0,0,0,0,0,0,0,
164546,0,none,0,0,0,0,0,0,0,
15477,9,high,2,1,0,0,0,0,0,unsafe_func;memcpy_unchecked
1674,0,none,0,0,0,0,0,0,0,
73664,3,low,0,1,0,0,0,0,0,memcpy_unchecked
121055,0,none,0,0,0,0,0,0,0,
56557,0,none,0,0,0,0,0,0,0,
171119,0,none,0,0,0,0,0,0,0,
14798,0,none,0,0,0,0,0,0,0,
69584,0,none,0,0,0,0,0,0,0,
27608,0,none,0,0,0,0,0,0,0,
154444,0,none,0,0,0,0,0,0,0,
138517,0,none,0,0,0,0,0,0,0,
111948,0,none,0,0,0,0,0,0,0,
12544,0,none,0,0,0,0,0,0,0,
23155,0,none,0,0,0,0,0,0,0,
3139,6,medium,0,2,0,0,0,0,0,memcpy_unchecked
123099,0,none,0,0,0,0,0,0,0,
19627,0,none,0,0,0,0,0,0,0,
48996,3,low,0,1,0,0,0,0,0,memcpy_unchecked
18980,0,none,0,0,0,0,0,0,0,
45019,0,none,0,0,0,0,0,0,0,
115675,0,none,0,0,0,0,0,0,0,
61163,0,none,0,0,0,0,0,0,0,
179452,0,none,0,0,0,0,0,0,0,
46625,0,none,0,0,0,0,0,0,0,
180662,0,none,0,0,0,0,0,0,0,
112711,0,none,0,0,0,0,0,0,0,
161364,0,none,0,0,0,0,0,0,0,
91341,0,none,0,0,0,0,0,0,0,
96600,2,low,0,0,0,1,0,0,0,unchecked_alloc
40976,0,none,0,0,0,0,0,0,0,
34301,0,none,0,0,0,0,0,0,0,
68421,0,none,0,0,0,0,0,0,0,
112276,0,none,0,0,0,0,0,0,0,
27137,0,none,0,0,0,0,0,0,0,
185105,0,none,0,0,0,0,0,0,0,
49203,0,none,0,0,0,0,0,0,0,
80858,0,none,0,0,0,0,0,0,0,
67092,15,high,0,0,0,0,1,2,0,double_free;use_after_free
115664,0,none,0,0,0,0,0,0,0,
76293,0,none,0,0,0,0,0,0,0,
27485,3,low,1,0,0,0,0,0,0,unsafe_func
171459,0,none,0,0,0,0,0,0,0,
51014,0,none,0,0,0,0,0,0,0,
153369,0,none,0,0,0,0,0,0,0,
122472,0,none,0,0,0,0,0,0,0,
50520,0,none,0,0,0,0,0,0,0,
31942,0,none,0,0,0,0,0,0,0,
57152,0,none,0,0,0,0,0,0,0,
160570,0,none,0,0,0,0,0,0,0,
138685,0,none,0,0,0,0,0,0,0,
12419,0,none,0,0,0,0,0,0,0,
113348,0,none,0,0,0,0,0,0,0,
116046,0,none,0,0,0,0,0,0,0,
53626,0,none,0,0,0,0,0,0,0,
57944,0,none,0,0,0,0,0,0,0,
58404,0,none,0,0,0,0,0,0,0,
67294,0,none,0,0,0,0,0,0,0,
145444,0,none,0,0,0,0,0,0,0,
93218,0,none,0,0,0,0,0,0,0,
122065,0,none,0,0,0,0,0,0,0,
115944,0,none,0,0,0,0,0,0,0,
13431,0,none,0,0,0,0,0,0,0,
11360,0,none,0,0,0,0,0,0,0,
88296,0,none,0,0,0,0,0,0,0,
22920,0,none,0,0,0,0,0,0,0,
57793,0,none,0,0,0,0,0,0,0,
124543,0,none,0,0,0,0,0,0,0,
129602,0,none,0,0,0,0,0,0,0,
38666,0,none,0,0,0,0,0,0,0,
147834,0,none,0,0,0,0,0,0,0,
101931,0,none,0,0,0,0,0,0,0,
21475,2,low,0,0,0,0,0,0,1,size_int_overflow
97096,0,none,0,0,0,0,0,0,0,
60581,4,medium,0,0,1,0,0,0,0,format_string
131368,0,none,0,0,0,0,0,0,0,
102486,0,none,0,0,0,0,0,0,0,
165501,0,none,0,0,0,0,0,0,0,
51446,0,none,0,0,0,0,0,0,0,
135813,0,none,0,0,0,0,0,0,0,
78249,0,none,0,0,0,0,0,0,0,
27442,0,none,0,0,0,0,0,0,0,
131435,0,none,0,0,0,0,0,0,0,
48284,3,low,1,0,0,0,0,0,0,unsafe_func
56252,0,none,0,0,0,0,0,0,0,
30649,0,none,0,0,0,0,0,0,0,
96199,0,none,0,0,0,0,0,0,0,
2795,0,none,0,0,0,0,0,0,0,
82252,0,none,0,0,0,0,0,0,0,
82143,0,none,0,0,0,0,0,0,0,
178914,3,low,0,1,0,0,0,0,0,memcpy_unchecked
102132,0,none,0,0,0,0,0,0,0,
99297,0,none,0,0,0,0,0,0,0,
171097,0,none,0,0,0,0,0,0,0,
166395,0,none,0,0,0,0,0,0,0,
17967,0,none,0,0,0,0,0,0,0,
167927,0,none,0,0,0,0,0,0,0,
59364,0,none,0,0,0,0,0,0,0,
60500,0,none,0,0,0,0,0,0,0,
35464,0,none,0,0,0,0,0,0,0,
118640,0,none,0,0,0,0,0,0,0,
129781,0,none,0,0,0,0,0,0,0,
166475,0,none,0,0,0,0,0,0,0,
4502,0,none,0,0,0,0,0,0,0,
114031,0,none,0,0,0,0,0,0,0,
92316,0,none,0,0,0,0,0,0,0,
82347,0,none,0,0,0,0,0,0,0,
120874,0,none,0,0,0,0,0,0,0,
85692,2,low,0,0,0,0,0,0,1,size_int_overflow
158435,0,none,0,0,0,0,0,0,0,
34596,2,low,0,0,0,0,0,0,1,size_int_overflow
28135,0,none,0,0,0,0,0,0,0,
21276,0,none,0,0,0,0,0,0,0,
104035,0,none,0,0,0,0,0,0,0,
186924,0,none,0,0,0,0,0,0,0,
49453,0,none,0,0,0,0,0,0,0,
89242,0,none,0,0,0,0,0,0,0,
83099,0,none,0,0,0,0,0,0,0,
11391,0,none,0,0,0,0,0,0,0,
36306,0,none,0,0,0,0,0,0,0,
168114,0,none,0,0,0,0,0,0,0,
44893,0,none,0,0,0,0,0,0,0,
68871,0,none,0,0,0,0,0,0,0,
168205,0,none,0,0,0,0,0,0,0,
88237,0,none,0,0,0,0,0,0,0,
19766,0,none,0,0,0,0,0,0,0,
186665,0,none,0,0,0,0,0,0,0,
1038,0,none,0,0,0,0,0,0,0,
55579,0,none,0,0,0,0,0,0,0,
3993,0,none,0,0,0,0,0,0,0,
157893,0,none,0,0,0,0,0,0,0,
124396,0,none,0,0,0,0,0,0,0,
125759,0,none,0,0,0,0,0,0,0,
52546,0,none,0,0,0,0,0,0,0,
12366,0,none,0,0,0,0,0,0,0,
158329,0,none,0,0,0,0,0,0,0,
106806,0,none,0,0,0,0,0,0,0,
43507,0,none,0,0,0,0,0,0,0,
68769,0,none,0,0,0,0,0,0,0,
68594,3,low,1,0,0,0,0,0,0,unsafe_func
58245,0,none,0,0,0,0,0,0,0,
118008,0,none,0,0,0,0,0,0,0,
42035,0,none,0,0,0,0,0,0,0,
105259,0,none,0,0,0,0,0,0,0,
172731,0,none,0,0,0,0,0,0,0,
81314,0,none,0,0,0,0,0,0,0,
163667,0,none,0,0,0,0,0,0,0,
107664,0,none,0,0,0,0,0,0,0,
33044,0,none,0,0,0,0,0,0,0,
123699,0,none,0,0,0,0,0,0,0,
74413,0,none,0,0,0,0,0,0,0,
153565,0,none,0,0,0,0,0,0,0,
34844,0,none,0,0,0,0,0,0,0,
67648,0,none,0,0,0,0,0,0,0,
16489,0,none,0,0,0,0,0,0,0,
98751,0,none,0,0,0,0,0,0,0,
63643,0,none,0,0,0,0,0,0,0,
126633,0,none,0,0,0,0,0,0,0,
101697,0,none,0,0,0,0,0,0,0,
94644,0,none,0,0,0,0,0,0,0,
36551,0,none,0,0,0,0,0,0,0,
60937,0,none,0,0,0,0,0,0,0,
92929,0,none,0,0,0,0,0,0,0,
160378,0,none,0,0,0,0,0,0,0,
105731,0,none,0,0,0,0,0,0,0,
94741,0,none,0,0,0,0,0,0,0,
86147,0,none,0,0,0,0,0,0,0,
181610,0,none,0,0,0,0,0,0,0,
124884,0,none,0,0,0,0,0,0,0,
124850,0,none,0,0,0,0,0,0,0,
167842,0,none,0,0,0,0,0,0,0,
1116,0,none,0,0,0,0,0,0,0,
32246,0,none,0,0,0,0,0,0,0,
78900,6,medium,2,0,0,0,0,0,0,unsafe_func
172335,0,none,0,0,0,0,0,0,0,
148118,0,none,0,0,0,0,0,0,0,
17787,0,none,0,0,0,0,0,0,0,
155065,0,none,0,0,0,0,0,0,0,
35891,0,none,0,0,0,0,0,0,0,
35022,0,none,0,0,0,0,0,0,0,
16919,0,none,0,0,0,0,0,0,0,
128108,0,none,0,0,0,0,0,0,0,
3429,0,none,0,0,0,0,0,0,0,
24315,6,medium,0,2,0,0,0,0,0,memcpy_unchecked
105847,0,none,0,0,0,0,0,0,0,
104984,0,none,0,0,0,0,0,0,0,
86522,0,none,0,0,0,0,0,0,0,
153217,0,none,0,0,0,0,0,0,0,
28499,0,none,0,0,0,0,0,0,0,
70226,0,none,0,0,0,0,0,0,0,
150538,0,none,0,0,0,0,0,0,0,
64466,0,none,0,0,0,0,0,0,0,
156928,0,none,0,0,0,0,0,0,0,
107086,0,none,0,0,0,0,0,0,0,
90326,0,none,0,0,0,0,0,0,0,
188165,0,none,0,0,0,0,0,0,0,
185986,0,none,0,0,0,0,0,0,0,
154387,0,none,0,0,0,0,0,0,0,
58725,0,none,0,0,0,0,0,0,0,
167973,0,none,0,0,0,0,0,0,0,
83,0,none,0,0,0,0,0,0,0,
18990,0,none,0,0,0,0,0,0,0,
80566,0,none,0,0,0,0,0,0,0,
17968,0,none,0,0,0,0,0,0,0,
183054,6,medium,0,0,0,0,0,0,3,size_int_overflow
153234,0,none,0,0,0,0,0,0,0,
127855,0,none,0,0,0,0,0,0,0,
61060,0,none,0,0,0,0,0,0,0,
64138,0,none,0,0,0,0,0,0,0,
95642,0,none,0,0,0,0,0,0,0,
146388,0,none,0,0,0,0,0,0,0,
25147,0,none,0,0,0,0,0,0,0,
47066,0,none,0,0,0,0,0,0,0,
122482,0,none,0,0,0,0,0,0,0,
80290,0,none,0,0,0,0,0,0,0,
92335,0,none,0,0,0,0,0,0,0,
69392,0,none,0,0,0,0,0,0,0,
162155,0,none,0,0,0,0,0,0,0,
104126,0,none,0,0,0,0,0,0,0,
33714,0,none,0,0,0,0,0,0,0,
61267,0,none,0,0,0,0,0,0,0,
20009,0,none,0,0,0,0,0,0,0,
77612,0,none,0,0,0,0,0,0,0,
95206,0,none,0,0,0,0,0,0,0,
6508,0,none,0,0,0,0,0,0,0,
118000,0,none,0,0,0,0,0,0,0,
415,0,none,0,0,0,0,0,0,0,
188522,0,none,0,0,0,0,0,0,0,
132544,0,none,0,0,0,0,0,0,0,
26342,0,none,0,0,0,0,0,0,0,
125608,0,none,0,0,0,0,0,0,0,
104151,0,none,0,0,0,0,0,0,0,
135750,0,none,0,0,0,0,0,0,0,
157615,0,none,0,0,0,0,0,0,0,
126147,0,none,0,0,0,0,0,0,0,
89716,0,none,0,0,0,0,0,0,0,
145823,0,none,0,0,0,0,0,0,0,
29895,0,none,0,0,0,0,0,0,0,
41222,0,none,0,0,0,0,0,0,0,
120944,0,none,0,0,0,0,0,0,0,
145585,0,none,0,0,0,0,0,0,0,
126039,0,none,0,0,0,0,0,0,0,
99476,0,none,0,0,0,0,0,0,0,
124351,0,none,0,0,0,0,0,0,0,
14060,0,none,0,0,0,0,0,0,0,
3621,0,none,0,0,0,0,0,0,0,
159803,0,none,0,0,0,0,0,0,0,
42139,0,none,0,0,0,0,0,0,0,
100127,0,none,0,0,0,0,0,0,0,
67933,0,none,0,0,0,0,0,0,0,
86268,0,none,0,0,0,0,0,0,0,
147336,0,none,0,0,0,0,0,0,0,
98005,0,none,0,0,0,0,0,0,0,
61313,0,none,0,0,0,0,0,0,0,
147410,0,none,0,0,0,0,0,0,0,
149514,0,none,0,0,0,0,0,0,0,
181172,0,none,0,0,0,0,0,0,0,
54973,0,none,0,0,0,0,0,0,0,
145533,0,none,0,0,0,0,0,0,0,
120901,0,none,0,0,0,0,0,0,0,
14481,0,none,0,0,0,0,0,0,0,
51656,0,none,0,0,0,0,0,0,0,
106629,0,none,0,0,0,0,0,0,0,
16353,21,high,3,0,3,0,0,0,0,unsafe_func;format_string
7340,0,none,0,0,0,0,0,0,0,
125690,0,none,0,0,0,0,0,0,0,
165590,0,none,0,0,0,0,0,0,0,
102390,0,none,0,0,0,0,0,0,0,
37653,0,none,0,0,0,0,0,0,0,
71557,0,none,0,0,0,0,0,0,0,
18995,0,none,0,0,0,0,0,0,0,
50367,0,none,0,0,0,0,0,0,0,
20451,0,none,0,0,0,0,0,0,0,
69570,0,none,0,0,0,0,0,0,0,
125099,0,none,0,0,0,0,0,0,0,
182117,0,none,0,0,0,0,0,0,0,
15103,0,none,0,0,0,0,0,0,0,
92132,0,none,0,0,0,0,0,0,0,
106841,0,none,0,0,0,0,0,0,0,
150352,0,none,0,0,0,0,0,0,0,
46033,0,none,0,0,0,0,0,0,0,
57571,0,none,0,0,0,0,0,0,0,
64778,0,none,0,0,0,0,0,0,0,
730,0,none,0,0,0,0,0,0,0,
15864,0,none,0,0,0,0,0,0,0,
167802,0,none,0,0,0,0,0,0,0,
65733,0,none,0,0,0,0,0,0,0,
92799,0,none,0,0,0,0,0,0,0,
158786,0,none,0,0,0,0,0,0,0,
134316,0,none,0,0,0,0,0,0,0,
16652,0,none,0,0,0,0,0,0,0,
82649,0,none,0,0,0,0,0,0,0,
146592,0,none,0,0,0,0,0,0,0,
63459,0,none,0,0,0,0,0,0,0,
61071,0,none,0,0,0,0,0,0,0,
178361,3,low,0,1,0,0,0,0,0,memcpy_unchecked
184929,0,none,0,0,0,0,0,0,0,
99010,0,none,0,0,0,0,0,0,0,
73937,0,none,0,0,0,0,0,0,0,
26867,0,none,0,0,0,0,0,0,0,
181863,0,none,0,0,0,0,0,0,0,
142312,0,none,0,0,0,0,0,0,0,
40292,0,none,0,0,0,0,0,0,0,
144776,0,none,0,0,0,0,0,0,0,
159690,0,none,0,0,0,0,0,0,0,
118425,0,none,0,0,0,0,0,0,0,
96526,0,none,0,0,0,0,0,0,0,
165239,0,none,0,0,0,0,0,0,0,
43338,9,high,3,0,0,0,0,0,0,unsafe_func
99632,0,none,0,0,0,0,0,0,0,
112089,0,none,0,0,0,0,0,0,0,
102939,0,none,0,0,0,0,0,0,0,
185498,0,none,0,0,0,0,0,0,0,
100144,0,none,0,0,0,0,0,0,0,
43456,0,none,0,0,0,0,0,0,0,
26241,0,none,0,0,0,0,0,0,0,
62898,0,none,0,0,0,0,0,0,0,
145919,0,none,0,0,0,0,0,0,0,
4773,0,none,0,0,0,0,0,0,0,
110217,0,none,0,0,0,0,0,0,0,
21666,0,none,0,0,0,0,0,0,0,
179655,0,none,0,0,0,0,0,0,0,
172606,0,none,0,0,0,0,0,0,0,
50037,0,none,0,0,0,0,0,0,0,
147195,0,none,0,0,0,0,0,0,0,
131422,0,none,0,0,0,0,0,0,0,
13329,3,low,0,1,0,0,0,0,0,memcpy_unchecked
35373,0,none,0,0,0,0,0,0,0,
121346,0,none,0,0,0,0,0,0,0,
78442,3,low,0,1,0,0,0,0,0,memcpy_unchecked
127483,0,none,0,0,0,0,0,0,0,
48910,0,none,0,0,0,0,0,0,0,
63538,0,none,0,0,0,0,0,0,0,
93375,0,none,0,0,0,0,0,0,0,
134986,0,none,0,0,0,0,0,0,0,
105206,0,none,0,0,0,0,0,0,0,
117683,0,none,0,0,0,0,0,0,0,
6884,0,none,0,0,0,0,0,0,0,
81585,0,none,0,0,0,0,0,0,0,
10020,0,none,0,0,0,0,0,0,0,
148099,0,none,0,0,0,0,0,0,0,
75919,0,none,0,0,0,0,0,0,0,
176417,0,none,0,0,0,0,0,0,0,
31966,0,none,0,0,0,0,0,0,0,
121222,0,none,0,0,0,0,0,0,0,
149289,0,none,0,0,0,0,0,0,0,
66328,0,none,0,0,0,0,0,0,0,
179567,0,none,0,0,0,0,0,0,0,
48295,0,none,0,0,0,0,0,0,0,
170224,0,none,0,0,0,0,0,0,0,
66342,0,none,0,0,0,0,0,0,0,
15207,0,none,0,0,0,0,0,0,0,
49262,0,none,0,0,0,0,0,0,0,
180220,0,none,0,0,0,0,0,0,0,
160750,0,none,0,0,0,0,0,0,0,
103709,0,none,0,0,0,0,0,0,0,
62294,0,none,0,0,0,0,0,0,0,
58148,0,none,0,0,0,0,0,0,0,
160845,0,none,0,0,0,0,0,0,0,
130662,0,none,0,0,0,0,0,0,0,
158469,0,none,0,0,0,0,0,0,0,
50028,0,none,0,0,0,0,0,0,0,
120183,0,none,0,0,0,0,0,0,0,
139728,0,none,0,0,0,0,0,0,0,
8788,5,medium,0,0,0,0,0,1,0,use_after_free
55283,0,none,0,0,0,0,0,0,0,
49080,0,none,0,0,0,0,0,0,0,
82269,0,none,0,0,0,0,0,0,0,
55448,0,none,0,0,0,0,0,0,0,
42843,0,none,0,0,0,0,0,0,0,
3041,0,none,0,0,0,0,0,0,0,
94198,0,none,0,0,0,0,0,0,0,
188006,0,none,0,0,0,0,0,0,0,
149867,0,none,0,0,0,0,0,0,0,
91117,0,none,0,0,0,0,0,0,0,
184522,0,none,0,0,0,0,0,0,0,
132779,0,none,0,0,0,0,0,0,0,
174074,0,none,0,0,0,0,0,0,0,
78133,0,none,0,0,0,0,0,0,0,
155077,0,none,0,0,0,0,0,0,0,
35697,0,none,0,0,0,0,0,0,0,
168228,0,none,0,0,0,0,0,0,0,
92261,0,none,0,0,0,0,0,0,0,
155952,0,none,0,0,0,0,0,0,0,
180375,0,none,0,0,0,0,0,0,0,
35981,3,low,0,1,0,0,0,0,0,memcpy_unchecked
144899,0,none,0,0,0,0,0,0,0,
153446,0,none,0,0,0,0,0,0,0,
104986,0,none,0,0,0,0,0,0,0,
131354,0,none,0,0,0,0,0,0,0,
35154,0,none,0,0,0,0,0,0,0,
19613,0,none,0,0,0,0,0,0,0,
108799,0,none,0,0,0,0,0,0,0,
20962,0,none,0,0,0,0,0,0,0,
181132,7,medium,0,1,0,0,0,0,2,memcpy_unchecked;size_int_overflow
70885,0,none,0,0,0,0,0,0,0,
154376,0,none,0,0,0,0,0,0,0,
148098,0,none,0,0,0,0,0,0,0,
123843,0,none,0,0,0,0,0,0,0,
12047,0,none,0,0,0,0,0,0,0,
76399,0,none,0,0,0,0,0,0,0,
105412,0,none,0,0,0,0,0,0,0,
68615,0,none,0,0,0,0,0,0,0,
20974,0,none,0,0,0,0,0,0,0,
30638,0,none,0,0,0,0,0,0,0,
31530,3,low,1,0,0,0,0,0,0,unsafe_func
182594,0,none,0,0,0,0,0,0,0,
66881,0,none,0,0,0,0,0,0,0,
149172,0,none,0,0,0,0,0,0,0,
4278,0,none,0,0,0,0,0,0,0,
134160,0,none,0,0,0,0,0,0,0,
303,0,none,0,0,0,0,0,0,0,
149366,0,none,0,0,0,0,0,0,0,
38242,0,none,0,0,0,0,0,0,0,
136894,0,none,0,0,0,0,0,0,0,
22038,3,low,0,1,0,0,0,0,0,memcpy_unchecked
181701,0,none,0,0,0,0,0,0,0,
180636,0,none,0,0,0,0,0,0,0,
33504,0,none,0,0,0,0,0,0,0,
153768,0,none,0,0,0,0,0,0,0,
59942,0,none,0,0,0,0,0,0,0,
150266,0,none,0,0,0,0,0,0,0,
138947,0,none,0,0,0,0,0,0,0,
88682,0,none,0,0,0,0,0,0,0,
29408,0,none,0,0,0,0,0,0,0,
96724,0,none,0,0,0,0,0,0,0,
65678,0,none,0,0,0,0,0,0,0,
179737,0,none,0,0,0,0,0,0,0,
152201,0,none,0,0,0,0,0,0,0,
157073,0,none,0,0,0,0,0,0,0,
4360,0,none,0,0,0,0,0,0,0,
100628,0,none,0,0,0,0,0,0,0,
33660,0,none,0,0,0,0,0,0,0,
179536,6,medium,0,0,0,0,0,0,3,size_int_overflow
91707,0,none,0,0,0,0,0,0,0,
124262,0,none,0,0,0,0,0,0,0,
59161,0,none,0,0,0,0,0,0,0,
161817,0,none,0,0,0,0,0,0,0,
79580,0,none,0,0,0,0,0,0,0,
17065,0,none,0,0,0,0,0,0,0,
9668,0,none,0,0,0,0,0,0,0,
27424,0,none,0,0,0,0,0,0,0,
72517,0,none,0,0,0,0,0,0,0,
95329,0,none,0,0,0,0,0,0,0,
188214,0,none,0,0,0,0,0,0,0,
92012,0,none,0,0,0,0,0,0,0,
39229,0,none,0,0,0,0,0,0,0,
73862,0,none,0,0,0,0,0,0,0,
31427,0,none,0,0,0,0,0,0,0,
18252,2,low,0,0,0,0,0,0,1,size_int_overflow
50785,0,none,0,0,0,0,0,0,0,
119964,0,none,0,0,0,0,0,0,0,
185670,0,none,0,0,0,0,0,0,0,
130555,0,none,0,0,0,0,0,0,0,
43032,0,none,0,0,0,0,0,0,0,
141933,0,none,0,0,0,0,0,0,0,
133390,0,none,0,0,0,0,0,0,0,
104041,0,none,0,0,0,0,0,0,0,
41488,0,none,0,0,0,0,0,0,0,
36752,0,none,0,0,0,0,0,0,0,
27112,0,none,0,0,0,0,0,0,0,
53504,0,none,0,0,0,0,0,0,0,
111607,0,none,0,0,0,0,0,0,0,
59823,0,none,0,0,0,0,0,0,0,
15901,0,none,0,0,0,0,0,0,0,
48072,0,none,0,0,0,0,0,0,0,
140163,0,none,0,0,0,0,0,0,0,
140988,0,none,0,0,0,0,0,0,0,
166191,0,none,0,0,0,0,0,0,0,
101512,0,none,0,0,0,0,0,0,0,
86710,0,none,0,0,0,0,0,0,0,
89570,0,none,0,0,0,0,0,0,0,
85429,9,high,0,3,0,0,0,0,0,memcpy_unchecked
146823,0,none,0,0,0,0,0,0,0,
133432,0,none,0,0,0,0,0,0,0,
181563,0,none,0,0,0,0,0,0,0,
138268,0,none,0,0,0,0,0,0,0,
104785,0,none,0,0,0,0,0,0,0,
161845,0,none,0,0,0,0,0,0,0,
141540,0,none,0,0,0,0,0,0,0,
4970,0,none,0,0,0,0,0,0,0,
18007,0,none,0,0,0,0,0,0,0,
64290,0,none,0,0,0,0,0,0,0,
33443,0,none,0,0,0,0,0,0,0,
77024,0,none,0,0,0,0,0,0,0,
119671,0,none,0,0,0,0,0,0,0,
102910,0,none,0,0,0,0,0,0,0,
95393,0,none,0,0,0,0,0,0,0,
70926,0,none,0,0,0,0,0,0,0,
184473,0,none,0,0,0,0,0,0,0,
100577,0,none,0,0,0,0,0,0,0,
185581,0,none,0,0,0,0,0,0,0,
80648,0,none,0,0,0,0,0,0,0,
134001,0,none,0,0,0,0,0,0,0,
148513,0,none,0,0,0,0,0,0,0,
67826,0,none,0,0,0,0,0,0,0,
54960,0,none,0,0,0,0,0,0,0,
141573,0,none,0,0,0,0,0,0,0,
168119,0,none,0,0,0,0,0,0,0,
187021,0,none,0,0,0,0,0,0,0,
112861,0,none,0,0,0,0,0,0,0,
146408,0,none,0,0,0,0,0,0,0,
172758,0,none,0,0,0,0,0,0,0,
136834,0,none,0,0,0,0,0,0,0,
34612,0,none,0,0,0,0,0,0,0,
113657,0,none,0,0,0,0,0,0,0,
184939,0,none,0,0,0,0,0,0,0,
93418,0,none,0,0,0,0,0,0,0,
123933,0,none,0,0,0,0,0,0,0,
156285,0,none,0,0,0,0,0,0,0,
137689,0,none,0,0,0,0,0,0,0,
108059,0,none,0,0,0,0,0,0,0,
34114,0,none,0,0,0,0,0,0,0,
45532,0,none,0,0,0,0,0,0,0,
37509,0,none,0,0,0,0,0,0,0,
119755,0,none,0,0,0,0,0,0,0,
36810,0,none,0,0,0,0,0,0,0,
161810,0,none,0,0,0,0,0,0,0,
96309,0,none,0,0,0,0,0,0,0,
152233,0,none,0,0,0,0,0,0,0,
159804,0,none,0,0,0,0,0,0,0,
92850,0,none,0,0,0,0,0,0,0,
8140,0,none,0,0,0,0,0,0,0,
56585,0,none,0,0,0,0,0,0,0,
159075,0,none,0,0,0,0,0,0,0,
140481,0,none,0,0,0,0,0,0,0,
18828,0,none,0,0,0,0,0,0,0,
178755,0,none,0,0,0,0,0,0,0,
76525,0,none,0,0,0,0,0,0,0,
178902,0,none,0,0,0,0,0,0,0,
100131,0,none,0,0,0,0,0,0,0,
113975,0,none,0,0,0,0,0,0,0,
135105,0,none,0,0,0,0,0,0,0,
165373,0,none,0,0,0,0,0,0,0,
25657,0,none,0,0,0,0,0,0,0,
64983,0,none,0,0,0,0,0,0,0,
3398,18,high,2,0,0,5,0,0,5,unsafe_func;unchecked_alloc;size_int_overflow
69165,0,none,0,0,0,0,0,0,0,
85427,0,none,0,0,0,0,0,0,0,
174270,0,none,0,0,0,0,0,0,0,
100027,0,none,0,0,0,0,0,0,0,
46672,0,none,0,0,0,0,0,0,0,
93809,0,none,0,0,0,0,0,0,0,
120616,0,none,0,0,0,0,0,0,0,
159415,0,none,0,0,0,0,0,0,0,
93601,0,none,0,0,0,0,0,0,0,
30702,0,none,0,0,0,0,0,0,0,
148855,0,none,0,0,0,0,0,0,0,
160144,0,none,0,0,0,0,0,0,0,
65155,0,none,0,0,0,0,0,0,0,
152020,0,none,0,0,0,0,0,0,0,
3346,0,none,0,0,0,0,0,0,0,
75497,0,none,0,0,0,0,0,0,0,
163232,0,none,0,0,0,0,0,0,0,
33904,0,none,0,0,0,0,0,0,0,
127661,0,none,0,0,0,0,0,0,0,
126767,0,none,0,0,0,0,0,0,0,
87853,0,none,0,0,0,0,0,0,0,
89510,0,none,0,0,0,0,0,0,0,
116379,0,none,0,0,0,0,0,0,0,
115020,0,none,0,0,0,0,0,0,0,
13167,0,none,0,0,0,0,0,0,0,
25033,0,none,0,0,0,0,0,0,0,
72568,0,none,0,0,0,0,0,0,0,
133658,0,none,0,0,0,0,0,0,0,
147976,0,none,0,0,0,0,0,0,0,
96086,0,none,0,0,0,0,0,0,0,
62553,0,none,0,0,0,0,0,0,0,
32693,0,none,0,0,0,0,0,0,0,
187224,0,none,0,0,0,0,0,0,0,
63239,0,none,0,0,0,0,0,0,0,
73489,6,medium,0,2,0,0,0,0,0,memcpy_unchecked
74908,4,medium,0,0,0,1,0,0,1,unchecked_alloc;size_int_overflow
167022,0,none,0,0,0,0,0,0,0,
30756,0,none,0,0,0,0,0,0,0,
81238,9,high,4,0,0,0,0,0,0,unsafe_func
25263,0,none,0,0,0,0,0,0,0,
81878,0,none,0,0,0,0,0,0,0,
57886,0,none,0,0,0,0,0,0,0,
37326,0,none,0,0,0,0,0,0,0,
135487,0,none,0,0,0,0,0,0,0,
100313,0,none,0,0,0,0,0,0,0,
60734,0,none,0,0,0,0,0,0,0,
109953,0,none,0,0,0,0,0,0,0,
86760,0,none,0,0,0,0,0,0,0,
39297,5,medium,1,0,0,0,0,0,1,unsafe_func;size_int_overflow
33860,0,none,0,0,0,0,0,0,0,
166355,0,none,0,0,0,0,0,0,0,
21553,0,none,0,0,0,0,0,0,0,
10813,0,none,0,0,0,0,0,0,0,
107380,0,none,0,0,0,0,0,0,0,
153484,0,none,0,0,0,0,0,0,0,
104421,0,none,0,0,0,0,0,0,0,
76905,0,none,0,0,0,0,0,0,0,
165772,0,none,0,0,0,0,0,0,0,
149545,0,none,0,0,0,0,0,0,0,
92690,0,none,0,0,0,0,0,0,0,
43748,0,none,0,0,0,0,0,0,0,
6621,3,low,0,1,0,0,0,0,0,memcpy_unchecked
32646,0,none,0,0,0,0,0,0,0,
182979,0,none,0,0,0,0,0,0,0,
126608,0,none,0,0,0,0,0,0,0,
160272,0,none,0,0,0,0,0,0,0,
3332,0,none,0,0,0,0,0,0,0,
21015,0,none,0,0,0,0,0,0,0,
122392,0,none,0,0,0,0,0,0,0,
44414,0,none,0,0,0,0,0,0,0,
48741,0,none,0,0,0,0,0,0,0,
6849,3,low,0,1,0,0,0,0,0,memcpy_unchecked
46443,0,none,0,0,0,0,0,0,0,
29985,0,none,0,0,0,0,0,0,0,
51860,0,none,0,0,0,0,0,0,0,
173470,0,none,0,0,0,0,0,0,0,
180642,0,none,0,0,0,0,0,0,0,
176899,0,none,0,0,0,0,0,0,0,
116315,0,none,0,0,0,0,0,0,0,
32839,0,none,0,0,0,0,0,0,0,
41656,0,none,0,0,0,0,0,0,0,
19257,0,none,0,0,0,0,0,0,0,
42722,0,none,0,0,0,0,0,0,0,
103918,0,none,0,0,0,0,0,0,0,
35437,0,none,0,0,0,0,0,0,0,
141244,0,none,0,0,0,0,0,0,0,
41843,0,none,0,0,0,0,0,0,0,
161072,0,none,0,0,0,0,0,0,0,
29670,0,none,0,0,0,0,0,0,0,
50488,0,none,0,0,0,0,0,0,0,
102089,0,none,0,0,0,0,0,0,0,
33300,2,low,0,0,0,0,0,0,1,size_int_overflow
128572,0,none,0,0,0,0,0,0,0,
180329,11,high,0,3,0,1,0,0,0,memcpy_unchecked;unchecked_alloc
46964,0,none,0,0,0,0,0,0,0,
4965,0,none,0,0,0,0,0,0,0,
51230,0,none,0,0,0,0,0,0,0,
38029,0,none,0,0,0,0,0,0,0,
171694,0,none,0,0,0,0,0,0,0,
109013,0,none,0,0,0,0,0,0,0,
57483,0,none,0,0,0,0,0,0,0,
68290,0,none,0,0,0,0,0,0,0,
126899,0,none,0,0,0,0,0,0,0,
109657,0,none,0,0,0,0,0,0,0,
59954,2,low,0,0,0,0,0,0,1,size_int_overflow
90516,0,none,0,0,0,0,0,0,0,
170402,0,none,0,0,0,0,0,0,0,
46711,0,none,0,0,0,0,0,0,0,
105311,0,none,0,0,0,0,0,0,0,
13743,0,none,0,0,0,0,0,0,0,
35690,0,none,0,0,0,0,0,0,0,
91676,0,none,0,0,0,0,0,0,0,
133449,0,none,0,0,0,0,0,0,0,
20648,0,none,0,0,0,0,0,0,0,
3669,0,none,0,0,0,0,0,0,0,
131853,0,none,0,0,0,0,0,0,0,
40930,0,none,0,0,0,0,0,0,0,
136207,0,none,0,0,0,0,0,0,0,
144656,0,none,0,0,0,0,0,0,0,
94922,0,none,0,0,0,0,0,0,0,
178257,0,none,0,0,0,0,0,0,0,
145526,0,none,0,0,0,0,0,0,0,
144020,0,none,0,0,0,0,0,0,0,
10179,0,none,0,0,0,0,0,0,0,
128294,0,none,0,0,0,0,0,0,0,
22408,0,none,0,0,0,0,0,0,0,
38770,0,none,0,0,0,0,0,0,0,
166604,0,none,0,0,0,0,0,0,0,
94679,0,none,0,0,0,0,0,0,0,
89672,5,medium,0,1,0,0,0,0,1,memcpy_unchecked;size_int_overflow
172319,0,none,0,0,0,0,0,0,0,
184145,0,none,0,0,0,0,0,0,0,
81977,0,none,0,0,0,0,0,0,0,
185003,0,none,0,0,0,0,0,0,0,
180567,0,none,0,0,0,0,0,0,0,
18751,0,none,0,0,0,0,0,0,0,
52181,0,none,0,0,0,0,0,0,0,
75264,0,none,0,0,0,0,0,0,0,
69903,0,none,0,0,0,0,0,0,0,
149606,0,none,0,0,0,0,0,0,0,
186683,0,none,0,0,0,0,0,0,0,
54499,0,none,0,0,0,0,0,0,0,
39914,0,none,0,0,0,0,0,0,0,
169026,0,none,0,0,0,0,0,0,0,
187901,0,none,0,0,0,0,0,0,0,
24721,0,none,0,0,0,0,0,0,0,
4145,0,none,0,0,0,0,0,0,0,
55634,0,none,0,0,0,0,0,0,0,
13152,0,none,0,0,0,0,0,0,0,
78325,0,none,0,0,0,0,0,0,0,
121473,0,none,0,0,0,0,0,0,0,
174480,0,none,0,0,0,0,0,0,0,
64034,0,none,0,0,0,0,0,0,0,
55847,0,none,0,0,0,0,0,0,0,
10496,0,none,0,0,0,0,0,0,0,
143650,0,none,0,0,0,0,0,0,0,
167827,0,none,0,0,0,0,0,0,0,
177610,0,none,0,0,0,0,0,0,0,
89293,0,none,0,0,0,0,0,0,0,
43725,0,none,0,0,0,0,0,0,0,
179011,0,none,0,0,0,0,0,0,0,
113283,0,none,0,0,0,0,0,0,0,
163178,0,none,0,0,0,0,0,0,0,
61774,0,none,0,0,0,0,0,0,0,
6625,9,high,0,3,0,0,0,0,0,memcpy_unchecked
47803,7,medium,0,0,0,0,0,1,1,use_after_free;size_int_overflow
141672,0,none,0,0,0,0,0,0,0,
77114,0,none,0,0,0,0,0,0,0,
63526,0,none,0,0,0,0,0,0,0,
53364,4,medium,0,0,0,2,0,0,0,unchecked_alloc
144228,0,none,0,0,0,0,0,0,0,
186313,0,none,0,0,0,0,0,0,0,
155891,0,none,0,0,0,0,0,0,0,
17174,0,none,0,0,0,0,0,0,0,
99881,0,none,0,0,0,0,0,0,0,
94818,0,none,0,0,0,0,0,0,0,
125115,0,none,0,0,0,0,0,0,0,
82320,0,none,0,0,0,0,0,0,0,
96407,0,none,0,0,0,0,0,0,0,
71990,0,none,0,0,0,0,0,0,0,
45016,0,none,0,0,0,0,0,0,0,
70392,0,none,0,0,0,0,0,0,0,
128051,0,none,0,0,0,0,0,0,0,
177252,0,none,0,0,0,0,0,0,0,
156916,0,none,0,0,0,0,0,0,0,
53078,0,none,0,0,0,0,0,0,0,
160199,0,none,0,0,0,0,0,0,0,
115441,0,none,0,0,0,0,0,0,0,
52697,7,medium,0,0,0,0,0,1,1,use_after_free;size_int_overflow
180033,0,none,0,0,0,0,0,0,0,
73542,0,none,0,0,0,0,0,0,0,
151260,0,none,0,0,0,0,0,0,0,
121828,0,none,0,0,0,0,0,0,0,
102847,0,none,0,0,0,0,0,0,0,
13474,0,none,0,0,0,0,0,0,0,
75716,0,none,0,0,0,0,0,0,0,
85085,0,none,0,0,0,0,0,0,0,
184744,0,none,0,0,0,0,0,0,0,
156621,0,none,0,0,0,0,0,0,0,
154026,0,none,0,0,0,0,0,0,0,
98872,0,none,0,0,0,0,0,0,0,
132170,0,none,0,0,0,0,0,0,0,
183495,0,none,0,0,0,0,0,0,0,
16735,0,none,0,0,0,0,0,0,0,
185493,0,none,0,0,0,0,0,0,0,
146124,0,none,0,0,0,0,0,0,0,
102860,0,none,0,0,0,0,0,0,0,
56724,0,none,0,0,0,0,0,0,0,
149550,0,none,0,0,0,0,0,0,0,
89215,0,none,0,0,0,0,0,0,0,
99579,0,none,0,0,0,0,0,0,0,
143366,0,none,0,0,0,0,0,0,0,
35479,0,none,0,0,0,0,0,0,0,
11028,0,none,0,0,0,0,0,0,0,
56164,0,none,0,0,0,0,0,0,0,
17326,0,none,0,0,0,0,0,0,0,
96981,0,none,0,0,0,0,0,0,0,
19144,0,none,0,0,0,0,0,0,0,
33129,0,none,0,0,0,0,0,0,0,
15276,0,none,0,0,0,0,0,0,0,
19901,0,none,0,0,0,0,0,0,0,
23358,0,none,0,0,0,0,0,0,0,
18636,0,none,0,0,0,0,0,0,0,
151041,0,none,0,0,0,0,0,0,0,
61752,0,none,0,0,0,0,0,0,0,
155580,0,none,0,0,0,0,0,0,0,
57010,0,none,0,0,0,0,0,0,0,
23773,0,none,0,0,0,0,0,0,0,
89210,0,none,0,0,0,0,0,0,0,
146904,0,none,0,0,0,0,0,0,0,
51959,0,none,0,0,0,0,0,0,0,
161968,0,none,0,0,0,0,0,0,0,
96001,0,none,0,0,0,0,0,0,0,
45575,0,none,0,0,0,0,0,0,0,
126584,0,none,0,0,0,0,0,0,0,
183933,0,none,0,0,0,0,0,0,0,
169533,0,none,0,0,0,0,0,0,0,
54608,3,low,1,0,0,0,0,0,0,unsafe_func
137410,0,none,0,0,0,0,0,0,0,
162125,0,none,0,0,0,0,0,0,0,
60339,0,none,0,0,0,0,0,0,0,
39382,0,none,0,0,0,0,0,0,0,
41205,0,none,0,0,0,0,0,0,0,
89511,0,none,0,0,0,0,0,0,0,
179626,0,none,0,0,0,0,0,0,0,
135932,0,none,0,0,0,0,0,0,0,
137712,0,none,0,0,0,0,0,0,0,
138887,0,none,0,0,0,0,0,0,0,
181268,0,none,0,0,0,0,0,0,0,
44974,3,low,0,1,0,0,0,0,0,memcpy_unchecked
27265,0,none,0,0,0,0,0,0,0,
144528,0,none,0,0,0,0,0,0,0,
103827,0,none,0,0,0,0,0,0,0,
12438,3,low,0,1,0,0,0,0,0,memcpy_unchecked
60744,0,none,0,0,0,0,0,0,0,
158474,0,none,0,0,0,0,0,0,0,
186432,0,none,0,0,0,0,0,0,0,
49700,0,none,0,0,0,0,0,0,0,
111170,0,none,0,0,0,0,0,0,0,
86375,0,none,0,0,0,0,0,0,0,
100979,0,none,0,0,0,0,0,0,0,
86620,0,none,0,0,0,0,0,0,0,
24715,0,none,0,0,0,0,0,0,0,
149313,0,none,0,0,0,0,0,0,0,
51952,0,none,0,0,0,0,0,0,0,
35654,0,none,0,0,0,0,0,0,0,
109023,0,none,0,0,0,0,0,0,0,
174933,0,none,0,0,0,0,0,0,0,
81847,0,none,0,0,0,0,0,0,0,
132252,0,none,0,0,0,0,0,0,0,
186760,0,none,0,0,0,0,0,0,0,
150429,0,none,0,0,0,0,0,0,0,
128750,0,none,0,0,0,0,0,0,0,
7745,0,none,0,0,0,0,0,0,0,
34258,0,none,0,0,0,0,0,0,0,
161328,0,none,0,0,0,0,0,0,0,
153427,0,none,0,0,0,0,0,0,0,
179618,0,none,0,0,0,0,0,0,0,
165618,0,none,0,0,0,0,0,0,0,
6063,0,none,0,0,0,0,0,0,0,
144451,0,none,0,0,0,0,0,0,0,
37856,0,none,0,0,0,0,0,0,0,
14946,0,none,0,0,0,0,0,0,0,
23694,0,none,0,0,0,0,0,0,0,
4109,0,none,0,0,0,0,0,0,0,
19531,0,none,0,0,0,0,0,0,0,
161215,0,none,0,0,0,0,0,0,0,
152284,0,none,0,0,0,0,0,0,0,
60975,0,none,0,0,0,0,0,0,0,
6188,0,none,0,0,0,0,0,0,0,
142972,0,none,0,0,0,0,0,0,0,
124518,0,none,0,0,0,0,0,0,0,
27692,0,none,0,0,0,0,0,0,0,
97199,0,none,0,0,0,0,0,0,0,
172202,0,none,0,0,0,0,0,0,0,
111879,0,none,0,0,0,0,0,0,0,
84058,0,none,0,0,0,0,0,0,0,
101197,0,none,0,0,0,0,0,0,0,
94902,0,none,0,0,0,0,0,0,0,
186408,0,none,0,0,0,0,0,0,0,
119513,0,none,0,0,0,0,0,0,0,
40867,0,none,0,0,0,0,0,0,0,
44171,0,none,0,0,0,0,0,0,0,
52854,0,none,0,0,0,0,0,0,0,
102033,0,none,0,0,0,0,0,0,0,
183039,0,none,0,0,0,0,0,0,0,
130298,0,none,0,0,0,0,0,0,0,
50298,0,none,0,0,0,0,0,0,0,
158273,0,none,0,0,0,0,0,0,0,
124515,0,none,0,0,0,0,0,0,0,
43983,0,none,0,0,0,0,0,0,0,
177926,0,none,0,0,0,0,0,0,0,
163113,0,none,0,0,0,0,0,0,0,
55638,0,none,0,0,0,0,0,0,0,
62175,0,none,0,0,0,0,0,0,0,
142773,0,none,0,0,0,0,0,0,0,
169693,0,none,0,0,0,0,0,0,0,
85669,0,none,0,0,0,0,0,0,0,
9620,0,none,0,0,0,0,0,0,0,
166878,0,none,0,0,0,0,0,0,0,
116175,0,none,0,0,0,0,0,0,0,
135987,0,none,0,0,0,0,0,0,0,
47455,0,none,0,0,0,0,0,0,0,
82235,0,none,0,0,0,0,0,0,0,
159554,0,none,0,0,0,0,0,0,0,
146394,0,none,0,0,0,0,0,0,0,
38210,0,none,0,0,0,0,0,0,0,
167981,0,none,0,0,0,0,0,0,0,
58850,0,none,0,0,0,0,0,0,0,
175649,0,none,0,0,0,0,0,0,0,
13736,0,none,0,0,0,0,0,0,0,
166404,0,none,0,0,0,0,0,0,0,
135640,0,none,0,0,0,0,0,0,0,
97954,0,none,0,0,0,0,0,0,0,
91501,0,none,0,0,0,0,0,0,0,
62597,0,none,0,0,0,0,0,0,0,
90234,0,none,0,0,0,0,0,0,0,
160965,0,none,0,0,0,0,0,0,0,
81957,0,none,0,0,0,0,0,0,0,
21481,0,none,0,0,0,0,0,0,0,
49803,0,none,0,0,0,0,0,0,0,
156199,0,none,0,0,0,0,0,0,0,
159921,0,none,0,0,0,0,0,0,0,
58702,0,none,0,0,0,0,0,0,0,
78531,0,none,0,0,0,0,0,0,0,
74317,0,none,0,0,0,0,0,0,0,
115386,0,none,0,0,0,0,0,0,0,
119896,0,none,0,0,0,0,0,0,0,
159764,0,none,0,0,0,0,0,0,0,
164336,0,none,0,0,0,0,0,0,0,
42275,0,none,0,0,0,0,0,0,0,
71940,0,none,0,0,0,0,0,0,0,
182627,0,none,0,0,0,0,0,0,0,
148443,0,none,0,0,0,0,0,0,0,
172895,0,none,0,0,0,0,0,0,0,
75282,0,none,0,0,0,0,0,0,0,
67748,0,none,0,0,0,0,0,0,0,
158740,0,none,0,0,0,0,0,0,0,
116092,0,none,0,0,0,0,0,0,0,
186941,0,none,0,0,0,0,0,0,0,
26517,0,none,0,0,0,0,0,0,0,
109760,0,none,0,0,0,0,0,0,0,
8754,0,none,0,0,0,0,0,0,0,
12905,0,none,0,0,0,0,0,0,0,
115672,0,none,0,0,0,0,0,0,0,
8416,0,none,0,0,0,0,0,0,0,
180231,0,none,0,0,0,0,0,0,0,
178769,2,low,0,0,0,0,0,0,1,size_int_overflow
114176,0,none,0,0,0,0,0,0,0,
80539,0,none,0,0,0,0,0,0,0,
139583,0,none,0,0,0,0,0,0,0,
50388,0,none,0,0,0,0,0,0,0,
178301,0,none,0,0,0,0,0,0,0,
66775,0,none,0,0,0,0,0,0,0,
16764,0,none,0,0,0,0,0,0,0,
172605,0,none,0,0,0,0,0,0,0,
150152,0,none,0,0,0,0,0,0,0,
26716,0,none,0,0,0,0,0,0,0,
101580,0,none,0,0,0,0,0,0,0,
129935,0,none,0,0,0,0,0,0,0,
53948,0,none,0,0,0,0,0,0,0,
77763,0,none,0,0,0,0,0,0,0,
144222,0,none,0,0,0,0,0,0,0,
1434,0,none,0,0,0,0,0,0,0,
94355,0,none,0,0,0,0,0,0,0,
10081,0,none,0,0,0,0,0,0,0,
69463,0,none,0,0,0,0,0,0,0,
96013,0,none,0,0,0,0,0,0,0,
21789,0,none,0,0,0,0,0,0,0,
90373,0,none,0,0,0,0,0,0,0,
141283,0,none,0,0,0,0,0,0,0,
135080,0,none,0,0,0,0,0,0,0,
99345,0,none,0,0,0,0,0,0,0,
115938,0,none,0,0,0,0,0,0,0,
46027,4,medium,0,0,0,1,0,0,1,unchecked_alloc;size_int_overflow
8967,0,none,0,0,0,0,0,0,0,
144090,0,none,0,0,0,0,0,0,0,
151370,0,none,0,0,0,0,0,0,0,
188151,0,none,0,0,0,0,0,0,0,
92964,0,none,0,0,0,0,0,0,0,
78922,0,none,0,0,0,0,0,0,0,
96142,0,none,0,0,0,0,0,0,0,
143672,0,none,0,0,0,0,0,0,0,
3547,0,none,0,0,0,0,0,0,0,
116133,0,none,0,0,0,0,0,0,0,
89870,4,medium,0,0,1,0,0,0,0,format_string
126153,0,none,0,0,0,0,0,0,0,
80806,0,none,0,0,0,0,0,0,0,
81879,0,none,0,0,0,0,0,0,0,
126964,0,none,0,0,0,0,0,0,0,
163099,0,none,0,0,0,0,0,0,0,
79258,0,none,0,0,0,0,0,0,0,
168245,0,none,0,0,0,0,0,0,0,
82741,0,none,0,0,0,0,0,0,0,
97974,0,none,0,0,0,0,0,0,0,
42023,0,none,0,0,0,0,0,0,0,
28697,0,none,0,0,0,0,0,0,0,
125828,0,none,0,0,0,0,0,0,0,
69460,0,none,0,0,0,0,0,0,0,
7094,0,none,0,0,0,0,0,0,0,
131687,0,none,0,0,0,0,0,0,0,
19285,5,medium,0,1,0,0,0,0,1,memcpy_unchecked;size_int_overflow
159046,0,none,0,0,0,0,0,0,0,
64078,0,none,0,0,0,0,0,0,0,
111905,0,none,0,0,0,0,0,0,0,
859,0,none,0,0,0,0,0,0,0,
27198,0,none,0,0,0,0,0,0,0,
123833,0,none,0,0,0,0,0,0,0,
115815,0,none,0,0,0,0,0,0,0,
12615,0,none,0,0,0,0,0,0,0,
155947,0,none,0,0,0,0,0,0,0,
50805,0,none,0,0,0,0,0,0,0,
173552,0,none,0,0,0,0,0,0,0,
111609,0,none,0,0,0,0,0,0,0,
158784,0,none,0,0,0,0,0,0,0,
54540,0,none,0,0,0,0,0,0,0,
173483,3,low,0,1,0,0,0,0,0,memcpy_unchecked
39121,0,none,0,0,0,0,0,0,0,
75875,0,none,0,0,0,0,0,0,0,
153668,0,none,0,0,0,0,0,0,0,
135781,0,none,0,0,0,0,0,0,0,
177708,0,none,0,0,0,0,0,0,0,
74633,0,none,0,0,0,0,0,0,0,
174419,0,none,0,0,0,0,0,0,0,
45845,0,none,0,0,0,0,0,0,0,
61211,0,none,0,0,0,0,0,0,0,
34162,0,none,0,0,0,0,0,0,0,
175281,0,none,0,0,0,0,0,0,0,
3832,0,none,0,0,0,0,0,0,0,
160115,0,none,0,0,0,0,0,0,0,
18836,0,none,0,0,0,0,0,0,0,
144301,0,none,0,0,0,0,0,0,0,
18883,0,none,0,0,0,0,0,0,0,
43152,3,low,0,1,0,0,0,0,0,memcpy_unchecked
108559,0,none,0,0,0,0,0,0,0,
171600,0,none,0,0,0,0,0,0,0,
119855,0,none,0,0,0,0,0,0,0,
45377,0,none,0,0,0,0,0,0,0,
162422,0,none,0,0,0,0,0,0,0,
185398,0,none,0,0,0,0,0,0,0,
141486,0,none,0,0,0,0,0,0,0,
169169,0,none,0,0,0,0,0,0,0,
18436,2,low,0,0,0,1,0,0,0,unchecked_alloc
21030,0,none,0,0,0,0,0,0,0,
23495,0,none,0,0,0,0,0,0,0,
32763,0,none,0,0,0,0,0,0,0,
156064,0,none,0,0,0,0,0,0,0,
66208,0,none,0,0,0,0,0,0,0,
71256,5,medium,0,0,0,0,0,1,0,use_after_free
168861,0,none,0,0,0,0,0,0,0,
138537,0,none,0,0,0,0,0,0,0,
109476,0,none,0,0,0,0,0,0,0,
158546,0,none,0,0,0,0,0,0,0,
175454,0,none,0,0,0,0,0,0,0,
29139,2,low,0,0,0,0,0,0,1,size_int_overflow
143447,0,none,0,0,0,0,0,0,0,
173927,0,none,0,0,0,0,0,0,0,
46184,0,none,0,0,0,0,0,0,0,
90375,0,none,0,0,0,0,0,0,0,
84700,0,none,0,0,0,0,0,0,0,
77378,0,none,0,0,0,0,0,0,0,
74219,0,none,0,0,0,0,0,0,0,
8945,0,none,0,0,0,0,0,0,0,
42007,0,none,0,0,0,0,0,0,0,
36796,0,none,0,0,0,0,0,0,0,
18343,0,none,0,0,0,0,0,0,0,
44070,0,none,0,0,0,0,0,0,0,
30043,0,none,0,0,0,0,0,0,0,
52066,0,none,0,0,0,0,0,0,0,
20177,0,none,0,0,0,0,0,0,0,
155581,0,none,0,0,0,0,0,0,0,
100893,0,none,0,0,0,0,0,0,0,
181061,0,none,0,0,0,0,0,0,0,
163345,0,none,0,0,0,0,0,0,0,
154305,0,none,0,0,0,0,0,0,0,
21449,3,low,0,1,0,0,0,0,0,memcpy_unchecked
10445,0,none,0,0,0,0,0,0,0,
93128,0,none,0,0,0,0,0,0,0,
46535,0,none,0,0,0,0,0,0,0,
67958,0,none,0,0,0,0,0,0,0,
161728,0,none,0,0,0,0,0,0,0,
53320,0,none,0,0,0,0,0,0,0,
178602,4,medium,0,0,1,0,0,0,0,format_string
48755,0,none,0,0,0,0,0,0,0,
181393,0,none,0,0,0,0,0,0,0,
102343,0,none,0,0,0,0,0,0,0,
84627,0,none,0,0,0,0,0,0,0,
68557,0,none,0,0,0,0,0,0,0,
34861,0,none,0,0,0,0,0,0,0,
38106,0,none,0,0,0,0,0,0,0,
115176,0,none,0,0,0,0,0,0,0,
98833,0,none,0,0,0,0,0,0,0,
157544,0,none,0,0,0,0,0,0,0,
63158,0,none,0,0,0,0,0,0,0,
95591,0,none,0,0,0,0,0,0,0,
14317,6,medium,0,2,0,0,0,0,0,memcpy_unchecked
84544,0,none,0,0,0,0,0,0,0,
3581,0,none,0,0,0,0,0,0,0,
174045,0,none,0,0,0,0,0,0,0,
179752,0,none,0,0,0,0,0,0,0,
49367,0,none,0,0,0,0,0,0,0,
4592,0,none,0,0,0,0,0,0,0,
107497,2,low,0,0,0,1,0,0,0,unchecked_alloc
127980,0,none,0,0,0,0,0,0,0,
39443,0,none,0,0,0,0,0,0,0,
45692,0,none,0,0,0,0,0,0,0,
150090,0,none,0,0,0,0,0,0,0,
80948,0,none,0,0,0,0,0,0,0,
76883,0,none,0,0,0,0,0,0,0,
122702,0,none,0,0,0,0,0,0,0,
63980,0,none,0,0,0,0,0,0,0,
1758,0,none,0,0,0,0,0,0,0,
159095,0,none,0,0,0,0,0,0,0,
93124,0,none,0,0,0,0,0,0,0,
104926,0,none,0,0,0,0,0,0,0,
79915,0,none,0,0,0,0,0,0,0,
146554,0,none,0,0,0,0,0,0,0,
96006,0,none,0,0,0,0,0,0,0,
131361,0,none,0,0,0,0,0,0,0,
182872,0,none,0,0,0,0,0,0,0,
73782,0,none,0,0,0,0,0,0,0,
71533,0,none,0,0,0,0,0,0,0,
126199,0,none,0,0,0,0,0,0,0,
144788,0,none,0,0,0,0,0,0,0,
84342,0,none,0,0,0,0,0,0,0,
21853,0,none,0,0,0,0,0,0,0,
20055,3,low,0,1,0,0,0,0,0,memcpy_unchecked
59164,0,none,0,0,0,0,0,0,0,
82886,5,medium,0,0,0,0,0,1,0,use_after_free
112070,0,none,0,0,0,0,0,0,0,
77229,0,none,0,0,0,0,0,0,0,
61763,0,none,0,0,0,0,0,0,0,
122035,0,none,0,0,0,0,0,0,0,
182940,0,none,0,0,0,0,0,0,0,
42301,0,none,0,0,0,0,0,0,0,
13783,0,none,0,0,0,0,0,0,0,
58441,0,none,0,0,0,0,0,0,0,
185533,0,none,0,0,0,0,0,0,0,
44383,0,none,0,0,0,0,0,0,0,
170549,0,none,0,0,0,0,0,0,0,
49207,0,none,0,0,0,0,0,0,0,
152553,0,none,0,0,0,0,0,0,0,
11947,0,none,0,0,0,0,0,0,0,
62584,0,none,0,0,0,0,0,0,0,
184415,0,none,0,0,0,0,0,0,0,
105643,0,none,0,0,0,0,0,0,0,
28780,0,none,0,0,0,0,0,0,0,
612,0,none,0,0,0,0,0,0,0,
127598,0,none,0,0,0,0,0,0,0,
8617,0,none,0,0,0,0,0,0,0,
132089,0,none,0,0,0,0,0,0,0,
70561,0,none,0,0,0,0,0,0,0,
8569,0,none,0,0,0,0,0,0,0,
180029,0,none,0,0,0,0,0,0,0,
147403,0,none,0,0,0,0,0,0,0,
166242,0,none,0,0,0,0,0,0,0,
86857,0,none,0,0,0,0,0,0,0,
104121,0,none,0,0,0,0,0,0,0,
59677,0,none,0,0,0,0,0,0,0,
65258,3,low,0,1,0,0,0,0,0,memcpy_unchecked
46264,0,none,0,0,0,0,0,0,0,
100287,0,none,0,0,0,0,0,0,0,
88425,0,none,0,0,0,0,0,0,0,
91415,0,none,0,0,0,0,0,0,0,
2160,0,none,0,0,0,0,0,0,0,
7407,0,none,0,0,0,0,0,0,0,
42525,0,none,0,0,0,0,0,0,0,
35255,2,low,0,0,0,0,0,0,1,size_int_overflow
50057,0,none,0,0,0,0,0,0,0,
127493,0,none,0,0,0,0,0,0,0,
58925,0,none,0,0,0,0,0,0,0,
61624,0,none,0,0,0,0,0,0,0,
181587,0,none,0,0,0,0,0,0,0,
172380,0,none,0,0,0,0,0,0,0,
156480,0,none,0,0,0,0,0,0,0,
93504,0,none,0,0,0,0,0,0,0,
83740,0,none,0,0,0,0,0,0,0,
112986,0,none,0,0,0,0,0,0,0,
172170,0,none,0,0,0,0,0,0,0,
138308,0,none,0,0,0,0,0,0,0,
49125,0,none,0,0,0,0,0,0,0,
136534,0,none,0,0,0,0,0,0,0,
99457,0,none,0,0,0,0,0,0,0,
3764,0,none,0,0,0,0,0,0,0,
48059,0,none,0,0,0,0,0,0,0,
133213,0,none,0,0,0,0,0,0,0,
55087,0,none,0,0,0,0,0,0,0,
23962,0,none,0,0,0,0,0,0,0,
61571,0,none,0,0,0,0,0,0,0,
147874,0,none,0,0,0,0,0,0,0,
54545,0,none,0,0,0,0,0,0,0,
61895,0,none,0,0,0,0,0,0,0,
138813,0,none,0,0,0,0,0,0,0,
107508,0,none,0,0,0,0,0,0,0,
55730,0,none,0,0,0,0,0,0,0,
4926,0,none,0,0,0,0,0,0,0,
68155,0,none,0,0,0,0,0,0,0,
40522,0,none,0,0,0,0,0,0,0,
64843,0,none,0,0,0,0,0,0,0,
626,0,none,0,0,0,0,0,0,0,
123314,0,none,0,0,0,0,0,0,0,
85216,0,none,0,0,0,0,0,0,0,
52234,3,low,0,1,0,0,0,0,0,memcpy_unchecked
88239,0,none,0,0,0,0,0,0,0,
151131,0,none,0,0,0,0,0,0,0,
171365,0,none,0,0,0,0,0,0,0,
12917,0,none,0,0,0,0,0,0,0,
158776,0,none,0,0,0,0,0,0,0,
168448,0,none,0,0,0,0,0,0,0,
39873,0,none,0,0,0,0,0,0,0,
100299,0,none,0,0,0,0,0,0,0,
179154,4,medium,0,0,0,2,0,0,0,unchecked_alloc
126885,0,none,0,0,0,0,0,0,0,
123464,0,none,0,0,0,0,0,0,0,
46993,0,none,0,0,0,0,0,0,0,
19049,0,none,0,0,0,0,0,0,0,
133860,0,none,0,0,0,0,0,0,0,
140239,0,none,0,0,0,0,0,0,0,
31394,0,none,0,0,0,0,0,0,0,
43217,6,medium,2,0,0,0,0,0,0,unsafe_func
62639,0,none,0,0,0,0,0,0,0,
156895,0,none,0,0,0,0,0,0,0,
164644,0,none,0,0,0,0,0,0,0,
133163,0,none,0,0,0,0,0,0,0,
93954,0,none,0,0,0,0,0,0,0,
132440,0,none,0,0,0,0,0,0,0,
110436,0,none,0,0,0,0,0,0,0,
110466,0,none,0,0,0,0,0,0,0,
1393,0,none,0,0,0,0,0,0,0,
102186,0,none,0,0,0,0,0,0,0,
152528,0,none,0,0,0,0,0,0,0,
67909,0,none,0,0,0,0,0,0,0,
172984,0,none,0,0,0,0,0,0,0,
1068,0,none,0,0,0,0,0,0,0,
7076,0,none,0,0,0,0,0,0,0,
50324,0,none,0,0,0,0,0,0,0,
99573,0,none,0,0,0,0,0,0,0,
142548,0,none,0,0,0,0,0,0,0,
171120,9,high,0,4,0,0,0,0,0,memcpy_unchecked
66125,0,none,0,0,0,0,0,0,0,
89729,0,none,0,0,0,0,0,0,0,
174302,0,none,0,0,0,0,0,0,0,
79995,0,none,0,0,0,0,0,0,0,
118719,0,none,0,0,0,0,0,0,0,
89548,0,none,0,0,0,0,0,0,0,
85655,0,none,0,0,0,0,0,0,0,
165432,0,none,0,0,0,0,0,0,0,
69894,0,none,0,0,0,0,0,0,0,
12334,0,none,0,0,0,0,0,0,0,
66283,0,none,0,0,0,0,0,0,0,
103237,0,none,0,0,0,0,0,0,0,
15493,0,none,0,0,0,0,0,0,0,
181198,0,none,0,0,0,0,0,0,0,
22942,0,none,0,0,0,0,0,0,0,
63612,0,none,0,0,0,0,0,0,0,
42372,0,none,0,0,0,0,0,0,0,
63599,0,none,0,0,0,0,0,0,0,
145557,0,none,0,0,0,0,0,0,0,
171617,0,none,0,0,0,0,0,0,0,
81811,0,none,0,0,0,0,0,0,0,
77109,0,none,0,0,0,0,0,0,0,
15351,0,none,0,0,0,0,0,0,0,
96583,0,none,0,0,0,0,0,0,0,
114453,0,none,0,0,0,0,0,0,0,
62006,0,none,0,0,0,0,0,0,0,
62169,0,none,0,0,0,0,0,0,0,
49758,0,none,0,0,0,0,0,0,0,
67876,0,none,0,0,0,0,0,0,0,
89524,0,none,0,0,0,0,0,0,0,
103331,0,none,0,0,0,0,0,0,0,
103939,0,none,0,0,0,0,0,0,0,
170547,0,none,0,0,0,0,0,0,0,
148539,0,none,0,0,0,0,0,0,0,
154340,0,none,0,0,0,0,0,0,0,
71885,0,none,0,0,0,0,0,0,0,
94961,0,none,0,0,0,0,0,0,0,
75342,2,low,0,0,0,1,0,0,0,unchecked_alloc
24511,0,none,0,0,0,0,0,0,0,
169088,0,none,0,0,0,0,0,0,0,
1937,0,none,0,0,0,0,0,0,0,
49439,0,none,0,0,0,0,0,0,0,
44539,0,none,0,0,0,0,0,0,0,
82132,0,none,0,0,0,0,0,0,0,
162294,0,none,0,0,0,0,0,0,0,
134968,0,none,0,0,0,0,0,0,0,
23449,0,none,0,0,0,0,0,0,0,
153345,0,none,0,0,0,0,0,0,0,
152426,0,none,0,0,0,0,0,0,0,
6145,0,none,0,0,0,0,0,0,0,
155800,0,none,0,0,0,0,0,0,0,
73844,18,high,3,3,0,0,0,0,0,unsafe_func;memcpy_unchecked
144637,0,none,0,0,0,0,0,0,0,
126171,0,none,0,0,0,0,0,0,0,
152884,0,none,0,0,0,0,0,0,0,
95706,0,none,0,0,0,0,0,0,0,
162319,0,none,0,0,0,0,0,0,0,
143752,0,none,0,0,0,0,0,0,0,
154185,0,none,0,0,0,0,0,0,0,
28119,0,none,0,0,0,0,0,0,0,
67225,3,low,0,1,0,0,0,0,0,memcpy_unchecked
127107,0,none,0,0,0,0,0,0,0,
91421,0,none,0,0,0,0,0,0,0,
140157,0,none,0,0,0,0,0,0,0,
25097,0,none,0,0,0,0,0,0,0,
123863,0,none,0,0,0,0,0,0,0,
112801,0,none,0,0,0,0,0,0,0,
7139,0,none,0,0,0,0,0,0,0,
74277,3,low,1,0,0,0,0,0,0,unsafe_func
39258,0,none,0,0,0,0,0,0,0,
55,0,none,0,0,0,0,0,0,0,
19092,0,none,0,0,0,0,0,0,0,
153910,0,none,0,0,0,0,0,0,0,
152517,0,none,0,0,0,0,0,0,0,
25073,0,none,0,0,0,0,0,0,0,
79099,0,none,0,0,0,0,0,0,0,
57517,0,none,0,0,0,0,0,0,0,
185262,0,none,0,0,0,0,0,0,0,
169566,0,none,0,0,0,0,0,0,0,
39337,0,none,0,0,0,0,0,0,0,
155572,0,none,0,0,0,0,0,0,0,
172196,0,none,0,0,0,0,0,0,0,
59712,0,none,0,0,0,0,0,0,0,
120948,0,none,0,0,0,0,0,0,0,
99373,0,none,0,0,0,0,0,0,0,
46213,0,none,0,0,0,0,0,0,0,
26642,0,none,0,0,0,0,0,0,0,
34415,0,none,0,0,0,0,0,0,0,
15247,0,none,0,0,0,0,0,0,0,
163914,0,none,0,0,0,0,0,0,0,
161659,0,none,0,0,0,0,0,0,0,
185068,0,none,0,0,0,0,0,0,0,
171686,0,none,0,0,0,0,0,0,0,
15238,0,none,0,0,0,0,0,0,0,
81493,0,none,0,0,0,0,0,0,0,
174402,0,none,0,0,0,0,0,0,0,
80882,0,none,0,0,0,0,0,0,0,
101709,0,none,0,0,0,0,0,0,0,
89028,0,none,0,0,0,0,0,0,0,
138398,0,none,0,0,0,0,0,0,0,
172924,0,none,0,0,0,0,0,0,0,
167384,0,none,0,0,0,0,0,0,0,
74043,0,none,0,0,0,0,0,0,0,
43323,0,none,0,0,0,0,0,0,0,
178772,0,none,0,0,0,0,0,0,0,
2670,0,none,0,0,0,0,0,0,0,
140727,0,none,0,0,0,0,0,0,0,
11188,0,none,0,0,0,0,0,0,0,
34686,0,none,0,0,0,0,0,0,0,
106693,0,none,0,0,0,0,0,0,0,
2032,0,none,0,0,0,0,0,0,0,
54928,0,none,0,0,0,0,0,0,0,
98243,0,none,0,0,0,0,0,0,0,
173184,0,none,0,0,0,0,0,0,0,
94625,0,none,0,0,0,0,0,0,0,
122094,0,none,0,0,0,0,0,0,0,
113389,0,none,0,0,0,0,0,0,0,
14699,0,none,0,0,0,0,0,0,0,
86381,0,none,0,0,0,0,0,0,0,
130579,0,none,0,0,0,0,0,0,0,
71646,0,none,0,0,0,0,0,0,0,
62671,0,none,0,0,0,0,0,0,0,
101181,0,none,0,0,0,0,0,0,0,
116156,0,none,0,0,0,0,0,0,0,
79910,6,medium,0,2,0,0,0,0,0,memcpy_unchecked
99095,0,none,0,0,0,0,0,0,0,
132715,0,none,0,0,0,0,0,0,0,
188045,0,none,0,0,0,0,0,0,0,
168506,0,none,0,0,0,0,0,0,0,
61773,0,none,0,0,0,0,0,0,0,
48948,0,none,0,0,0,0,0,0,0,
84046,0,none,0,0,0,0,0,0,0,
45176,0,none,0,0,0,0,0,0,0,
175936,0,none,0,0,0,0,0,0,0,
121229,0,none,0,0,0,0,0,0,0,
146141,0,none,0,0,0,0,0,0,0,
9959,0,none,0,0,0,0,0,0,0,
47378,0,none,0,0,0,0,0,0,0,
74187,0,none,0,0,0,0,0,0,0,
60433,0,none,0,0,0,0,0,0,0,
33120,0,none,0,0,0,0,0,0,0,
8507,0,none,0,0,0,0,0,0,0,
39636,0,none,0,0,0,0,0,0,0,
50286,4,medium,0,0,1,0,0,0,0,format_string
85867,0,none,0,0,0,0,0,0,0,
151098,0,none,0,0,0,0,0,0,0,
170223,0,none,0,0,0,0,0,0,0,
174020,0,none,0,0,0,0,0,0,0,
92580,0,none,0,0,0,0,0,0,0,
112877,0,none,0,0,0,0,0,0,0,
72601,0,none,0,0,0,0,0,0,0,
113341,0,none,0,0,0,0,0,0,0,
40742,0,none,0,0,0,0,0,0,0,
42570,0,none,0,0,0,0,0,0,0,
73348,6,medium,0,0,0,3,0,0,0,unchecked_alloc
165631,0,none,0,0,0,0,0,0,0,
17905,0,none,0,0,0,0,0,0,0,
54749,0,none,0,0,0,0,0,0,0,
109181,0,none,0,0,0,0,0,0,0,
78196,0,none,0,0,0,0,0,0,0,
176468,0,none,0,0,0,0,0,0,0,
60579,0,none,0,0,0,0,0,0,0,
106752,0,none,0,0,0,0,0,0,0,
46348,0,none,0,0,0,0,0,0,0,
39669,0,none,0,0,0,0,0,0,0,
37252,0,none,0,0,0,0,0,0,0,
61331,0,none,0,0,0,0,0,0,0,
164863,0,none,0,0,0,0,0,0,0,
160470,0,none,0,0,0,0,0,0,0,
37349,0,none,0,0,0,0,0,0,0,
147785,0,none,0,0,0,0,0,0,0,
51037,0,none,0,0,0,0,0,0,0,
152179,0,none,0,0,0,0,0,0,0,
169063,0,none,0,0,0,0,0,0,0,
15623,0,none,0,0,0,0,0,0,0,
126844,0,none,0,0,0,0,0,0,0,
112597,0,none,0,0,0,0,0,0,0,
104260,0,none,0,0,0,0,0,0,0,
57779,0,none,0,0,0,0,0,0,0,
176037,0,none,0,0,0,0,0,0,0,
124035,0,none,0,0,0,0,0,0,0,
116594,0,none,0,0,0,0,0,0,0,
55098,0,none,0,0,0,0,0,0,0,
168379,0,none,0,0,0,0,0,0,0,
163135,0,none,0,0,0,0,0,0,0,
129761,0,none,0,0,0,0,0,0,0,
85923,0,none,0,0,0,0,0,0,0,
18985,0,none,0,0,0,0,0,0,0,
269,3,low,0,1,0,0,0,0,0,memcpy_unchecked
137303,0,none,0,0,0,0,0,0,0,
171194,0,none,0,0,0,0,0,0,0,
102906,0,none,0,0,0,0,0,0,0,
112137,0,none,0,0,0,0,0,0,0,
175541,0,none,0,0,0,0,0,0,0,
126704,0,none,0,0,0,0,0,0,0,
87258,0,none,0,0,0,0,0,0,0,
11554,0,none,0,0,0,0,0,0,0,
111323,0,none,0,0,0,0,0,0,0,
167268,0,none,0,0,0,0,0,0,0,
183492,0,none,0,0,0,0,0,0,0,
90526,0,none,0,0,0,0,0,0,0,
140140,0,none,0,0,0,0,0,0,0,
72100,0,none,0,0,0,0,0,0,0,
106070,0,none,0,0,0,0,0,0,0,
50745,0,none,0,0,0,0,0,0,0,
73952,0,none,0,0,0,0,0,0,0,
141563,0,none,0,0,0,0,0,0,0,
182623,0,none,0,0,0,0,0,0,0,
134933,0,none,0,0,0,0,0,0,0,
50933,0,none,0,0,0,0,0,0,0,
58562,0,none,0,0,0,0,0,0,0,
175064,0,none,0,0,0,0,0,0,0,
152249,0,none,0,0,0,0,0,0,0,
60679,0,none,0,0,0,0,0,0,0,
35858,0,none,0,0,0,0,0,0,0,
70893,0,none,0,0,0,0,0,0,0,
88860,0,none,0,0,0,0,0,0,0,
120580,0,none,0,0,0,0,0,0,0,
56568,0,none,0,0,0,0,0,0,0,
66893,0,none,0,0,0,0,0,0,0,
24957,0,none,0,0,0,0,0,0,0,
180289,0,none,0,0,0,0,0,0,0,
10708,0,none,0,0,0,0,0,0,0,
100613,0,none,0,0,0,0,0,0,0,
83325,0,none,0,0,0,0,0,0,0,
5133,0,none,0,0,0,0,0,0,0,
134446,0,none,0,0,0,0,0,0,0,
163075,0,none,0,0,0,0,0,0,0,
106581,0,none,0,0,0,0,0,0,0,
176939,0,none,0,0,0,0,0,0,0,
179273,9,high,18,0,0,0,0,0,0,unsafe_func
157511,0,none,0,0,0,0,0,0,0,
78680,0,none,0,0,0,0,0,0,0,
86045,0,none,0,0,0,0,0,0,0,
123110,0,none,0,0,0,0,0,0,0,
51322,0,none,0,0,0,0,0,0,0,
27625,0,none,0,0,0,0,0,0,0,
160119,0,none,0,0,0,0,0,0,0,
107802,0,none,0,0,0,0,0,0,0,
34793,0,none,0,0,0,0,0,0,0,
52506,0,none,0,0,0,0,0,0,0,
150367,0,none,0,0,0,0,0,0,0,
15657,0,none,0,0,0,0,0,0,0,
88887,0,none,0,0,0,0,0,0,0,
42204,0,none,0,0,0,0,0,0,0,
111029,0,none,0,0,0,0,0,0,0,
79753,0,none,0,0,0,0,0,0,0,
122147,0,none,0,0,0,0,0,0,0,
121705,0,none,0,0,0,0,0,0,0,
13177,0,none,0,0,0,0,0,0,0,
157103,0,none,0,0,0,0,0,0,0,
108596,0,none,0,0,0,0,0,0,0,
26473,0,none,0,0,0,0,0,0,0,
33414,0,none,0,0,0,0,0,0,0,
75958,3,low,1,0,0,0,0,0,0,unsafe_func
155860,0,none,0,0,0,0,0,0,0,
46339,0,none,0,0,0,0,0,0,0,
25768,0,none,0,0,0,0,0,0,0,
106189,0,none,0,0,0,0,0,0,0,
85771,0,none,0,0,0,0,0,0,0,
12518,0,none,0,0,0,0,0,0,0,
22937,0,none,0,0,0,0,0,0,0,
19160,0,none,0,0,0,0,0,0,0,
70539,0,none,0,0,0,0,0,0,0,
187361,0,none,0,0,0,0,0,0,0,
116798,0,none,0,0,0,0,0,0,0,
31100,0,none,0,0,0,0,0,0,0,
99986,0,none,0,0,0,0,0,0,0,
155510,0,none,0,0,0,0,0,0,0,
25534,0,none,0,0,0,0,0,0,0,
55649,0,none,0,0,0,0,0,0,0,
142128,0,none,0,0,0,0,0,0,0,
101437,0,none,0,0,0,0,0,0,0,
97373,0,none,0,0,0,0,0,0,0,
31112,0,none,0,0,0,0,0,0,0,
170272,0,none,0,0,0,0,0,0,0,
39050,0,none,0,0,0,0,0,0,0,
24834,0,none,0,0,0,0,0,0,0,
159685,0,none,0,0,0,0,0,0,0,
121323,0,none,0,0,0,0,0,0,0,
6586,0,none,0,0,0,0,0,0,0,
35825,0,none,0,0,0,0,0,0,0,
146709,0,none,0,0,0,0,0,0,0,
36033,2,low,0,0,0,0,0,0,1,size_int_overflow
158752,0,none,0,0,0,0,0,0,0,
12010,0,none,0,0,0,0,0,0,0,
187356,0,none,0,0,0,0,0,0,0,
106426,0,none,0,0,0,0,0,0,0,
134931,0,none,0,0,0,0,0,0,0,
69390,0,none,0,0,0,0,0,0,0,
55315,0,none,0,0,0,0,0,0,0,
28533,0,none,0,0,0,0,0,0,0,
57831,0,none,0,0,0,0,0,0,0,
4512,0,none,0,0,0,0,0,0,0,
22660,0,none,0,0,0,0,0,0,0,
140295,0,none,0,0,0,0,0,0,0,
4991,0,none,0,0,0,0,0,0,0,
105663,0,none,0,0,0,0,0,0,0,
106330,0,none,0,0,0,0,0,0,0,
56846,0,none,0,0,0,0,0,0,0,
125476,0,none,0,0,0,0,0,0,0,
87737,0,none,0,0,0,0,0,0,0,
72189,0,none,0,0,0,0,0,0,0,
138314,0,none,0,0,0,0,0,0,0,
51759,0,none,0,0,0,0,0,0,0,
175343,0,none,0,0,0,0,0,0,0,
137476,0,none,0,0,0,0,0,0,0,
68,0,none,0,0,0,0,0,0,0,
92318,0,none,0,0,0,0,0,0,0,
25780,0,none,0,0,0,0,0,0,0,
64456,0,none,0,0,0,0,0,0,0,
152083,0,none,0,0,0,0,0,0,0,
72743,0,none,0,0,0,0,0,0,0,
184426,0,none,0,0,0,0,0,0,0,
123701,0,none,0,0,0,0,0,0,0,
49392,0,none,0,0,0,0,0,0,0,
109780,0,none,0,0,0,0,0,0,0,
54317,0,none,0,0,0,0,0,0,0,
67021,0,none,0,0,0,0,0,0,0,
51010,0,none,0,0,0,0,0,0,0,
139547,0,none,0,0,0,0,0,0,0,
65712,0,none,0,0,0,0,0,0,0,
128288,0,none,0,0,0,0,0,0,0,
147051,0,none,0,0,0,0,0,0,0,
124167,0,none,0,0,0,0,0,0,0,
67131,0,none,0,0,0,0,0,0,0,
184965,0,none,0,0,0,0,0,0,0,
19556,0,none,0,0,0,0,0,0,0,
142754,0,none,0,0,0,0,0,0,0,
179955,0,none,0,0,0,0,0,0,0,
176906,0,none,0,0,0,0,0,0,0,
164789,0,none,0,0,0,0,0,0,0,
156636,0,none,0,0,0,0,0,0,0,
152863,0,none,0,0,0,0,0,0,0,
59834,0,none,0,0,0,0,0,0,0,
46822,0,none,0,0,0,0,0,0,0,
5365,0,none,0,0,0,0,0,0,0,
36742,0,none,0,0,0,0,0,0,0,
139939,0,none,0,0,0,0,0,0,0,
127332,0,none,0,0,0,0,0,0,0,
122943,0,none,0,0,0,0,0,0,0,
161746,0,none,0,0,0,0,0,0,0,
98253,0,none,0,0,0,0,0,0,0,
178086,0,none,0,0,0,0,0,0,0,
43043,0,none,0,0,0,0,0,0,0,
3674,0,none,0,0,0,0,0,0,0,
30651,0,none,0,0,0,0,0,0,0,
11038,0,none,0,0,0,0,0,0,0,
111580,0,none,0,0,0,0,0,0,0,
126256,0,none,0,0,0,0,0,0,0,
75630,0,none,0,0,0,0,0,0,0,
51130,0,none,0,0,0,0,0,0,0,
111316,0,none,0,0,0,0,0,0,0,
26396,0,none,0,0,0,0,0,0,0,
66855,0,none,0,0,0,0,0,0,0,
6600,0,none,0,0,0,0,0,0,0,
37461,0,none,0,0,0,0,0,0,0,
163529,0,none,0,0,0,0,0,0,0,
25762,0,none,0,0,0,0,0,0,0,
21507,3,low,0,1,0,0,0,0,0,memcpy_unchecked
10137,0,none,0,0,0,0,0,0,0,
74458,0,none,0,0,0,0,0,0,0,
4944,3,low,0,1,0,0,0,0,0,memcpy_unchecked
3900,0,none,0,0,0,0,0,0,0,
138656,0,none,0,0,0,0,0,0,0,
68690,0,none,0,0,0,0,0,0,0,
102511,0,none,0,0,0,0,0,0,0,
46731,0,none,0,0,0,0,0,0,0,
75241,0,none,0,0,0,0,0,0,0,
62656,0,none,0,0,0,0,0,0,0,
40703,0,none,0,0,0,0,0,0,0,
26560,0,none,0,0,0,0,0,0,0,
21673,0,none,0,0,0,0,0,0,0,
107847,0,none,0,0,0,0,0,0,0,
145896,0,none,0,0,0,0,0,0,0,
145303,0,none,0,0,0,0,0,0,0,
14661,0,none,0,0,0,0,0,0,0,
176152,3,low,0,1,0,0,0,0,0,memcpy_unchecked
155301,0,none,0,0,0,0,0,0,0,
116792,0,none,0,0,0,0,0,0,0,
127818,0,none,0,0,0,0,0,0,0,
111962,0,none,0,0,0,0,0,0,0,
7953,0,none,0,0,0,0,0,0,0,
164056,0,none,0,0,0,0,0,0,0,
132340,0,none,0,0,0,0,0,0,0,
140689,0,none,0,0,0,0,0,0,0,
110532,0,none,0,0,0,0,0,0,0,
124584,0,none,0,0,0,0,0,0,0,
117710,0,none,0,0,0,0,0,0,0,
179281,0,none,0,0,0,0,0,0,0,
14128,0,none,0,0,0,0,0,0,0,
143239,0,none,0,0,0,0,0,0,0,
77430,0,none,0,0,0,0,0,0,0,
185116,0,none,0,0,0,0,0,0,0,
44598,0,none,0,0,0,0,0,0,0,
176112,0,none,0,0,0,0,0,0,0,
90042,0,none,0,0,0,0,0,0,0,
30019,2,low,0,0,0,0,0,0,1,size_int_overflow
185544,0,none,0,0,0,0,0,0,0,
175263,0,none,0,0,0,0,0,0,0,
13015,0,none,0,0,0,0,0,0,0,
140382,0,none,0,0,0,0,0,0,0,
56961,0,none,0,0,0,0,0,0,0,
126604,0,none,0,0,0,0,0,0,0,
133404,0,none,0,0,0,0,0,0,0,
14934,0,none,0,0,0,0,0,0,0,
56531,0,none,0,0,0,0,0,0,0,
118309,0,none,0,0,0,0,0,0,0,
32909,0,none,0,0,0,0,0,0,0,
116356,0,none,0,0,0,0,0,0,0,
69050,0,none,0,0,0,0,0,0,0,
12218,0,none,0,0,0,0,0,0,0,
165935,0,none,0,0,0,0,0,0,0,
115887,0,none,0,0,0,0,0,0,0,
111892,0,none,0,0,0,0,0,0,0,
98713,0,none,0,0,0,0,0,0,0,
186599,0,none,0,0,0,0,0,0,0,
20935,3,low,0,1,0,0,0,0,0,memcpy_unchecked
183876,0,none,0,0,0,0,0,0,0,
38294,0,none,0,0,0,0,0,0,0,
159985,0,none,0,0,0,0,0,0,0,
92924,0,none,0,0,0,0,0,0,0,
78936,0,none,0,0,0,0,0,0,0,
23471,0,none,0,0,0,0,0,0,0,
160567,0,none,0,0,0,0,0,0,0,
116285,0,none,0,0,0,0,0,0,0,
71816,0,none,0,0,0,0,0,0,0,
81218,0,none,0,0,0,0,0,0,0,
127805,0,none,0,0,0,0,0,0,0,
119852,0,none,0,0,0,0,0,0,0,
83144,0,none,0,0,0,0,0,0,0,
86883,0,none,0,0,0,0,0,0,0,
164648,0,none,0,0,0,0,0,0,0,
30642,0,none,0,0,0,0,0,0,0,
825,0,none,0,0,0,0,0,0,0,
94345,0,none,0,0,0,0,0,0,0,
128763,0,none,0,0,0,0,0,0,0,
173314,0,none,0,0,0,0,0,0,0,
133239,0,none,0,0,0,0,0,0,0,
167191,0,none,0,0,0,0,0,0,0,
69498,0,none,0,0,0,0,0,0,0,
130122,0,none,0,0,0,0,0,0,0,
98975,0,none,0,0,0,0,0,0,0,
59314,0,none,0,0,0,0,0,0,0,
12650,0,none,0,0,0,0,0,0,0,
115423,0,none,0,0,0,0,0,0,0,
188576,0,none,0,0,0,0,0,0,0,
2767,0,none,0,0,0,0,0,0,0,
27106,0,none,0,0,0,0,0,0,0,
1246,0,none,0,0,0,0,0,0,0,
137169,0,none,0,0,0,0,0,0,0,
5907,0,none,0,0,0,0,0,0,0,
19743,0,none,0,0,0,0,0,0,0,
36433,0,none,0,0,0,0,0,0,0,
141164,0,none,0,0,0,0,0,0,0,
164907,0,none,0,0,0,0,0,0,0,
121268,0,none,0,0,0,0,0,0,0,
104418,0,none,0,0,0,0,0,0,0,
172793,0,none,0,0,0,0,0,0,0,
157843,0,none,0,0,0,0,0,0,0,
175249,0,none,0,0,0,0,0,0,0,
94685,0,none,0,0,0,0,0,0,0,
92492,0,none,0,0,0,0,0,0,0,
129202,0,none,0,0,0,0,0,0,0,
173502,0,none,0,0,0,0,0,0,0,
22723,0,none,0,0,0,0,0,0,0,
153375,0,none,0,0,0,0,0,0,0,
165020,0,none,0,0,0,0,0,0,0,
165391,0,none,0,0,0,0,0,0,0,
142508,0,none,0,0,0,0,0,0,0,
155119,0,none,0,0,0,0,0,0,0,
100938,0,none,0,0,0,0,0,0,0,
40255,0,none,0,0,0,0,0,0,0,
41932,0,none,0,0,0,0,0,0,0,
78265,0,none,0,0,0,0,0,0,0,
100710,0,none,0,0,0,0,0,0,0,
22953,0,none,0,0,0,0,0,0,0,
57244,0,none,0,0,0,0,0,0,0,
129952,0,none,0,0,0,0,0,0,0,
51685,0,none,0,0,0,0,0,0,0,
100895,0,none,0,0,0,0,0,0,0,
151886,0,none,0,0,0,0,0,0,0,
3019,0,none,0,0,0,0,0,0,0,
128709,0,none,0,0,0,0,0,0,0,
4850,0,none,0,0,0,0,0,0,0,
132203,0,none,0,0,0,0,0,0,0,
169430,0,none,0,0,0,0,0,0,0,
174298,0,none,0,0,0,0,0,0,0,
140415,0,none,0,0,0,0,0,0,0,
141763,0,none,0,0,0,0,0,0,0,
147317,0,none,0,0,0,0,0,0,0,
13010,0,none,0,0,0,0,0,0,0,
13292,0,none,0,0,0,0,0,0,0,
67551,0,none,0,0,0,0,0,0,0,
4158,0,none,0,0,0,0,0,0,0,
118246,0,none,0,0,0,0,0,0,0,
185982,0,none,0,0,0,0,0,0,0,
10399,5,medium,0,0,0,0,0,1,0,use_after_free
49699,2,low,0,0,0,0,0,0,1,size_int_overflow
59094,0,none,0,0,0,0,0,0,0,
101337,0,none,0,0,0,0,0,0,0,
129871,0,none,0,0,0,0,0,0,0,
78167,0,none,0,0,0,0,0,0,0,
187782,0,none,0,0,0,0,0,0,0,
187404,0,none,0,0,0,0,0,0,0,
29841,0,none,0,0,0,0,0,0,0,
89285,0,none,0,0,0,0,0,0,0,
55968,5,medium,0,1,0,0,0,0,1,memcpy_unchecked;size_int_overflow
110968,0,none,0,0,0,0,0,0,0,
70552,0,none,0,0,0,0,0,0,0,
14062,0,none,0,0,0,0,0,0,0,
101919,0,none,0,0,0,0,0,0,0,
60208,0,none,0,0,0,0,0,0,0,
137091,0,none,0,0,0,0,0,0,0,
149291,0,none,0,0,0,0,0,0,0,
185229,0,none,0,0,0,0,0,0,0,
142016,0,none,0,0,0,0,0,0,0,
42231,0,none,0,0,0,0,0,0,0,
143768,0,none,0,0,0,0,0,0,0,
91160,0,none,0,0,0,0,0,0,0,
145892,0,none,0,0,0,0,0,0,0,
186178,0,none,0,0,0,0,0,0,0,
132437,0,none,0,0,0,0,0,0,0,
106937,0,none,0,0,0,0,0,0,0,
99803,0,none,0,0,0,0,0,0,0,
28626,0,none,0,0,0,0,0,0,0,
23274,0,none,0,0,0,0,0,0,0,
122689,0,none,0,0,0,0,0,0,0,
26265,0,none,0,0,0,0,0,0,0,
123017,0,none,0,0,0,0,0,0,0,
37051,0,none,0,0,0,0,0,0,0,
116131,0,none,0,0,0,0,0,0,0,
49776,0,none,0,0,0,0,0,0,0,
172690,0,none,0,0,0,0,0,0,0,
115674,0,none,0,0,0,0,0,0,0,
88193,0,none,0,0,0,0,0,0,0,
19793,0,none,0,0,0,0,0,0,0,
123583,0,none,0,0,0,0,0,0,0,
9388,0,none,0,0,0,0,0,0,0,
68401,0,none,0,0,0,0,0,0,0,
58109,0,none,0,0,0,0,0,0,0,
129380,0,none,0,0,0,0,0,0,0,
149043,0,none,0,0,0,0,0,0,0,
182732,0,none,0,0,0,0,0,0,0,
156094,0,none,0,0,0,0,0,0,0,
154107,0,none,0,0,0,0,0,0,0,
86172,0,none,0,0,0,0,0,0,0,
73613,0,none,0,0,0,0,0,0,0,
99215,0,none,0,0,0,0,0,0,0,
139796,0,none,0,0,0,0,0,0,0,
33822,0,none,0,0,0,0,0,0,0,
96731,0,none,0,0,0,0,0,0,0,
155778,0,none,0,0,0,0,0,0,0,
55352,0,none,0,0,0,0,0,0,0,
36523,0,none,0,0,0,0,0,0,0,
28988,0,none,0,0,0,0,0,0,0,
66495,0,none,0,0,0,0,0,0,0,
177439,0,none,0,0,0,0,0,0,0,
123001,0,none,0,0,0,0,0,0,0,
173952,0,none,0,0,0,0,0,0,0,
36451,0,none,0,0,0,0,0,0,0,
97226,0,none,0,0,0,0,0,0,0,
116002,0,none,0,0,0,0,0,0,0,
135680,0,none,0,0,0,0,0,0,0,
144700,0,none,0,0,0,0,0,0,0,
140924,0,none,0,0,0,0,0,0,0,
30300,0,none,0,0,0,0,0,0,0,
80450,0,none,0,0,0,0,0,0,0,
125724,0,none,0,0,0,0,0,0,0,
76837,0,none,0,0,0,0,0,0,0,
11385,0,none,0,0,0,0,0,0,0,
89984,0,none,0,0,0,0,0,0,0,
137294,0,none,0,0,0,0,0,0,0,
137878,0,none,0,0,0,0,0,0,0,
151655,0,none,0,0,0,0,0,0,0,
167680,0,none,0,0,0,0,0,0,0,
103147,0,none,0,0,0,0,0,0,0,
135091,0,none,0,0,0,0,0,0,0,
63582,0,none,0,0,0,0,0,0,0,
78766,0,none,0,0,0,0,0,0,0,
137542,0,none,0,0,0,0,0,0,0,
29701,2,low,0,0,0,0,0,0,1,size_int_overflow
37839,0,none,0,0,0,0,0,0,0,
187747,8,medium,0,0,0,2,0,0,2,unchecked_alloc;size_int_overflow
125563,0,none,0,0,0,0,0,0,0,
121183,0,none,0,0,0,0,0,0,0,
128124,0,none,0,0,0,0,0,0,0,
173810,0,none,0,0,0,0,0,0,0,
23332,0,none,0,0,0,0,0,0,0,
179160,0,none,0,0,0,0,0,0,0,
129034,0,none,0,0,0,0,0,0,0,
113325,0,none,0,0,0,0,0,0,0,
58660,0,none,0,0,0,0,0,0,0,
58161,0,none,0,0,0,0,0,0,0,
167523,0,none,0,0,0,0,0,0,0,
55487,0,none,0,0,0,0,0,0,0,
88895,0,none,0,0,0,0,0,0,0,
4230,0,none,0,0,0,0,0,0,0,
7177,0,none,0,0,0,0,0,0,0,
15868,0,none,0,0,0,0,0,0,0,
77671,0,none,0,0,0,0,0,0,0,
166905,0,none,0,0,0,0,0,0,0,
54009,0,none,0,0,0,0,0,0,0,
168798,0,none,0,0,0,0,0,0,0,
158565,0,none,0,0,0,0,0,0,0,
143259,0,none,0,0,0,0,0,0,0,
97036,0,none,0,0,0,0,0,0,0,
118918,0,none,0,0,0,0,0,0,0,
86790,0,none,0,0,0,0,0,0,0,
161428,0,none,0,0,0,0,0,0,0,
179176,0,none,0,0,0,0,0,0,0,
185159,0,none,0,0,0,0,0,0,0,
45429,0,none,0,0,0,0,0,0,0,
22554,0,none,0,0,0,0,0,0,0,
127272,0,none,0,0,0,0,0,0,0,
82872,0,none,0,0,0,0,0,0,0,
118672,0,none,0,0,0,0,0,0,0,
99199,0,none,0,0,0,0,0,0,0,
109525,0,none,0,0,0,0,0,0,0,
140045,0,none,0,0,0,0,0,0,0,
91972,0,none,0,0,0,0,0,0,0,
104498,0,none,0,0,0,0,0,0,0,
63015,0,none,0,0,0,0,0,0,0,
8500,0,none,0,0,0,0,0,0,0,
161100,0,none,0,0,0,0,0,0,0,
142380,0,none,0,0,0,0,0,0,0,
15560,0,none,0,0,0,0,0,0,0,
1663,0,none,0,0,0,0,0,0,0,
106360,0,none,0,0,0,0,0,0,0,
22303,0,none,0,0,0,0,0,0,0,
184077,0,none,0,0,0,0,0,0,0,
108430,0,none,0,0,0,0,0,0,0,
170932,0,none,0,0,0,0,0,0,0,
118892,0,none,0,0,0,0,0,0,0,
57530,0,none,0,0,0,0,0,0,0,
61554,0,none,0,0,0,0,0,0,0,
171998,0,none,0,0,0,0,0,0,0,
20214,0,none,0,0,0,0,0,0,0,
152405,0,none,0,0,0,0,0,0,0,
159509,0,none,0,0,0,0,0,0,0,
78363,3,low,0,1,0,0,0,0,0,memcpy_unchecked
53214,0,none,0,0,0,0,0,0,0,
87637,4,medium,0,0,0,0,0,0,2,size_int_overflow
180601,3,low,1,0,0,0,0,0,0,unsafe_func
18668,0,none,0,0,0,0,0,0,0,
84017,0,none,0,0,0,0,0,0,0,
152876,0,none,0,0,0,0,0,0,0,
35673,0,none,0,0,0,0,0,0,0,
64524,0,none,0,0,0,0,0,0,0,
38103,0,none,0,0,0,0,0,0,0,
176306,0,none,0,0,0,0,0,0,0,
2950,0,none,0,0,0,0,0,0,0,
150609,0,none,0,0,0,0,0,0,0,
19283,0,none,0,0,0,0,0,0,0,
90310,0,none,0,0,0,0,0,0,0,
170716,0,none,0,0,0,0,0,0,0,
80573,0,none,0,0,0,0,0,0,0,
59490,0,none,0,0,0,0,0,0,0,
103846,0,none,0,0,0,0,0,0,0,
5940,0,none,0,0,0,0,0,0,0,
19368,0,none,0,0,0,0,0,0,0,
188375,0,none,0,0,0,0,0,0,0,
144230,0,none,0,0,0,0,0,0,0,
58036,0,none,0,0,0,0,0,0,0,
144918,0,none,0,0,0,0,0,0,0,
93961,0,none,0,0,0,0,0,0,0,
182554,0,none,0,0,0,0,0,0,0,
57037,0,none,0,0,0,0,0,0,0,
137060,0,none,0,0,0,0,0,0,0,
19149,0,none,0,0,0,0,0,0,0,
21990,0,none,0,0,0,0,0,0,0,
127423,0,none,0,0,0,0,0,0,0,
143176,0,none,0,0,0,0,0,0,0,
79362,0,none,0,0,0,0,0,0,0,
4161,0,none,0,0,0,0,0,0,0,
130445,0,none,0,0,0,0,0,0,0,
97245,0,none,0,0,0,0,0,0,0,
179121,0,none,0,0,0,0,0,0,0,
185940,0,none,0,0,0,0,0,0,0,
163080,0,none,0,0,0,0,0,0,0,
4855,0,none,0,0,0,0,0,0,0,
177262,0,none,0,0,0,0,0,0,0,
3478,0,none,0,0,0,0,0,0,0,
46160,0,none,0,0,0,0,0,0,0,
100198,0,none,0,0,0,0,0,0,0,
8345,0,none,0,0,0,0,0,0,0,
164524,0,none,0,0,0,0,0,0,0,
49011,0,none,0,0,0,0,0,0,0,
183116,0,none,0,0,0,0,0,0,0,
113788,0,none,0,0,0,0,0,0,0,
177654,0,none,0,0,0,0,0,0,0,
132798,0,none,0,0,0,0,0,0,0,
39107,0,none,0,0,0,0,0,0,0,
48239,7,medium,1,0,1,0,0,0,0,unsafe_func;format_string
32687,0,none,0,0,0,0,0,0,0,
114201,0,none,0,0,0,0,0,0,0,
58034,2,low,0,0,0,0,0,0,1,size_int_overflow
133304,0,none,0,0,0,0,0,0,0,
31274,0,none,0,0,0,0,0,0,0,
98798,0,none,0,0,0,0,0,0,0,
942,0,none,0,0,0,0,0,0,0,
161109,0,none,0,0,0,0,0,0,0,
54731,0,none,0,0,0,0,0,0,0,
172546,0,none,0,0,0,0,0,0,0,
131373,0,none,0,0,0,0,0,0,0,
92908,4,medium,0,0,1,0,0,0,0,format_string
135309,0,none,0,0,0,0,0,0,0,
37667,0,none,0,0,0,0,0,0,0,
127,0,none,0,0,0,0,0,0,0,
111489,0,none,0,0,0,0,0,0,0,
1267,0,none,0,0,0,0,0,0,0,
112776,0,none,0,0,0,0,0,0,0,
175059,0,none,0,0,0,0,0,0,0,
141467,0,none,0,0,0,0,0,0,0,
74287,0,none,0,0,0,0,0,0,0,
174334,0,none,0,0,0,0,0,0,0,
18720,0,none,0,0,0,0,0,0,0,
7586,0,none,0,0,0,0,0,0,0,
16383,0,none,0,0,0,0,0,0,0,
86056,0,none,0,0,0,0,0,0,0,
89845,4,medium,0,0,1,0,0,0,0,format_string
17479,0,none,0,0,0,0,0,0,0,
106539,0,none,0,0,0,0,0,0,0,
106357,0,none,0,0,0,0,0,0,0,
115690,0,none,0,0,0,0,0,0,0,
182197,3,low,1,0,0,0,0,0,0,unsafe_func
156735,0,none,0,0,0,0,0,0,0,
14560,0,none,0,0,0,0,0,0,0,
155216,0,none,0,0,0,0,0,0,0,
92570,0,none,0,0,0,0,0,0,0,
141413,0,none,0,0,0,0,0,0,0,
68221,0,none,0,0,0,0,0,0,0,
104221,0,none,0,0,0,0,0,0,0,
10148,0,none,0,0,0,0,0,0,0,
11762,0,none,0,0,0,0,0,0,0,
45392,0,none,0,0,0,0,0,0,0,
115144,0,none,0,0,0,0,0,0,0,
101104,0,none,0,0,0,0,0,0,0,
62377,0,none,0,0,0,0,0,0,0,
102570,0,none,0,0,0,0,0,0,0,
72980,0,none,0,0,0,0,0,0,0,
83992,0,none,0,0,0,0,0,0,0,
155696,0,none,0,0,0,0,0,0,0,
88443,0,none,0,0,0,0,0,0,0,
75480,0,none,0,0,0,0,0,0,0,
85804,0,none,0,0,0,0,0,0,0,
97139,0,none,0,0,0,0,0,0,0,
96529,0,none,0,0,0,0,0,0,0,
86074,0,none,0,0,0,0,0,0,0,
15733,0,none,0,0,0,0,0,0,0,
17581,0,none,0,0,0,0,0,0,0,
70594,0,none,0,0,0,0,0,0,0,
84437,0,none,0,0,0,0,0,0,0,
114578,0,none,0,0,0,0,0,0,0,
25721,0,none,0,0,0,0,0,0,0,
152321,0,none,0,0,0,0,0,0,0,
84707,0,none,0,0,0,0,0,0,0,
13867,0,none,0,0,0,0,0,0,0,
151633,0,none,0,0,0,0,0,0,0,
90135,0,none,0,0,0,0,0,0,0,
110305,0,none,0,0,0,0,0,0,0,
10702,0,none,0,0,0,0,0,0,0,
45153,0,none,0,0,0,0,0,0,0,
96520,0,none,0,0,0,0,0,0,0,
67290,0,none,0,0,0,0,0,0,0,
18842,0,none,0,0,0,0,0,0,0,
24747,0,none,0,0,0,0,0,0,0,
15919,0,none,0,0,0,0,0,0,0,
35276,0,none,0,0,0,0,0,0,0,
96084,0,none,0,0,0,0,0,0,0,
45636,0,none,0,0,0,0,0,0,0,
160312,0,none,0,0,0,0,0,0,0,
19579,0,none,0,0,0,0,0,0,0,
2357,0,none,0,0,0,0,0,0,0,
72502,0,none,0,0,0,0,0,0,0,
103383,0,none,0,0,0,0,0,0,0,
120995,0,none,0,0,0,0,0,0,0,
175086,0,none,0,0,0,0,0,0,0,
86869,0,none,0,0,0,0,0,0,0,
160787,0,none,0,0,0,0,0,0,0,
18190,0,none,0,0,0,0,0,0,0,
33561,0,none,0,0,0,0,0,0,0,
82668,0,none,0,0,0,0,0,0,0,
5635,4,medium,0,0,1,0,0,0,0,format_string
10065,0,none,0,0,0,0,0,0,0,
85152,0,none,0,0,0,0,0,0,0,
148196,0,none,0,0,0,0,0,0,0,
7773,0,none,0,0,0,0,0,0,0,
113957,0,none,0,0,0,0,0,0,0,
118481,0,none,0,0,0,0,0,0,0,
82224,0,none,0,0,0,0,0,0,0,
15863,0,none,0,0,0,0,0,0,0,
34025,0,none,0,0,0,0,0,0,0,
92071,0,none,0,0,0,0,0,0,0,
72009,0,none,0,0,0,0,0,0,0,
67466,0,none,0,0,0,0,0,0,0,
61477,0,none,0,0,0,0,0,0,0,
10185,0,none,0,0,0,0,0,0,0,
51880,0,none,0,0,0,0,0,0,0,
183386,0,none,0,0,0,0,0,0,0,
137212,0,none,0,0,0,0,0,0,0,
121699,0,none,0,0,0,0,0,0,0,
23906,0,none,0,0,0,0,0,0,0,
64373,0,none,0,0,0,0,0,0,0,
6577,0,none,0,0,0,0,0,0,0,
175628,4,medium,0,0,1,0,0,0,0,format_string
141550,0,none,0,0,0,0,0,0,0,
19538,0,none,0,0,0,0,0,0,0,
95740,0,none,0,0,0,0,0,0,0,
5604,0,none,0,0,0,0,0,0,0,
113387,0,none,0,0,0,0,0,0,0,
118880,0,none,0,0,0,0,0,0,0,
35986,0,none,0,0,0,0,0,0,0,
143587,0,none,0,0,0,0,0,0,0,
76660,3,low,1,0,0,0,0,0,0,unsafe_func
4721,0,none,0,0,0,0,0,0,0,
56453,0,none,0,0,0,0,0,0,0,
15122,0,none,0,0,0,0,0,0,0,
131012,0,none,0,0,0,0,0,0,0,
81593,0,none,0,0,0,0,0,0,0,
163067,0,none,0,0,0,0,0,0,0,
182458,0,none,0,0,0,0,0,0,0,
81831,0,none,0,0,0,0,0,0,0,
169257,0,none,0,0,0,0,0,0,0,
71743,0,none,0,0,0,0,0,0,0,
62327,0,none,0,0,0,0,0,0,0,
75544,0,none,0,0,0,0,0,0,0,
183663,0,none,0,0,0,0,0,0,0,
35241,3,low,0,1,0,0,0,0,0,memcpy_unchecked
137869,0,none,0,0,0,0,0,0,0,
99265,0,none,0,0,0,0,0,0,0,
2968,0,none,0,0,0,0,0,0,0,
550,9,high,3,0,0,0,0,0,0,unsafe_func
52333,0,none,0,0,0,0,0,0,0,
180071,0,none,0,0,0,0,0,0,0,
32151,0,none,0,0,0,0,0,0,0,
170857,0,none,0,0,0,0,0,0,0,
109844,0,none,0,0,0,0,0,0,0,
169702,0,none,0,0,0,0,0,0,0,
78476,0,none,0,0,0,0,0,0,0,
22938,0,none,0,0,0,0,0,0,0,
142977,0,none,0,0,0,0,0,0,0,
15467,0,none,0,0,0,0,0,0,0,
184097,0,none,0,0,0,0,0,0,0,
93206,4,medium,0,0,1,0,0,0,0,format_string
56333,0,none,0,0,0,0,0,0,0,
122148,0,none,0,0,0,0,0,0,0,
793,0,none,0,0,0,0,0,0,0,
42494,0,none,0,0,0,0,0,0,0,
68849,0,none,0,0,0,0,0,0,0,
138954,0,none,0,0,0,0,0,0,0,
148383,0,none,0,0,0,0,0,0,0,
38147,0,none,0,0,0,0,0,0,0,
21229,0,none,0,0,0,0,0,0,0,
112565,0,none,0,0,0,0,0,0,0,
47938,0,none,0,0,0,0,0,0,0,
85159,0,none,0,0,0,0,0,0,0,
54429,0,none,0,0,0,0,0,0,0,
47786,0,none,0,0,0,0,0,0,0,
106927,0,none,0,0,0,0,0,0,0,
94585,0,none,0,0,0,0,0,0,0,
172016,0,none,0,0,0,0,0,0,0,
22917,0,none,0,0,0,0,0,0,0,
40252,0,none,0,0,0,0,0,0,0,
28265,0,none,0,0,0,0,0,0,0,
8915,0,none,0,0,0,0,0,0,0,
166721,0,none,0,0,0,0,0,0,0,
66747,0,none,0,0,0,0,0,0,0,
164894,0,none,0,0,0,0,0,0,0,
138724,0,none,0,0,0,0,0,0,0,
61720,0,none,0,0,0,0,0,0,0,
65177,0,none,0,0,0,0,0,0,0,
164199,0,none,0,0,0,0,0,0,0,
4957,0,none,0,0,0,0,0,0,0,
124736,0,none,0,0,0,0,0,0,0,
26908,0,none,0,0,0,0,0,0,0,
183616,0,none,0,0,0,0,0,0,0,
47161,0,none,0,0,0,0,0,0,0,
74802,0,none,0,0,0,0,0,0,0,
144512,0,none,0,0,0,0,0,0,0,
102677,0,none,0,0,0,0,0,0,0,
59105,0,none,0,0,0,0,0,0,0,
56820,0,none,0,0,0,0,0,0,0,
149889,0,none,0,0,0,0,0,0,0,
65298,0,none,0,0,0,0,0,0,0,
57239,0,none,0,0,0,0,0,0,0,
144887,0,none,0,0,0,0,0,0,0,
121806,0,none,0,0,0,0,0,0,0,
160368,0,none,0,0,0,0,0,0,0,
157347,0,none,0,0,0,0,0,0,0,
24505,0,none,0,0,0,0,0,0,0,
43052,0,none,0,0,0,0,0,0,0,
59106,5,medium,0,0,0,0,0,1,0,use_after_free
141320,0,none,0,0,0,0,0,0,0,
2045,3,low,1,0,0,0,0,0,0,unsafe_func
173814,0,none,0,0,0,0,0,0,0,
157782,0,none,0,0,0,0,0,0,0,
47432,0,none,0,0,0,0,0,0,0,
46044,0,none,0,0,0,0,0,0,0,
57332,0,none,0,0,0,0,0,0,0,
14968,0,none,0,0,0,0,0,0,0,
181389,0,none,0,0,0,0,0,0,0,
126716,0,none,0,0,0,0,0,0,0,
181299,0,none,0,0,0,0,0,0,0,
68589,0,none,0,0,0,0,0,0,0,
135203,0,none,0,0,0,0,0,0,0,
31053,0,none,0,0,0,0,0,0,0,
75929,0,none,0,0,0,0,0,0,0,
14382,0,none,0,0,0,0,0,0,0,
137740,0,none,0,0,0,0,0,0,0,
180577,4,medium,0,0,0,0,0,0,2,size_int_overflow
49215,0,none,0,0,0,0,0,0,0,
163686,0,none,0,0,0,0,0,0,0,
20970,0,none,0,0,0,0,0,0,0,
32369,0,none,0,0,0,0,0,0,0,
164930,0,none,0,0,0,0,0,0,0,
110214,0,none,0,0,0,0,0,0,0,
164259,0,none,0,0,0,0,0,0,0,
86898,0,none,0,0,0,0,0,0,0,
34432,0,none,0,0,0,0,0,0,0,
144602,0,none,0,0,0,0,0,0,0,
85792,0,none,0,0,0,0,0,0,0,
64353,0,none,0,0,0,0,0,0,0,
23762,0,none,0,0,0,0,0,0,0,
119012,0,none,0,0,0,0,0,0,0,
17259,0,none,0,0,0,0,0,0,0,
44415,0,none,0,0,0,0,0,0,0,
88559,0,none,0,0,0,0,0,0,0,
27807,0,none,0,0,0,0,0,0,0,
18612,0,none,0,0,0,0,0,0,0,
117320,0,none,0,0,0,0,0,0,0,
25246,0,none,0,0,0,0,0,0,0,
171354,0,none,0,0,0,0,0,0,0,
164557,0,none,0,0,0,0,0,0,0,
165227,0,none,0,0,0,0,0,0,0,
110524,0,none,0,0,0,0,0,0,0,
142298,0,none,0,0,0,0,0,0,0,
141127,0,none,0,0,0,0,0,0,0,
147846,0,none,0,0,0,0,0,0,0,
29919,0,none,0,0,0,0,0,0,0,
147743,0,none,0,0,0,0,0,0,0,
87856,0,none,0,0,0,0,0,0,0,
10999,0,none,0,0,0,0,0,0,0,
134513,0,none,0,0,0,0,0,0,0,
64731,0,none,0,0,0,0,0,0,0,
72068,0,none,0,0,0,0,0,0,0,
9829,8,medium,0,0,0,10,0,0,1,unchecked_alloc;size_int_overflow
114474,0,none,0,0,0,0,0,0,0,
64775,0,none,0,0,0,0,0,0,0,
47477,0,none,0,0,0,0,0,0,0,
19298,0,none,0,0,0,0,0,0,0,
31934,7,medium,0,0,0,0,0,1,1,use_after_free;size_int_overflow
37771,0,none,0,0,0,0,0,0,0,
162082,0,none,0,0,0,0,0,0,0,
80403,0,none,0,0,0,0,0,0,0,
65593,0,none,0,0,0,0,0,0,0,
131653,0,none,0,0,0,0,0,0,0,
108184,0,none,0,0,0,0,0,0,0,
116646,0,none,0,0,0,0,0,0,0,
181907,0,none,0,0,0,0,0,0,0,
104685,0,none,0,0,0,0,0,0,0,
148409,0,none,0,0,0,0,0,0,0,
40647,0,none,0,0,0,0,0,0,0,
75540,0,none,0,0,0,0,0,0,0,
175018,0,none,0,0,0,0,0,0,0,
36914,0,none,0,0,0,0,0,0,0,
135470,0,none,0,0,0,0,0,0,0,
153616,0,none,0,0,0,0,0,0,0,
169855,0,none,0,0,0,0,0,0,0,
124464,0,none,0,0,0,0,0,0,0,
55856,0,none,0,0,0,0,0,0,0,
67765,0,none,0,0,0,0,0,0,0,
160621,0,none,0,0,0,0,0,0,0,
51777,0,none,0,0,0,0,0,0,0,
151087,0,none,0,0,0,0,0,0,0,
178465,0,none,0,0,0,0,0,0,0,
58419,0,none,0,0,0,0,0,0,0,
80966,0,none,0,0,0,0,0,0,0,
153071,0,none,0,0,0,0,0,0,0,
37199,0,none,0,0,0,0,0,0,0,
55963,0,none,0,0,0,0,0,0,0,
58479,0,none,0,0,0,0,0,0,0,
85312,0,none,0,0,0,0,0,0,0,
46457,0,none,0,0,0,0,0,0,0,
143240,0,none,0,0,0,0,0,0,0,
122253,0,none,0,0,0,0,0,0,0,
107031,0,none,0,0,0,0,0,0,0,
30337,0,none,0,0,0,0,0,0,0,
131610,0,none,0,0,0,0,0,0,0,
61317,0,none,0,0,0,0,0,0,0,
120463,0,none,0,0,0,0,0,0,0,
27237,0,none,0,0,0,0,0,0,0,
112160,0,none,0,0,0,0,0,0,0,
111299,0,none,0,0,0,0,0,0,0,
123058,0,none,0,0,0,0,0,0,0,
82887,19,high,0,1,0,2,2,0,1,memcpy_unchecked;unchecked_alloc;double_free;size_int_overflow
135946,0,none,0,0,0,0,0,0,0,
73876,0,none,0,0,0,0,0,0,0,
128936,0,none,0,0,0,0,0,0,0,
53756,0,none,0,0,0,0,0,0,0,
69656,0,none,0,0,0,0,0,0,0,
70178,0,none,0,0,0,0,0,0,0,
17042,0,none,0,0,0,0,0,0,0,
84854,0,none,0,0,0,0,0,0,0,
151191,0,none,0,0,0,0,0,0,0,
159043,0,none,0,0,0,0,0,0,0,
98955,0,none,0,0,0,0,0,0,0,
161007,0,none,0,0,0,0,0,0,0,
117175,0,none,0,0,0,0,0,0,0,
146209,0,none,0,0,0,0,0,0,0,
166986,0,none,0,0,0,0,0,0,0,
97826,0,none,0,0,0,0,0,0,0,
125607,0,none,0,0,0,0,0,0,0,
120120,0,none,0,0,0,0,0,0,0,
43791,0,none,0,0,0,0,0,0,0,
37030,0,none,0,0,0,0,0,0,0,
77531,0,none,0,0,0,0,0,0,0,
96131,0,none,0,0,0,0,0,0,0,
90352,0,none,0,0,0,0,0,0,0,
48731,0,none,0,0,0,0,0,0,0,
19464,0,none,0,0,0,0,0,0,0,
80374,0,none,0,0,0,0,0,0,0,
105179,0,none,0,0,0,0,0,0,0,
87978,0,none,0,0,0,0,0,0,0,
42893,2,low,0,0,0,0,0,0,1,size_int_overflow
164127,0,none,0,0,0,0,0,0,0,
186207,0,none,0,0,0,0,0,0,0,
88632,0,none,0,0,0,0,0,0,0,
159280,0,none,0,0,0,0,0,0,0,
67018,0,none,0,0,0,0,0,0,0,
98392,0,none,0,0,0,0,0,0,0,
144152,0,none,0,0,0,0,0,0,0,
140283,0,none,0,0,0,0,0,0,0,
43681,0,none,0,0,0,0,0,0,0,
10240,0,none,0,0,0,0,0,0,0,
71633,0,none,0,0,0,0,0,0,0,
139922,0,none,0,0,0,0,0,0,0,
130689,0,none,0,0,0,0,0,0,0,
142809,0,none,0,0,0,0,0,0,0,
143737,0,none,0,0,0,0,0,0,0,
96484,0,none,0,0,0,0,0,0,0,
177703,0,none,0,0,0,0,0,0,0,
172958,0,none,0,0,0,0,0,0,0,
153098,0,none,0,0,0,0,0,0,0,
111015,0,none,0,0,0,0,0,0,0,
13511,0,none,0,0,0,0,0,0,0,
39098,0,none,0,0,0,0,0,0,0,
81835,0,none,0,0,0,0,0,0,0,
182980,0,none,0,0,0,0,0,0,0,
148538,0,none,0,0,0,0,0,0,0,
136460,0,none,0,0,0,0,0,0,0,
37163,0,none,0,0,0,0,0,0,0,
142567,0,none,0,0,0,0,0,0,0,
88829,0,none,0,0,0,0,0,0,0,
44366,0,none,0,0,0,0,0,0,0,
7447,0,none,0,0,0,0,0,0,0,
35129,0,none,0,0,0,0,0,0,0,
129117,0,none,0,0,0,0,0,0,0,
177803,0,none,0,0,0,0,0,0,0,
58260,0,none,0,0,0,0,0,0,0,
181941,3,low,0,1,0,0,0,0,0,memcpy_unchecked
103615,0,none,0,0,0,0,0,0,0,
156853,0,none,0,0,0,0,0,0,0,
114685,0,none,0,0,0,0,0,0,0,
175839,0,none,0,0,0,0,0,0,0,
87619,0,none,0,0,0,0,0,0,0,
143520,0,none,0,0,0,0,0,0,0,
96671,0,none,0,0,0,0,0,0,0,
157479,0,none,0,0,0,0,0,0,0,
58617,2,low,0,0,0,1,0,0,0,unchecked_alloc
66499,0,none,0,0,0,0,0,0,0,
156057,0,none,0,0,0,0,0,0,0,
106651,3,low,0,1,0,0,0,0,0,memcpy_unchecked
118125,0,none,0,0,0,0,0,0,0,
132742,0,none,0,0,0,0,0,0,0,
186983,0,none,0,0,0,0,0,0,0,
83859,0,none,0,0,0,0,0,0,0,
179146,0,none,0,0,0,0,0,0,0,
46054,0,none,0,0,0,0,0,0,0,
109601,0,none,0,0,0,0,0,0,0,
32212,0,none,0,0,0,0,0,0,0,
67435,0,none,0,0,0,0,0,0,0,
91286,0,none,0,0,0,0,0,0,0,
15168,0,none,0,0,0,0,0,0,0,
108091,0,none,0,0,0,0,0,0,0,
15011,2,low,0,0,0,0,0,0,1,size_int_overflow
38207,0,none,0,0,0,0,0,0,0,
13753,0,none,0,0,0,0,0,0,0,
31422,0,none,0,0,0,0,0,0,0,
15637,0,none,0,0,0,0,0,0,0,
1042,0,none,0,0,0,0,0,0,0,
86594,3,low,1,0,0,0,0,0,0,unsafe_func
11414,0,none,0,0,0,0,0,0,0,
132313,0,none,0,0,0,0,0,0,0,
44911,0,none,0,0,0,0,0,0,0,
89305,0,none,0,0,0,0,0,0,0,
98201,0,none,0,0,0,0,0,0,0,
36325,0,none,0,0,0,0,0,0,0,
172432,0,none,0,0,0,0,0,0,0,
166076,0,none,0,0,0,0,0,0,0,
151805,0,none,0,0,0,0,0,0,0,
156087,0,none,0,0,0,0,0,0,0,
107977,0,none,0,0,0,0,0,0,0,
78102,0,none,0,0,0,0,0,0,0,
170301,0,none,0,0,0,0,0,0,0,
127999,0,none,0,0,0,0,0,0,0,
161309,0,none,0,0,0,0,0,0,0,
25321,0,none,0,0,0,0,0,0,0,
33866,0,none,0,0,0,0,0,0,0,
43545,0,none,0,0,0,0,0,0,0,
102672,0,none,0,0,0,0,0,0,0,
24497,0,none,0,0,0,0,0,0,0,
56597,0,none,0,0,0,0,0,0,0,
140110,0,none,0,0,0,0,0,0,0,
110878,0,none,0,0,0,0,0,0,0,
65065,0,none,0,0,0,0,0,0,0,
85147,0,none,0,0,0,0,0,0,0,
100436,0,none,0,0,0,0,0,0,0,
92618,0,none,0,0,0,0,0,0,0,
172998,2,low,0,0,0,0,0,0,1,size_int_overflow
80698,0,none,0,0,0,0,0,0,0,
89331,0,none,0,0,0,0,0,0,0,
11389,0,none,0,0,0,0,0,0,0,
73007,0,none,0,0,0,0,0,0,0,
167703,0,none,0,0,0,0,0,0,0,
118218,0,none,0,0,0,0,0,0,0,
169652,0,none,0,0,0,0,0,0,0,
134640,0,none,0,0,0,0,0,0,0,
153317,0,none,0,0,0,0,0,0,0,
83685,0,none,0,0,0,0,0,0,0,
148566,0,none,0,0,0,0,0,0,0,
131138,0,none,0,0,0,0,0,0,0,
44584,0,none,0,0,0,0,0,0,0,
2709,0,none,0,0,0,0,0,0,0,
138286,0,none,0,0,0,0,0,0,0,
47469,2,low,0,0,0,0,0,0,1,size_int_overflow
103417,0,none,0,0,0,0,0,0,0,
130680,0,none,0,0,0,0,0,0,0,
176733,0,none,0,0,0,0,0,0,0,
183363,0,none,0,0,0,0,0,0,0,
171808,0,none,0,0,0,0,0,0,0,
40787,0,none,0,0,0,0,0,0,0,
114624,0,none,0,0,0,0,0,0,0,
110096,0,none,0,0,0,0,0,0,0,
178473,0,none,0,0,0,0,0,0,0,
16514,0,none,0,0,0,0,0,0,0,
171551,0,none,0,0,0,0,0,0,0,
79397,0,none,0,0,0,0,0,0,0,
103271,0,none,0,0,0,0,0,0,0,
37748,0,none,0,0,0,0,0,0,0,
142467,0,none,0,0,0,0,0,0,0,
37805,0,none,0,0,0,0,0,0,0,
3097,0,none,0,0,0,0,0,0,0,
87773,0,none,0,0,0,0,0,0,0,
83630,0,none,0,0,0,0,0,0,0,
174046,0,none,0,0,0,0,0,0,0,
75858,0,none,0,0,0,0,0,0,0,
29457,0,none,0,0,0,0,0,0,0,
114055,0,none,0,0,0,0,0,0,0,
156193,0,none,0,0,0,0,0,0,0,
99662,0,none,0,0,0,0,0,0,0,
19483,0,none,0,0,0,0,0,0,0,
110005,0,none,0,0,0,0,0,0,0,
107140,0,none,0,0,0,0,0,0,0,
152064,0,none,0,0,0,0,0,0,0,
88257,0,none,0,0,0,0,0,0,0,
5200,0,none,0,0,0,0,0,0,0,
35499,0,none,0,0,0,0,0,0,0,
132271,0,none,0,0,0,0,0,0,0,
61577,0,none,0,0,0,0,0,0,0,
106401,0,none,0,0,0,0,0,0,0,
161520,0,none,0,0,0,0,0,0,0,
50289,0,none,0,0,0,0,0,0,0,
72357,0,none,0,0,0,0,0,0,0,
109280,0,none,0,0,0,0,0,0,0,
91112,0,none,0,0,0,0,0,0,0,
36727,0,none,0,0,0,0,0,0,0,
156221,0,none,0,0,0,0,0,0,0,
21392,0,none,0,0,0,0,0,0,0,
121927,0,none,0,0,0,0,0,0,0,
135634,0,none,0,0,0,0,0,0,0,
3857,0,none,0,0,0,0,0,0,0,
70139,0,none,0,0,0,0,0,0,0,
68732,0,none,0,0,0,0,0,0,0,
145259,0,none,0,0,0,0,0,0,0,
55983,0,none,0,0,0,0,0,0,0,
104347,0,none,0,0,0,0,0,0,0,
74572,6,medium,2,0,0,0,0,0,0,unsafe_func
144611,0,none,0,0,0,0,0,0,0,
75345,4,medium,0,0,1,0,0,0,0,format_string
127293,0,none,0,0,0,0,0,0,0,
73414,0,none,0,0,0,0,0,0,0,
146027,0,none,0,0,0,0,0,0,0,
101611,0,none,0,0,0,0,0,0,0,
185114,0,none,0,0,0,0,0,0,0,
35881,8,medium,0,2,0,0,0,0,1,memcpy_unchecked;size_int_overflow
157673,0,none,0,0,0,0,0,0,0,
58649,0,none,0,0,0,0,0,0,0,
176605,0,none,0,0,0,0,0,0,0,
97033,0,none,0,0,0,0,0,0,0,
185674,0,none,0,0,0,0,0,0,0,
94024,0,none,0,0,0,0,0,0,0,
122436,0,none,0,0,0,0,0,0,0,
43393,0,none,0,0,0,0,0,0,0,
153938,0,none,0,0,0,0,0,0,0,
94598,0,none,0,0,0,0,0,0,0,
80125,0,none,0,0,0,0,0,0,0,
133864,0,none,0,0,0,0,0,0,0,
117641,0,none,0,0,0,0,0,0,0,
136797,0,none,0,0,0,0,0,0,0,
11862,0,none,0,0,0,0,0,0,0,
47452,3,low,0,1,0,0,0,0,0,memcpy_unchecked
92523,0,none,0,0,0,0,0,0,0,
87393,0,none,0,0,0,0,0,0,0,
39621,0,none,0,0,0,0,0,0,0,
3137,0,none,0,0,0,0,0,0,0,
108613,0,none,0,0,0,0,0,0,0,
82694,0,none,0,0,0,0,0,0,0,
115483,0,none,0,0,0,0,0,0,0,
174352,0,none,0,0,0,0,0,0,0,
154563,0,none,0,0,0,0,0,0,0,
20975,0,none,0,0,0,0,0,0,0,
141423,0,none,0,0,0,0,0,0,0,
138770,0,none,0,0,0,0,0,0,0,
151472,0,none,0,0,0,0,0,0,0,
139671,0,none,0,0,0,0,0,0,0,
71774,0,none,0,0,0,0,0,0,0,
2362,0,none,0,0,0,0,0,0,0,
99260,0,none,0,0,0,0,0,0,0,
89885,0,none,0,0,0,0,0,0,0,
141157,0,none,0,0,0,0,0,0,0,
69437,0,none,0,0,0,0,0,0,0,
148655,0,none,0,0,0,0,0,0,0,
103179,0,none,0,0,0,0,0,0,0,
113369,0,none,0,0,0,0,0,0,0,
28306,0,none,0,0,0,0,0,0,0,
15468,7,medium,1,0,0,0,0,0,2,unsafe_func;size_int_overflow
93854,0,none,0,0,0,0,0,0,0,
129140,0,none,0,0,0,0,0,0,0,
66724,0,none,0,0,0,0,0,0,0,
170436,0,none,0,0,0,0,0,0,0,
170691,0,none,0,0,0,0,0,0,0,
180140,0,none,0,0,0,0,0,0,0,
112346,0,none,0,0,0,0,0,0,0,
148557,0,none,0,0,0,0,0,0,0,
62514,0,none,0,0,0,0,0,0,0,
19909,0,none,0,0,0,0,0,0,0,
2465,0,none,0,0,0,0,0,0,0,
129845,0,none,0,0,0,0,0,0,0,
185424,0,none,0,0,0,0,0,0,0,
169387,0,none,0,0,0,0,0,0,0,
113354,0,none,0,0,0,0,0,0,0,
11741,0,none,0,0,0,0,0,0,0,
16706,0,none,0,0,0,0,0,0,0,
151311,0,none,0,0,0,0,0,0,0,
59413,0,none,0,0,0,0,0,0,0,
95115,0,none,0,0,0,0,0,0,0,
182393,0,none,0,0,0,0,0,0,0,
3552,0,none,0,0,0,0,0,0,0,
184265,0,none,0,0,0,0,0,0,0,
123258,0,none,0,0,0,0,0,0,0,
86618,0,none,0,0,0,0,0,0,0,
30397,0,none,0,0,0,0,0,0,0,
73027,0,none,0,0,0,0,0,0,0,
78918,0,none,0,0,0,0,0,0,0,
121311,0,none,0,0,0,0,0,0,0,
103026,0,none,0,0,0,0,0,0,0,
168911,0,none,0,0,0,0,0,0,0,
73888,0,none,0,0,0,0,0,0,0,
176904,0,none,0,0,0,0,0,0,0,
34043,3,low,0,1,0,0,0,0,0,memcpy_unchecked
138246,0,none,0,0,0,0,0,0,0,
106842,0,none,0,0,0,0,0,0,0,
93249,0,none,0,0,0,0,0,0,0,
79654,0,none,0,0,0,0,0,0,0,
170652,0,none,0,0,0,0,0,0,0,
64089,0,none,0,0,0,0,0,0,0,
101047,0,none,0,0,0,0,0,0,0,
16456,0,none,0,0,0,0,0,0,0,
106259,0,none,0,0,0,0,0,0,0,
124172,0,none,0,0,0,0,0,0,0,
121634,0,none,0,0,0,0,0,0,0,
15045,0,none,0,0,0,0,0,0,0,
92915,0,none,0,0,0,0,0,0,0,
157292,0,none,0,0,0,0,0,0,0,
1073,0,none,0,0,0,0,0,0,0,
160463,0,none,0,0,0,0,0,0,0,
148231,0,none,0,0,0,0,0,0,0,
66148,0,none,0,0,0,0,0,0,0,
105608,0,none,0,0,0,0,0,0,0,
3207,0,none,0,0,0,0,0,0,0,
118964,0,none,0,0,0,0,0,0,0,
174801,0,none,0,0,0,0,0,0,0,
155502,0,none,0,0,0,0,0,0,0,
67124,0,none,0,0,0,0,0,0,0,
169405,0,none,0,0,0,0,0,0,0,
154555,0,none,0,0,0,0,0,0,0,
38213,0,none,0,0,0,0,0,0,0,
125057,0,none,0,0,0,0,0,0,0,
151494,0,none,0,0,0,0,0,0,0,
116562,0,none,0,0,0,0,0,0,0,
108391,0,none,0,0,0,0,0,0,0,
125555,0,none,0,0,0,0,0,0,0,
19241,0,none,0,0,0,0,0,0,0,
172569,0,none,0,0,0,0,0,0,0,
126321,0,none,0,0,0,0,0,0,0,
52388,0,none,0,0,0,0,0,0,0,
71193,0,none,0,0,0,0,0,0,0,
29604,0,none,0,0,0,0,0,0,0,
31125,0,none,0,0,0,0,0,0,0,
49794,0,none,0,0,0,0,0,0,0,
59483,0,none,0,0,0,0,0,0,0,
85251,0,none,0,0,0,0,0,0,0,
97200,0,none,0,0,0,0,0,0,0,
48787,0,none,0,0,0,0,0,0,0,
164860,0,none,0,0,0,0,0,0,0,
70,7,medium,0,1,0,1,0,0,1,memcpy_unchecked;unchecked_alloc;size_int_overflow
82597,0,none,0,0,0,0,0,0,0,
19807,0,none,0,0,0,0,0,0,0,
58135,0,none,0,0,0,0,0,0,0,
170028,0,none,0,0,0,0,0,0,0,
154455,0,none,0,0,0,0,0,0,0,
143712,0,none,0,0,0,0,0,0,0,
25957,0,none,0,0,0,0,0,0,0,
113432,0,none,0,0,0,0,0,0,0,
129312,0,none,0,0,0,0,0,0,0,
26369,0,none,0,0,0,0,0,0,0,
6097,0,none,0,0,0,0,0,0,0,
150033,0,none,0,0,0,0,0,0,0,
48644,0,none,0,0,0,0,0,0,0,
3734,0,none,0,0,0,0,0,0,0,
121331,0,none,0,0,0,0,0,0,0,
21547,0,none,0,0,0,0,0,0,0,
130545,0,none,0,0,0,0,0,0,0,
128062,0,none,0,0,0,0,0,0,0,
80702,0,none,0,0,0,0,0,0,0,
163876,0,none,0,0,0,0,0,0,0,
36797,0,none,0,0,0,0,0,0,0,
182486,4,medium,0,0,0,1,0,0,1,unchecked_alloc;size_int_overflow
1335,0,none,0,0,0,0,0,0,0,
57700,0,none,0,0,0,0,0,0,0,
138446,0,none,0,0,0,0,0,0,0,
149273,0,none,0,0,0,0,0,0,0,
44941,3,low,0,1,0,0,0,0,0,memcpy_unchecked
160244,0,none,0,0,0,0,0,0,0,
104325,0,none,0,0,0,0,0,0,0,
168508,0,none,0,0,0,0,0,0,0,
103055,0,none,0,0,0,0,0,0,0,
115524,0,none,0,0,0,0,0,0,0,
154831,0,none,0,0,0,0,0,0,0,
149879,0,none,0,0,0,0,0,0,0,
161925,0,none,0,0,0,0,0,0,0,
8670,0,none,0,0,0,0,0,0,0,
161716,0,none,0,0,0,0,0,0,0,
108487,0,none,0,0,0,0,0,0,0,
94320,0,none,0,0,0,0,0,0,0,
69999,9,high,7,0,0,0,0,0,0,unsafe_func
17775,0,none,0,0,0,0,0,0,0,
37529,0,none,0,0,0,0,0,0,0,
169643,0,none,0,0,0,0,0,0,0,
106497,0,none,0,0,0,0,0,0,0,
81318,0,none,0,0,0,0,0,0,0,
4400,0,none,0,0,0,0,0,0,0,
111986,0,none,0,0,0,0,0,0,0,
77440,0,none,0,0,0,0,0,0,0,
75122,0,none,0,0,0,0,0,0,0,
134258,0,none,0,0,0,0,0,0,0,
45587,2,low,0,0,0,0,0,0,1,size_int_overflow
12081,0,none,0,0,0,0,0,0,0,
160255,0,none,0,0,0,0,0,0,0,
4045,0,none,0,0,0,0,0,0,0,
101770,0,none,0,0,0,0,0,0,0,
106186,0,none,0,0,0,0,0,0,0,
77585,0,none,0,0,0,0,0,0,0,
20848,0,none,0,0,0,0,0,0,0,
84064,0,none,0,0,0,0,0,0,0,
89753,0,none,0,0,0,0,0,0,0,
58960,0,none,0,0,0,0,0,0,0,
165551,0,none,0,0,0,0,0,0,0,
174229,0,none,0,0,0,0,0,0,0,
126180,0,none,0,0,0,0,0,0,0,
183131,0,none,0,0,0,0,0,0,0,
76371,2,low,0,0,0,0,0,0,1,size_int_overflow
162630,0,none,0,0,0,0,0,0,0,
12715,0,none,0,0,0,0,0,0,0,
135538,0,none,0,0,0,0,0,0,0,
85571,0,none,0,0,0,0,0,0,0,
119510,0,none,0,0,0,0,0,0,0,
19238,0,none,0,0,0,0,0,0,0,
171652,0,none,0,0,0,0,0,0,0,
59589,0,none,0,0,0,0,0,0,0,
67582,0,none,0,0,0,0,0,0,0,
34741,0,none,0,0,0,0,0,0,0,
6891,6,medium,0,2,0,0,0,0,0,memcpy_unchecked
9092,0,none,0,0,0,0,0,0,0,
112893,0,none,0,0,0,0,0,0,0,
131758,0,none,0,0,0,0,0,0,0,
72709,0,none,0,0,0,0,0,0,0,
172489,0,none,0,0,0,0,0,0,0,
155824,0,none,0,0,0,0,0,0,0,
48161,0,none,0,0,0,0,0,0,0,
124283,0,none,0,0,0,0,0,0,0,
121895,0,none,0,0,0,0,0,0,0,
26537,0,none,0,0,0,0,0,0,0,
102567,0,none,0,0,0,0,0,0,0,
128989,0,none,0,0,0,0,0,0,0,
145047,0,none,0,0,0,0,0,0,0,
174618,0,none,0,0,0,0,0,0,0,
78030,0,none,0,0,0,0,0,0,0,
59997,0,none,0,0,0,0,0,0,0,
108849,0,none,0,0,0,0,0,0,0,
180772,0,none,0,0,0,0,0,0,0,
92043,0,none,0,0,0,0,0,0,0,
119265,0,none,0,0,0,0,0,0,0,
6863,0,none,0,0,0,0,0,0,0,
150446,0,none,0,0,0,0,0,0,0,
47875,0,none,0,0,0,0,0,0,0,
130334,0,none,0,0,0,0,0,0,0,
102690,0,none,0,0,0,0,0,0,0,
68195,0,none,0,0,0,0,0,0,0,
181942,0,none,0,0,0,0,0,0,0,
63532,0,none,0,0,0,0,0,0,0,
57356,0,none,0,0,0,0,0,0,0,
26005,0,none,0,0,0,0,0,0,0,
76691,0,none,0,0,0,0,0,0,0,
71134,0,none,0,0,0,0,0,0,0,
186166,0,none,0,0,0,0,0,0,0,
142370,0,none,0,0,0,0,0,0,0,
155517,0,none,0,0,0,0,0,0,0,
182912,2,low,0,0,0,1,0,0,0,unchecked_alloc
95843,0,none,0,0,0,0,0,0,0,
122648,0,none,0,0,0,0,0,0,0,
32055,0,none,0,0,0,0,0,0,0,
121534,0,none,0,0,0,0,0,0,0,
162279,0,none,0,0,0,0,0,0,0,
63941,0,none,0,0,0,0,0,0,0,
106620,0,none,0,0,0,0,0,0,0,
84353,2,low,0,0,0,1,0,0,0,unchecked_alloc
98934,0,none,0,0,0,0,0,0,0,
178880,0,none,0,0,0,0,0,0,0,
131917,0,none,0,0,0,0,0,0,0,
113303,0,none,0,0,0,0,0,0,0,
68870,0,none,0,0,0,0,0,0,0,
69411,0,none,0,0,0,0,0,0,0,
35824,0,none,0,0,0,0,0,0,0,
167735,0,none,0,0,0,0,0,0,0,
87584,0,none,0,0,0,0,0,0,0,
55981,0,none,0,0,0,0,0,0,0,
140936,0,none,0,0,0,0,0,0,0,
162028,0,none,0,0,0,0,0,0,0,
122240,0,none,0,0,0,0,0,0,0,
54236,0,none,0,0,0,0,0,0,0,
129973,0,none,0,0,0,0,0,0,0,
157531,0,none,0,0,0,0,0,0,0,
65076,0,none,0,0,0,0,0,0,0,
116100,0,none,0,0,0,0,0,0,0,
141949,0,none,0,0,0,0,0,0,0,
46415,0,none,0,0,0,0,0,0,0,
86055,0,none,0,0,0,0,0,0,0,
151548,0,none,0,0,0,0,0,0,0,
56596,0,none,0,0,0,0,0,0,0,
27988,0,none,0,0,0,0,0,0,0,
118033,0,none,0,0,0,0,0,0,0,
7685,0,none,0,0,0,0,0,0,0,
162998,0,none,0,0,0,0,0,0,0,
24074,0,none,0,0,0,0,0,0,0,
100051,0,none,0,0,0,0,0,0,0,
26215,0,none,0,0,0,0,0,0,0,
165637,0,none,0,0,0,0,0,0,0,
99235,0,none,0,0,0,0,0,0,0,
48095,0,none,0,0,0,0,0,0,0,
169036,0,none,0,0,0,0,0,0,0,
149534,0,none,0,0,0,0,0,0,0,
133896,0,none,0,0,0,0,0,0,0,
103163,0,none,0,0,0,0,0,0,0,
68049,0,none,0,0,0,0,0,0,0,
31659,0,none,0,0,0,0,0,0,0,
179656,0,none,0,0,0,0,0,0,0,
157678,0,none,0,0,0,0,0,0,0,
39482,0,none,0,0,0,0,0,0,0,
70815,0,none,0,0,0,0,0,0,0,
173029,0,none,0,0,0,0,0,0,0,
131393,0,none,0,0,0,0,0,0,0,
148072,0,none,0,0,0,0,0,0,0,
109063,0,none,0,0,0,0,0,0,0,
99114,0,none,0,0,0,0,0,0,0,
159481,0,none,0,0,0,0,0,0,0,
23065,0,none,0,0,0,0,0,0,0,
121285,0,none,0,0,0,0,0,0,0,
172204,0,none,0,0,0,0,0,0,0,
56813,0,none,0,0,0,0,0,0,0,
143453,0,none,0,0,0,0,0,0,0,
154007,0,none,0,0,0,0,0,0,0,
142455,0,none,0,0,0,0,0,0,0,
17961,2,low,0,0,0,0,0,0,1,size_int_overflow
13553,0,none,0,0,0,0,0,0,0,
188517,4,medium,0,0,1,0,0,0,0,format_string
39753,0,none,0,0,0,0,0,0,0,
107310,0,none,0,0,0,0,0,0,0,
83376,0,none,0,0,0,0,0,0,0,
48988,0,none,0,0,0,0,0,0,0,
11735,0,none,0,0,0,0,0,0,0,
185268,0,none,0,0,0,0,0,0,0,
36710,0,none,0,0,0,0,0,0,0,
131194,0,none,0,0,0,0,0,0,0,
2494,0,none,0,0,0,0,0,0,0,
114755,0,none,0,0,0,0,0,0,0,
167593,0,none,0,0,0,0,0,0,0,
126723,0,none,0,0,0,0,0,0,0,
75310,0,none,0,0,0,0,0,0,0,
112,0,none,0,0,0,0,0,0,0,
184799,0,none,0,0,0,0,0,0,0,
126923,0,none,0,0,0,0,0,0,0,
69022,0,none,0,0,0,0,0,0,0,
148636,0,none,0,0,0,0,0,0,0,
181622,0,none,0,0,0,0,0,0,0,
127802,0,none,0,0,0,0,0,0,0,
32968,0,none,0,0,0,0,0,0,0,
50526,0,none,0,0,0,0,0,0,0,
17981,0,none,0,0,0,0,0,0,0,
158844,0,none,0,0,0,0,0,0,0,
60592,0,none,0,0,0,0,0,0,0,
19605,0,none,0,0,0,0,0,0,0,
17317,0,none,0,0,0,0,0,0,0,
54470,0,none,0,0,0,0,0,0,0,
113046,0,none,0,0,0,0,0,0,0,
164110,0,none,0,0,0,0,0,0,0,
96788,0,none,0,0,0,0,0,0,0,
136268,0,none,0,0,0,0,0,0,0,
62172,0,none,0,0,0,0,0,0,0,
103798,0,none,0,0,0,0,0,0,0,
110677,0,none,0,0,0,0,0,0,0,
187525,0,none,0,0,0,0,0,0,0,
137533,0,none,0,0,0,0,0,0,0,
125799,0,none,0,0,0,0,0,0,0,
123610,0,none,0,0,0,0,0,0,0,
142504,0,none,0,0,0,0,0,0,0,
133725,0,none,0,0,0,0,0,0,0,
69162,0,none,0,0,0,0,0,0,0,
54476,0,none,0,0,0,0,0,0,0,
95327,0,none,0,0,0,0,0,0,0,
91748,0,none,0,0,0,0,0,0,0,
78371,0,none,0,0,0,0,0,0,0,
374,0,none,0,0,0,0,0,0,0,
83501,0,none,0,0,0,0,0,0,0,
110225,0,none,0,0,0,0,0,0,0,
38577,0,none,0,0,0,0,0,0,0,
68171,0,none,0,0,0,0,0,0,0,
12496,0,none,0,0,0,0,0,0,0,
54382,0,none,0,0,0,0,0,0,0,
64424,0,none,0,0,0,0,0,0,0,
107552,0,none,0,0,0,0,0,0,0,
27408,0,none,0,0,0,0,0,0,0,
172085,0,none,0,0,0,0,0,0,0,
62119,0,none,0,0,0,0,0,0,0,
124763,0,none,0,0,0,0,0,0,0,
20890,0,none,0,0,0,0,0,0,0,
87376,11,high,0,0,0,0,0,1,4,use_after_free;size_int_overflow
112616,0,none,0,0,0,0,0,0,0,
138797,0,none,0,0,0,0,0,0,0,
170745,0,none,0,0,0,0,0,0,0,
66027,0,none,0,0,0,0,0,0,0,
179191,0,none,0,0,0,0,0,0,0,
39406,0,none,0,0,0,0,0,0,0,
17026,0,none,0,0,0,0,0,0,0,
59664,2,low,0,0,0,0,0,0,1,size_int_overflow
80691,0,none,0,0,0,0,0,0,0,
55861,0,none,0,0,0,0,0,0,0,
97949,0,none,0,0,0,0,0,0,0,
56981,0,none,0,0,0,0,0,0,0,
20998,0,none,0,0,0,0,0,0,0,
97054,0,none,0,0,0,0,0,0,0,
34238,0,none,0,0,0,0,0,0,0,
45694,0,none,0,0,0,0,0,0,0,
68687,0,none,0,0,0,0,0,0,0,
60459,0,none,0,0,0,0,0,0,0,
153860,0,none,0,0,0,0,0,0,0,
96602,0,none,0,0,0,0,0,0,0,
78225,0,none,0,0,0,0,0,0,0,
18675,0,none,0,0,0,0,0,0,0,
78739,0,none,0,0,0,0,0,0,0,
147114,0,none,0,0,0,0,0,0,0,
188601,0,none,0,0,0,0,0,0,0,
43648,0,none,0,0,0,0,0,0,0,
76063,0,none,0,0,0,0,0,0,0,
125392,0,none,0,0,0,0,0,0,0,
175418,0,none,0,0,0,0,0,0,0,
89780,0,none,0,0,0,0,0,0,0,
2568,0,none,0,0,0,0,0,0,0,
161506,0,none,0,0,0,0,0,0,0,
63406,0,none,0,0,0,0,0,0,0,
37555,0,none,0,0,0,0,0,0,0,
151451,0,none,0,0,0,0,0,0,0,
21749,0,none,0,0,0,0,0,0,0,
51523,0,none,0,0,0,0,0,0,0,
164151,0,none,0,0,0,0,0,0,0,
185125,0,none,0,0,0,0,0,0,0,
173854,0,none,0,0,0,0,0,0,0,
4818,0,none,0,0,0,0,0,0,0,
94,0,none,0,0,0,0,0,0,0,
17470,0,none,0,0,0,0,0,0,0,
163568,0,none,0,0,0,0,0,0,0,
160093,0,none,0,0,0,0,0,0,0,
134602,0,none,0,0,0,0,0,0,0,
19470,0,none,0,0,0,0,0,0,0,
20223,0,none,0,0,0,0,0,0,0,
104697,0,none,0,0,0,0,0,0,0,
4681,0,none,0,0,0,0,0,0,0,
92251,0,none,0,0,0,0,0,0,0,
2204,0,none,0,0,0,0,0,0,0,
129799,0,none,0,0,0,0,0,0,0,
98633,0,none,0,0,0,0,0,0,0,
162905,0,none,0,0,0,0,0,0,0,
57973,0,none,0,0,0,0,0,0,0,
54285,0,none,0,0,0,0,0,0,0,
102415,0,none,0,0,0,0,0,0,0,
135864,0,none,0,0,0,0,0,0,0,
45823,0,none,0,0,0,0,0,0,0,
147851,0,none,0,0,0,0,0,0,0,
22915,0,none,0,0,0,0,0,0,0,
38345,0,none,0,0,0,0,0,0,0,
154412,0,none,0,0,0,0,0,0,0,
32478,0,none,0,0,0,0,0,0,0,
19271,0,none,0,0,0,0,0,0,0,
36157,0,none,0,0,0,0,0,0,0,
120529,0,none,0,0,0,0,0,0,0,
47459,9,high,0,3,0,0,0,0,0,memcpy_unchecked
125540,0,none,0,0,0,0,0,0,0,
57759,0,none,0,0,0,0,0,0,0,
142935,0,none,0,0,0,0,0,0,0,
117694,0,none,0,0,0,0,0,0,0,
143518,0,none,0,0,0,0,0,0,0,
177637,0,none,0,0,0,0,0,0,0,
59254,0,none,0,0,0,0,0,0,0,
139372,0,none,0,0,0,0,0,0,0,
178364,16,high,7,1,1,0,0,0,0,unsafe_func;memcpy_unchecked;format_string
37987,0,none,0,0,0,0,0,0,0,
187926,2,low,0,0,0,1,0,0,0,unchecked_alloc
100092,0,none,0,0,0,0,0,0,0,
72049,0,none,0,0,0,0,0,0,0,
88751,0,none,0,0,0,0,0,0,0,
33857,2,low,0,0,0,1,0,0,0,unchecked_alloc
128568,0,none,0,0,0,0,0,0,0,
159606,0,none,0,0,0,0,0,0,0,
121678,0,none,0,0,0,0,0,0,0,
103148,0,none,0,0,0,0,0,0,0,
149153,0,none,0,0,0,0,0,0,0,
114539,0,none,0,0,0,0,0,0,0,
172681,0,none,0,0,0,0,0,0,0,
46337,0,none,0,0,0,0,0,0,0,
14775,0,none,0,0,0,0,0,0,0,
152386,0,none,0,0,0,0,0,0,0,
19984,0,none,0,0,0,0,0,0,0,
89995,0,none,0,0,0,0,0,0,0,
25265,0,none,0,0,0,0,0,0,0,
135083,0,none,0,0,0,0,0,0,0,
87698,0,none,0,0,0,0,0,0,0,
84403,0,none,0,0,0,0,0,0,0,
12094,0,none,0,0,0,0,0,0,0,
11702,0,none,0,0,0,0,0,0,0,
176475,0,none,0,0,0,0,0,0,0,
34786,0,none,0,0,0,0,0,0,0,
35565,0,none,0,0,0,0,0,0,0,
179906,0,none,0,0,0,0,0,0,0,
104710,0,none,0,0,0,0,0,0,0,
109349,0,none,0,0,0,0,0,0,0,
155141,0,none,0,0,0,0,0,0,0,
87410,0,none,0,0,0,0,0,0,0,
26084,0,none,0,0,0,0,0,0,0,
165939,0,none,0,0,0,0,0,0,0,
99651,0,none,0,0,0,0,0,0,0,
78035,0,none,0,0,0,0,0,0,0,
118671,0,none,0,0,0,0,0,0,0,
36961,0,none,0,0,0,0,0,0,0,
52238,0,none,0,0,0,0,0,0,0,
93560,0,none,0,0,0,0,0,0,0,
112913,0,none,0,0,0,0,0,0,0,
158893,0,none,0,0,0,0,0,0,0,
142400,0,none,0,0,0,0,0,0,0,
158567,0,none,0,0,0,0,0,0,0,
131316,0,none,0,0,0,0,0,0,0,
29834,2,low,0,0,0,0,0,0,1,size_int_overflow
171417,0,none,0,0,0,0,0,0,0,
22121,0,none,0,0,0,0,0,0,0,
132103,0,none,0,0,0,0,0,0,0,
106213,0,none,0,0,0,0,0,0,0,
134114,0,none,0,0,0,0,0,0,0,
97490,0,none,0,0,0,0,0,0,0,
43428,0,none,0,0,0,0,0,0,0,
175636,0,none,0,0,0,0,0,0,0,
147720,0,none,0,0,0,0,0,0,0,
158663,0,none,0,0,0,0,0,0,0,
188174,0,none,0,0,0,0,0,0,0,
56225,0,none,0,0,0,0,0,0,0,
179226,0,none,0,0,0,0,0,0,0,
13327,0,none,0,0,0,0,0,0,0,
175456,0,none,0,0,0,0,0,0,0,
175061,0,none,0,0,0,0,0,0,0,
21851,0,none,0,0,0,0,0,0,0,
18079,0,none,0,0,0,0,0,0,0,
185546,0,none,0,0,0,0,0,0,0,
50353,0,none,0,0,0,0,0,0,0,
119137,0,none,0,0,0,0,0,0,0,
175075,0,none,0,0,0,0,0,0,0,
58026,0,none,0,0,0,0,0,0,0,
39157,0,none,0,0,0,0,0,0,0,
99669,0,none,0,0,0,0,0,0,0,
23836,0,none,0,0,0,0,0,0,0,
80056,0,none,0,0,0,0,0,0,0,
92859,0,none,0,0,0,0,0,0,0,
94744,0,none,0,0,0,0,0,0,0,
178105,3,low,0,1,0,0,0,0,0,memcpy_unchecked
28600,3,low,1,0,0,0,0,0,0,unsafe_func
60920,0,none,0,0,0,0,0,0,0,
89774,0,none,0,0,0,0,0,0,0,
179084,0,none,0,0,0,0,0,0,0,
10479,0,none,0,0,0,0,0,0,0,
117963,0,none,0,0,0,0,0,0,0,
168356,0,none,0,0,0,0,0,0,0,
131964,0,none,0,0,0,0,0,0,0,
112164,0,none,0,0,0,0,0,0,0,
20625,0,none,0,0,0,0,0,0,0,
82586,0,none,0,0,0,0,0,0,0,
107408,0,none,0,0,0,0,0,0,0,
158270,0,none,0,0,0,0,0,0,0,
70148,0,none,0,0,0,0,0,0,0,
69295,0,none,0,0,0,0,0,0,0,
64963,0,none,0,0,0,0,0,0,0,
13159,0,none,0,0,0,0,0,0,0,
105884,0,none,0,0,0,0,0,0,0,
154480,0,none,0,0,0,0,0,0,0,
49290,0,none,0,0,0,0,0,0,0,
128842,0,none,0,0,0,0,0,0,0,
104370,0,none,0,0,0,0,0,0,0,
80080,0,none,0,0,0,0,0,0,0,
101391,0,none,0,0,0,0,0,0,0,
6556,0,none,0,0,0,0,0,0,0,
62419,0,none,0,0,0,0,0,0,0,
88630,0,none,0,0,0,0,0,0,0,
48617,0,none,0,0,0,0,0,0,0,
187015,0,none,0,0,0,0,0,0,0,
172018,0,none,0,0,0,0,0,0,0,
99026,0,none,0,0,0,0,0,0,0,
8554,0,none,0,0,0,0,0,0,0,
141599,0,none,0,0,0,0,0,0,0,
54896,0,none,0,0,0,0,0,0,0,
52906,0,none,0,0,0,0,0,0,0,
98828,0,none,0,0,0,0,0,0,0,
136799,0,none,0,0,0,0,0,0,0,
7163,0,none,0,0,0,0,0,0,0,
73621,0,none,0,0,0,0,0,0,0,
108541,0,none,0,0,0,0,0,0,0,
4833,0,none,0,0,0,0,0,0,0,
170342,0,none,0,0,0,0,0,0,0,
125936,0,none,0,0,0,0,0,0,0,
178625,2,low,0,0,0,1,0,0,0,unchecked_alloc
100653,0,none,0,0,0,0,0,0,0,
26860,0,none,0,0,0,0,0,0,0,
157245,0,none,0,0,0,0,0,0,0,
158903,0,none,0,0,0,0,0,0,0,
57972,0,none,0,0,0,0,0,0,0,
138663,0,none,0,0,0,0,0,0,0,
79736,3,low,0,1,0,0,0,0,0,memcpy_unchecked
63121,0,none,0,0,0,0,0,0,0,
79696,0,none,0,0,0,0,0,0,0,
149177,0,none,0,0,0,0,0,0,0,
14104,0,none,0,0,0,0,0,0,0,
81400,0,none,0,0,0,0,0,0,0,
125229,0,none,0,0,0,0,0,0,0,
175600,0,none,0,0,0,0,0,0,0,
84517,0,none,0,0,0,0,0,0,0,
95977,0,none,0,0,0,0,0,0,0,
46399,0,none,0,0,0,0,0,0,0,
63597,0,none,0,0,0,0,0,0,0,
126060,0,none,0,0,0,0,0,0,0,
149680,0,none,0,0,0,0,0,0,0,
118882,0,none,0,0,0,0,0,0,0,
75984,0,none,0,0,0,0,0,0,0,
20841,0,none,0,0,0,0,0,0,0,
187984,0,none,0,0,0,0,0,0,0,
139974,0,none,0,0,0,0,0,0,0,
101258,0,none,0,0,0,0,0,0,0,
164342,0,none,0,0,0,0,0,0,0,
116865,0,none,0,0,0,0,0,0,0,
168115,0,none,0,0,0,0,0,0,0,
121771,0,none,0,0,0,0,0,0,0,
44943,6,medium,0,2,0,0,0,0,0,memcpy_unchecked
71368,0,none,0,0,0,0,0,0,0,
111068,0,none,0,0,0,0,0,0,0,
88576,0,none,0,0,0,0,0,0,0,
122058,0,none,0,0,0,0,0,0,0,
79461,0,none,0,0,0,0,0,0,0,
25591,0,none,0,0,0,0,0,0,0,
178938,0,none,0,0,0,0,0,0,0,
104662,0,none,0,0,0,0,0,0,0,
132210,0,none,0,0,0,0,0,0,0,
60355,0,none,0,0,0,0,0,0,0,
161049,0,none,0,0,0,0,0,0,0,
150270,0,none,0,0,0,0,0,0,0,
47384,0,none,0,0,0,0,0,0,0,
68097,0,none,0,0,0,0,0,0,0,
113800,0,none,0,0,0,0,0,0,0,
166576,0,none,0,0,0,0,0,0,0,
24426,0,none,0,0,0,0,0,0,0,
188279,0,none,0,0,0,0,0,0,0,
91987,0,none,0,0,0,0,0,0,0,
122537,0,none,0,0,0,0,0,0,0,
19227,0,none,0,0,0,0,0,0,0,
40963,0,none,0,0,0,0,0,0,0,
137823,0,none,0,0,0,0,0,0,0,
97878,0,none,0,0,0,0,0,0,0,
18325,0,none,0,0,0,0,0,0,0,
111337,0,none,0,0,0,0,0,0,0,
118495,0,none,0,0,0,0,0,0,0,
123402,0,none,0,0,0,0,0,0,0,
11795,0,none,0,0,0,0,0,0,0,
65893,0,none,0,0,0,0,0,0,0,
43345,9,high,5,0,0,0,0,0,0,unsafe_func
96892,0,none,0,0,0,0,0,0,0,
154786,0,none,0,0,0,0,0,0,0,
154703,0,none,0,0,0,0,0,0,0,
133599,0,none,0,0,0,0,0,0,0,
5404,0,none,0,0,0,0,0,0,0,
35829,0,none,0,0,0,0,0,0,0,
44585,0,none,0,0,0,0,0,0,0,
116867,0,none,0,0,0,0,0,0,0,
167188,0,none,0,0,0,0,0,0,0,
15399,0,none,0,0,0,0,0,0,0,
162662,0,none,0,0,0,0,0,0,0,
110040,0,none,0,0,0,0,0,0,0,
83583,0,none,0,0,0,0,0,0,0,
58070,0,none,0,0,0,0,0,0,0,
81349,0,none,0,0,0,0,0,0,0,
133170,0,none,0,0,0,0,0,0,0,
177616,0,none,0,0,0,0,0,0,0,
49326,0,none,0,0,0,0,0,0,0,
13908,0,none,0,0,0,0,0,0,0,
186915,0,none,0,0,0,0,0,0,0,
13571,0,none,0,0,0,0,0,0,0,
62332,0,none,0,0,0,0,0,0,0,
45375,0,none,0,0,0,0,0,0,0,
156089,0,none,0,0,0,0,0,0,0,
21980,6,medium,0,2,0,0,0,0,0,memcpy_unchecked
164489,0,none,0,0,0,0,0,0,0,
149228,0,none,0,0,0,0,0,0,0,
163569,0,none,0,0,0,0,0,0,0,
140891,0,none,0,0,0,0,0,0,0,
123491,0,none,0,0,0,0,0,0,0,
46977,0,none,0,0,0,0,0,0,0,
54023,0,none,0,0,0,0,0,0,0,
171464,0,none,0,0,0,0,0,0,0,
98452,0,none,0,0,0,0,0,0,0,
135042,0,none,0,0,0,0,0,0,0,
183256,0,none,0,0,0,0,0,0,0,
154261,3,low,0,1,0,0,0,0,0,memcpy_unchecked
20808,0,none,0,0,0,0,0,0,0,
26568,0,none,0,0,0,0,0,0,0,
34705,0,none,0,0,0,0,0,0,0,
90671,0,none,0,0,0,0,0,0,0,
153778,0,none,0,0,0,0,0,0,0,
75585,0,none,0,0,0,0,0,0,0,
65167,0,none,0,0,0,0,0,0,0,
128396,0,none,0,0,0,0,0,0,0,
144073,0,none,0,0,0,0,0,0,0,
24981,3,low,1,0,0,0,0,0,0,unsafe_func
50953,0,none,0,0,0,0,0,0,0,
167700,0,none,0,0,0,0,0,0,0,
81727,0,none,0,0,0,0,0,0,0,
122820,0,none,0,0,0,0,0,0,0,
7418,0,none,0,0,0,0,0,0,0,
59871,0,none,0,0,0,0,0,0,0,
66344,0,none,0,0,0,0,0,0,0,
125520,0,none,0,0,0,0,0,0,0,
146039,0,none,0,0,0,0,0,0,0,
176334,0,none,0,0,0,0,0,0,0,
118729,0,none,0,0,0,0,0,0,0,
155422,0,none,0,0,0,0,0,0,0,
88514,0,none,0,0,0,0,0,0,0,
73637,0,none,0,0,0,0,0,0,0,
86388,0,none,0,0,0,0,0,0,0,
159658,0,none,0,0,0,0,0,0,0,
69770,0,none,0,0,0,0,0,0,0,
41396,2,low,0,0,0,0,0,0,1,size_int_overflow
11479,0,none,0,0,0,0,0,0,0,
142674,0,none,0,0,0,0,0,0,0,
92101,0,none,0,0,0,0,0,0,0,
29617,0,none,0,0,0,0,0,0,0,
8039,0,none,0,0,0,0,0,0,0,
9613,0,none,0,0,0,0,0,0,0,
122957,0,none,0,0,0,0,0,0,0,
23298,0,none,0,0,0,0,0,0,0,
110507,0,none,0,0,0,0,0,0,0,
77524,0,none,0,0,0,0,0,0,0,
91277,0,none,0,0,0,0,0,0,0,
53550,0,none,0,0,0,0,0,0,0,
10375,0,none,0,0,0,0,0,0,0,
27210,0,none,0,0,0,0,0,0,0,
86357,0,none,0,0,0,0,0,0,0,
88859,0,none,0,0,0,0,0,0,0,
91328,0,none,0,0,0,0,0,0,0,
83844,0,none,0,0,0,0,0,0,0,
8768,3,low,0,1,0,0,0,0,0,memcpy_unchecked
47934,0,none,0,0,0,0,0,0,0,
72015,0,none,0,0,0,0,0,0,0,
164045,0,none,0,0,0,0,0,0,0,
71323,0,none,0,0,0,0,0,0,0,
172697,0,none,0,0,0,0,0,0,0,
130574,0,none,0,0,0,0,0,0,0,
126117,0,none,0,0,0,0,0,0,0,
154691,0,none,0,0,0,0,0,0,0,
90256,0,none,0,0,0,0,0,0,0,
44242,0,none,0,0,0,0,0,0,0,
66638,0,none,0,0,0,0,0,0,0,
110482,0,none,0,0,0,0,0,0,0,
37496,0,none,0,0,0,0,0,0,0,
120442,0,none,0,0,0,0,0,0,0,
37760,0,none,0,0,0,0,0,0,0,
154952,0,none,0,0,0,0,0,0,0,
160832,0,none,0,0,0,0,0,0,0,
179611,0,none,0,0,0,0,0,0,0,
129260,0,none,0,0,0,0,0,0,0,
82090,0,none,0,0,0,0,0,0,0,
153862,0,none,0,0,0,0,0,0,0,
168149,0,none,0,0,0,0,0,0,0,
66293,0,none,0,0,0,0,0,0,0,
155289,0,none,0,0,0,0,0,0,0,
165743,0,none,0,0,0,0,0,0,0,
109574,0,none,0,0,0,0,0,0,0,
136500,0,none,0,0,0,0,0,0,0,
3455,0,none,0,0,0,0,0,0,0,
91638,0,none,0,0,0,0,0,0,0,
94088,0,none,0,0,0,0,0,0,0,
40550,0,none,0,0,0,0,0,0,0,
51422,0,none,0,0,0,0,0,0,0,
49748,0,none,0,0,0,0,0,0,0,
103198,0,none,0,0,0,0,0,0,0,
3464,0,none,0,0,0,0,0,0,0,
116887,0,none,0,0,0,0,0,0,0,
930,0,none,0,0,0,0,0,0,0,
128778,0,none,0,0,0,0,0,0,0,
149040,0,none,0,0,0,0,0,0,0,
141889,0,none,0,0,0,0,0,0,0,
120659,0,none,0,0,0,0,0,0,0,
39523,0,none,0,0,0,0,0,0,0,
153027,0,none,0,0,0,0,0,0,0,
150308,0,none,0,0,0,0,0,0,0,
107336,0,none,0,0,0,0,0,0,0,
72665,0,none,0,0,0,0,0,0,0,
184521,0,none,0,0,0,0,0,0,0,
38963,0,none,0,0,0,0,0,0,0,
176337,0,none,0,0,0,0,0,0,0,
167381,0,none,0,0,0,0,0,0,0,
40804,0,none,0,0,0,0,0,0,0,
54119,0,none,0,0,0,0,0,0,0,
165644,0,none,0,0,0,0,0,0,0,
63356,0,none,0,0,0,0,0,0,0,
92164,0,none,0,0,0,0,0,0,0,
122527,0,none,0,0,0,0,0,0,0,
64100,0,none,0,0,0,0,0,0,0,
109257,0,none,0,0,0,0,0,0,0,
51098,0,none,0,0,0,0,0,0,0,
132882,0,none,0,0,0,0,0,0,0,
166186,0,none,0,0,0,0,0,0,0,
133532,0,none,0,0,0,0,0,0,0,
129291,0,none,0,0,0,0,0,0,0,
167965,0,none,0,0,0,0,0,0,0,
85615,0,none,0,0,0,0,0,0,0,
119256,0,none,0,0,0,0,0,0,0,
90614,0,none,0,0,0,0,0,0,0,
188557,0,none,0,0,0,0,0,0,0,
133496,0,none,0,0,0,0,0,0,0,
170244,0,none,0,0,0,0,0,0,0,
70254,0,none,0,0,0,0,0,0,0,
180609,0,none,0,0,0,0,0,0,0,
1545,0,none,0,0,0,0,0,0,0,
119084,0,none,0,0,0,0,0,0,0,
64683,0,none,0,0,0,0,0,0,0,
122710,0,none,0,0,0,0,0,0,0,
14157,0,none,0,0,0,0,0,0,0,
88140,3,low,0,1,0,0,0,0,0,memcpy_unchecked
139349,0,none,0,0,0,0,0,0,0,
62522,0,none,0,0,0,0,0,0,0,
135161,0,none,0,0,0,0,0,0,0,
83039,0,none,0,0,0,0,0,0,0,
66565,0,none,0,0,0,0,0,0,0,
72095,0,none,0,0,0,0,0,0,0,
183712,0,none,0,0,0,0,0,0,0,
110566,0,none,0,0,0,0,0,0,0,
102233,0,none,0,0,0,0,0,0,0,
134792,0,none,0,0,0,0,0,0,0,
30613,0,none,0,0,0,0,0,0,0,
89650,0,none,0,0,0,0,0,0,0,
30002,0,none,0,0,0,0,0,0,0,
67838,0,none,0,0,0,0,0,0,0,
44119,0,none,0,0,0,0,0,0,0,
61592,0,none,0,0,0,0,0,0,0,
166737,0,none,0,0,0,0,0,0,0,
150713,0,none,0,0,0,0,0,0,0,
56715,0,none,0,0,0,0,0,0,0,
51946,0,none,0,0,0,0,0,0,0,
44294,2,low,0,0,0,0,0,0,1,size_int_overflow
169726,0,none,0,0,0,0,0,0,0,
9623,0,none,0,0,0,0,0,0,0,
37413,0,none,0,0,0,0,0,0,0,
75827,0,none,0,0,0,0,0,0,0,
52916,0,none,0,0,0,0,0,0,0,
138769,0,none,0,0,0,0,0,0,0,
44995,0,none,0,0,0,0,0,0,0,
74994,0,none,0,0,0,0,0,0,0,
80100,0,none,0,0,0,0,0,0,0,
8072,0,none,0,0,0,0,0,0,0,
165708,0,none,0,0,0,0,0,0,0,
1305,0,none,0,0,0,0,0,0,0,
101663,0,none,0,0,0,0,0,0,0,
183528,0,none,0,0,0,0,0,0,0,
151016,0,none,0,0,0,0,0,0,0,
45517,0,none,0,0,0,0,0,0,0,
27882,0,none,0,0,0,0,0,0,0,
164944,0,none,0,0,0,0,0,0,0,
116019,0,none,0,0,0,0,0,0,0,
130042,0,none,0,0,0,0,0,0,0,
138260,0,none,0,0,0,0,0,0,0,
109298,0,none,0,0,0,0,0,0,0,
128948,0,none,0,0,0,0,0,0,0,
179524,0,none,0,0,0,0,0,0,0,
114649,0,none,0,0,0,0,0,0,0,
108702,0,none,0,0,0,0,0,0,0,
141633,0,none,0,0,0,0,0,0,0,
108973,0,none,0,0,0,0,0,0,0,
118904,0,none,0,0,0,0,0,0,0,
13460,0,none,0,0,0,0,0,0,0,
82178,0,none,0,0,0,0,0,0,0,
1402,5,medium,0,0,0,0,1,0,0,double_free
125788,0,none,0,0,0,0,0,0,0,
125223,0,none,0,0,0,0,0,0,0,
52521,0,none,0,0,0,0,0,0,0,
121712,0,none,0,0,0,0,0,0,0,
7813,0,none,0,0,0,0,0,0,0,
69183,0,none,0,0,0,0,0,0,0,
121639,0,none,0,0,0,0,0,0,0,
124595,0,none,0,0,0,0,0,0,0,
48870,0,none,0,0,0,0,0,0,0,
147152,0,none,0,0,0,0,0,0,0,
133036,0,none,0,0,0,0,0,0,0,
151423,0,none,0,0,0,0,0,0,0,
20863,0,none,0,0,0,0,0,0,0,
178612,0,none,0,0,0,0,0,0,0,
76230,0,none,0,0,0,0,0,0,0,
169412,0,none,0,0,0,0,0,0,0,
80208,0,none,0,0,0,0,0,0,0,
117380,0,none,0,0,0,0,0,0,0,
11441,0,none,0,0,0,0,0,0,0,
98761,0,none,0,0,0,0,0,0,0,
174450,0,none,0,0,0,0,0,0,0,
152964,0,none,0,0,0,0,0,0,0,
71613,0,none,0,0,0,0,0,0,0,
119124,0,none,0,0,0,0,0,0,0,
38902,0,none,0,0,0,0,0,0,0,
29123,3,low,0,1,0,0,0,0,0,memcpy_unchecked
149897,0,none,0,0,0,0,0,0,0,
136463,0,none,0,0,0,0,0,0,0,
121991,0,none,0,0,0,0,0,0,0,
113346,0,none,0,0,0,0,0,0,0,
81790,0,none,0,0,0,0,0,0,0,
83650,0,none,0,0,0,0,0,0,0,
188067,0,none,0,0,0,0,0,0,0,
12527,0,none,0,0,0,0,0,0,0,
71965,0,none,0,0,0,0,0,0,0,
143517,0,none,0,0,0,0,0,0,0,
54012,0,none,0,0,0,0,0,0,0,
64386,0,none,0,0,0,0,0,0,0,
104813,0,none,0,0,0,0,0,0,0,
108531,0,none,0,0,0,0,0,0,0,
31594,0,none,0,0,0,0,0,0,0,
133652,0,none,0,0,0,0,0,0,0,
153660,0,none,0,0,0,0,0,0,0,
122383,0,none,0,0,0,0,0,0,0,
174499,0,none,0,0,0,0,0,0,0,
172716,0,none,0,0,0,0,0,0,0,
145056,0,none,0,0,0,0,0,0,0,
11049,0,none,0,0,0,0,0,0,0,
132685,0,none,0,0,0,0,0,0,0,
98508,0,none,0,0,0,0,0,0,0,
2685,12,high,0,0,0,3,0,0,3,unchecked_alloc;size_int_overflow
34706,0,none,0,0,0,0,0,0,0,
182362,0,none,0,0,0,0,0,0,0,
69420,0,none,0,0,0,0,0,0,0,
15484,7,medium,1,0,1,0,0,0,0,unsafe_func;format_string
165408,0,none,0,0,0,0,0,0,0,
170417,0,none,0,0,0,0,0,0,0,
6770,0,none,0,0,0,0,0,0,0,
187583,6,medium,0,0,0,0,0,0,3,size_int_overflow
82981,0,none,0,0,0,0,0,0,0,
13153,0,none,0,0,0,0,0,0,0,
171461,0,none,0,0,0,0,0,0,0,
12942,0,none,0,0,0,0,0,0,0,
181591,0,none,0,0,0,0,0,0,0,
58816,0,none,0,0,0,0,0,0,0,
106899,0,none,0,0,0,0,0,0,0,
73594,0,none,0,0,0,0,0,0,0,
79267,0,none,0,0,0,0,0,0,0,
140642,0,none,0,0,0,0,0,0,0,
85739,0,none,0,0,0,0,0,0,0,
168941,0,none,0,0,0,0,0,0,0,
15725,0,none,0,0,0,0,0,0,0,
25563,0,none,0,0,0,0,0,0,0,
105496,0,none,0,0,0,0,0,0,0,
59323,3,low,1,0,0,0,0,0,0,unsafe_func
59076,0,none,0,0,0,0,0,0,0,
59521,0,none,0,0,0,0,0,0,0,
128808,0,none,0,0,0,0,0,0,0,
150709,0,none,0,0,0,0,0,0,0,
161946,0,none,0,0,0,0,0,0,0,
33579,0,none,0,0,0,0,0,0,0,
125529,0,none,0,0,0,0,0,0,0,
99983,0,none,0,0,0,0,0,0,0,
36628,0,none,0,0,0,0,0,0,0,
60470,0,none,0,0,0,0,0,0,0,
21295,0,none,0,0,0,0,0,0,0,
52634,0,none,0,0,0,0,0,0,0,
161986,0,none,0,0,0,0,0,0,0,
86460,0,none,0,0,0,0,0,0,0,
139612,0,none,0,0,0,0,0,0,0,
36996,0,none,0,0,0,0,0,0,0,
39235,0,none,0,0,0,0,0,0,0,
46269,0,none,0,0,0,0,0,0,0,
143799,0,none,0,0,0,0,0,0,0,
173961,0,none,0,0,0,0,0,0,0,
64110,0,none,0,0,0,0,0,0,0,
37486,0,none,0,0,0,0,0,0,0,
59924,0,none,0,0,0,0,0,0,0,
97895,0,none,0,0,0,0,0,0,0,
45504,0,none,0,0,0,0,0,0,0,
104504,0,none,0,0,0,0,0,0,0,
187667,0,none,0,0,0,0,0,0,0,
89352,0,none,0,0,0,0,0,0,0,
24693,0,none,0,0,0,0,0,0,0,
134343,0,none,0,0,0,0,0,0,0,
33063,0,none,0,0,0,0,0,0,0,
87346,0,none,0,0,0,0,0,0,0,
151892,0,none,0,0,0,0,0,0,0,
182438,0,none,0,0,0,0,0,0,0,
136333,0,none,0,0,0,0,0,0,0,
98387,0,none,0,0,0,0,0,0,0,
13021,0,none,0,0,0,0,0,0,0,
44210,0,none,0,0,0,0,0,0,0,
138366,0,none,0,0,0,0,0,0,0,
52025,0,none,0,0,0,0,0,0,0,
23014,0,none,0,0,0,0,0,0,0,
37067,0,none,0,0,0,0,0,0,0,
12857,0,none,0,0,0,0,0,0,0,
98117,0,none,0,0,0,0,0,0,0,
89373,0,none,0,0,0,0,0,0,0,
136016,0,none,0,0,0,0,0,0,0,
146879,0,none,0,0,0,0,0,0,0,
73279,2,low,0,0,0,0,0,0,1,size_int_overflow
57156,0,none,0,0,0,0,0,0,0,
21840,0,none,0,0,0,0,0,0,0,
22789,0,none,0,0,0,0,0,0,0,
168564,0,none,0,0,0,0,0,0,0,
177198,0,none,0,0,0,0,0,0,0,
38798,0,none,0,0,0,0,0,0,0,
50837,0,none,0,0,0,0,0,0,0,
176850,0,none,0,0,0,0,0,0,0,
19093,0,none,0,0,0,0,0,0,0,
1017,0,none,0,0,0,0,0,0,0,
122593,0,none,0,0,0,0,0,0,0,
186630,0,none,0,0,0,0,0,0,0,
73270,0,none,0,0,0,0,0,0,0,
18502,0,none,0,0,0,0,0,0,0,
138869,0,none,0,0,0,0,0,0,0,
51585,0,none,0,0,0,0,0,0,0,
118005,0,none,0,0,0,0,0,0,0,
149184,0,none,0,0,0,0,0,0,0,
152449,0,none,0,0,0,0,0,0,0,
26569,0,none,0,0,0,0,0,0,0,
131331,0,none,0,0,0,0,0,0,0,
42017,0,none,0,0,0,0,0,0,0,
178616,0,none,0,0,0,0,0,0,0,
187651,0,none,0,0,0,0,0,0,0,
129115,0,none,0,0,0,0,0,0,0,
134796,0,none,0,0,0,0,0,0,0,
44928,0,none,0,0,0,0,0,0,0,
97722,0,none,0,0,0,0,0,0,0,
171818,0,none,0,0,0,0,0,0,0,
58043,0,none,0,0,0,0,0,0,0,
172790,0,none,0,0,0,0,0,0,0,
97365,0,none,0,0,0,0,0,0,0,
173132,0,none,0,0,0,0,0,0,0,
106314,0,none,0,0,0,0,0,0,0,
148594,0,none,0,0,0,0,0,0,0,
144975,0,none,0,0,0,0,0,0,0,
49708,0,none,0,0,0,0,0,0,0,
126214,0,none,0,0,0,0,0,0,0,
145243,0,none,0,0,0,0,0,0,0,
57699,0,none,0,0,0,0,0,0,0,
64191,0,none,0,0,0,0,0,0,0,
165282,0,none,0,0,0,0,0,0,0,
172688,0,none,0,0,0,0,0,0,0,
22757,0,none,0,0,0,0,0,0,0,
119287,0,none,0,0,0,0,0,0,0,
103825,0,none,0,0,0,0,0,0,0,
159360,0,none,0,0,0,0,0,0,0,
160928,0,none,0,0,0,0,0,0,0,
4670,0,none,0,0,0,0,0,0,0,
55621,0,none,0,0,0,0,0,0,0,
2604,0,none,0,0,0,0,0,0,0,
124121,0,none,0,0,0,0,0,0,0,
1836,0,none,0,0,0,0,0,0,0,
139998,0,none,0,0,0,0,0,0,0,
120113,0,none,0,0,0,0,0,0,0,
160596,0,none,0,0,0,0,0,0,0,
19497,0,none,0,0,0,0,0,0,0,
90732,0,none,0,0,0,0,0,0,0,
94563,0,none,0,0,0,0,0,0,0,
150988,0,none,0,0,0,0,0,0,0,
87614,0,none,0,0,0,0,0,0,0,
54969,0,none,0,0,0,0,0,0,0,
4943,0,none,0,0,0,0,0,0,0,
148675,0,none,0,0,0,0,0,0,0,
129131,0,none,0,0,0,0,0,0,0,
180752,0,none,0,0,0,0,0,0,0,
83780,6,medium,0,2,0,0,0,0,0,memcpy_unchecked
187094,0,none,0,0,0,0,0,0,0,
50822,0,none,0,0,0,0,0,0,0,
65880,0,none,0,0,0,0,0,0,0,
30686,0,none,0,0,0,0,0,0,0,
83711,0,none,0,0,0,0,0,0,0,
90741,0,none,0,0,0,0,0,0,0,
153466,0,none,0,0,0,0,0,0,0,
157231,0,none,0,0,0,0,0,0,0,
67057,0,none,0,0,0,0,0,0,0,
71451,0,none,0,0,0,0,0,0,0,
148760,0,none,0,0,0,0,0,0,0,
81101,0,none,0,0,0,0,0,0,0,
26261,0,none,0,0,0,0,0,0,0,
80701,0,none,0,0,0,0,0,0,0,
85877,0,none,0,0,0,0,0,0,0,
107207,0,none,0,0,0,0,0,0,0,
17941,0,none,0,0,0,0,0,0,0,
140621,0,none,0,0,0,0,0,0,0,
121232,0,none,0,0,0,0,0,0,0,
162632,0,none,0,0,0,0,0,0,0,
162067,0,none,0,0,0,0,0,0,0,
107033,0,none,0,0,0,0,0,0,0,
91727,0,none,0,0,0,0,0,0,0,
154493,0,none,0,0,0,0,0,0,0,
73732,0,none,0,0,0,0,0,0,0,
158066,0,none,0,0,0,0,0,0,0,
91274,0,none,0,0,0,0,0,0,0,
141840,0,none,0,0,0,0,0,0,0,
173459,0,none,0,0,0,0,0,0,0,
183088,0,none,0,0,0,0,0,0,0,
73598,0,none,0,0,0,0,0,0,0,
15113,0,none,0,0,0,0,0,0,0,
100524,0,none,0,0,0,0,0,0,0,
84891,0,none,0,0,0,0,0,0,0,
141349,0,none,0,0,0,0,0,0,0,
31938,0,none,0,0,0,0,0,0,0,
99963,0,none,0,0,0,0,0,0,0,
150413,0,none,0,0,0,0,0,0,0,
99608,0,none,0,0,0,0,0,0,0,
8139,0,none,0,0,0,0,0,0,0,
148899,0,none,0,0,0,0,0,0,0,
46222,0,none,0,0,0,0,0,0,0,
92514,0,none,0,0,0,0,0,0,0,
138686,0,none,0,0,0,0,0,0,0,
127543,0,none,0,0,0,0,0,0,0,
17358,0,none,0,0,0,0,0,0,0,
136398,0,none,0,0,0,0,0,0,0,
131197,0,none,0,0,0,0,0,0,0,
152974,0,none,0,0,0,0,0,0,0,
21059,0,none,0,0,0,0,0,0,0,
38225,2,low,0,0,0,0,0,0,1,size_int_overflow
48579,0,none,0,0,0,0,0,0,0,
34293,0,none,0,0,0,0,0,0,0,
59916,0,none,0,0,0,0,0,0,0,
169061,0,none,0,0,0,0,0,0,0,
106745,0,none,0,0,0,0,0,0,0,
90246,0,none,0,0,0,0,0,0,0,
178879,0,none,0,0,0,0,0,0,0,
11442,0,none,0,0,0,0,0,0,0,
22110,0,none,0,0,0,0,0,0,0,
7369,0,none,0,0,0,0,0,0,0,
97811,0,none,0,0,0,0,0,0,0,
49351,0,none,0,0,0,0,0,0,0,
119744,0,none,0,0,0,0,0,0,0,
79136,3,low,0,1,0,0,0,0,0,memcpy_unchecked
114248,0,none,0,0,0,0,0,0,0,
36355,0,none,0,0,0,0,0,0,0,
90915,0,none,0,0,0,0,0,0,0,
90928,0,none,0,0,0,0,0,0,0,
80861,0,none,0,0,0,0,0,0,0,
130889,0,none,0,0,0,0,0,0,0,
97529,0,none,0,0,0,0,0,0,0,
103194,0,none,0,0,0,0,0,0,0,
64470,2,low,0,0,0,1,0,0,0,unchecked_alloc
77976,0,none,0,0,0,0,0,0,0,
12481,0,none,0,0,0,0,0,0,0,
68758,0,none,0,0,0,0,0,0,0,
2084,0,none,0,0,0,0,0,0,0,
72335,0,none,0,0,0,0,0,0,0,
21865,0,none,0,0,0,0,0,0,0,
150462,0,none,0,0,0,0,0,0,0,
148599,0,none,0,0,0,0,0,0,0,
173345,0,none,0,0,0,0,0,0,0,
97834,0,none,0,0,0,0,0,0,0,
31267,0,none,0,0,0,0,0,0,0,
149254,0,none,0,0,0,0,0,0,0,
73648,0,none,0,0,0,0,0,0,0,
89238,0,none,0,0,0,0,0,0,0,
81061,0,none,0,0,0,0,0,0,0,
25218,0,none,0,0,0,0,0,0,0,
123253,0,none,0,0,0,0,0,0,0,
61237,0,none,0,0,0,0,0,0,0,
185450,0,none,0,0,0,0,0,0,0,
180850,0,none,0,0,0,0,0,0,0,
112699,0,none,0,0,0,0,0,0,0,
32215,0,none,0,0,0,0,0,0,0,
8755,0,none,0,0,0,0,0,0,0,
9477,0,none,0,0,0,0,0,0,0,
92035,0,none,0,0,0,0,0,0,0,
165504,0,none,0,0,0,0,0,0,0,
83574,0,none,0,0,0,0,0,0,0,
66693,0,none,0,0,0,0,0,0,0,
13259,0,none,0,0,0,0,0,0,0,
159099,0,none,0,0,0,0,0,0,0,
96350,0,none,0,0,0,0,0,0,0,
37804,0,none,0,0,0,0,0,0,0,
34170,0,none,0,0,0,0,0,0,0,
137255,0,none,0,0,0,0,0,0,0,
141232,0,none,0,0,0,0,0,0,0,
76035,0,none,0,0,0,0,0,0,0,
45327,0,none,0,0,0,0,0,0,0,
56797,0,none,0,0,0,0,0,0,0,
146921,0,none,0,0,0,0,0,0,0,
84771,0,none,0,0,0,0,0,0,0,
88743,0,none,0,0,0,0,0,0,0,
181387,0,none,0,0,0,0,0,0,0,
78765,0,none,0,0,0,0,0,0,0,
141777,0,none,0,0,0,0,0,0,0,
17848,0,none,0,0,0,0,0,0,0,
131423,0,none,0,0,0,0,0,0,0,
187419,0,none,0,0,0,0,0,0,0,
45049,0,none,0,0,0,0,0,0,0,
34136,0,none,0,0,0,0,0,0,0,
66242,0,none,0,0,0,0,0,0,0,
20324,0,none,0,0,0,0,0,0,0,
154579,0,none,0,0,0,0,0,0,0,
182568,0,none,0,0,0,0,0,0,0,
96220,0,none,0,0,0,0,0,0,0,
86221,0,none,0,0,0,0,0,0,0,
151168,0,none,0,0,0,0,0,0,0,
59107,0,none,0,0,0,0,0,0,0,
32759,0,none,0,0,0,0,0,0,0,
31380,0,none,0,0,0,0,0,0,0,
121258,0,none,0,0,0,0,0,0,0,
73199,0,none,0,0,0,0,0,0,0,
166095,0,none,0,0,0,0,0,0,0,
26665,0,none,0,0,0,0,0,0,0,
172981,0,none,0,0,0,0,0,0,0,
110956,0,none,0,0,0,0,0,0,0,
45422,0,none,0,0,0,0,0,0,0,
48516,0,none,0,0,0,0,0,0,0,
64893,0,none,0,0,0,0,0,0,0,
40023,0,none,0,0,0,0,0,0,0,
37593,0,none,0,0,0,0,0,0,0,
89414,0,none,0,0,0,0,0,0,0,
110609,0,none,0,0,0,0,0,0,0,
81272,0,none,0,0,0,0,0,0,0,
135063,0,none,0,0,0,0,0,0,0,
13505,0,none,0,0,0,0,0,0,0,
131079,0,none,0,0,0,0,0,0,0,
66924,0,none,0,0,0,0,0,0,0,
118850,0,none,0,0,0,0,0,0,0,
151821,0,none,0,0,0,0,0,0,0,
4308,0,none,0,0,0,0,0,0,0,
69202,0,none,0,0,0,0,0,0,0,
182099,0,none,0,0,0,0,0,0,0,
179881,7,medium,0,0,0,0,1,0,1,double_free;size_int_overflow
109202,0,none,0,0,0,0,0,0,0,
137983,0,none,0,0,0,0,0,0,0,
109324,0,none,0,0,0,0,0,0,0,
101685,0,none,0,0,0,0,0,0,0,
135817,0,none,0,0,0,0,0,0,0,
133063,0,none,0,0,0,0,0,0,0,
82229,0,none,0,0,0,0,0,0,0,
46682,0,none,0,0,0,0,0,0,0,
75192,0,none,0,0,0,0,0,0,0,
32561,0,none,0,0,0,0,0,0,0,
128951,0,none,0,0,0,0,0,0,0,
88585,0,none,0,0,0,0,0,0,0,
58730,0,none,0,0,0,0,0,0,0,
120546,0,none,0,0,0,0,0,0,0,
117198,0,none,0,0,0,0,0,0,0,
66343,0,none,0,0,0,0,0,0,0,
175544,0,none,0,0,0,0,0,0,0,
94504,0,none,0,0,0,0,0,0,0,
130740,0,none,0,0,0,0,0,0,0,
149890,0,none,0,0,0,0,0,0,0,
151512,0,none,0,0,0,0,0,0,0,
70143,0,none,0,0,0,0,0,0,0,
48451,0,none,0,0,0,0,0,0,0,
86902,2,low,0,0,0,0,0,0,1,size_int_overflow
178511,8,medium,0,0,0,1,0,0,8,unchecked_alloc;size_int_overflow
59261,0,none,0,0,0,0,0,0,0,
125692,0,none,0,0,0,0,0,0,0,
130189,0,none,0,0,0,0,0,0,0,
81788,0,none,0,0,0,0,0,0,0,
13125,0,none,0,0,0,0,0,0,0,
71572,0,none,0,0,0,0,0,0,0,
63902,0,none,0,0,0,0,0,0,0,
95401,0,none,0,0,0,0,0,0,0,
84906,0,none,0,0,0,0,0,0,0,
81674,0,none,0,0,0,0,0,0,0,
82483,0,none,0,0,0,0,0,0,0,
129854,0,none,0,0,0,0,0,0,0,
46043,0,none,0,0,0,0,0,0,0,
124003,0,none,0,0,0,0,0,0,0,
148158,0,none,0,0,0,0,0,0,0,
136931,0,none,0,0,0,0,0,0,0,
135998,0,none,0,0,0,0,0,0,0,
54488,0,none,0,0,0,0,0,0,0,
130523,0,none,0,0,0,0,0,0,0,
19211,0,none,0,0,0,0,0,0,0,
115854,0,none,0,0,0,0,0,0,0,
21732,0,none,0,0,0,0,0,0,0,
115825,0,none,0,0,0,0,0,0,0,
131483,0,none,0,0,0,0,0,0,0,
14266,0,none,0,0,0,0,0,0,0,
74206,0,none,0,0,0,0,0,0,0,
20849,0,none,0,0,0,0,0,0,0,
26944,0,none,0,0,0,0,0,0,0,
106095,0,none,0,0,0,0,0,0,0,
117255,0,none,0,0,0,0,0,0,0,
15886,0,none,0,0,0,0,0,0,0,
82387,0,none,0,0,0,0,0,0,0,
144900,0,none,0,0,0,0,0,0,0,
73113,0,none,0,0,0,0,0,0,0,
20506,0,none,0,0,0,0,0,0,0,
15401,0,none,0,0,0,0,0,0,0,
152678,0,none,0,0,0,0,0,0,0,
158368,0,none,0,0,0,0,0,0,0,
58550,0,none,0,0,0,0,0,0,0,
170211,0,none,0,0,0,0,0,0,0,
168551,2,low,0,0,0,1,0,0,0,unchecked_alloc
59976,0,none,0,0,0,0,0,0,0,
83695,0,none,0,0,0,0,0,0,0,
134331,0,none,0,0,0,0,0,0,0,
177064,0,none,0,0,0,0,0,0,0,
2063,0,none,0,0,0,0,0,0,0,
104627,0,none,0,0,0,0,0,0,0,
147119,0,none,0,0,0,0,0,0,0,
59002,0,none,0,0,0,0,0,0,0,
12345,0,none,0,0,0,0,0,0,0,
80173,0,none,0,0,0,0,0,0,0,
10447,0,none,0,0,0,0,0,0,0,
54785,0,none,0,0,0,0,0,0,0,
41709,0,none,0,0,0,0,0,0,0,
3018,0,none,0,0,0,0,0,0,0,
32612,0,none,0,0,0,0,0,0,0,
150836,0,none,0,0,0,0,0,0,0,
444,0,none,0,0,0,0,0,0,0,
95293,0,none,0,0,0,0,0,0,0,
121821,0,none,0,0,0,0,0,0,0,
45370,0,none,0,0,0,0,0,0,0,
71092,0,none,0,0,0,0,0,0,0,
149022,0,none,0,0,0,0,0,0,0,
39642,0,none,0,0,0,0,0,0,0,
183715,0,none,0,0,0,0,0,0,0,
126250,0,none,0,0,0,0,0,0,0,
4178,0,none,0,0,0,0,0,0,0,
44016,0,none,0,0,0,0,0,0,0,
26609,0,none,0,0,0,0,0,0,0,
36035,0,none,0,0,0,0,0,0,0,
19845,0,none,0,0,0,0,0,0,0,
28275,0,none,0,0,0,0,0,0,0,
27820,0,none,0,0,0,0,0,0,0,
102201,0,none,0,0,0,0,0,0,0,
178766,0,none,0,0,0,0,0,0,0,
15667,0,none,0,0,0,0,0,0,0,
144767,0,none,0,0,0,0,0,0,0,
81169,0,none,0,0,0,0,0,0,0,
121979,0,none,0,0,0,0,0,0,0,
13741,0,none,0,0,0,0,0,0,0,
55711,2,low,0,0,0,0,0,0,1,size_int_overflow
114124,0,none,0,0,0,0,0,0,0,
81671,0,none,0,0,0,0,0,0,0,
79952,0,none,0,0,0,0,0,0,0,
133148,0,none,0,0,0,0,0,0,0,
159347,0,none,0,0,0,0,0,0,0,
77126,0,none,0,0,0,0,0,0,0,
98676,0,none,0,0,0,0,0,0,0,
113054,0,none,0,0,0,0,0,0,0,
87900,4,medium,0,0,1,0,0,0,0,format_string
20961,0,none,0,0,0,0,0,0,0,
39273,0,none,0,0,0,0,0,0,0,
107792,0,none,0,0,0,0,0,0,0,
186250,0,none,0,0,0,0,0,0,0,
79478,3,low,0,1,0,0,0,0,0,memcpy_unchecked
60097,0,none,0,0,0,0,0,0,0,
73635,0,none,0,0,0,0,0,0,0,
77878,0,none,0,0,0,0,0,0,0,
31149,0,none,0,0,0,0,0,0,0,
77792,0,none,0,0,0,0,0,0,0,
74457,0,none,0,0,0,0,0,0,0,
73969,0,none,0,0,0,0,0,0,0,
74721,0,none,0,0,0,0,0,0,0,
76880,0,none,0,0,0,0,0,0,0,
110605,0,none,0,0,0,0,0,0,0,
50006,0,none,0,0,0,0,0,0,0,
184062,0,none,0,0,0,0,0,0,0,
149215,0,none,0,0,0,0,0,0,0,
139623,0,none,0,0,0,0,0,0,0,
135831,0,none,0,0,0,0,0,0,0,
94928,0,none,0,0,0,0,0,0,0,
3983,0,none,0,0,0,0,0,0,0,
47505,0,none,0,0,0,0,0,0,0,
160843,0,none,0,0,0,0,0,0,0,
109073,0,none,0,0,0,0,0,0,0,
51069,0,none,0,0,0,0,0,0,0,
166851,0,none,0,0,0,0,0,0,0,
164065,0,none,0,0,0,0,0,0,0,
7236,0,none,0,0,0,0,0,0,0,
92941,0,none,0,0,0,0,0,0,0,
114163,0,none,0,0,0,0,0,0,0,
162942,0,none,0,0,0,0,0,0,0,
132877,0,none,0,0,0,0,0,0,0,
62369,0,none,0,0,0,0,0,0,0,
145194,0,none,0,0,0,0,0,0,0,
9213,0,none,0,0,0,0,0,0,0,
57880,0,none,0,0,0,0,0,0,0,
74358,0,none,0,0,0,0,0,0,0,
30200,0,none,0,0,0,0,0,0,0,
45155,0,none,0,0,0,0,0,0,0,
26824,0,none,0,0,0,0,0,0,0,
133156,0,none,0,0,0,0,0,0,0,
101017,0,none,0,0,0,0,0,0,0,
28855,0,none,0,0,0,0,0,0,0,
138100,0,none,0,0,0,0,0,0,0,
60083,0,none,0,0,0,0,0,0,0,
161688,0,none,0,0,0,0,0,0,0,
141341,0,none,0,0,0,0,0,0,0,
27840,0,none,0,0,0,0,0,0,0,
4924,0,none,0,0,0,0,0,0,0,
12455,0,none,0,0,0,0,0,0,0,
168751,0,none,0,0,0,0,0,0,0,
81842,0,none,0,0,0,0,0,0,0,
93679,0,none,0,0,0,0,0,0,0,
113757,0,none,0,0,0,0,0,0,0,
136809,0,none,0,0,0,0,0,0,0,
107315,0,none,0,0,0,0,0,0,0,
118657,0,none,0,0,0,0,0,0,0,
7915,0,none,0,0,0,0,0,0,0,
84279,0,none,0,0,0,0,0,0,0,
93986,0,none,0,0,0,0,0,0,0,
14116,0,none,0,0,0,0,0,0,0,
52540,0,none,0,0,0,0,0,0,0,
106245,0,none,0,0,0,0,0,0,0,
146676,0,none,0,0,0,0,0,0,0,
179451,0,none,0,0,0,0,0,0,0,
12845,0,none,0,0,0,0,0,0,0,
47359,0,none,0,0,0,0,0,0,0,
59641,5,medium,0,0,0,0,1,0,0,double_free
131615,0,none,0,0,0,0,0,0,0,
23662,0,none,0,0,0,0,0,0,0,
65329,0,none,0,0,0,0,0,0,0,
126984,0,none,0,0,0,0,0,0,0,
91410,0,none,0,0,0,0,0,0,0,
65093,0,none,0,0,0,0,0,0,0,
9501,0,none,0,0,0,0,0,0,0,
173139,0,none,0,0,0,0,0,0,0,
109382,0,none,0,0,0,0,0,0,0,
146726,0,none,0,0,0,0,0,0,0,
169353,0,none,0,0,0,0,0,0,0,
58104,0,none,0,0,0,0,0,0,0,
86610,0,none,0,0,0,0,0,0,0,
116090,0,none,0,0,0,0,0,0,0,
1222,0,none,0,0,0,0,0,0,0,
10434,0,none,0,0,0,0,0,0,0,
42788,0,none,0,0,0,0,0,0,0,
98587,0,none,0,0,0,0,0,0,0,
42906,0,none,0,0,0,0,0,0,0,
132476,0,none,0,0,0,0,0,0,0,
99209,0,none,0,0,0,0,0,0,0,
31600,0,none,0,0,0,0,0,0,0,
139634,0,none,0,0,0,0,0,0,0,
103477,0,none,0,0,0,0,0,0,0,
125894,0,none,0,0,0,0,0,0,0,
133704,0,none,0,0,0,0,0,0,0,
106829,0,none,0,0,0,0,0,0,0,
142624,0,none,0,0,0,0,0,0,0,
154203,0,none,0,0,0,0,0,0,0,
78573,0,none,0,0,0,0,0,0,0,
52867,0,none,0,0,0,0,0,0,0,
110741,0,none,0,0,0,0,0,0,0,
11490,0,none,0,0,0,0,0,0,0,
92182,0,none,0,0,0,0,0,0,0,
16500,0,none,0,0,0,0,0,0,0,
88459,0,none,0,0,0,0,0,0,0,
79334,0,none,0,0,0,0,0,0,0,
102789,0,none,0,0,0,0,0,0,0,
12632,0,none,0,0,0,0,0,0,0,
180780,0,none,0,0,0,0,0,0,0,
99483,0,none,0,0,0,0,0,0,0,
125997,0,none,0,0,0,0,0,0,0,
8900,0,none,0,0,0,0,0,0,0,
152611,0,none,0,0,0,0,0,0,0,
91543,0,none,0,0,0,0,0,0,0,
111088,0,none,0,0,0,0,0,0,0,
7615,0,none,0,0,0,0,0,0,0,
82739,0,none,0,0,0,0,0,0,0,
39299,0,none,0,0,0,0,0,0,0,
59328,0,none,0,0,0,0,0,0,0,
136771,0,none,0,0,0,0,0,0,0,
104023,0,none,0,0,0,0,0,0,0,
32722,0,none,0,0,0,0,0,0,0,
24946,0,none,0,0,0,0,0,0,0,
24603,0,none,0,0,0,0,0,0,0,
67770,0,none,0,0,0,0,0,0,0,
5006,0,none,0,0,0,0,0,0,0,
128789,0,none,0,0,0,0,0,0,0,
56138,0,none,0,0,0,0,0,0,0,
75482,0,none,0,0,0,0,0,0,0,
114308,0,none,0,0,0,0,0,0,0,
90359,0,none,0,0,0,0,0,0,0,
57724,0,none,0,0,0,0,0,0,0,
50642,12,high,0,2,0,0,0,0,4,memcpy_unchecked;size_int_overflow
81937,0,none,0,0,0,0,0,0,0,
35553,0,none,0,0,0,0,0,0,0,
117315,0,none,0,0,0,0,0,0,0,
80182,0,none,0,0,0,0,0,0,0,
167368,0,none,0,0,0,0,0,0,0,
140753,0,none,0,0,0,0,0,0,0,
122382,0,none,0,0,0,0,0,0,0,
53233,0,none,0,0,0,0,0,0,0,
51257,0,none,0,0,0,0,0,0,0,
16071,0,none,0,0,0,0,0,0,0,
9845,0,none,0,0,0,0,0,0,0,
114779,0,none,0,0,0,0,0,0,0,
80789,0,none,0,0,0,0,0,0,0,
15068,0,none,0,0,0,0,0,0,0,
29165,0,none,0,0,0,0,0,0,0,
67987,19,high,0,0,0,0,0,3,2,use_after_free;size_int_overflow
168556,0,none,0,0,0,0,0,0,0,
56331,0,none,0,0,0,0,0,0,0,
85626,0,none,0,0,0,0,0,0,0,
165139,0,none,0,0,0,0,0,0,0,
137173,0,none,0,0,0,0,0,0,0,
80299,0,none,0,0,0,0,0,0,0,
154108,0,none,0,0,0,0,0,0,0,
67306,0,none,0,0,0,0,0,0,0,
17414,0,none,0,0,0,0,0,0,0,
128285,0,none,0,0,0,0,0,0,0,
168947,0,none,0,0,0,0,0,0,0,
13464,0,none,0,0,0,0,0,0,0,
47253,0,none,0,0,0,0,0,0,0,
10836,0,none,0,0,0,0,0,0,0,
140372,0,none,0,0,0,0,0,0,0,
15649,0,none,0,0,0,0,0,0,0,
3370,0,none,0,0,0,0,0,0,0,
130768,0,none,0,0,0,0,0,0,0,
42379,6,medium,2,0,0,0,0,0,0,unsafe_func
55986,0,none,0,0,0,0,0,0,0,
82463,0,none,0,0,0,0,0,0,0,
178608,0,none,0,0,0,0,0,0,0,
85214,0,none,0,0,0,0,0,0,0,
149,0,none,0,0,0,0,0,0,0,
153991,0,none,0,0,0,0,0,0,0,
88551,0,none,0,0,0,0,0,0,0,
166639,0,none,0,0,0,0,0,0,0,
55806,0,none,0,0,0,0,0,0,0,
35115,0,none,0,0,0,0,0,0,0,
7818,0,none,0,0,0,0,0,0,0,
53831,0,none,0,0,0,0,0,0,0,
122717,0,none,0,0,0,0,0,0,0,
83209,0,none,0,0,0,0,0,0,0,
92913,0,none,0,0,0,0,0,0,0,
4757,0,none,0,0,0,0,0,0,0,
74123,0,none,0,0,0,0,0,0,0,
4866,0,none,0,0,0,0,0,0,0,
158650,0,none,0,0,0,0,0,0,0,
52703,0,none,0,0,0,0,0,0,0,
69534,0,none,0,0,0,0,0,0,0,
33,12,high,0,0,3,0,0,0,0,format_string
126020,0,none,0,0,0,0,0,0,0,
28688,0,none,0,0,0,0,0,0,0,
46112,0,none,0,0,0,0,0,0,0,
124436,0,none,0,0,0,0,0,0,0,
159990,0,none,0,0,0,0,0,0,0,
69514,3,low,0,1,0,0,0,0,0,memcpy_unchecked
136224,0,none,0,0,0,0,0,0,0,
171899,0,none,0,0,0,0,0,0,0,
134465,0,none,0,0,0,0,0,0,0,
51776,0,none,0,0,0,0,0,0,0,
135511,0,none,0,0,0,0,0,0,0,
165184,0,none,0,0,0,0,0,0,0,
36714,0,none,0,0,0,0,0,0,0,
175100,0,none,0,0,0,0,0,0,0,
80829,0,none,0,0,0,0,0,0,0,
9807,0,none,0,0,0,0,0,0,0,
138065,0,none,0,0,0,0,0,0,0,
56192,0,none,0,0,0,0,0,0,0,
70580,0,none,0,0,0,0,0,0,0,
136258,0,none,0,0,0,0,0,0,0,
138488,0,none,0,0,0,0,0,0,0,
155971,0,none,0,0,0,0,0,0,0,
172897,0,none,0,0,0,0,0,0,0,
760,0,none,0,0,0,0,0,0,0,
46764,0,none,0,0,0,0,0,0,0,
87816,0,none,0,0,0,0,0,0,0,
114290,0,none,0,0,0,0,0,0,0,
21751,0,none,0,0,0,0,0,0,0,
139299,0,none,0,0,0,0,0,0,0,
133527,0,none,0,0,0,0,0,0,0,
85140,0,none,0,0,0,0,0,0,0,
123275,0,none,0,0,0,0,0,0,0,
169708,0,none,0,0,0,0,0,0,0,
52010,0,none,0,0,0,0,0,0,0,
135662,0,none,0,0,0,0,0,0,0,
41230,0,none,0,0,0,0,0,0,0,
122145,0,none,0,0,0,0,0,0,0,
108155,0,none,0,0,0,0,0,0,0,
144411,0,none,0,0,0,0,0,0,0,
173709,0,none,0,0,0,0,0,0,0,
180885,0,none,0,0,0,0,0,0,0,
27032,0,none,0,0,0,0,0,0,0,
151939,0,none,0,0,0,0,0,0,0,
161798,0,none,0,0,0,0,0,0,0,
62107,0,none,0,0,0,0,0,0,0,
56280,0,none,0,0,0,0,0,0,0,
92981,0,none,0,0,0,0,0,0,0,
108860,0,none,0,0,0,0,0,0,0,
99691,0,none,0,0,0,0,0,0,0,
121044,0,none,0,0,0,0,0,0,0,
95314,3,low,0,1,0,0,0,0,0,memcpy_unchecked
114992,0,none,0,0,0,0,0,0,0,
40977,0,none,0,0,0,0,0,0,0,
116140,0,none,0,0,0,0,0,0,0,
59893,0,none,0,0,0,0,0,0,0,
155190,0,none,0,0,0,0,0,0,0,
11369,0,none,0,0,0,0,0,0,0,
82203,0,none,0,0,0,0,0,0,0,
175670,0,none,0,0,0,0,0,0,0,
149033,0,none,0,0,0,0,0,0,0,
66008,0,none,0,0,0,0,0,0,0,
16363,0,none,0,0,0,0,0,0,0,
27716,0,none,0,0,0,0,0,0,0,
104713,0,none,0,0,0,0,0,0,0,
49693,0,none,0,0,0,0,0,0,0,
167537,0,none,0,0,0,0,0,0,0,
147716,0,none,0,0,0,0,0,0,0,
72094,0,none,0,0,0,0,0,0,0,
176482,0,none,0,0,0,0,0,0,0,
167170,0,none,0,0,0,0,0,0,0,
176645,0,none,0,0,0,0,0,0,0,
39789,0,none,0,0,0,0,0,0,0,
4612,0,none,0,0,0,0,0,0,0,
25858,0,none,0,0,0,0,0,0,0,
86244,0,none,0,0,0,0,0,0,0,
123322,0,none,0,0,0,0,0,0,0,
60815,0,none,0,0,0,0,0,0,0,
2603,0,none,0,0,0,0,0,0,0,
46538,0,none,0,0,0,0,0,0,0,
64718,0,none,0,0,0,0,0,0,0,
90024,0,none,0,0,0,0,0,0,0,
155097,0,none,0,0,0,0,0,0,0,
163044,0,none,0,0,0,0,0,0,0,
92607,0,none,0,0,0,0,0,0,0,
90825,0,none,0,0,0,0,0,0,0,
10017,0,none,0,0,0,0,0,0,0,
180450,0,none,0,0,0,0,0,0,0,
72730,0,none,0,0,0,0,0,0,0,
49724,0,none,0,0,0,0,0,0,0,
53098,0,none,0,0,0,0,0,0,0,
117016,0,none,0,0,0,0,0,0,0,
146449,0,none,0,0,0,0,0,0,0,
116064,0,none,0,0,0,0,0,0,0,
11634,0,none,0,0,0,0,0,0,0,
4872,0,none,0,0,0,0,0,0,0,
56128,0,none,0,0,0,0,0,0,0,
185973,0,none,0,0,0,0,0,0,0,
58912,0,none,0,0,0,0,0,0,0,
44376,0,none,0,0,0,0,0,0,0,
3334,0,none,0,0,0,0,0,0,0,
156492,0,none,0,0,0,0,0,0,0,
119093,0,none,0,0,0,0,0,0,0,
157970,0,none,0,0,0,0,0,0,0,
12531,9,high,5,0,0,0,0,0,0,unsafe_func
170348,0,none,0,0,0,0,0,0,0,
69087,11,high,1,0,2,0,0,0,0,unsafe_func;format_string
99262,0,none,0,0,0,0,0,0,0,
46092,0,none,0,0,0,0,0,0,0,
15407,0,none,0,0,0,0,0,0,0,
112235,0,none,0,0,0,0,0,0,0,
16236,5,medium,1,0,0,1,0,0,0,unsafe_func;unchecked_alloc
65571,0,none,0,0,0,0,0,0,0,
185473,0,none,0,0,0,0,0,0,0,
45233,0,none,0,0,0,0,0,0,0,
85873,0,none,0,0,0,0,0,0,0,
65534,0,none,0,0,0,0,0,0,0,
131719,0,none,0,0,0,0,0,0,0,
96460,0,none,0,0,0,0,0,0,0,
121975,0,none,0,0,0,0,0,0,0,
4216,0,none,0,0,0,0,0,0,0,
44300,0,none,0,0,0,0,0,0,0,
90988,0,none,0,0,0,0,0,0,0,
100405,0,none,0,0,0,0,0,0,0,
2852,0,none,0,0,0,0,0,0,0,
119730,0,none,0,0,0,0,0,0,0,
114922,0,none,0,0,0,0,0,0,0,
72455,0,none,0,0,0,0,0,0,0,
60831,0,none,0,0,0,0,0,0,0,
161416,0,none,0,0,0,0,0,0,0,
77902,0,none,0,0,0,0,0,0,0,
156482,0,none,0,0,0,0,0,0,0,
167311,0,none,0,0,0,0,0,0,0,
18302,0,none,0,0,0,0,0,0,0,
35419,0,none,0,0,0,0,0,0,0,
34618,0,none,0,0,0,0,0,0,0,
137650,0,none,0,0,0,0,0,0,0,
147216,0,none,0,0,0,0,0,0,0,
79540,0,none,0,0,0,0,0,0,0,
55048,0,none,0,0,0,0,0,0,0,
171539,0,none,0,0,0,0,0,0,0,
155607,0,none,0,0,0,0,0,0,0,
160830,0,none,0,0,0,0,0,0,0,
20622,0,none,0,0,0,0,0,0,0,
82270,0,none,0,0,0,0,0,0,0,
157047,0,none,0,0,0,0,0,0,0,
46943,0,none,0,0,0,0,0,0,0,
166542,0,none,0,0,0,0,0,0,0,
99028,0,none,0,0,0,0,0,0,0,
118659,0,none,0,0,0,0,0,0,0,
121100,0,none,0,0,0,0,0,0,0,
178909,0,none,0,0,0,0,0,0,0,
53578,0,none,0,0,0,0,0,0,0,
181332,0,none,0,0,0,0,0,0,0,
84246,0,none,0,0,0,0,0,0,0,
106723,0,none,0,0,0,0,0,0,0,
147064,0,none,0,0,0,0,0,0,0,
28364,0,none,0,0,0,0,0,0,0,
170379,8,medium,0,2,0,1,0,0,0,memcpy_unchecked;unchecked_alloc
61034,0,none,0,0,0,0,0,0,0,
88789,0,none,0,0,0,0,0,0,0,
159830,0,none,0,0,0,0,0,0,0,
183953,0,none,0,0,0,0,0,0,0,
23258,0,none,0,0,0,0,0,0,0,
69892,0,none,0,0,0,0,0,0,0,
30461,0,none,0,0,0,0,0,0,0,
122796,0,none,0,0,0,0,0,0,0,
78215,0,none,0,0,0,0,0,0,0,
137634,0,none,0,0,0,0,0,0,0,
44553,0,none,0,0,0,0,0,0,0,
177612,0,none,0,0,0,0,0,0,0,
10478,0,none,0,0,0,0,0,0,0,
142915,0,none,0,0,0,0,0,0,0,
121187,0,none,0,0,0,0,0,0,0,
9038,0,none,0,0,0,0,0,0,0,
129668,0,none,0,0,0,0,0,0,0,
102015,0,none,0,0,0,0,0,0,0,
187043,0,none,0,0,0,0,0,0,0,
128376,0,none,0,0,0,0,0,0,0,
164730,0,none,0,0,0,0,0,0,0,
21218,0,none,0,0,0,0,0,0,0,
115734,0,none,0,0,0,0,0,0,0,
151344,0,none,0,0,0,0,0,0,0,
187670,0,none,0,0,0,0,0,0,0,
41678,0,none,0,0,0,0,0,0,0,
29690,0,none,0,0,0,0,0,0,0,
78792,0,none,0,0,0,0,0,0,0,
47740,0,none,0,0,0,0,0,0,0,
37796,0,none,0,0,0,0,0,0,0,
178244,0,none,0,0,0,0,0,0,0,
13641,0,none,0,0,0,0,0,0,0,
20520,0,none,0,0,0,0,0,0,0,
32734,0,none,0,0,0,0,0,0,0,
115342,0,none,0,0,0,0,0,0,0,
89664,0,none,0,0,0,0,0,0,0,
55453,0,none,0,0,0,0,0,0,0,
83414,0,none,0,0,0,0,0,0,0,
183591,0,none,0,0,0,0,0,0,0,
165810,0,none,0,0,0,0,0,0,0,
188615,0,none,0,0,0,0,0,0,0,
179871,0,none,0,0,0,0,0,0,0,
97556,0,none,0,0,0,0,0,0,0,
8502,0,none,0,0,0,0,0,0,0,
59370,0,none,0,0,0,0,0,0,0,
151717,0,none,0,0,0,0,0,0,0,
87082,0,none,0,0,0,0,0,0,0,
80655,0,none,0,0,0,0,0,0,0,
122916,0,none,0,0,0,0,0,0,0,
166912,0,none,0,0,0,0,0,0,0,
82609,0,none,0,0,0,0,0,0,0,
103357,0,none,0,0,0,0,0,0,0,
111443,0,none,0,0,0,0,0,0,0,
174662,0,none,0,0,0,0,0,0,0,
74656,0,none,0,0,0,0,0,0,0,
155420,0,none,0,0,0,0,0,0,0,
127767,0,none,0,0,0,0,0,0,0,
178149,0,none,0,0,0,0,0,0,0,
172596,0,none,0,0,0,0,0,0,0,
155296,0,none,0,0,0,0,0,0,0,
38936,0,none,0,0,0,0,0,0,0,
130291,0,none,0,0,0,0,0,0,0,
23739,3,low,0,1,0,0,0,0,0,memcpy_unchecked
153630,0,none,0,0,0,0,0,0,0,
133182,0,none,0,0,0,0,0,0,0,
63408,0,none,0,0,0,0,0,0,0,
124437,0,none,0,0,0,0,0,0,0,
112506,0,none,0,0,0,0,0,0,0,
81864,0,none,0,0,0,0,0,0,0,
4050,0,none,0,0,0,0,0,0,0,
401,0,none,0,0,0,0,0,0,0,
134807,0,none,0,0,0,0,0,0,0,
47687,0,none,0,0,0,0,0,0,0,
113222,0,none,0,0,0,0,0,0,0,
100374,0,none,0,0,0,0,0,0,0,
139243,0,none,0,0,0,0,0,0,0,
61558,0,none,0,0,0,0,0,0,0,
44737,0,none,0,0,0,0,0,0,0,
142490,0,none,0,0,0,0,0,0,0,
143229,0,none,0,0,0,0,0,0,0,
107733,0,none,0,0,0,0,0,0,0,
175383,0,none,0,0,0,0,0,0,0,
178521,25,high,8,1,2,0,1,0,0,unsafe_func;memcpy_unchecked;format_string;double_free
147671,0,none,0,0,0,0,0,0,0,
145863,0,none,0,0,0,0,0,0,0,
159631,0,none,0,0,0,0,0,0,0,
146931,0,none,0,0,0,0,0,0,0,
128525,0,none,0,0,0,0,0,0,0,
178472,0,none,0,0,0,0,0,0,0,
55442,0,none,0,0,0,0,0,0,0,
110774,0,none,0,0,0,0,0,0,0,
36520,0,none,0,0,0,0,0,0,0,
26233,0,none,0,0,0,0,0,0,0,
113698,0,none,0,0,0,0,0,0,0,
148814,0,none,0,0,0,0,0,0,0,
170459,0,none,0,0,0,0,0,0,0,
92391,0,none,0,0,0,0,0,0,0,
89882,0,none,0,0,0,0,0,0,0,
104915,0,none,0,0,0,0,0,0,0,
12799,0,none,0,0,0,0,0,0,0,
170031,0,none,0,0,0,0,0,0,0,
91945,0,none,0,0,0,0,0,0,0,
119634,0,none,0,0,0,0,0,0,0,
75633,5,medium,0,1,0,0,0,0,1,memcpy_unchecked;size_int_overflow
137825,0,none,0,0,0,0,0,0,0,
139146,0,none,0,0,0,0,0,0,0,
166430,0,none,0,0,0,0,0,0,0,
67331,0,none,0,0,0,0,0,0,0,
31695,0,none,0,0,0,0,0,0,0,
159338,0,none,0,0,0,0,0,0,0,
66912,0,none,0,0,0,0,0,0,0,
69509,4,medium,0,0,0,0,0,0,2,size_int_overflow
153235,0,none,0,0,0,0,0,0,0,
126929,0,none,0,0,0,0,0,0,0,
86780,0,none,0,0,0,0,0,0,0,
183133,0,none,0,0,0,0,0,0,0,
56903,0,none,0,0,0,0,0,0,0,
34383,0,none,0,0,0,0,0,0,0,
24131,0,none,0,0,0,0,0,0,0,
68921,0,none,0,0,0,0,0,0,0,
113166,0,none,0,0,0,0,0,0,0,
73325,0,none,0,0,0,0,0,0,0,
65398,0,none,0,0,0,0,0,0,0,
39678,0,none,0,0,0,0,0,0,0,
171523,0,none,0,0,0,0,0,0,0,
95803,0,none,0,0,0,0,0,0,0,
52231,0,none,0,0,0,0,0,0,0,
164938,0,none,0,0,0,0,0,0,0,
4946,0,none,0,0,0,0,0,0,0,
38002,0,none,0,0,0,0,0,0,0,
180432,3,low,0,1,0,0,0,0,0,memcpy_unchecked
89654,0,none,0,0,0,0,0,0,0,
25280,0,none,0,0,0,0,0,0,0,
130715,0,none,0,0,0,0,0,0,0,
57782,0,none,0,0,0,0,0,0,0,
67566,0,none,0,0,0,0,0,0,0,
161669,0,none,0,0,0,0,0,0,0,
1471,0,none,0,0,0,0,0,0,0,
184182,0,none,0,0,0,0,0,0,0,
132807,0,none,0,0,0,0,0,0,0,
87803,0,none,0,0,0,0,0,0,0,
30770,0,none,0,0,0,0,0,0,0,
127054,0,none,0,0,0,0,0,0,0,
114587,0,none,0,0,0,0,0,0,0,
34910,0,none,0,0,0,0,0,0,0,
78095,0,none,0,0,0,0,0,0,0,
152356,0,none,0,0,0,0,0,0,0,
8186,0,none,0,0,0,0,0,0,0,
90149,0,none,0,0,0,0,0,0,0,
68023,0,none,0,0,0,0,0,0,0,
105845,0,none,0,0,0,0,0,0,0,
125611,0,none,0,0,0,0,0,0,0,
46990,0,none,0,0,0,0,0,0,0,
48646,0,none,0,0,0,0,0,0,0,
108906,0,none,0,0,0,0,0,0,0,
125666,0,none,0,0,0,0,0,0,0,
30345,0,none,0,0,0,0,0,0,0,
82519,0,none,0,0,0,0,0,0,0,
47789,0,none,0,0,0,0,0,0,0,
154216,0,none,0,0,0,0,0,0,0,
10910,0,none,0,0,0,0,0,0,0,
55381,0,none,0,0,0,0,0,0,0,
173521,0,none,0,0,0,0,0,0,0,
168347,0,none,0,0,0,0,0,0,0,
83019,0,none,0,0,0,0,0,0,0,
70853,0,none,0,0,0,0,0,0,0,
72981,0,none,0,0,0,0,0,0,0,
1097,0,none,0,0,0,0,0,0,0,
122420,0,none,0,0,0,0,0,0,0,
186651,0,none,0,0,0,0,0,0,0,
107087,0,none,0,0,0,0,0,0,0,
144308,0,none,0,0,0,0,0,0,0,
169857,0,none,0,0,0,0,0,0,0,
13284,0,none,0,0,0,0,0,0,0,
75298,0,none,0,0,0,0,0,0,0,
129383,0,none,0,0,0,0,0,0,0,
158501,0,none,0,0,0,0,0,0,0,
100387,0,none,0,0,0,0,0,0,0,
75529,0,none,0,0,0,0,0,0,0,
59912,0,none,0,0,0,0,0,0,0,
164235,0,none,0,0,0,0,0,0,0,
110976,0,none,0,0,0,0,0,0,0,
168480,0,none,0,0,0,0,0,0,0,
145621,0,none,0,0,0,0,0,0,0,
34970,0,none,0,0,0,0,0,0,0,
106502,0,none,0,0,0,0,0,0,0,
103530,0,none,0,0,0,0,0,0,0,
57893,0,none,0,0,0,0,0,0,0,
163988,0,none,0,0,0,0,0,0,0,
93700,0,none,0,0,0,0,0,0,0,
39852,0,none,0,0,0,0,0,0,0,
29149,0,none,0,0,0,0,0,0,0,
132163,0,none,0,0,0,0,0,0,0,
152780,0,none,0,0,0,0,0,0,0,
112387,0,none,0,0,0,0,0,0,0,
87411,0,none,0,0,0,0,0,0,0,
110686,0,none,0,0,0,0,0,0,0,
36256,0,none,0,0,0,0,0,0,0,
187425,0,none,0,0,0,0,0,0,0,
64587,0,none,0,0,0,0,0,0,0,
108015,0,none,0,0,0,0,0,0,0,
19185,2,low,0,0,0,1,0,0,0,unchecked_alloc
176370,0,none,0,0,0,0,0,0,0,
181475,0,none,0,0,0,0,0,0,0,
142297,0,none,0,0,0,0,0,0,0,
153213,0,none,0,0,0,0,0,0,0,
58804,0,none,0,0,0,0,0,0,0,
29694,0,none,0,0,0,0,0,0,0,
80863,0,none,0,0,0,0,0,0,0,
112864,0,none,0,0,0,0,0,0,0,
151638,0,none,0,0,0,0,0,0,0,
37734,0,none,0,0,0,0,0,0,0,
94493,0,none,0,0,0,0,0,0,0,
135797,0,none,0,0,0,0,0,0,0,
82069,0,none,0,0,0,0,0,0,0,
145777,0,none,0,0,0,0,0,0,0,
95633,0,none,0,0,0,0,0,0,0,
49781,0,none,0,0,0,0,0,0,0,
175480,0,none,0,0,0,0,0,0,0,
115878,0,none,0,0,0,0,0,0,0,
35283,0,none,0,0,0,0,0,0,0,
162649,0,none,0,0,0,0,0,0,0,
103527,0,none,0,0,0,0,0,0,0,
131135,0,none,0,0,0,0,0,0,0,
178033,0,none,0,0,0,0,0,0,0,
100515,0,none,0,0,0,0,0,0,0,
39909,0,none,0,0,0,0,0,0,0,
19825,0,none,0,0,0,0,0,0,0,
525,0,none,0,0,0,0,0,0,0,
128005,0,none,0,0,0,0,0,0,0,
180574,0,none,0,0,0,0,0,0,0,
45130,0,none,0,0,0,0,0,0,0,
3494,0,none,0,0,0,0,0,0,0,
128611,0,none,0,0,0,0,0,0,0,
45769,0,none,0,0,0,0,0,0,0,
60910,0,none,0,0,0,0,0,0,0,
104139,0,none,0,0,0,0,0,0,0,
61498,0,none,0,0,0,0,0,0,0,
146674,0,none,0,0,0,0,0,0,0,
51737,0,none,0,0,0,0,0,0,0,
73537,0,none,0,0,0,0,0,0,0,
168918,0,none,0,0,0,0,0,0,0,
80941,0,none,0,0,0,0,0,0,0,
120629,0,none,0,0,0,0,0,0,0,
72596,0,none,0,0,0,0,0,0,0,
121891,0,none,0,0,0,0,0,0,0,
124819,0,none,0,0,0,0,0,0,0,
148759,0,none,0,0,0,0,0,0,0,
78153,9,high,0,3,0,0,0,0,0,memcpy_unchecked
149003,0,none,0,0,0,0,0,0,0,
41186,0,none,0,0,0,0,0,0,0,
71372,0,none,0,0,0,0,0,0,0,
99261,0,none,0,0,0,0,0,0,0,
150385,0,none,0,0,0,0,0,0,0,
58714,0,none,0,0,0,0,0,0,0,
155072,0,none,0,0,0,0,0,0,0,
181950,0,none,0,0,0,0,0,0,0,
156417,0,none,0,0,0,0,0,0,0,
24439,0,none,0,0,0,0,0,0,0,
3290,0,none,0,0,0,0,0,0,0,
36534,0,none,0,0,0,0,0,0,0,
121240,0,none,0,0,0,0,0,0,0,
19318,0,none,0,0,0,0,0,0,0,
73060,0,none,0,0,0,0,0,0,0,
111907,0,none,0,0,0,0,0,0,0,
32350,0,none,0,0,0,0,0,0,0,
2171,0,none,0,0,0,0,0,0,0,
8952,0,none,0,0,0,0,0,0,0,
108966,0,none,0,0,0,0,0,0,0,
145668,0,none,0,0,0,0,0,0,0,
68536,0,none,0,0,0,0,0,0,0,
148827,0,none,0,0,0,0,0,0,0,
82951,5,medium,0,1,0,1,0,0,0,memcpy_unchecked;unchecked_alloc
128128,0,none,0,0,0,0,0,0,0,
126735,0,none,0,0,0,0,0,0,0,
127906,0,none,0,0,0,0,0,0,0,
71735,0,none,0,0,0,0,0,0,0,
28400,0,none,0,0,0,0,0,0,0,
122132,0,none,0,0,0,0,0,0,0,
151257,0,none,0,0,0,0,0,0,0,
46428,0,none,0,0,0,0,0,0,0,
101237,0,none,0,0,0,0,0,0,0,
95059,0,none,0,0,0,0,0,0,0,
117601,0,none,0,0,0,0,0,0,0,
167009,0,none,0,0,0,0,0,0,0,
148227,0,none,0,0,0,0,0,0,0,
84589,0,none,0,0,0,0,0,0,0,
36139,5,medium,0,1,0,0,0,0,1,memcpy_unchecked;size_int_overflow
66224,0,none,0,0,0,0,0,0,0,
132409,0,none,0,0,0,0,0,0,0,
175096,0,none,0,0,0,0,0,0,0,
66018,0,none,0,0,0,0,0,0,0,
176738,0,none,0,0,0,0,0,0,0,
62566,0,none,0,0,0,0,0,0,0,
131548,0,none,0,0,0,0,0,0,0,
16473,0,none,0,0,0,0,0,0,0,
182292,0,none,0,0,0,0,0,0,0,
22508,0,none,0,0,0,0,0,0,0,
16176,12,high,2,0,0,14,0,0,0,unsafe_func;unchecked_alloc
1178,0,none,0,0,0,0,0,0,0,
161216,0,none,0,0,0,0,0,0,0,
65492,0,none,0,0,0,0,0,0,0,
23320,0,none,0,0,0,0,0,0,0,
158411,0,none,0,0,0,0,0,0,0,
58693,0,none,0,0,0,0,0,0,0,
15669,0,none,0,0,0,0,0,0,0,
186120,0,none,0,0,0,0,0,0,0,
95,0,none,0,0,0,0,0,0,0,
71139,0,none,0,0,0,0,0,0,0,
15182,0,none,0,0,0,0,0,0,0,
40149,0,none,0,0,0,0,0,0,0,
144744,0,none,0,0,0,0,0,0,0,
55826,0,none,0,0,0,0,0,0,0,
115382,0,none,0,0,0,0,0,0,0,
51345,0,none,0,0,0,0,0,0,0,
46476,0,none,0,0,0,0,0,0,0,
167511,0,none,0,0,0,0,0,0,0,
25942,0,none,0,0,0,0,0,0,0,
10849,0,none,0,0,0,0,0,0,0,
177131,0,none,0,0,0,0,0,0,0,
134827,0,none,0,0,0,0,0,0,0,
1607,0,none,0,0,0,0,0,0,0,
30010,0,none,0,0,0,0,0,0,0,
170159,0,none,0,0,0,0,0,0,0,
188228,0,none,0,0,0,0,0,0,0,
91314,0,none,0,0,0,0,0,0,0,
120744,0,none,0,0,0,0,0,0,0,
115966,0,none,0,0,0,0,0,0,0,
144711,0,none,0,0,0,0,0,0,0,
91173,0,none,0,0,0,0,0,0,0,
56653,0,none,0,0,0,0,0,0,0,
39243,0,none,0,0,0,0,0,0,0,
87976,0,none,0,0,0,0,0,0,0,
73147,0,none,0,0,0,0,0,0,0,
124828,0,none,0,0,0,0,0,0,0,
61029,0,none,0,0,0,0,0,0,0,
22320,0,none,0,0,0,0,0,0,0,
54015,0,none,0,0,0,0,0,0,0,
8374,0,none,0,0,0,0,0,0,0,
157209,0,none,0,0,0,0,0,0,0,
127536,0,none,0,0,0,0,0,0,0,
176549,0,none,0,0,0,0,0,0,0,
172774,3,low,0,1,0,0,0,0,0,memcpy_unchecked
118075,0,none,0,0,0,0,0,0,0,
155854,0,none,0,0,0,0,0,0,0,
69815,0,none,0,0,0,0,0,0,0,
39884,0,none,0,0,0,0,0,0,0,
25173,0,none,0,0,0,0,0,0,0,
178900,0,none,0,0,0,0,0,0,0,
70782,0,none,0,0,0,0,0,0,0,
173262,0,none,0,0,0,0,0,0,0,
182818,0,none,0,0,0,0,0,0,0,
58554,0,none,0,0,0,0,0,0,0,
157651,0,none,0,0,0,0,0,0,0,
99496,0,none,0,0,0,0,0,0,0,
69833,0,none,0,0,0,0,0,0,0,
80453,0,none,0,0,0,0,0,0,0,
121926,0,none,0,0,0,0,0,0,0,
180730,0,none,0,0,0,0,0,0,0,
179270,0,none,0,0,0,0,0,0,0,
91252,3,low,0,1,0,0,0,0,0,memcpy_unchecked
154241,0,none,0,0,0,0,0,0,0,
2332,0,none,0,0,0,0,0,0,0,
71610,0,none,0,0,0,0,0,0,0,
5588,3,low,0,1,0,0,0,0,0,memcpy_unchecked
49887,0,none,0,0,0,0,0,0,0,
114073,0,none,0,0,0,0,0,0,0,
54160,2,low,0,0,0,0,0,0,1,size_int_overflow
183864,0,none,0,0,0,0,0,0,0,
27953,0,none,0,0,0,0,0,0,0,
20780,0,none,0,0,0,0,0,0,0,
132429,0,none,0,0,0,0,0,0,0,
104856,0,none,0,0,0,0,0,0,0,
99497,0,none,0,0,0,0,0,0,0,
53340,0,none,0,0,0,0,0,0,0,
9362,0,none,0,0,0,0,0,0,0,
51546,0,none,0,0,0,0,0,0,0,
54424,0,none,0,0,0,0,0,0,0,
66442,0,none,0,0,0,0,0,0,0,
174500,0,none,0,0,0,0,0,0,0,
89841,0,none,0,0,0,0,0,0,0,
168697,0,none,0,0,0,0,0,0,0,
93432,0,none,0,0,0,0,0,0,0,
167528,0,none,0,0,0,0,0,0,0,
28550,0,none,0,0,0,0,0,0,0,
9608,0,none,0,0,0,0,0,0,0,
165721,0,none,0,0,0,0,0,0,0,
42264,0,none,0,0,0,0,0,0,0,
163391,0,none,0,0,0,0,0,0,0,
153277,0,none,0,0,0,0,0,0,0,
180225,0,none,0,0,0,0,0,0,0,
163162,0,none,0,0,0,0,0,0,0,
131666,0,none,0,0,0,0,0,0,0,
35257,0,none,0,0,0,0,0,0,0,
153720,0,none,0,0,0,0,0,0,0,
129342,0,none,0,0,0,0,0,0,0,
93191,0,none,0,0,0,0,0,0,0,
187422,0,none,0,0,0,0,0,0,0,
49181,0,none,0,0,0,0,0,0,0,
45279,0,none,0,0,0,0,0,0,0,
132996,0,none,0,0,0,0,0,0,0,
84915,0,none,0,0,0,0,0,0,0,
100646,0,none,0,0,0,0,0,0,0,
25493,0,none,0,0,0,0,0,0,0,
80723,0,none,0,0,0,0,0,0,0,
132995,0,none,0,0,0,0,0,0,0,
130660,0,none,0,0,0,0,0,0,0,
113453,0,none,0,0,0,0,0,0,0,
83251,0,none,0,0,0,0,0,0,0,
137626,0,none,0,0,0,0,0,0,0,
111244,0,none,0,0,0,0,0,0,0,
112752,0,none,0,0,0,0,0,0,0,
106389,0,none,0,0,0,0,0,0,0,
69342,3,low,0,1,0,0,0,0,0,memcpy_unchecked
16488,21,high,4,0,4,0,0,0,0,unsafe_func;format_string
2350,0,none,0,0,0,0,0,0,0,
1334,0,none,0,0,0,0,0,0,0,
44261,0,none,0,0,0,0,0,0,0,
46303,0,none,0,0,0,0,0,0,0,
163387,0,none,0,0,0,0,0,0,0,
151962,0,none,0,0,0,0,0,0,0,
21181,0,none,0,0,0,0,0,0,0,
11761,0,none,0,0,0,0,0,0,0,
86841,0,none,0,0,0,0,0,0,0,
62272,0,none,0,0,0,0,0,0,0,
97589,0,none,0,0,0,0,0,0,0,
21521,0,none,0,0,0,0,0,0,0,
136433,0,none,0,0,0,0,0,0,0,
68533,0,none,0,0,0,0,0,0,0,
139486,0,none,0,0,0,0,0,0,0,
16288,3,low,1,0,0,0,0,0,0,unsafe_func
128955,0,none,0,0,0,0,0,0,0,
28341,0,none,0,0,0,0,0,0,0,
113502,0,none,0,0,0,0,0,0,0,
163618,0,none,0,0,0,0,0,0,0,
111550,0,none,0,0,0,0,0,0,0,
77845,0,none,0,0,0,0,0,0,0,
9307,0,none,0,0,0,0,0,0,0,
45085,0,none,0,0,0,0,0,0,0,
64162,0,none,0,0,0,0,0,0,0,
60973,0,none,0,0,0,0,0,0,0,
93507,0,none,0,0,0,0,0,0,0,
119491,0,none,0,0,0,0,0,0,0,
10992,0,none,0,0,0,0,0,0,0,
71733,0,none,0,0,0,0,0,0,0,
152207,0,none,0,0,0,0,0,0,0,
82038,0,none,0,0,0,0,0,0,0,
107099,0,none,0,0,0,0,0,0,0,
89643,5,medium,0,0,0,0,0,1,0,use_after_free
123289,0,none,0,0,0,0,0,0,0,
138672,0,none,0,0,0,0,0,0,0,
29918,0,none,0,0,0,0,0,0,0,
43870,9,high,3,0,0,0,0,0,0,unsafe_func
114785,0,none,0,0,0,0,0,0,0,
130589,0,none,0,0,0,0,0,0,0,
88616,0,none,0,0,0,0,0,0,0,
10801,0,none,0,0,0,0,0,0,0,
91371,0,none,0,0,0,0,0,0,0,
13114,0,none,0,0,0,0,0,0,0,
13881,0,none,0,0,0,0,0,0,0,
79440,0,none,0,0,0,0,0,0,0,
112623,0,none,0,0,0,0,0,0,0,
44732,0,none,0,0,0,0,0,0,0,
55962,0,none,0,0,0,0,0,0,0,
104985,0,none,0,0,0,0,0,0,0,
153344,0,none,0,0,0,0,0,0,0,
10837,0,none,0,0,0,0,0,0,0,
181881,0,none,0,0,0,0,0,0,0,
47782,0,none,0,0,0,0,0,0,0,
15180,0,none,0,0,0,0,0,0,0,
161842,0,none,0,0,0,0,0,0,0,
67199,0,none,0,0,0,0,0,0,0,
109957,0,none,0,0,0,0,0,0,0,
33631,0,none,0,0,0,0,0,0,0,
167954,0,none,0,0,0,0,0,0,0,
165796,0,none,0,0,0,0,0,0,0,
65570,0,none,0,0,0,0,0,0,0,
109673,0,none,0,0,0,0,0,0,0,
20078,0,none,0,0,0,0,0,0,0,
116529,0,none,0,0,0,0,0,0,0,
103768,0,none,0,0,0,0,0,0,0,
163037,0,none,0,0,0,0,0,0,0,
26346,0,none,0,0,0,0,0,0,0,
118831,0,none,0,0,0,0,0,0,0,
78466,0,none,0,0,0,0,0,0,0,
135691,0,none,0,0,0,0,0,0,0,
132152,0,none,0,0,0,0,0,0,0,
131438,0,none,0,0,0,0,0,0,0,
184252,0,none,0,0,0,0,0,0,0,
147384,0,none,0,0,0,0,0,0,0,
145680,0,none,0,0,0,0,0,0,0,
185516,0,none,0,0,0,0,0,0,0,
16205,6,medium,2,0,0,0,0,0,0,unsafe_func
105317,0,none,0,0,0,0,0,0,0,
118979,0,none,0,0,0,0,0,0,0,
107183,0,none,0,0,0,0,0,0,0,
160536,0,none,0,0,0,0,0,0,0,
93379,0,none,0,0,0,0,0,0,0,
10031,4,medium,0,0,1,0,0,0,0,format_string
95686,11,high,6,0,0,0,0,0,1,unsafe_func;size_int_overflow
20232,0,none,0,0,0,0,0,0,0,
145536,0,none,0,0,0,0,0,0,0,
54980,0,none,0,0,0,0,0,0,0,
180646,0,none,0,0,0,0,0,0,0,
13139,0,none,0,0,0,0,0,0,0,
80868,0,none,0,0,0,0,0,0,0,
97868,0,none,0,0,0,0,0,0,0,
11349,0,none,0,0,0,0,0,0,0,
8586,0,none,0,0,0,0,0,0,0,
68944,0,none,0,0,0,0,0,0,0,
94522,0,none,0,0,0,0,0,0,0,
26370,0,none,0,0,0,0,0,0,0,
92930,0,none,0,0,0,0,0,0,0,
134949,0,none,0,0,0,0,0,0,0,
92778,0,none,0,0,0,0,0,0,0,
148893,0,none,0,0,0,0,0,0,0,
16841,0,none,0,0,0,0,0,0,0,
92697,0,none,0,0,0,0,0,0,0,
154208,0,none,0,0,0,0,0,0,0,
11409,0,none,0,0,0,0,0,0,0,
101625,0,none,0,0,0,0,0,0,0,
31229,0,none,0,0,0,0,0,0,0,
74516,0,none,0,0,0,0,0,0,0,
185752,0,none,0,0,0,0,0,0,0,
12244,0,none,0,0,0,0,0,0,0,
100825,0,none,0,0,0,0,0,0,0,
164133,0,none,0,0,0,0,0,0,0,
40260,0,none,0,0,0,0,0,0,0,
135697,0,none,0,0,0,0,0,0,0,
109550,0,none,0,0,0,0,0,0,0,
165950,0,none,0,0,0,0,0,0,0,
105162,0,none,0,0,0,0,0,0,0,
94069,0,none,0,0,0,0,0,0,0,
103294,0,none,0,0,0,0,0,0,0,
80078,0,none,0,0,0,0,0,0,0,
182025,0,none,0,0,0,0,0,0,0,
30219,0,none,0,0,0,0,0,0,0,
157830,0,none,0,0,0,0,0,0,0,
147688,0,none,0,0,0,0,0,0,0,
20368,0,none,0,0,0,0,0,0,0,
150025,0,none,0,0,0,0,0,0,0,
35977,0,none,0,0,0,0,0,0,0,
97641,0,none,0,0,0,0,0,0,0,
120771,0,none,0,0,0,0,0,0,0,
186411,0,none,0,0,0,0,0,0,0,
17487,0,none,0,0,0,0,0,0,0,
62292,0,none,0,0,0,0,0,0,0,
21525,0,none,0,0,0,0,0,0,0,
161595,0,none,0,0,0,0,0,0,0,
42181,0,none,0,0,0,0,0,0,0,
72766,0,none,0,0,0,0,0,0,0,
144013,0,none,0,0,0,0,0,0,0,
40012,0,none,0,0,0,0,0,0,0,
115955,0,none,0,0,0,0,0,0,0,
64572,0,none,0,0,0,0,0,0,0,
14357,0,none,0,0,0,0,0,0,0,
57088,2,low,0,0,0,0,0,0,1,size_int_overflow
151741,0,none,0,0,0,0,0,0,0,
64648,0,none,0,0,0,0,0,0,0,
40401,0,none,0,0,0,0,0,0,0,
48904,0,none,0,0,0,0,0,0,0,
116941,0,none,0,0,0,0,0,0,0,
56328,0,none,0,0,0,0,0,0,0,
81828,0,none,0,0,0,0,0,0,0,
62999,0,none,0,0,0,0,0,0,0,
61401,0,none,0,0,0,0,0,0,0,
40852,0,none,0,0,0,0,0,0,0,
73002,0,none,0,0,0,0,0,0,0,
9758,0,none,0,0,0,0,0,0,0,
46722,0,none,0,0,0,0,0,0,0,
122076,0,none,0,0,0,0,0,0,0,
156653,0,none,0,0,0,0,0,0,0,
89300,0,none,0,0,0,0,0,0,0,
89949,0,none,0,0,0,0,0,0,0,
188281,0,none,0,0,0,0,0,0,0,
75139,0,none,0,0,0,0,0,0,0,
168696,0,none,0,0,0,0,0,0,0,
134480,0,none,0,0,0,0,0,0,0,
127496,0,none,0,0,0,0,0,0,0,
103590,0,none,0,0,0,0,0,0,0,
181957,4,medium,0,0,0,2,0,0,0,unchecked_alloc
60460,0,none,0,0,0,0,0,0,0,
67983,0,none,0,0,0,0,0,0,0,
67412,0,none,0,0,0,0,0,0,0,
82727,0,none,0,0,0,0,0,0,0,
184315,0,none,0,0,0,0,0,0,0,
106546,0,none,0,0,0,0,0,0,0,
120558,0,none,0,0,0,0,0,0,0,
180177,0,none,0,0,0,0,0,0,0,
67417,0,none,0,0,0,0,0,0,0,
104238,0,none,0,0,0,0,0,0,0,
94231,0,none,0,0,0,0,0,0,0,
177751,0,none,0,0,0,0,0,0,0,
169019,0,none,0,0,0,0,0,0,0,
38272,0,none,0,0,0,0,0,0,0,
59487,0,none,0,0,0,0,0,0,0,
66817,0,none,0,0,0,0,0,0,0,
177092,0,none,0,0,0,0,0,0,0,
149244,0,none,0,0,0,0,0,0,0,
130948,0,none,0,0,0,0,0,0,0,
70737,0,none,0,0,0,0,0,0,0,
30180,0,none,0,0,0,0,0,0,0,
28592,0,none,0,0,0,0,0,0,0,
100666,0,none,0,0,0,0,0,0,0,
186345,0,none,0,0,0,0,0,0,0,
7392,0,none,0,0,0,0,0,0,0,
90854,0,none,0,0,0,0,0,0,0,
98403,0,none,0,0,0,0,0,0,0,
55454,0,none,0,0,0,0,0,0,0,
137746,0,none,0,0,0,0,0,0,0,
81718,0,none,0,0,0,0,0,0,0,
53321,0,none,0,0,0,0,0,0,0,
128161,0,none,0,0,0,0,0,0,0,
151654,0,none,0,0,0,0,0,0,0,
3364,0,none,0,0,0,0,0,0,0,
151872,0,none,0,0,0,0,0,0,0,
31323,0,none,0,0,0,0,0,0,0,
145643,0,none,0,0,0,0,0,0,0,
19834,0,none,0,0,0,0,0,0,0,
89375,2,low,0,0,0,1,0,0,0,unchecked_alloc
182539,0,none,0,0,0,0,0,0,0,
52820,3,low,1,0,0,0,0,0,0,unsafe_func
164343,0,none,0,0,0,0,0,0,0,
140226,0,none,0,0,0,0,0,0,0,
156335,0,none,0,0,0,0,0,0,0,
46517,0,none,0,0,0,0,0,0,0,
164733,0,none,0,0,0,0,0,0,0,
150807,0,none,0,0,0,0,0,0,0,
103974,0,none,0,0,0,0,0,0,0,
57760,0,none,0,0,0,0,0,0,0,
161616,0,none,0,0,0,0,0,0,0,
19001,0,none,0,0,0,0,0,0,0,
75259,0,none,0,0,0,0,0,0,0,
42945,0,none,0,0,0,0,0,0,0,
146434,0,none,0,0,0,0,0,0,0,
632,0,none,0,0,0,0,0,0,0,
119936,0,none,0,0,0,0,0,0,0,
64149,0,none,0,0,0,0,0,0,0,
172308,0,none,0,0,0,0,0,0,0,
97187,0,none,0,0,0,0,0,0,0,
139580,0,none,0,0,0,0,0,0,0,
42155,0,none,0,0,0,0,0,0,0,
88143,3,low,0,1,0,0,0,0,0,memcpy_unchecked
135894,0,none,0,0,0,0,0,0,0,
73566,0,none,0,0,0,0,0,0,0,
146298,0,none,0,0,0,0,0,0,0,
90333,0,none,0,0,0,0,0,0,0,
92319,0,none,0,0,0,0,0,0,0,
27598,0,none,0,0,0,0,0,0,0,
81775,0,none,0,0,0,0,0,0,0,
31677,0,none,0,0,0,0,0,0,0,
43793,0,none,0,0,0,0,0,0,0,
68830,0,none,0,0,0,0,0,0,0,
77303,0,none,0,0,0,0,0,0,0,
135570,0,none,0,0,0,0,0,0,0,
115170,0,none,0,0,0,0,0,0,0,
1562,0,none,0,0,0,0,0,0,0,
62027,0,none,0,0,0,0,0,0,0,
75902,0,none,0,0,0,0,0,0,0,
81193,0,none,0,0,0,0,0,0,0,
184012,0,none,0,0,0,0,0,0,0,
57731,0,none,0,0,0,0,0,0,0,
43047,0,none,0,0,0,0,0,0,0,
181067,0,none,0,0,0,0,0,0,0,
91348,0,none,0,0,0,0,0,0,0,
104517,0,none,0,0,0,0,0,0,0,
98793,0,none,0,0,0,0,0,0,0,
139393,0,none,0,0,0,0,0,0,0,
156738,0,none,0,0,0,0,0,0,0,
87553,0,none,0,0,0,0,0,0,0,
145231,0,none,0,0,0,0,0,0,0,
85697,0,none,0,0,0,0,0,0,0,
161770,0,none,0,0,0,0,0,0,0,
11172,0,none,0,0,0,0,0,0,0,
155172,0,none,0,0,0,0,0,0,0,
175084,0,none,0,0,0,0,0,0,0,
6422,0,none,0,0,0,0,0,0,0,
3246,0,none,0,0,0,0,0,0,0,
136723,0,none,0,0,0,0,0,0,0,
118387,0,none,0,0,0,0,0,0,0,
102783,0,none,0,0,0,0,0,0,0,
11998,0,none,0,0,0,0,0,0,0,
138014,0,none,0,0,0,0,0,0,0,
18889,0,none,0,0,0,0,0,0,0,
27905,0,none,0,0,0,0,0,0,0,
49432,0,none,0,0,0,0,0,0,0,
61262,0,none,0,0,0,0,0,0,0,
145248,0,none,0,0,0,0,0,0,0,
128772,0,none,0,0,0,0,0,0,0,
101001,0,none,0,0,0,0,0,0,0,
177752,0,none,0,0,0,0,0,0,0,
173756,0,none,0,0,0,0,0,0,0,
148343,0,none,0,0,0,0,0,0,0,
162685,0,none,0,0,0,0,0,0,0,
1425,0,none,0,0,0,0,0,0,0,
28204,0,none,0,0,0,0,0,0,0,
152269,0,none,0,0,0,0,0,0,0,
124282,0,none,0,0,0,0,0,0,0,
42555,0,none,0,0,0,0,0,0,0,
173183,0,none,0,0,0,0,0,0,0,
77852,0,none,0,0,0,0,0,0,0,
171426,0,none,0,0,0,0,0,0,0,
174228,0,none,0,0,0,0,0,0,0,
113327,0,none,0,0,0,0,0,0,0,
157269,0,none,0,0,0,0,0,0,0,
127077,0,none,0,0,0,0,0,0,0,
163757,0,none,0,0,0,0,0,0,0,
65706,0,none,0,0,0,0,0,0,0,
59980,0,none,0,0,0,0,0,0,0,
18968,0,none,0,0,0,0,0,0,0,
75252,0,none,0,0,0,0,0,0,0,
70497,2,low,0,0,0,0,0,0,1,size_int_overflow
65469,0,none,0,0,0,0,0,0,0,
61886,0,none,0,0,0,0,0,0,0,
5799,0,none,0,0,0,0,0,0,0,
105688,0,none,0,0,0,0,0,0,0,
32992,0,none,0,0,0,0,0,0,0,
40452,0,none,0,0,0,0,0,0,0,
145385,0,none,0,0,0,0,0,0,0,
176511,0,none,0,0,0,0,0,0,0,
168495,0,none,0,0,0,0,0,0,0,
37714,0,none,0,0,0,0,0,0,0,
154649,0,none,0,0,0,0,0,0,0,
146863,0,none,0,0,0,0,0,0,0,
155558,0,none,0,0,0,0,0,0,0,
47198,0,none,0,0,0,0,0,0,0,
63946,0,none,0,0,0,0,0,0,0,
3386,0,none,0,0,0,0,0,0,0,
51470,0,none,0,0,0,0,0,0,0,
112147,0,none,0,0,0,0,0,0,0,
169575,0,none,0,0,0,0,0,0,0,
76358,0,none,0,0,0,0,0,0,0,
156508,0,none,0,0,0,0,0,0,0,
58933,0,none,0,0,0,0,0,0,0,
92206,0,none,0,0,0,0,0,0,0,
79497,0,none,0,0,0,0,0,0,0,
182369,0,none,0,0,0,0,0,0,0,
26485,0,none,0,0,0,0,0,0,0,
52935,0,none,0,0,0,0,0,0,0,
115401,0,none,0,0,0,0,0,0,0,
146665,0,none,0,0,0,0,0,0,0,
2170,0,none,0,0,0,0,0,0,0,
108510,0,none,0,0,0,0,0,0,0,
25849,0,none,0,0,0,0,0,0,0,
83496,0,none,0,0,0,0,0,0,0,
179061,0,none,0,0,0,0,0,0,0,
94833,0,none,0,0,0,0,0,0,0,
34456,0,none,0,0,0,0,0,0,0,
3627,0,none,0,0,0,0,0,0,0,
143561,0,none,0,0,0,0,0,0,0,
11009,0,none,0,0,0,0,0,0,0,
13918,0,none,0,0,0,0,0,0,0,
83522,0,none,0,0,0,0,0,0,0,
32581,0,none,0,0,0,0,0,0,0,
36986,0,none,0,0,0,0,0,0,0,
2049,0,none,0,0,0,0,0,0,0,
17619,0,none,0,0,0,0,0,0,0,
89440,0,none,0,0,0,0,0,0,0,
150242,0,none,0,0,0,0,0,0,0,
95144,0,none,0,0,0,0,0,0,0,
138478,0,none,0,0,0,0,0,0,0,
36505,0,none,0,0,0,0,0,0,0,
58345,0,none,0,0,0,0,0,0,0,
48848,0,none,0,0,0,0,0,0,0,
69302,0,none,0,0,0,0,0,0,0,
52044,0,none,0,0,0,0,0,0,0,
63477,0,none,0,0,0,0,0,0,0,
76623,0,none,0,0,0,0,0,0,0,
105439,0,none,0,0,0,0,0,0,0,
40318,0,none,0,0,0,0,0,0,0,
181528,0,none,0,0,0,0,0,0,0,
87910,0,none,0,0,0,0,0,0,0,
107000,0,none,0,0,0,0,0,0,0,
181162,0,none,0,0,0,0,0,0,0,
116393,0,none,0,0,0,0,0,0,0,
3506,0,none,0,0,0,0,0,0,0,
67230,0,none,0,0,0,0,0,0,0,
22845,0,none,0,0,0,0,0,0,0,
154621,0,none,0,0,0,0,0,0,0,
5472,0,none,0,0,0,0,0,0,0,
140400,0,none,0,0,0,0,0,0,0,
10534,0,none,0,0,0,0,0,0,0,
5210,0,none,0,0,0,0,0,0,0,
43209,0,none,0,0,0,0,0,0,0,
36004,0,none,0,0,0,0,0,0,0,
73,0,none,0,0,0,0,0,0,0,
147302,0,none,0,0,0,0,0,0,0,
101599,0,none,0,0,0,0,0,0,0,
129607,0,none,0,0,0,0,0,0,0,
101232,0,none,0,0,0,0,0,0,0,
60721,0,none,0,0,0,0,0,0,0,
163247,0,none,0,0,0,0,0,0,0,
171640,0,none,0,0,0,0,0,0,0,
93835,0,none,0,0,0,0,0,0,0,
83327,0,none,0,0,0,0,0,0,0,
180886,0,none,0,0,0,0,0,0,0,
43179,0,none,0,0,0,0,0,0,0,
76878,0,none,0,0,0,0,0,0,0,
149906,0,none,0,0,0,0,0,0,0,
55338,6,medium,0,2,0,0,0,0,0,memcpy_unchecked
28106,0,none,0,0,0,0,0,0,0,
178054,0,none,0,0,0,0,0,0,0,
27486,0,none,0,0,0,0,0,0,0,
70406,0,none,0,0,0,0,0,0,0,
91559,0,none,0,0,0,0,0,0,0,
43642,0,none,0,0,0,0,0,0,0,
174678,0,none,0,0,0,0,0,0,0,
36621,0,none,0,0,0,0,0,0,0,
58565,0,none,0,0,0,0,0,0,0,
41061,0,none,0,0,0,0,0,0,0,
27992,0,none,0,0,0,0,0,0,0,
42772,0,none,0,0,0,0,0,0,0,
116414,0,none,0,0,0,0,0,0,0,
95490,0,none,0,0,0,0,0,0,0,
90751,0,none,0,0,0,0,0,0,0,
41023,0,none,0,0,0,0,0,0,0,
116689,0,none,0,0,0,0,0,0,0,
52724,0,none,0,0,0,0,0,0,0,
106835,0,none,0,0,0,0,0,0,0,
96804,0,none,0,0,0,0,0,0,0,
66356,0,none,0,0,0,0,0,0,0,
40056,0,none,0,0,0,0,0,0,0,
102932,0,none,0,0,0,0,0,0,0,
6633,3,low,0,1,0,0,0,0,0,memcpy_unchecked
90054,0,none,0,0,0,0,0,0,0,
77730,0,none,0,0,0,0,0,0,0,
59191,0,none,0,0,0,0,0,0,0,
92763,0,none,0,0,0,0,0,0,0,
75423,0,none,0,0,0,0,0,0,0,
15656,0,none,0,0,0,0,0,0,0,
54802,0,none,0,0,0,0,0,0,0,
185370,0,none,0,0,0,0,0,0,0,
160472,0,none,0,0,0,0,0,0,0,
96515,0,none,0,0,0,0,0,0,0,
32381,0,none,0,0,0,0,0,0,0,
161987,0,none,0,0,0,0,0,0,0,
93212,0,none,0,0,0,0,0,0,0,
79492,0,none,0,0,0,0,0,0,0,
91964,0,none,0,0,0,0,0,0,0,
156602,0,none,0,0,0,0,0,0,0,
73925,0,none,0,0,0,0,0,0,0,
104863,0,none,0,0,0,0,0,0,0,
101727,0,none,0,0,0,0,0,0,0,
103872,0,none,0,0,0,0,0,0,0,
171533,0,none,0,0,0,0,0,0,0,
113147,0,none,0,0,0,0,0,0,0,
96420,0,none,0,0,0,0,0,0,0,
96598,0,none,0,0,0,0,0,0,0,
16497,0,none,0,0,0,0,0,0,0,
110717,0,none,0,0,0,0,0,0,0,
70316,0,none,0,0,0,0,0,0,0,
35031,0,none,0,0,0,0,0,0,0,
56696,0,none,0,0,0,0,0,0,0,
106309,0,none,0,0,0,0,0,0,0,
85527,0,none,0,0,0,0,0,0,0,
3538,0,none,0,0,0,0,0,0,0,
181054,8,medium,0,0,2,0,0,0,0,format_string
80883,0,none,0,0,0,0,0,0,0,
177505,0,none,0,0,0,0,0,0,0,
70323,0,none,0,0,0,0,0,0,0,
89768,0,none,0,0,0,0,0,0,0,
65429,0,none,0,0,0,0,0,0,0,
40592,0,none,0,0,0,0,0,0,0,
20989,0,none,0,0,0,0,0,0,0,
158156,0,none,0,0,0,0,0,0,0,
32250,0,none,0,0,0,0,0,0,0,
188250,0,none,0,0,0,0,0,0,0,
15983,0,none,0,0,0,0,0,0,0,
31814,0,none,0,0,0,0,0,0,0,
143157,0,none,0,0,0,0,0,0,0,
125941,0,none,0,0,0,0,0,0,0,
158392,0,none,0,0,0,0,0,0,0,
168775,0,none,0,0,0,0,0,0,0,
149994,0,none,0,0,0,0,0,0,0,
121162,0,none,0,0,0,0,0,0,0,
45123,0,none,0,0,0,0,0,0,0,
149814,0,none,0,0,0,0,0,0,0,
63945,0,none,0,0,0,0,0,0,0,
154168,0,none,0,0,0,0,0,0,0,
169352,0,none,0,0,0,0,0,0,0,
169104,0,none,0,0,0,0,0,0,0,
16227,0,none,0,0,0,0,0,0,0,
93718,0,none,0,0,0,0,0,0,0,
91520,0,none,0,0,0,0,0,0,0,
72924,0,none,0,0,0,0,0,0,0,
185122,0,none,0,0,0,0,0,0,0,
166407,0,none,0,0,0,0,0,0,0,
123319,0,none,0,0,0,0,0,0,0,
143111,0,none,0,0,0,0,0,0,0,
72736,0,none,0,0,0,0,0,0,0,
44809,0,none,0,0,0,0,0,0,0,
138389,0,none,0,0,0,0,0,0,0,
117769,0,none,0,0,0,0,0,0,0,
125809,0,none,0,0,0,0,0,0,0,
135192,0,none,0,0,0,0,0,0,0,
46935,0,none,0,0,0,0,0,0,0,
75985,0,none,0,0,0,0,0,0,0,
177739,0,none,0,0,0,0,0,0,0,
184249,0,none,0,0,0,0,0,0,0,
173759,0,none,0,0,0,0,0,0,0,
23631,0,none,0,0,0,0,0,0,0,
155342,0,none,0,0,0,0,0,0,0,
108445,0,none,0,0,0,0,0,0,0,
37752,0,none,0,0,0,0,0,0,0,
34562,0,none,0,0,0,0,0,0,0,
156930,0,none,0,0,0,0,0,0,0,
6942,0,none,0,0,0,0,0,0,0,
163945,0,none,0,0,0,0,0,0,0,
14548,0,none,0,0,0,0,0,0,0,
177662,0,none,0,0,0,0,0,0,0,
124453,0,none,0,0,0,0,0,0,0,
83902,0,none,0,0,0,0,0,0,0,
92110,0,none,0,0,0,0,0,0,0,
123882,0,none,0,0,0,0,0,0,0,
59022,0,none,0,0,0,0,0,0,0,
130326,0,none,0,0,0,0,0,0,0,
16644,0,none,0,0,0,0,0,0,0,
172795,0,none,0,0,0,0,0,0,0,
77534,0,none,0,0,0,0,0,0,0,
60709,0,none,0,0,0,0,0,0,0,
110367,0,none,0,0,0,0,0,0,0,
72182,0,none,0,0,0,0,0,0,0,
85174,0,none,0,0,0,0,0,0,0,
160354,0,none,0,0,0,0,0,0,0,
78161,0,none,0,0,0,0,0,0,0,
85712,0,none,0,0,0,0,0,0,0,
80512,0,none,0,0,0,0,0,0,0,
187220,0,none,0,0,0,0,0,0,0,
23620,0,none,0,0,0,0,0,0,0,
96895,0,none,0,0,0,0,0,0,0,
93860,0,none,0,0,0,0,0,0,0,
61101,0,none,0,0,0,0,0,0,0,
136981,0,none,0,0,0,0,0,0,0,
26017,0,none,0,0,0,0,0,0,0,
77707,0,none,0,0,0,0,0,0,0,
147982,0,none,0,0,0,0,0,0,0,
62699,0,none,0,0,0,0,0,0,0,
178525,0,none,0,0,0,0,0,0,0,
23977,0,none,0,0,0,0,0,0,0,
179515,0,none,0,0,0,0,0,0,0,
126074,0,none,0,0,0,0,0,0,0,
24463,0,none,0,0,0,0,0,0,0,
99870,0,none,0,0,0,0,0,0,0,
2080,0,none,0,0,0,0,0,0,0,
90212,0,none,0,0,0,0,0,0,0,
156320,0,none,0,0,0,0,0,0,0,
169780,0,none,0,0,0,0,0,0,0,
68340,0,none,0,0,0,0,0,0,0,
110370,0,none,0,0,0,0,0,0,0,
26620,0,none,0,0,0,0,0,0,0,
166903,0,none,0,0,0,0,0,0,0,
49968,0,none,0,0,0,0,0,0,0,
110542,0,none,0,0,0,0,0,0,0,
71581,0,none,0,0,0,0,0,0,0,
183063,0,none,0,0,0,0,0,0,0,
72748,0,none,0,0,0,0,0,0,0,
134395,0,none,0,0,0,0,0,0,0,
186550,0,none,0,0,0,0,0,0,0,
44005,0,none,0,0,0,0,0,0,0,
126374,0,none,0,0,0,0,0,0,0,
178184,0,none,0,0,0,0,0,0,0,
13518,0,none,0,0,0,0,0,0,0,
158926,0,none,0,0,0,0,0,0,0,
56207,0,none,0,0,0,0,0,0,0,
39343,0,none,0,0,0,0,0,0,0,
63962,0,none,0,0,0,0,0,0,0,
16172,9,high,1,0,0,6,0,0,0,unsafe_func;unchecked_alloc
30515,0,none,0,0,0,0,0,0,0,
145110,0,none,0,0,0,0,0,0,0,
161941,0,none,0,0,0,0,0,0,0,
169349,0,none,0,0,0,0,0,0,0,
122328,0,none,0,0,0,0,0,0,0,
148848,0,none,0,0,0,0,0,0,0,
187712,0,none,0,0,0,0,0,0,0,
145688,0,none,0,0,0,0,0,0,0,
112868,0,none,0,0,0,0,0,0,0,
121604,0,none,0,0,0,0,0,0,0,
119713,0,none,0,0,0,0,0,0,0,
28406,0,none,0,0,0,0,0,0,0,
176243,0,none,0,0,0,0,0,0,0,
134402,0,none,0,0,0,0,0,0,0,
29428,0,none,0,0,0,0,0,0,0,
137356,0,none,0,0,0,0,0,0,0,
120007,0,none,0,0,0,0,0,0,0,
7715,0,none,0,0,0,0,0,0,0,
148281,0,none,0,0,0,0,0,0,0,
168162,0,none,0,0,0,0,0,0,0,
169282,0,none,0,0,0,0,0,0,0,
174151,0,none,0,0,0,0,0,0,0,
122560,0,none,0,0,0,0,0,0,0,
167550,0,none,0,0,0,0,0,0,0,
146110,0,none,0,0,0,0,0,0,0,
19555,2,low,0,0,0,0,0,0,1,size_int_overflow
149772,0,none,0,0,0,0,0,0,0,
135926,0,none,0,0,0,0,0,0,0,
148939,0,none,0,0,0,0,0,0,0,
27507,0,none,0,0,0,0,0,0,0,
3992,0,none,0,0,0,0,0,0,0,
117542,0,none,0,0,0,0,0,0,0,
109458,0,none,0,0,0,0,0,0,0,
167678,0,none,0,0,0,0,0,0,0,
49834,0,none,0,0,0,0,0,0,0,
36203,0,none,0,0,0,0,0,0,0,
137577,0,none,0,0,0,0,0,0,0,
114070,0,none,0,0,0,0,0,0,0,
37539,0,none,0,0,0,0,0,0,0,
114438,0,none,0,0,0,0,0,0,0,
17349,0,none,0,0,0,0,0,0,0,
147053,0,none,0,0,0,0,0,0,0,
77874,0,none,0,0,0,0,0,0,0,
77827,0,none,0,0,0,0,0,0,0,
41412,0,none,0,0,0,0,0,0,0,
5916,0,none,0,0,0,0,0,0,0,
57673,0,none,0,0,0,0,0,0,0,
83197,0,none,0,0,0,0,0,0,0,
38411,2,low,0,0,0,0,0,0,1,size_int_overflow
160817,0,none,0,0,0,0,0,0,0,
82450,6,medium,0,0,0,1,0,0,2,unchecked_alloc;size_int_overflow
163102,0,none,0,0,0,0,0,0,0,
169129,0,none,0,0,0,0,0,0,0,
45533,0,none,0,0,0,0,0,0,0,
178252,8,medium,0,0,0,2,0,0,2,unchecked_alloc;size_int_overflow
4959,0,none,0,0,0,0,0,0,0,
79316,0,none,0,0,0,0,0,0,0,
23787,0,none,0,0,0,0,0,0,0,
103092,0,none,0,0,0,0,0,0,0,
10632,0,none,0,0,0,0,0,0,0,
135503,0,none,0,0,0,0,0,0,0,
23070,0,none,0,0,0,0,0,0,0,
81444,0,none,0,0,0,0,0,0,0,
124865,0,none,0,0,0,0,0,0,0,
122460,0,none,0,0,0,0,0,0,0,
92823,0,none,0,0,0,0,0,0,0,
176368,0,none,0,0,0,0,0,0,0,
25611,0,none,0,0,0,0,0,0,0,
96089,0,none,0,0,0,0,0,0,0,
37343,0,none,0,0,0,0,0,0,0,
60640,0,none,0,0,0,0,0,0,0,
161228,0,none,0,0,0,0,0,0,0,
7274,0,none,0,0,0,0,0,0,0,
105339,0,none,0,0,0,0,0,0,0,
174061,10,high,2,0,0,0,0,0,2,unsafe_func;size_int_overflow
142021,0,none,0,0,0,0,0,0,0,
148401,0,none,0,0,0,0,0,0,0,
169199,0,none,0,0,0,0,0,0,0,
188496,0,none,0,0,0,0,0,0,0,
80123,0,none,0,0,0,0,0,0,0,
22429,0,none,0,0,0,0,0,0,0,
127928,0,none,0,0,0,0,0,0,0,
1361,0,none,0,0,0,0,0,0,0,
142181,0,none,0,0,0,0,0,0,0,
88115,0,none,0,0,0,0,0,0,0,
186219,0,none,0,0,0,0,0,0,0,
85690,0,none,0,0,0,0,0,0,0,
138428,0,none,0,0,0,0,0,0,0,
3828,0,none,0,0,0,0,0,0,0,
58027,0,none,0,0,0,0,0,0,0,
187878,0,none,0,0,0,0,0,0,0,
15108,0,none,0,0,0,0,0,0,0,
65963,0,none,0,0,0,0,0,0,0,
16292,0,none,0,0,0,0,0,0,0,
81689,0,none,0,0,0,0,0,0,0,
111947,0,none,0,0,0,0,0,0,0,
142207,0,none,0,0,0,0,0,0,0,
48301,0,none,0,0,0,0,0,0,0,
147751,0,none,0,0,0,0,0,0,0,
104872,0,none,0,0,0,0,0,0,0,
172892,0,none,0,0,0,0,0,0,0,
81250,0,none,0,0,0,0,0,0,0,
173456,0,none,0,0,0,0,0,0,0,
31001,0,none,0,0,0,0,0,0,0,
127177,0,none,0,0,0,0,0,0,0,
17424,0,none,0,0,0,0,0,0,0,
31712,0,none,0,0,0,0,0,0,0,
152755,0,none,0,0,0,0,0,0,0,
121305,0,none,0,0,0,0,0,0,0,
176759,0,none,0,0,0,0,0,0,0,
154506,0,none,0,0,0,0,0,0,0,
33908,4,medium,0,0,0,2,0,0,0,unchecked_alloc
156376,0,none,0,0,0,0,0,0,0,
181151,0,none,0,0,0,0,0,0,0,
1549,0,none,0,0,0,0,0,0,0,
26353,0,none,0,0,0,0,0,0,0,
123074,0,none,0,0,0,0,0,0,0,
9262,0,none,0,0,0,0,0,0,0,
102184,0,none,0,0,0,0,0,0,0,
63198,0,none,0,0,0,0,0,0,0,
42328,0,none,0,0,0,0,0,0,0,
26932,0,none,0,0,0,0,0,0,0,
42116,0,none,0,0,0,0,0,0,0,
61068,0,none,0,0,0,0,0,0,0,
127501,0,none,0,0,0,0,0,0,0,
121131,0,none,0,0,0,0,0,0,0,
58954,0,none,0,0,0,0,0,0,0,
159072,0,none,0,0,0,0,0,0,0,
69540,0,none,0,0,0,0,0,0,0,
94342,0,none,0,0,0,0,0,0,0,
122130,0,none,0,0,0,0,0,0,0,
7410,0,none,0,0,0,0,0,0,0,
154080,0,none,0,0,0,0,0,0,0,
117672,0,none,0,0,0,0,0,0,0,
28765,0,none,0,0,0,0,0,0,0,
12169,0,none,0,0,0,0,0,0,0,
66169,0,none,0,0,0,0,0,0,0,
3331,0,none,0,0,0,0,0,0,0,
82758,0,none,0,0,0,0,0,0,0,
66261,0,none,0,0,0,0,0,0,0,
144747,0,none,0,0,0,0,0,0,0,
24865,0,none,0,0,0,0,0,0,0,
33087,0,none,0,0,0,0,0,0,0,
95936,0,none,0,0,0,0,0,0,0,
166749,0,none,0,0,0,0,0,0,0,
185993,0,none,0,0,0,0,0,0,0,
117809,0,none,0,0,0,0,0,0,0,
117599,0,none,0,0,0,0,0,0,0,
181581,0,none,0,0,0,0,0,0,0,
64472,0,none,0,0,0,0,0,0,0,
1385,0,none,0,0,0,0,0,0,0,
143677,0,none,0,0,0,0,0,0,0,
141466,0,none,0,0,0,0,0,0,0,
52741,7,medium,1,0,0,0,0,0,2,unsafe_func;size_int_overflow
117021,0,none,0,0,0,0,0,0,0,
108984,0,none,0,0,0,0,0,0,0,
176504,0,none,0,0,0,0,0,0,0,
156401,0,none,0,0,0,0,0,0,0,
122086,0,none,0,0,0,0,0,0,0,
33951,0,none,0,0,0,0,0,0,0,
180664,0,none,0,0,0,0,0,0,0,
137681,0,none,0,0,0,0,0,0,0,
38091,0,none,0,0,0,0,0,0,0,
88226,0,none,0,0,0,0,0,0,0,
29671,0,none,0,0,0,0,0,0,0,
475,0,none,0,0,0,0,0,0,0,
134990,0,none,0,0,0,0,0,0,0,
121740,0,none,0,0,0,0,0,0,0,
87397,0,none,0,0,0,0,0,0,0,
79118,0,none,0,0,0,0,0,0,0,
49133,6,medium,0,2,0,0,0,0,0,memcpy_unchecked
35569,0,none,0,0,0,0,0,0,0,
88966,0,none,0,0,0,0,0,0,0,
168405,0,none,0,0,0,0,0,0,0,
80064,0,none,0,0,0,0,0,0,0,
6335,0,none,0,0,0,0,0,0,0,
55344,0,none,0,0,0,0,0,0,0,
166499,0,none,0,0,0,0,0,0,0,
118285,0,none,0,0,0,0,0,0,0,
56676,0,none,0,0,0,0,0,0,0,
89552,0,none,0,0,0,0,0,0,0,
63227,0,none,0,0,0,0,0,0,0,
149479,0,none,0,0,0,0,0,0,0,
165699,0,none,0,0,0,0,0,0,0,
35781,0,none,0,0,0,0,0,0,0,
162893,0,none,0,0,0,0,0,0,0,
40661,0,none,0,0,0,0,0,0,0,
103840,0,none,0,0,0,0,0,0,0,
148925,0,none,0,0,0,0,0,0,0,
167787,0,none,0,0,0,0,0,0,0,
101794,0,none,0,0,0,0,0,0,0,
45535,0,none,0,0,0,0,0,0,0,
9981,0,none,0,0,0,0,0,0,0,
149421,0,none,0,0,0,0,0,0,0,
138291,0,none,0,0,0,0,0,0,0,
121597,0,none,0,0,0,0,0,0,0,
95665,0,none,0,0,0,0,0,0,0,
36097,0,none,0,0,0,0,0,0,0,
1378,0,none,0,0,0,0,0,0,0,
28405,0,none,0,0,0,0,0,0,0,
107261,0,none,0,0,0,0,0,0,0,
116083,0,none,0,0,0,0,0,0,0,
32555,0,none,0,0,0,0,0,0,0,
126567,0,none,0,0,0,0,0,0,0,
80360,0,none,0,0,0,0,0,0,0,
42997,0,none,0,0,0,0,0,0,0,
123752,0,none,0,0,0,0,0,0,0,
90728,0,none,0,0,0,0,0,0,0,
45041,0,none,0,0,0,0,0,0,0,
184032,0,none,0,0,0,0,0,0,0,
77558,0,none,0,0,0,0,0,0,0,
1298,0,none,0,0,0,0,0,0,0,
134780,0,none,0,0,0,0,0,0,0,
143242,0,none,0,0,0,0,0,0,0,
44847,0,none,0,0,0,0,0,0,0,
166413,0,none,0,0,0,0,0,0,0,
30728,0,none,0,0,0,0,0,0,0,
92264,0,none,0,0,0,0,0,0,0,
155082,0,none,0,0,0,0,0,0,0,
160564,0,none,0,0,0,0,0,0,0,
127599,0,none,0,0,0,0,0,0,0,
161030,0,none,0,0,0,0,0,0,0,
136521,0,none,0,0,0,0,0,0,0,
44357,0,none,0,0,0,0,0,0,0,
144759,0,none,0,0,0,0,0,0,0,
55602,0,none,0,0,0,0,0,0,0,
178650,0,none,0,0,0,0,0,0,0,
79167,0,none,0,0,0,0,0,0,0,
100280,0,none,0,0,0,0,0,0,0,
145758,0,none,0,0,0,0,0,0,0,
31573,0,none,0,0,0,0,0,0,0,
126064,0,none,0,0,0,0,0,0,0,
166249,0,none,0,0,0,0,0,0,0,
1838,0,none,0,0,0,0,0,0,0,
69361,0,none,0,0,0,0,0,0,0,
44164,0,none,0,0,0,0,0,0,0,
65442,0,none,0,0,0,0,0,0,0,
80976,0,none,0,0,0,0,0,0,0,
104496,0,none,0,0,0,0,0,0,0,
160211,0,none,0,0,0,0,0,0,0,
3815,0,none,0,0,0,0,0,0,0,
36075,0,none,0,0,0,0,0,0,0,
183907,0,none,0,0,0,0,0,0,0,
141290,0,none,0,0,0,0,0,0,0,
115711,0,none,0,0,0,0,0,0,0,
148024,0,none,0,0,0,0,0,0,0,
185338,0,none,0,0,0,0,0,0,0,
42779,0,none,0,0,0,0,0,0,0,
67456,0,none,0,0,0,0,0,0,0,
104037,0,none,0,0,0,0,0,0,0,
29673,0,none,0,0,0,0,0,0,0,
123722,0,none,0,0,0,0,0,0,0,
116583,0,none,0,0,0,0,0,0,0,
126087,0,none,0,0,0,0,0,0,0,
123054,0,none,0,0,0,0,0,0,0,
123609,0,none,0,0,0,0,0,0,0,
116335,0,none,0,0,0,0,0,0,0,
85511,0,none,0,0,0,0,0,0,0,
159963,0,none,0,0,0,0,0,0,0,
142372,0,none,0,0,0,0,0,0,0,
46658,9,high,0,3,0,0,0,0,0,memcpy_unchecked
134975,0,none,0,0,0,0,0,0,0,
75915,0,none,0,0,0,0,0,0,0,
14879,0,none,0,0,0,0,0,0,0,
155768,0,none,0,0,0,0,0,0,0,
62194,0,none,0,0,0,0,0,0,0,
41398,0,none,0,0,0,0,0,0,0,
134599,0,none,0,0,0,0,0,0,0,
130522,0,none,0,0,0,0,0,0,0,
6451,0,none,0,0,0,0,0,0,0,
17078,0,none,0,0,0,0,0,0,0,
35663,0,none,0,0,0,0,0,0,0,
103311,0,none,0,0,0,0,0,0,0,
114349,0,none,0,0,0,0,0,0,0,
120356,0,none,0,0,0,0,0,0,0,
76290,0,none,0,0,0,0,0,0,0,
170222,0,none,0,0,0,0,0,0,0,
25216,0,none,0,0,0,0,0,0,0,
168450,0,none,0,0,0,0,0,0,0,
106343,0,none,0,0,0,0,0,0,0,
80815,0,none,0,0,0,0,0,0,0,
100260,0,none,0,0,0,0,0,0,0,
86342,0,none,0,0,0,0,0,0,0,
37791,0,none,0,0,0,0,0,0,0,
150754,0,none,0,0,0,0,0,0,0,
101752,0,none,0,0,0,0,0,0,0,
62075,0,none,0,0,0,0,0,0,0,
88815,0,none,0,0,0,0,0,0,0,
4251,0,none,0,0,0,0,0,0,0,
169832,0,none,0,0,0,0,0,0,0,
11438,0,none,0,0,0,0,0,0,0,
98882,0,none,0,0,0,0,0,0,0,
36101,0,none,0,0,0,0,0,0,0,
182428,0,none,0,0,0,0,0,0,0,
161452,0,none,0,0,0,0,0,0,0,
49883,0,none,0,0,0,0,0,0,0,
21950,0,none,0,0,0,0,0,0,0,
19935,0,none,0,0,0,0,0,0,0,
112628,0,none,0,0,0,0,0,0,0,
38014,0,none,0,0,0,0,0,0,0,
94639,0,none,0,0,0,0,0,0,0,
68211,0,none,0,0,0,0,0,0,0,
104841,0,none,0,0,0,0,0,0,0,
102936,0,none,0,0,0,0,0,0,0,
38562,0,none,0,0,0,0,0,0,0,
12161,0,none,0,0,0,0,0,0,0,
173823,0,none,0,0,0,0,0,0,0,
137980,0,none,0,0,0,0,0,0,0,
161083,0,none,0,0,0,0,0,0,0,
46858,0,none,0,0,0,0,0,0,0,
148313,0,none,0,0,0,0,0,0,0,
44329,0,none,0,0,0,0,0,0,0,
24868,0,none,0,0,0,0,0,0,0,
38116,0,none,0,0,0,0,0,0,0,
89705,0,none,0,0,0,0,0,0,0,
126437,0,none,0,0,0,0,0,0,0,
71534,0,none,0,0,0,0,0,0,0,
187559,0,none,0,0,0,0,0,0,0,
69532,8,medium,0,2,0,0,0,0,1,memcpy_unchecked;size_int_overflow
137305,0,none,0,0,0,0,0,0,0,
170705,0,none,0,0,0,0,0,0,0,
16331,0,none,0,0,0,0,0,0,0,
135752,0,none,0,0,0,0,0,0,0,
114392,0,none,0,0,0,0,0,0,0,
92876,0,none,0,0,0,0,0,0,0,
58352,0,none,0,0,0,0,0,0,0,
48075,0,none,0,0,0,0,0,0,0,
4884,0,none,0,0,0,0,0,0,0,
62904,0,none,0,0,0,0,0,0,0,
151077,0,none,0,0,0,0,0,0,0,
60805,0,none,0,0,0,0,0,0,0,
35990,0,none,0,0,0,0,0,0,0,
65546,0,none,0,0,0,0,0,0,0,
176303,0,none,0,0,0,0,0,0,0,
33727,0,none,0,0,0,0,0,0,0,
127539,0,none,0,0,0,0,0,0,0,
160118,0,none,0,0,0,0,0,0,0,
129496,0,none,0,0,0,0,0,0,0,
85865,0,none,0,0,0,0,0,0,0,
102526,0,none,0,0,0,0,0,0,0,
147467,0,none,0,0,0,0,0,0,0,
149267,0,none,0,0,0,0,0,0,0,
87176,0,none,0,0,0,0,0,0,0,
111031,0,none,0,0,0,0,0,0,0,
184,0,none,0,0,0,0,0,0,0,
133687,0,none,0,0,0,0,0,0,0,
20864,0,none,0,0,0,0,0,0,0,
178640,0,none,0,0,0,0,0,0,0,
40115,0,none,0,0,0,0,0,0,0,
118694,0,none,0,0,0,0,0,0,0,
109347,0,none,0,0,0,0,0,0,0,
47541,0,none,0,0,0,0,0,0,0,
177079,0,none,0,0,0,0,0,0,0,
53385,0,none,0,0,0,0,0,0,0,
1424,0,none,0,0,0,0,0,0,0,
39352,0,none,0,0,0,0,0,0,0,
46934,0,none,0,0,0,0,0,0,0,
149859,0,none,0,0,0,0,0,0,0,
15575,0,none,0,0,0,0,0,0,0,
96995,0,none,0,0,0,0,0,0,0,
35478,0,none,0,0,0,0,0,0,0,
136957,0,none,0,0,0,0,0,0,0,
9236,0,none,0,0,0,0,0,0,0,
135119,0,none,0,0,0,0,0,0,0,
33424,0,none,0,0,0,0,0,0,0,
104817,0,none,0,0,0,0,0,0,0,
31107,0,none,0,0,0,0,0,0,0,
76543,0,none,0,0,0,0,0,0,0,
121507,0,none,0,0,0,0,0,0,0,
64106,0,none,0,0,0,0,0,0,0,
87404,0,none,0,0,0,0,0,0,0,
57188,0,none,0,0,0,0,0,0,0,
107368,0,none,0,0,0,0,0,0,0,
97502,0,none,0,0,0,0,0,0,0,
64316,0,none,0,0,0,0,0,0,0,
122366,0,none,0,0,0,0,0,0,0,
131786,0,none,0,0,0,0,0,0,0,
171213,0,none,0,0,0,0,0,0,0,
144972,0,none,0,0,0,0,0,0,0,
88197,0,none,0,0,0,0,0,0,0,
144991,0,none,0,0,0,0,0,0,0,
113084,0,none,0,0,0,0,0,0,0,
75392,0,none,0,0,0,0,0,0,0,
31572,0,none,0,0,0,0,0,0,0,
130348,0,none,0,0,0,0,0,0,0,
99159,0,none,0,0,0,0,0,0,0,
154394,0,none,0,0,0,0,0,0,0,
47481,0,none,0,0,0,0,0,0,0,
103445,0,none,0,0,0,0,0,0,0,
101527,0,none,0,0,0,0,0,0,0,
24408,0,none,0,0,0,0,0,0,0,
84600,0,none,0,0,0,0,0,0,0,
95580,0,none,0,0,0,0,0,0,0,
102805,0,none,0,0,0,0,0,0,0,
145428,0,none,0,0,0,0,0,0,0,
21896,0,none,0,0,0,0,0,0,0,
133047,0,none,0,0,0,0,0,0,0,
167435,0,none,0,0,0,0,0,0,0,
183595,0,none,0,0,0,0,0,0,0,
4006,8,medium,0,0,2,0,0,0,0,format_string
61898,0,none,0,0,0,0,0,0,0,
187842,0,none,0,0,0,0,0,0,0,
78186,3,low,0,1,0,0,0,0,0,memcpy_unchecked
106075,0,none,0,0,0,0,0,0,0,
184672,0,none,0,0,0,0,0,0,0,
187866,0,none,0,0,0,0,0,0,0,
78816,0,none,0,0,0,0,0,0,0,
51995,0,none,0,0,0,0,0,0,0,
3094,0,none,0,0,0,0,0,0,0,
165714,0,none,0,0,0,0,0,0,0,
154288,0,none,0,0,0,0,0,0,0,
135723,0,none,0,0,0,0,0,0,0,
154417,0,none,0,0,0,0,0,0,0,
50389,0,none,0,0,0,0,0,0,0,
3119,0,none,0,0,0,0,0,0,0,
120907,0,none,0,0,0,0,0,0,0,
67305,0,none,0,0,0,0,0,0,0,
6493,0,none,0,0,0,0,0,0,0,
151932,0,none,0,0,0,0,0,0,0,
132680,0,none,0,0,0,0,0,0,0,
121844,0,none,0,0,0,0,0,0,0,
95188,0,none,0,0,0,0,0,0,0,
123380,0,none,0,0,0,0,0,0,0,
133260,0,none,0,0,0,0,0,0,0,
65240,0,none,0,0,0,0,0,0,0,
154694,0,none,0,0,0,0,0,0,0,
50851,0,none,0,0,0,0,0,0,0,
8377,0,none,0,0,0,0,0,0,0,
184298,0,none,0,0,0,0,0,0,0,
155177,0,none,0,0,0,0,0,0,0,
130446,0,none,0,0,0,0,0,0,0,
148795,0,none,0,0,0,0,0,0,0,
46805,0,none,0,0,0,0,0,0,0,
119673,0,none,0,0,0,0,0,0,0,
154408,0,none,0,0,0,0,0,0,0,
91038,0,none,0,0,0,0,0,0,0,
19040,0,none,0,0,0,0,0,0,0,
156506,0,none,0,0,0,0,0,0,0,
83362,6,medium,0,2,0,0,0,0,0,memcpy_unchecked
20600,0,none,0,0,0,0,0,0,0,
72839,0,none,0,0,0,0,0,0,0,
175043,8,medium,0,2,0,1,0,0,0,memcpy_unchecked;unchecked_alloc
22205,0,none,0,0,0,0,0,0,0,
93219,0,none,0,0,0,0,0,0,0,
115845,0,none,0,0,0,0,0,0,0,
81684,0,none,0,0,0,0,0,0,0,
114153,0,none,0,0,0,0,0,0,0,
147909,0,none,0,0,0,0,0,0,0,
175150,0,none,0,0,0,0,0,0,0,
145975,0,none,0,0,0,0,0,0,0,
81522,0,none,0,0,0,0,0,0,0,
154625,0,none,0,0,0,0,0,0,0,
27542,0,none,0,0,0,0,0,0,0,
12822,0,none,0,0,0,0,0,0,0,
12763,0,none,0,0,0,0,0,0,0,
149520,0,none,0,0,0,0,0,0,0,
84524,0,none,0,0,0,0,0,0,0,
174193,0,none,0,0,0,0,0,0,0,
171805,0,none,0,0,0,0,0,0,0,
76217,0,none,0,0,0,0,0,0,0,
22159,0,none,0,0,0,0,0,0,0,
84221,0,none,0,0,0,0,0,0,0,
178356,0,none,0,0,0,0,0,0,0,
166652,0,none,0,0,0,0,0,0,0,
113593,0,none,0,0,0,0,0,0,0,
113164,0,none,0,0,0,0,0,0,0,
36183,0,none,0,0,0,0,0,0,0,
57476,0,none,0,0,0,0,0,0,0,
131707,0,none,0,0,0,0,0,0,0,
187608,0,none,0,0,0,0,0,0,0,
50253,0,none,0,0,0,0,0,0,0,
72597,0,none,0,0,0,0,0,0,0,
183009,0,none,0,0,0,0,0,0,0,
82401,0,none,0,0,0,0,0,0,0,
133403,0,none,0,0,0,0,0,0,0,
174727,0,none,0,0,0,0,0,0,0,
16656,0,none,0,0,0,0,0,0,0,
141743,0,none,0,0,0,0,0,0,0,
169993,0,none,0,0,0,0,0,0,0,
29927,0,none,0,0,0,0,0,0,0,
78309,0,none,0,0,0,0,0,0,0,
148709,0,none,0,0,0,0,0,0,0,
65579,0,none,0,0,0,0,0,0,0,
99080,0,none,0,0,0,0,0,0,0,
178653,0,none,0,0,0,0,0,0,0,
145178,0,none,0,0,0,0,0,0,0,
88007,0,none,0,0,0,0,0,0,0,
76779,0,none,0,0,0,0,0,0,0,
107355,0,none,0,0,0,0,0,0,0,
107905,0,none,0,0,0,0,0,0,0,
132586,0,none,0,0,0,0,0,0,0,
110291,0,none,0,0,0,0,0,0,0,
152459,0,none,0,0,0,0,0,0,0,
184586,0,none,0,0,0,0,0,0,0,
118042,0,none,0,0,0,0,0,0,0,
129859,0,none,0,0,0,0,0,0,0,
126540,0,none,0,0,0,0,0,0,0,
152308,0,none,0,0,0,0,0,0,0,
116724,0,none,0,0,0,0,0,0,0,
131040,0,none,0,0,0,0,0,0,0,
35998,0,none,0,0,0,0,0,0,0,
71392,0,none,0,0,0,0,0,0,0,
128721,0,none,0,0,0,0,0,0,0,
27022,4,medium,0,0,0,0,0,0,2,size_int_overflow
37383,0,none,0,0,0,0,0,0,0,
169911,0,none,0,0,0,0,0,0,0,
131665,0,none,0,0,0,0,0,0,0,
63493,0,none,0,0,0,0,0,0,0,
63682,0,none,0,0,0,0,0,0,0,
100795,0,none,0,0,0,0,0,0,0,
85781,0,none,0,0,0,0,0,0,0,
94521,0,none,0,0,0,0,0,0,0,
77798,0,none,0,0,0,0,0,0,0,
136003,0,none,0,0,0,0,0,0,0,
139237,0,none,0,0,0,0,0,0,0,
9577,0,none,0,0,0,0,0,0,0,
64612,0,none,0,0,0,0,0,0,0,
116626,0,none,0,0,0,0,0,0,0,
14774,0,none,0,0,0,0,0,0,0,
165510,0,none,0,0,0,0,0,0,0,
125806,0,none,0,0,0,0,0,0,0,
3393,0,none,0,0,0,0,0,0,0,
146612,0,none,0,0,0,0,0,0,0,
12702,9,high,0,4,0,0,0,0,0,memcpy_unchecked
49777,0,none,0,0,0,0,0,0,0,
61057,4,medium,0,0,0,1,0,0,1,unchecked_alloc;size_int_overflow
28302,0,none,0,0,0,0,0,0,0,
29049,0,none,0,0,0,0,0,0,0,
120794,0,none,0,0,0,0,0,0,0,
130998,0,none,0,0,0,0,0,0,0,
85088,0,none,0,0,0,0,0,0,0,
58393,0,none,0,0,0,0,0,0,0,
117385,0,none,0,0,0,0,0,0,0,
169150,0,none,0,0,0,0,0,0,0,
135635,0,none,0,0,0,0,0,0,0,
